Using pre-set license
Built from '2022.3/staging' branch; Version is '2022.3.62f1 (4af31df58517) revision 4911901'; Using compiler version '192829333'; Build Type 'Release'
OS: 'Windows 10  (10.0.19045) 64bit Professional' Language: 'de' Physical Memory: 32700 MB
BatchMode: 1, IsHumanControllingUs: 0, StartBugReporterOnCrash: 0, Is64bit: 1, IsPro: 1

COMMAND LINE ARGUMENTS:
C:\Program Files\Unity\Hub\Editor\2022.3.62f1\Editor\Unity.exe
-adb2
-batchMode
-noUpm
-name
AssetImportWorker21
-projectPath
C:/StudentProjects/Serious game group 18/My project
-logFile
Logs/AssetImportWorker21.log
-srvPort
58467
Successfully changed project path to: C:/StudentProjects/Serious game group 18/My project
C:/StudentProjects/Serious game group 18/My project
[UnityMemory] Configuration Parameters - Can be set up in boot.config
    "memorysetup-bucket-allocator-granularity=16"
    "memorysetup-bucket-allocator-bucket-count=8"
    "memorysetup-bucket-allocator-block-size=33554432"
    "memorysetup-bucket-allocator-block-count=8"
    "memorysetup-main-allocator-block-size=16777216"
    "memorysetup-thread-allocator-block-size=16777216"
    "memorysetup-gfx-main-allocator-block-size=16777216"
    "memorysetup-gfx-thread-allocator-block-size=16777216"
    "memorysetup-cache-allocator-block-size=4194304"
    "memorysetup-typetree-allocator-block-size=2097152"
    "memorysetup-profiler-bucket-allocator-granularity=16"
    "memorysetup-profiler-bucket-allocator-bucket-count=8"
    "memorysetup-profiler-bucket-allocator-block-size=33554432"
    "memorysetup-profiler-bucket-allocator-block-count=8"
    "memorysetup-profiler-allocator-block-size=16777216"
    "memorysetup-profiler-editor-allocator-block-size=1048576"
    "memorysetup-temp-allocator-size-main=16777216"
    "memorysetup-job-temp-allocator-block-size=2097152"
    "memorysetup-job-temp-allocator-block-size-background=1048576"
    "memorysetup-job-temp-allocator-reduction-small-platforms=262144"
    "memorysetup-allocator-temp-initial-block-size-main=262144"
    "memorysetup-allocator-temp-initial-block-size-worker=262144"
    "memorysetup-temp-allocator-size-background-worker=32768"
    "memorysetup-temp-allocator-size-job-worker=262144"
    "memorysetup-temp-allocator-size-preload-manager=33554432"
    "memorysetup-temp-allocator-size-nav-mesh-worker=65536"
    "memorysetup-temp-allocator-size-audio-worker=65536"
    "memorysetup-temp-allocator-size-cloud-worker=32768"
    "memorysetup-temp-allocator-size-gi-baking-worker=262144"
    "memorysetup-temp-allocator-size-gfx=262144"
Player connection [6272]  Target information:

Player connection [6272]  * "[IP] 192.168.253.171 [Port] 0 [Flags] 2 [Guid] 3674611104 [EditorId] 3674611104 [Version] 1048832 [Id] WindowsEditor(7,DESKTOP-66DGGND) [Debug] 1 [PackageName] WindowsEditor [ProjectName] Editor" 

Player connection [6272] Host joined multi-casting on [225.0.0.222:54997]...
Player connection [6272] Host joined alternative multi-casting on [225.0.0.222:34997]...
Input System module state changed to: Initialized.
[PhysX] Initialized MultithreadedTaskDispatcher with 16 workers.
Refreshing native plugins compatible for Editor in 58.09 ms, found 12 plugins.
Preloading 0 native plugins for Editor in 0.00 ms.
Initialize engine version: 2022.3.62f1 (4af31df58517)
[Subsystems] Discovering subsystems at path C:/Program Files/Unity/Hub/Editor/2022.3.62f1/Editor/Data/Resources/UnitySubsystems
[Subsystems] Discovering subsystems at path C:/StudentProjects/Serious game group 18/My project/Assets
GfxDevice: creating device client; threaded=0; jobified=0
Direct3D:
    Version:  Direct3D 11.0 [level 11.1]
    Renderer: Radeon RX Vega (ID=0x687f)
    Vendor:   ATI
    VRAM:     8119 MB
    Driver:   31.0.12027.9001
Shader 'Fristy/Nature/Leaves': fallback shader 'TransparentCutout' not found
Shader 'Fristy/Nature/Leaves 2': fallback shader 'TransparentCutout' not found
Shader 'Fristy/Nature/Leaves 2': fallback shader 'TransparentCutout' not found
Shader 'Fristy/Nature/Leaves': fallback shader 'TransparentCutout' not found
Initialize mono
Mono path[0] = 'C:/Program Files/Unity/Hub/Editor/2022.3.62f1/Editor/Data/Managed'
Mono path[1] = 'C:/Program Files/Unity/Hub/Editor/2022.3.62f1/Editor/Data/MonoBleedingEdge/lib/mono/unityjit-win32'
Mono config path = 'C:/Program Files/Unity/Hub/Editor/2022.3.62f1/Editor/Data/MonoBleedingEdge/etc'
Using monoOptions --debugger-agent=transport=dt_socket,embedding=1,server=y,suspend=n,address=127.0.0.1:56892
Begin MonoManager ReloadAssembly
Registering precompiled unity dll's ...
Register platform support module: C:/Program Files/Unity/Hub/Editor/2022.3.62f1/Editor/Data/PlaybackEngines/WindowsStandaloneSupport/UnityEditor.WindowsStandalone.Extensions.dll
Registered in 0.016308 seconds.
- Loaded All Assemblies, in  0.552 seconds
Native extension for WindowsStandalone target not found
Mono: successfully reloaded assembly
- Finished resetting the current domain, in  0.410 seconds
Domain Reload Profiling: 959ms
	BeginReloadAssembly (175ms)
		ExecutionOrderSort (0ms)
		DisableScriptedObjects (0ms)
		BackupInstance (0ms)
		ReleaseScriptingObjects (0ms)
		CreateAndSetChildDomain (1ms)
	RebuildCommonClasses (52ms)
	RebuildNativeTypeToScriptingClass (16ms)
	initialDomainReloadingComplete (95ms)
	LoadAllAssembliesAndSetupDomain (211ms)
		LoadAssemblies (171ms)
		RebuildTransferFunctionScriptingTraits (0ms)
		AnalyzeDomain (208ms)
			TypeCache.Refresh (206ms)
				TypeCache.ScanAssembly (190ms)
			ScanForSourceGeneratedMonoScriptInfo (0ms)
			ResolveRequiredComponents (1ms)
	FinalizeReload (410ms)
		ReleaseScriptCaches (0ms)
		RebuildScriptCaches (0ms)
		SetupLoadedEditorAssemblies (345ms)
			LogAssemblyErrors (0ms)
			InitializePlatformSupportModulesInManaged (19ms)
			SetLoadedEditorAssemblies (10ms)
			RefreshPlugins (0ms)
			BeforeProcessingInitializeOnLoad (3ms)
			ProcessInitializeOnLoadAttributes (233ms)
			ProcessInitializeOnLoadMethodAttributes (80ms)
			AfterProcessingInitializeOnLoad (0ms)
			EditorAssembliesLoaded (0ms)
		ExecutionOrderSort2 (0ms)
		AwakeInstancesAfterBackupRestoration (0ms)
========================================================================
Worker process is ready to serve import requests
Caller must complete domain reload
Begin MonoManager ReloadAssembly
- Loaded All Assemblies, in  1.460 seconds
Native extension for WindowsStandalone target not found
Package Manager log level set to [2]
[Package Manager] Server::EnsureServerProcessIsRunning -- launch failed, reason: Unity was launched with the -noUpm command-line argument
[Package Manager] UpmClient::Send -- Unable to send message (not connected to UPM process).
[Package Manager] Cannot connect to Unity Package Manager local server
Mono: successfully reloaded assembly
[Package Manager] Server::EnsureServerProcessIsRunning -- launch failed, reason: Unity was launched with the -noUpm command-line argument
[Package Manager] UpmClient::Send -- Unable to send message (not connected to UPM process).
[Package Manager] Cannot connect to Unity Package Manager local server
[Package Manager] Server::EnsureServerProcessIsRunning -- launch failed, reason: Unity was launched with the -noUpm command-line argument
[Package Manager] UpmClient::Send -- Unable to send message (not connected to UPM process).
[Package Manager] Cannot connect to Unity Package Manager local server
- Finished resetting the current domain, in  1.730 seconds
Domain Reload Profiling: 3180ms
	BeginReloadAssembly (244ms)
		ExecutionOrderSort (0ms)
		DisableScriptedObjects (8ms)
		BackupInstance (0ms)
		ReleaseScriptingObjects (0ms)
		CreateAndSetChildDomain (31ms)
	RebuildCommonClasses (47ms)
	RebuildNativeTypeToScriptingClass (15ms)
	initialDomainReloadingComplete (67ms)
	LoadAllAssembliesAndSetupDomain (1075ms)
		LoadAssemblies (704ms)
		RebuildTransferFunctionScriptingTraits (0ms)
		AnalyzeDomain (522ms)
			TypeCache.Refresh (432ms)
				TypeCache.ScanAssembly (403ms)
			ScanForSourceGeneratedMonoScriptInfo (63ms)
			ResolveRequiredComponents (24ms)
	FinalizeReload (1731ms)
		ReleaseScriptCaches (0ms)
		RebuildScriptCaches (0ms)
		SetupLoadedEditorAssemblies (1403ms)
			LogAssemblyErrors (0ms)
			InitializePlatformSupportModulesInManaged (10ms)
			SetLoadedEditorAssemblies (7ms)
			RefreshPlugins (0ms)
			BeforeProcessingInitializeOnLoad (173ms)
			ProcessInitializeOnLoadAttributes (799ms)
			ProcessInitializeOnLoadMethodAttributes (399ms)
			AfterProcessingInitializeOnLoad (13ms)
			EditorAssembliesLoaded (0ms)
		ExecutionOrderSort2 (0ms)
		AwakeInstancesAfterBackupRestoration (11ms)
WARNING: Shader Unsupported: 'Toby Fredson/The Toby Foliage Engine/(TTFE) Terrain Snow BasePass' - All subshaders removed
WARNING: Shader Did you use #pragma only_renderers and omit this platform?
WARNING: Shader If subshaders removal was intentional, you may have forgotten turning Fallback off?
WARNING: Shader Unsupported: 'Toby Fredson/The Toby Foliage Engine/(TTFE) Terrain Snow BasePass' - All subshaders removed
WARNING: Shader Did you use #pragma only_renderers and omit this platform?
WARNING: Shader If subshaders removal was intentional, you may have forgotten turning Fallback off?
WARNING: Shader Unsupported: 'Toby Fredson/The Toby Foliage Engine/(TTFE) Terrain Snow AddPass' - All subshaders removed
WARNING: Shader Did you use #pragma only_renderers and omit this platform?
WARNING: Shader If subshaders removal was intentional, you may have forgotten turning Fallback off?
WARNING: Shader Unsupported: 'Toby Fredson/The Toby Foliage Engine/(TTFE) Terrain Snow AddPass' - All subshaders removed
WARNING: Shader Did you use #pragma only_renderers and omit this platform?
WARNING: Shader If subshaders removal was intentional, you may have forgotten turning Fallback off?
WARNING: Shader Unsupported: 'Toby Fredson/The Toby Foliage Engine/(TTFE) Terrain Snow' - All subshaders removed
WARNING: Shader Did you use #pragma only_renderers and omit this platform?
WARNING: Shader If subshaders removal was intentional, you may have forgotten turning Fallback off?
WARNING: Shader Unsupported: 'Toby Fredson/The Toby Foliage Engine/(TTFE) Terrain Snow' - All subshaders removed
WARNING: Shader Did you use #pragma only_renderers and omit this platform?
WARNING: Shader If subshaders removal was intentional, you may have forgotten turning Fallback off?
WARNING: Shader Unsupported: 'Hidden/Builtin_TerrainVisualization' - All subshaders removed
WARNING: Shader Did you use #pragma only_renderers and omit this platform?
WARNING: Shader If subshaders removal was intentional, you may have forgotten turning Fallback off?
WARNING: Shader Unsupported: 'Hidden/Builtin_TerrainVisualization' - All subshaders removed
WARNING: Shader Did you use #pragma only_renderers and omit this platform?
WARNING: Shader If subshaders removal was intentional, you may have forgotten turning Fallback off?
WARNING: Shader Unsupported: 'Hidden/Universal Render Pipeline/Terrain/Lit (Base Pass)' - All subshaders removed
WARNING: Shader Did you use #pragma only_renderers and omit this platform?
WARNING: Shader If subshaders removal was intentional, you may have forgotten turning Fallback off?
WARNING: Shader Unsupported: 'Hidden/Universal Render Pipeline/Terrain/Lit (Base Pass)' - All subshaders removed
WARNING: Shader Did you use #pragma only_renderers and omit this platform?
WARNING: Shader If subshaders removal was intentional, you may have forgotten turning Fallback off?
WARNING: Shader Unsupported: 'Universal Render Pipeline/Terrain/Lit' - All subshaders removed
WARNING: Shader Did you use #pragma only_renderers and omit this platform?
WARNING: Shader If subshaders removal was intentional, you may have forgotten turning Fallback off?
WARNING: Shader Unsupported: 'Universal Render Pipeline/Terrain/Lit' - All subshaders removed
WARNING: Shader Did you use #pragma only_renderers and omit this platform?
WARNING: Shader If subshaders removal was intentional, you may have forgotten turning Fallback off?
Shader 'Fristy/Nature/Leaves': fallback shader 'TransparentCutout' not found
Shader 'Fristy/Nature/Leaves 2': fallback shader 'TransparentCutout' not found
Shader 'Fristy/Nature/Leaves 2': fallback shader 'TransparentCutout' not found
Shader 'Fristy/Nature/Leaves': fallback shader 'TransparentCutout' not found
Launched and connected shader compiler UnityShaderCompiler.exe after 0.06 seconds
Refreshing native plugins compatible for Editor in 36.86 ms, found 12 plugins.
Preloading 0 native plugins for Editor in 0.00 ms.
Unloading 9308 Unused Serialized files (Serialized files now loaded: 0)
Unloading 169 unused Assets / (26.2 MB). Loaded Objects now: 9846.
Memory consumption went from 0.51 GB to 492.5 MB.
Total: 10.958200 ms (FindLiveObjects: 0.993200 ms CreateObjectMapping: 0.454000 ms MarkObjects: 6.661700 ms  DeleteObjects: 2.847600 ms)

AssetImportParameters requested are different than current active one (requested -> active):
  custom:container-demuxer-ogg: 62fdf1f143b41e24485cea50d1cbac27 -> 
  custom:framework-win-MediaFoundation: 216162199b28c13a410421893ffa2e32 -> 
  custom:container-muxer-webm: aa71ff27fc2769a1b78a27578f13a17b -> 
  custom:video-decoder-webm-vp8: 9c59270c3fd7afecdb556c50c9e8de78 -> 
  custom:SearchIndexIgnoredProperties: e643bd26f0fe6173181afceb89e7c659 -> 
  custom:AudioImporter_EditorPlatform: d09bf68614088b80899f8185d706f6e7 -> 
  custom:audio-decoder-ogg-vorbis: bf7c407c2cedff20999df2af8eb42d56 -> 
  custom:audio-encoder-webm-vorbis: bf7c407c2cedff20999df2af8eb42d56 -> 
  custom:video-codec-MediaFoundation-h265: 746d11721c4dcdbdad8f713fa42b33f4 -> 
  custom:video-decoder-ogg-theora: a1e56fd34408186e4bbccfd4996cb3dc -> 
  custom:CustomObjectIndexerAttribute: 3ead1caaecf1c488f20bcfeb224b6af5 -> 
  custom:container-demuxer-webm: 4f35f7cbe854078d1ac9338744f61a02 -> 
  custom:video-encoder-webm-vp8: eb34c28f22e8b96e1ab97ce403110664 -> 
========================================================================
Received Import Request.
  Time since last request: 976133.770831 seconds.
  path: Assets/Scenes/AmrumV2.unity
  artifactKey: Guid(e2114043729029747884b9c5b7b32cd3) Importer(2089858483,0ecaa5967403d082aa24f35e1b516d23)
Start importing Assets/Scenes/AmrumV2.unity using Guid(e2114043729029747884b9c5b7b32cd3) Importer(2089858483,0ecaa5967403d082aa24f35e1b516d23) [PhysX] Initialized MultithreadedTaskDispatcher with 16 workers.
 -> (artifact id: '65552db3961502f9718726abc4f19d9a') in 0.339738 seconds
Number of updated asset objects reloaded before import = 0
Number of asset objects unloaded after import = 1
========================================================================
Received Import Request.
  Time since last request: 0.000083 seconds.
  path: Assets/Realistic Tree/Prefabs/HDRP/Ash/Ash 5.prefab
  artifactKey: Guid(0ec898abd07c1fe4f8f81609640390ac) Importer(2089858483,0ecaa5967403d082aa24f35e1b516d23)
Start importing Assets/Realistic Tree/Prefabs/HDRP/Ash/Ash 5.prefab using Guid(0ec898abd07c1fe4f8f81609640390ac) Importer(2089858483,0ecaa5967403d082aa24f35e1b516d23) [PhysX] Initialized MultithreadedTaskDispatcher with 16 workers.
 -> (artifact id: 'bf5700bb645900b318f77340446fb59c') in 0.273583 seconds
Number of updated asset objects reloaded before import = 0
Number of asset objects unloaded after import = 69
========================================================================
Received Import Request.
  Time since last request: 0.000047 seconds.
  path: Assets/Realistic Tree/Prefabs/HDRP/Birch/Birch 4.prefab
  artifactKey: Guid(620bbd58089cc524d87ebdf951a4c96d) Importer(2089858483,0ecaa5967403d082aa24f35e1b516d23)
Start importing Assets/Realistic Tree/Prefabs/HDRP/Birch/Birch 4.prefab using Guid(620bbd58089cc524d87ebdf951a4c96d) Importer(2089858483,0ecaa5967403d082aa24f35e1b516d23) [PhysX] Initialized MultithreadedTaskDispatcher with 16 workers.
 -> (artifact id: '043414039dd154fbf38b26886aa66b38') in 0.099950 seconds
Number of updated asset objects reloaded before import = 0
Number of asset objects unloaded after import = 69
========================================================================
Received Import Request.
  Time since last request: 0.000110 seconds.
  path: Assets/Realistic Tree/Source/Models/Birch/Birch_Group_1.fbx
  artifactKey: Guid(55310037ded0f0e4b8240e7c493a41aa) Importer(2089858483,0ecaa5967403d082aa24f35e1b516d23)
Start importing Assets/Realistic Tree/Source/Models/Birch/Birch_Group_1.fbx using Guid(55310037ded0f0e4b8240e7c493a41aa) Importer(2089858483,0ecaa5967403d082aa24f35e1b516d23) [PhysX] Initialized MultithreadedTaskDispatcher with 16 workers.
 -> (artifact id: 'e9477e55e692fbfe35d7ec78428979a3') in 0.101448 seconds
Number of updated asset objects reloaded before import = 0
Number of asset objects unloaded after import = 65
========================================================================
Received Import Request.
  Time since last request: 0.000029 seconds.
  path: Assets/Realistic Tree/Source/Materials/URP/Leaves/Birch/Birch_Leaves_1.mat
  artifactKey: Guid(23c0e423c58a80047a0d882b866cefde) Importer(2089858483,0ecaa5967403d082aa24f35e1b516d23)
Start importing Assets/Realistic Tree/Source/Materials/URP/Leaves/Birch/Birch_Leaves_1.mat using Guid(23c0e423c58a80047a0d882b866cefde) Importer(2089858483,0ecaa5967403d082aa24f35e1b516d23) [PhysX] Initialized MultithreadedTaskDispatcher with 16 workers.
 -> (artifact id: '4db606bdcb35f467a53d00e3a64880b0') in 0.066281 seconds
Number of updated asset objects reloaded before import = 0
Number of asset objects unloaded after import = 3
========================================================================
Received Import Request.
  Time since last request: 0.000037 seconds.
  path: Assets/Realistic Tree/Source/Models/Spruce/Spruce_9.fbx
  artifactKey: Guid(68c4e020fcdff5c498f9f6a78a055540) Importer(2089858483,0ecaa5967403d082aa24f35e1b516d23)
Start importing Assets/Realistic Tree/Source/Models/Spruce/Spruce_9.fbx using Guid(68c4e020fcdff5c498f9f6a78a055540) Importer(2089858483,0ecaa5967403d082aa24f35e1b516d23) [PhysX] Initialized MultithreadedTaskDispatcher with 16 workers.
 -> (artifact id: '134185c52aa8f4c7c3025896a405cf83') in 0.063497 seconds
Number of updated asset objects reloaded before import = 0
Number of asset objects unloaded after import = 65
========================================================================
Received Import Request.
  Time since last request: 0.000115 seconds.
  path: Assets/Realistic Tree/Prefabs/URP/Spruce
  artifactKey: Guid(8c2a3c0133a995544a0119aa81186497) Importer(2089858483,0ecaa5967403d082aa24f35e1b516d23)
Start importing Assets/Realistic Tree/Prefabs/URP/Spruce using Guid(8c2a3c0133a995544a0119aa81186497) Importer(2089858483,0ecaa5967403d082aa24f35e1b516d23) [PhysX] Initialized MultithreadedTaskDispatcher with 16 workers.
 -> (artifact id: '3f8af510f4fabe31f33c7e60c20b7427') in 0.019869 seconds
Number of updated asset objects reloaded before import = 0
Number of asset objects unloaded after import = 1
========================================================================
Received Import Request.
  Time since last request: 0.000028 seconds.
  path: Assets/Realistic Tree/Source/Models/Spruce/Spruce_Group_1.fbx
  artifactKey: Guid(df8a6aaf352648447afd2d4501297331) Importer(2089858483,0ecaa5967403d082aa24f35e1b516d23)
Start importing Assets/Realistic Tree/Source/Models/Spruce/Spruce_Group_1.fbx using Guid(df8a6aaf352648447afd2d4501297331) Importer(2089858483,0ecaa5967403d082aa24f35e1b516d23) [PhysX] Initialized MultithreadedTaskDispatcher with 16 workers.
 -> (artifact id: '38f3e3daf9ed489f3ca82068fe780dc3') in 0.093525 seconds
Number of updated asset objects reloaded before import = 0
Number of asset objects unloaded after import = 65
========================================================================
Received Import Request.
  Time since last request: 0.000036 seconds.
  path: Assets/Realistic Tree/Prefabs/HDRP/Birch/Birch 10.prefab
  artifactKey: Guid(17cb153d775652d42a9b61419234b045) Importer(2089858483,0ecaa5967403d082aa24f35e1b516d23)
Start importing Assets/Realistic Tree/Prefabs/HDRP/Birch/Birch 10.prefab using Guid(17cb153d775652d42a9b61419234b045) Importer(2089858483,0ecaa5967403d082aa24f35e1b516d23) [PhysX] Initialized MultithreadedTaskDispatcher with 16 workers.
 -> (artifact id: '193b59ce798e1ac4109d93e2a46e98d8') in 0.100026 seconds
Number of updated asset objects reloaded before import = 0
Number of asset objects unloaded after import = 49
========================================================================
Received Import Request.
  Time since last request: 0.000027 seconds.
  path: Assets/Realistic Tree/Source/Materials/Standard/Bark/Bark_Willow.mat
  artifactKey: Guid(2e0268000557ddd4ca699b650c82603a) Importer(2089858483,0ecaa5967403d082aa24f35e1b516d23)
Start importing Assets/Realistic Tree/Source/Materials/Standard/Bark/Bark_Willow.mat using Guid(2e0268000557ddd4ca699b650c82603a) Importer(2089858483,0ecaa5967403d082aa24f35e1b516d23) [PhysX] Initialized MultithreadedTaskDispatcher with 16 workers.
 -> (artifact id: '8bd2587b5bebbb15e3aba1f7bdd3dd22') in 0.067132 seconds
Number of updated asset objects reloaded before import = 0
Number of asset objects unloaded after import = 3
========================================================================
Received Import Request.
  Time since last request: 0.000033 seconds.
  path: Assets/Realistic Tree/Prefabs/URP/Spruce/Spruce Group 1.prefab
  artifactKey: Guid(d4102692591f5344dbdfc15a6f69445c) Importer(2089858483,0ecaa5967403d082aa24f35e1b516d23)
Start importing Assets/Realistic Tree/Prefabs/URP/Spruce/Spruce Group 1.prefab using Guid(d4102692591f5344dbdfc15a6f69445c) Importer(2089858483,0ecaa5967403d082aa24f35e1b516d23) [PhysX] Initialized MultithreadedTaskDispatcher with 16 workers.
 -> (artifact id: 'b3a40c7599a8121eb674a4a42bacd8b6') in 0.035355 seconds
Number of updated asset objects reloaded before import = 0
Number of asset objects unloaded after import = 67
========================================================================
Received Import Request.
  Time since last request: 0.000048 seconds.
  path: Assets/Realistic Tree/Source/Materials/URP/Falling Leaves/Chestnut_Single.png
  artifactKey: Guid(8148dca25a804e7469a2e1a1e71edf08) Importer(2089858483,0ecaa5967403d082aa24f35e1b516d23)
Start importing Assets/Realistic Tree/Source/Materials/URP/Falling Leaves/Chestnut_Single.png using Guid(8148dca25a804e7469a2e1a1e71edf08) Importer(2089858483,0ecaa5967403d082aa24f35e1b516d23) [PhysX] Initialized MultithreadedTaskDispatcher with 16 workers.
 -> (artifact id: '32e5f676f2614329a2800b8f1296fe62') in 0.107419 seconds
Number of updated asset objects reloaded before import = 0
Number of asset objects unloaded after import = 1
========================================================================
Received Import Request.
  Time since last request: 0.000118 seconds.
  path: Assets/Realistic Tree/Source/Materials/HDRP/Falling Leaves/Ash_Single.mat
  artifactKey: Guid(4f2e54b7c4326924ab24f93c82988f90) Importer(2089858483,0ecaa5967403d082aa24f35e1b516d23)
Start importing Assets/Realistic Tree/Source/Materials/HDRP/Falling Leaves/Ash_Single.mat using Guid(4f2e54b7c4326924ab24f93c82988f90) Importer(2089858483,0ecaa5967403d082aa24f35e1b516d23) [PhysX] Initialized MultithreadedTaskDispatcher with 16 workers.
 -> (artifact id: '8066f28c54927c6ab89a0ba4c4bce8d0') in 0.081977 seconds
Number of updated asset objects reloaded before import = 0
Number of asset objects unloaded after import = 2
========================================================================
Received Import Request.
  Time since last request: 0.000029 seconds.
  path: Assets/Realistic Tree/Source/Models/Spruce/Spruce_4.fbx
  artifactKey: Guid(177a3098ff78f284aabfd5138145629b) Importer(2089858483,0ecaa5967403d082aa24f35e1b516d23)
Start importing Assets/Realistic Tree/Source/Models/Spruce/Spruce_4.fbx using Guid(177a3098ff78f284aabfd5138145629b) Importer(2089858483,0ecaa5967403d082aa24f35e1b516d23) [PhysX] Initialized MultithreadedTaskDispatcher with 16 workers.
 -> (artifact id: '4dede4a274b5122a5fa6e5de25b6de24') in 0.062634 seconds
Number of updated asset objects reloaded before import = 0
Number of asset objects unloaded after import = 65
========================================================================
Received Import Request.
  Time since last request: 0.000039 seconds.
  path: Assets/Realistic Tree/Shader
  artifactKey: Guid(69e7afb0b68723540a6614074e5f3e05) Importer(2089858483,0ecaa5967403d082aa24f35e1b516d23)
Start importing Assets/Realistic Tree/Shader using Guid(69e7afb0b68723540a6614074e5f3e05) Importer(2089858483,0ecaa5967403d082aa24f35e1b516d23) [PhysX] Initialized MultithreadedTaskDispatcher with 16 workers.
 -> (artifact id: '020dca9a752069c1edc7fe2c1c0a19dc') in 0.022872 seconds
Number of updated asset objects reloaded before import = 0
Number of asset objects unloaded after import = 1
========================================================================
Received Import Request.
  Time since last request: 0.000028 seconds.
  path: Assets/seaShell/lowPolyShell_LOD0 Variant 2.prefab
  artifactKey: Guid(1504138ade746814d9f14104b36ce0de) Importer(2089858483,0ecaa5967403d082aa24f35e1b516d23)
Start importing Assets/seaShell/lowPolyShell_LOD0 Variant 2.prefab using Guid(1504138ade746814d9f14104b36ce0de) Importer(2089858483,0ecaa5967403d082aa24f35e1b516d23) [PhysX] Initialized MultithreadedTaskDispatcher with 16 workers.
 -> (artifact id: '955fbceab18dfa06e1862f53e7220e8f') in 0.030859 seconds
Number of updated asset objects reloaded before import = 0
Number of asset objects unloaded after import = 18
========================================================================
Received Import Request.
  Time since last request: 0.000028 seconds.
  path: Assets/seaShell/Solitary Stone.003_LOD0.prefab
  artifactKey: Guid(2b99207634cb27c4eb406d64289f0c5a) Importer(2089858483,0ecaa5967403d082aa24f35e1b516d23)
Start importing Assets/seaShell/Solitary Stone.003_LOD0.prefab using Guid(2b99207634cb27c4eb406d64289f0c5a) Importer(2089858483,0ecaa5967403d082aa24f35e1b516d23) [PhysX] Initialized MultithreadedTaskDispatcher with 16 workers.
 -> (artifact id: 'af95340e62e6ec65c9576d2b4bdae257') in 0.021194 seconds
Number of updated asset objects reloaded before import = 0
Number of asset objects unloaded after import = 7
========================================================================
Received Import Request.
  Time since last request: 0.000037 seconds.
  path: Assets/Realistic Tree/Source/Models/Weeping Willow/Willow_4.fbx
  artifactKey: Guid(ab288b84fcd885244a4cc3ae96f33e3c) Importer(2089858483,0ecaa5967403d082aa24f35e1b516d23)
Start importing Assets/Realistic Tree/Source/Models/Weeping Willow/Willow_4.fbx using Guid(ab288b84fcd885244a4cc3ae96f33e3c) Importer(2089858483,0ecaa5967403d082aa24f35e1b516d23) [PhysX] Initialized MultithreadedTaskDispatcher with 16 workers.
 -> (artifact id: '3dcef72b812e747b47ebfbae5541b111') in 0.069650 seconds
Number of updated asset objects reloaded before import = 0
Number of asset objects unloaded after import = 45
========================================================================
Received Import Request.
  Time since last request: 0.000042 seconds.
  path: Assets/SteamVR/Plugins/openvr_api.cs
  artifactKey: Guid(8d26b9eddedb33d48be044bb268a57c7) Importer(2089858483,0ecaa5967403d082aa24f35e1b516d23)
Start importing Assets/SteamVR/Plugins/openvr_api.cs using Guid(8d26b9eddedb33d48be044bb268a57c7) Importer(2089858483,0ecaa5967403d082aa24f35e1b516d23) [PhysX] Initialized MultithreadedTaskDispatcher with 16 workers.
 -> (artifact id: 'c70d745f4c31549c955a3fe17742e74b') in 0.020231 seconds
Number of updated asset objects reloaded before import = 0
Number of asset objects unloaded after import = 1
========================================================================
Received Import Request.
  Time since last request: 0.000030 seconds.
  path: Assets/seaShell/Solitary_Stone_004.prefab
  artifactKey: Guid(024fb1981492a0d488c26138e9c07fe4) Importer(2089858483,0ecaa5967403d082aa24f35e1b516d23)
Start importing Assets/seaShell/Solitary_Stone_004.prefab using Guid(024fb1981492a0d488c26138e9c07fe4) Importer(2089858483,0ecaa5967403d082aa24f35e1b516d23) [PhysX] Initialized MultithreadedTaskDispatcher with 16 workers.
 -> (artifact id: '9e9a901b847a48d60b79ce7cb19f08f1') in 0.023720 seconds
Number of updated asset objects reloaded before import = 0
Number of asset objects unloaded after import = 20
========================================================================
Received Import Request.
  Time since last request: 0.000025 seconds.
  path: Assets/Realistic Tree/Source/Materials/HDRP/Falling Leaves/Weeping_Single.mat
  artifactKey: Guid(2ce11b63f2aabf1459a1aa71674c8906) Importer(2089858483,0ecaa5967403d082aa24f35e1b516d23)
Start importing Assets/Realistic Tree/Source/Materials/HDRP/Falling Leaves/Weeping_Single.mat using Guid(2ce11b63f2aabf1459a1aa71674c8906) Importer(2089858483,0ecaa5967403d082aa24f35e1b516d23) [PhysX] Initialized MultithreadedTaskDispatcher with 16 workers.
 -> (artifact id: '222663fb9fbe419fdfb7f5e22ccd783b') in 0.024918 seconds
Number of updated asset objects reloaded before import = 0
Number of asset objects unloaded after import = 2
========================================================================
Received Import Request.
  Time since last request: 0.000029 seconds.
  path: Assets/Realistic Tree/Prefabs/HDRP/Birch/Birch 1.prefab
  artifactKey: Guid(67fc7923dbcf47447a74625d30aba72c) Importer(2089858483,0ecaa5967403d082aa24f35e1b516d23)
Start importing Assets/Realistic Tree/Prefabs/HDRP/Birch/Birch 1.prefab using Guid(67fc7923dbcf47447a74625d30aba72c) Importer(2089858483,0ecaa5967403d082aa24f35e1b516d23) [PhysX] Initialized MultithreadedTaskDispatcher with 16 workers.
 -> (artifact id: 'd1c9e8a72a26a511bb36c636984145dd') in 0.091901 seconds
Number of updated asset objects reloaded before import = 0
Number of asset objects unloaded after import = 69
========================================================================
Received Import Request.
  Time since last request: 0.000036 seconds.
  path: Assets/Realistic Tree/Source/Materials/URP/Bark/Chestnut.mat
  artifactKey: Guid(b04c48f9a93c3504db4e07eec1d84284) Importer(2089858483,0ecaa5967403d082aa24f35e1b516d23)
Start importing Assets/Realistic Tree/Source/Materials/URP/Bark/Chestnut.mat using Guid(b04c48f9a93c3504db4e07eec1d84284) Importer(2089858483,0ecaa5967403d082aa24f35e1b516d23) [PhysX] Initialized MultithreadedTaskDispatcher with 16 workers.
 -> (artifact id: 'eafe6d5a7b78f73c19efa2ef10cd808c') in 0.065864 seconds
Number of updated asset objects reloaded before import = 0
Number of asset objects unloaded after import = 6
========================================================================
Received Import Request.
  Time since last request: 0.000023 seconds.
  path: Assets/Realistic Tree/Prefabs/Standard/Spruce/Spruce 6.prefab
  artifactKey: Guid(638c1b44ce6868d48bd2a8306f5bb3f8) Importer(2089858483,0ecaa5967403d082aa24f35e1b516d23)
Start importing Assets/Realistic Tree/Prefabs/Standard/Spruce/Spruce 6.prefab using Guid(638c1b44ce6868d48bd2a8306f5bb3f8) Importer(2089858483,0ecaa5967403d082aa24f35e1b516d23) [PhysX] Initialized MultithreadedTaskDispatcher with 16 workers.
 -> (artifact id: '0b4a1db803e415a51c8c25fa4df84671') in 0.054117 seconds
Number of updated asset objects reloaded before import = 0
Number of asset objects unloaded after import = 67
========================================================================
Received Import Request.
  Time since last request: 0.000036 seconds.
  path: Assets/Realistic Tree/Source/Models/Spruce/Spruce_10.fbx
  artifactKey: Guid(86bfe2293e793594d91ff52a51b72a79) Importer(2089858483,0ecaa5967403d082aa24f35e1b516d23)
Start importing Assets/Realistic Tree/Source/Models/Spruce/Spruce_10.fbx using Guid(86bfe2293e793594d91ff52a51b72a79) Importer(2089858483,0ecaa5967403d082aa24f35e1b516d23) [PhysX] Initialized MultithreadedTaskDispatcher with 16 workers.
 -> (artifact id: 'f8afd44975618dba4d0a623df356b39a') in 0.038269 seconds
Number of updated asset objects reloaded before import = 0
Number of asset objects unloaded after import = 65
========================================================================
Received Import Request.
  Time since last request: 0.000039 seconds.
  path: Assets/Realistic Tree/Source/Materials/Standard/Leaves/Spruce/Spruce_1.mat
  artifactKey: Guid(7f6851abef6800b4db7dee7b8f1eff14) Importer(2089858483,0ecaa5967403d082aa24f35e1b516d23)
Start importing Assets/Realistic Tree/Source/Materials/Standard/Leaves/Spruce/Spruce_1.mat using Guid(7f6851abef6800b4db7dee7b8f1eff14) Importer(2089858483,0ecaa5967403d082aa24f35e1b516d23) [PhysX] Initialized MultithreadedTaskDispatcher with 16 workers.
 -> (artifact id: '57d3f8424999d55231dc0da13fdead4a') in 0.039622 seconds
Number of updated asset objects reloaded before import = 0
Number of asset objects unloaded after import = 2
========================================================================
Received Import Request.
  Time since last request: 0.000028 seconds.
  path: Assets/SteamVR/InteractionSystem/Hints/Materials/URPControllerButtonHints.mat
  artifactKey: Guid(70a2eb634d7ed434b86d36f190fcf3a1) Importer(2089858483,0ecaa5967403d082aa24f35e1b516d23)
Start importing Assets/SteamVR/InteractionSystem/Hints/Materials/URPControllerButtonHints.mat using Guid(70a2eb634d7ed434b86d36f190fcf3a1) Importer(2089858483,0ecaa5967403d082aa24f35e1b516d23) [PhysX] Initialized MultithreadedTaskDispatcher with 16 workers.
 -> (artifact id: '80dae888270ed29955006cdea6f128bd') in 0.025959 seconds
Number of updated asset objects reloaded before import = 0
Number of asset objects unloaded after import = 1
========================================================================
Received Import Request.
  Time since last request: 0.000025 seconds.
  path: Assets/Realistic Tree/Source/Materials/Standard/Leaves/Birch/Birch_Leaves_3.mat
  artifactKey: Guid(d59afa39085abc14ca5d09c477b62b0f) Importer(2089858483,0ecaa5967403d082aa24f35e1b516d23)
Start importing Assets/Realistic Tree/Source/Materials/Standard/Leaves/Birch/Birch_Leaves_3.mat using Guid(d59afa39085abc14ca5d09c477b62b0f) Importer(2089858483,0ecaa5967403d082aa24f35e1b516d23) [PhysX] Initialized MultithreadedTaskDispatcher with 16 workers.
 -> (artifact id: '28ee908cfc3b034b882a54ebb0b3d0ee') in 0.043944 seconds
Number of updated asset objects reloaded before import = 0
Number of asset objects unloaded after import = 2
========================================================================
Received Import Request.
  Time since last request: 0.000036 seconds.
  path: Assets/Realistic Tree/Source/Materials/HDRP/Bark/Chestnut.mat
  artifactKey: Guid(d4a62dd2e0ea9404891349a2f9a80b8d) Importer(2089858483,0ecaa5967403d082aa24f35e1b516d23)
Start importing Assets/Realistic Tree/Source/Materials/HDRP/Bark/Chestnut.mat using Guid(d4a62dd2e0ea9404891349a2f9a80b8d) Importer(2089858483,0ecaa5967403d082aa24f35e1b516d23) [PhysX] Initialized MultithreadedTaskDispatcher with 16 workers.
 -> (artifact id: '6c579906e95af799bda4eec148993492') in 0.050107 seconds
Number of updated asset objects reloaded before import = 0
Number of asset objects unloaded after import = 5
========================================================================
Received Import Request.
  Time since last request: 0.000035 seconds.
  path: Assets/Realistic Tree/Source/Textures/Weeping Willow
  artifactKey: Guid(adc0248ae1bde0a44bcda1e0f0348fdd) Importer(2089858483,0ecaa5967403d082aa24f35e1b516d23)
Start importing Assets/Realistic Tree/Source/Textures/Weeping Willow using Guid(adc0248ae1bde0a44bcda1e0f0348fdd) Importer(2089858483,0ecaa5967403d082aa24f35e1b516d23) [PhysX] Initialized MultithreadedTaskDispatcher with 16 workers.
 -> (artifact id: '298b84f364729ccb6f7f1f1610cd0b94') in 0.019049 seconds
Number of updated asset objects reloaded before import = 0
Number of asset objects unloaded after import = 1
========================================================================
Received Import Request.
  Time since last request: 0.000025 seconds.
  path: Assets/Realistic Tree/Source/Models
  artifactKey: Guid(b6be3d61e757c3a4cae2a622381c64b9) Importer(2089858483,0ecaa5967403d082aa24f35e1b516d23)
Start importing Assets/Realistic Tree/Source/Models using Guid(b6be3d61e757c3a4cae2a622381c64b9) Importer(2089858483,0ecaa5967403d082aa24f35e1b516d23) [PhysX] Initialized MultithreadedTaskDispatcher with 16 workers.
 -> (artifact id: 'c6e3adc2269d6535b8648f9042351fc0') in 0.019523 seconds
Number of updated asset objects reloaded before import = 0
Number of asset objects unloaded after import = 1
========================================================================
Received Import Request.
  Time since last request: 0.000025 seconds.
  path: Assets/Realistic Tree/Source/Models/Chestnut/Chestnut_8.fbx
  artifactKey: Guid(d210ffaed83ffa644a6776f6c270e702) Importer(2089858483,0ecaa5967403d082aa24f35e1b516d23)
Start importing Assets/Realistic Tree/Source/Models/Chestnut/Chestnut_8.fbx using Guid(d210ffaed83ffa644a6776f6c270e702) Importer(2089858483,0ecaa5967403d082aa24f35e1b516d23) [PhysX] Initialized MultithreadedTaskDispatcher with 16 workers.
 -> (artifact id: 'e5d79ffd459d8b224fc9d37be86448c4') in 0.064313 seconds
Number of updated asset objects reloaded before import = 0
Number of asset objects unloaded after import = 105
========================================================================
Received Import Request.
  Time since last request: 0.000027 seconds.
  path: Assets/Realistic Tree/Source/Materials/Standard/Leaves
  artifactKey: Guid(213aefb1b3548fb49938479df5e8e543) Importer(2089858483,0ecaa5967403d082aa24f35e1b516d23)
Start importing Assets/Realistic Tree/Source/Materials/Standard/Leaves using Guid(213aefb1b3548fb49938479df5e8e543) Importer(2089858483,0ecaa5967403d082aa24f35e1b516d23) [PhysX] Initialized MultithreadedTaskDispatcher with 16 workers.
 -> (artifact id: '93ac5aaf91106954a460137acc0137ca') in 0.020553 seconds
Number of updated asset objects reloaded before import = 0
Number of asset objects unloaded after import = 1
========================================================================
Received Import Request.
  Time since last request: 0.000040 seconds.
  path: Assets/Realistic Tree/Prefabs/Standard/Chestnut/Chestnut 2.prefab
  artifactKey: Guid(56115f1cafeb24f44921ff210db74d4f) Importer(2089858483,0ecaa5967403d082aa24f35e1b516d23)
Start importing Assets/Realistic Tree/Prefabs/Standard/Chestnut/Chestnut 2.prefab using Guid(56115f1cafeb24f44921ff210db74d4f) Importer(2089858483,0ecaa5967403d082aa24f35e1b516d23) [PhysX] Initialized MultithreadedTaskDispatcher with 16 workers.
 -> (artifact id: 'ab6425a85126ad432f689be0f800f160') in 0.093171 seconds
Number of updated asset objects reloaded before import = 0
Number of asset objects unloaded after import = 89
========================================================================
Received Import Request.
  Time since last request: 0.000025 seconds.
  path: Assets/Realistic Tree/Source/Materials/HDRP/Leaves/Chestnut/Chestnut_Small_Leaves.mat
  artifactKey: Guid(a5bdaa20f1d41094aa86630321c7384d) Importer(2089858483,0ecaa5967403d082aa24f35e1b516d23)
Start importing Assets/Realistic Tree/Source/Materials/HDRP/Leaves/Chestnut/Chestnut_Small_Leaves.mat using Guid(a5bdaa20f1d41094aa86630321c7384d) Importer(2089858483,0ecaa5967403d082aa24f35e1b516d23) [PhysX] Initialized MultithreadedTaskDispatcher with 16 workers.
 -> (artifact id: '2d203982f858f069adf7d0998752722b') in 0.056694 seconds
Number of updated asset objects reloaded before import = 0
Number of asset objects unloaded after import = 2
========================================================================
Received Import Request.
  Time since last request: 0.000032 seconds.
  path: Assets/Realistic Tree/Prefabs/HDRP/Ash/Ash 6.prefab
  artifactKey: Guid(aa5460b223826e248969f82c803cf03b) Importer(2089858483,0ecaa5967403d082aa24f35e1b516d23)
Start importing Assets/Realistic Tree/Prefabs/HDRP/Ash/Ash 6.prefab using Guid(aa5460b223826e248969f82c803cf03b) Importer(2089858483,0ecaa5967403d082aa24f35e1b516d23) [PhysX] Initialized MultithreadedTaskDispatcher with 16 workers.
 -> (artifact id: '06cfa4e6b7257b22980b8737e03761a0') in 0.076791 seconds
Number of updated asset objects reloaded before import = 0
Number of asset objects unloaded after import = 69
========================================================================
Received Import Request.
  Time since last request: 0.000036 seconds.
  path: Assets/Realistic Tree/Prefabs/HDRP/Weeping Willow/Weeping_Willow 5.prefab
  artifactKey: Guid(5b0c3744c1dd57346b8868f49a6ace36) Importer(2089858483,0ecaa5967403d082aa24f35e1b516d23)
Start importing Assets/Realistic Tree/Prefabs/HDRP/Weeping Willow/Weeping_Willow 5.prefab using Guid(5b0c3744c1dd57346b8868f49a6ace36) Importer(2089858483,0ecaa5967403d082aa24f35e1b516d23) [PhysX] Initialized MultithreadedTaskDispatcher with 16 workers.
 -> (artifact id: 'cd16f49a526b2612a9bdd4ab183b38f5') in 0.098660 seconds
Number of updated asset objects reloaded before import = 0
Number of asset objects unloaded after import = 49
========================================================================
Received Import Request.
  Time since last request: 0.000028 seconds.
  path: Assets/Realistic Tree/Prefabs/URP/Spruce/Spruce Group 2.prefab
  artifactKey: Guid(e4ee5d55588435441b23c8d94ae7f0bf) Importer(2089858483,0ecaa5967403d082aa24f35e1b516d23)
Start importing Assets/Realistic Tree/Prefabs/URP/Spruce/Spruce Group 2.prefab using Guid(e4ee5d55588435441b23c8d94ae7f0bf) Importer(2089858483,0ecaa5967403d082aa24f35e1b516d23) [PhysX] Initialized MultithreadedTaskDispatcher with 16 workers.
 -> (artifact id: '9003624a55497044336cafb5f9b70ee6') in 0.038573 seconds
Number of updated asset objects reloaded before import = 0
Number of asset objects unloaded after import = 67
========================================================================
Received Import Request.
  Time since last request: 0.000039 seconds.
  path: Assets/Realistic Tree/Source/Models/Ash/Ash_7.fbx
  artifactKey: Guid(5c27358fbf70b91439f3ea582c3f1169) Importer(2089858483,0ecaa5967403d082aa24f35e1b516d23)
Start importing Assets/Realistic Tree/Source/Models/Ash/Ash_7.fbx using Guid(5c27358fbf70b91439f3ea582c3f1169) Importer(2089858483,0ecaa5967403d082aa24f35e1b516d23) [PhysX] Initialized MultithreadedTaskDispatcher with 16 workers.
 -> (artifact id: '1d8c0dbd1eee0557826625265830d93f') in 0.069611 seconds
Number of updated asset objects reloaded before import = 0
Number of asset objects unloaded after import = 65
========================================================================
Received Import Request.
  Time since last request: 0.000048 seconds.
  path: Assets/Realistic Tree/Source/Materials/Standard/Falling Leaves/URP/Birch_Single.mat
  artifactKey: Guid(041731c5b72e2f34d938d7af6b2eec09) Importer(2089858483,0ecaa5967403d082aa24f35e1b516d23)
Start importing Assets/Realistic Tree/Source/Materials/Standard/Falling Leaves/URP/Birch_Single.mat using Guid(041731c5b72e2f34d938d7af6b2eec09) Importer(2089858483,0ecaa5967403d082aa24f35e1b516d23) [PhysX] Initialized MultithreadedTaskDispatcher with 16 workers.
 -> (artifact id: '0a8a35b8b43fee035c12cb3ba0802319') in 0.029975 seconds
Number of updated asset objects reloaded before import = 0
Number of asset objects unloaded after import = 2
========================================================================
Received Import Request.
  Time since last request: 0.000034 seconds.
  path: Assets/Realistic Tree/Prefabs/URP/Ash/Ash 3.prefab
  artifactKey: Guid(189457b8a8df4454e955c74118b57a4d) Importer(2089858483,0ecaa5967403d082aa24f35e1b516d23)
Start importing Assets/Realistic Tree/Prefabs/URP/Ash/Ash 3.prefab using Guid(189457b8a8df4454e955c74118b57a4d) Importer(2089858483,0ecaa5967403d082aa24f35e1b516d23) [PhysX] Initialized MultithreadedTaskDispatcher with 16 workers.
 -> (artifact id: '0085cf2df2580ef5172a40c56c4c4055') in 0.074013 seconds
Number of updated asset objects reloaded before import = 0
Number of asset objects unloaded after import = 69
========================================================================
Received Import Request.
  Time since last request: 0.000035 seconds.
  path: Assets/Realistic Tree/Source/Materials/Standard/Falling Leaves/Standard
  artifactKey: Guid(3df6629a43c273243af0436f0dc47391) Importer(2089858483,0ecaa5967403d082aa24f35e1b516d23)
Start importing Assets/Realistic Tree/Source/Materials/Standard/Falling Leaves/Standard using Guid(3df6629a43c273243af0436f0dc47391) Importer(2089858483,0ecaa5967403d082aa24f35e1b516d23) [PhysX] Initialized MultithreadedTaskDispatcher with 16 workers.
 -> (artifact id: 'b4e72cc522c0327e73a6e68ea7072e87') in 0.021577 seconds
Number of updated asset objects reloaded before import = 0
Number of asset objects unloaded after import = 1
========================================================================
Received Import Request.
  Time since last request: 0.000041 seconds.
  path: Assets/Realistic Tree/Source/Models/Weeping Willow/Willow_1.fbx
  artifactKey: Guid(dc0216af1cf8252438f4cc59cbee0a84) Importer(2089858483,0ecaa5967403d082aa24f35e1b516d23)
Start importing Assets/Realistic Tree/Source/Models/Weeping Willow/Willow_1.fbx using Guid(dc0216af1cf8252438f4cc59cbee0a84) Importer(2089858483,0ecaa5967403d082aa24f35e1b516d23) [PhysX] Initialized MultithreadedTaskDispatcher with 16 workers.
 -> (artifact id: 'e3ffb09a82ac4c504b49cb9dd39f14b8') in 0.043636 seconds
Number of updated asset objects reloaded before import = 0
Number of asset objects unloaded after import = 45
========================================================================
Received Import Request.
  Time since last request: 0.000036 seconds.
  path: Assets/Realistic Tree/Prefabs/HDRP/Ash/The Great Ash Tree.prefab
  artifactKey: Guid(366edcb6f8acaa24a959e7f443a4f60e) Importer(2089858483,0ecaa5967403d082aa24f35e1b516d23)
Start importing Assets/Realistic Tree/Prefabs/HDRP/Ash/The Great Ash Tree.prefab using Guid(366edcb6f8acaa24a959e7f443a4f60e) Importer(2089858483,0ecaa5967403d082aa24f35e1b516d23) [PhysX] Initialized MultithreadedTaskDispatcher with 16 workers.
 -> (artifact id: '6fe3da89c9321511d3bfbf443f35cc55') in 0.076719 seconds
Number of updated asset objects reloaded before import = 0
Number of asset objects unloaded after import = 69
========================================================================
Received Import Request.
  Time since last request: 0.000056 seconds.
  path: Assets/Realistic Tree/Prefabs/Standard/Chestnut/Chestnut 3.prefab
  artifactKey: Guid(2cd7a1950f2cad949b3484396d7ce863) Importer(2089858483,0ecaa5967403d082aa24f35e1b516d23)
Start importing Assets/Realistic Tree/Prefabs/Standard/Chestnut/Chestnut 3.prefab using Guid(2cd7a1950f2cad949b3484396d7ce863) Importer(2089858483,0ecaa5967403d082aa24f35e1b516d23) [PhysX] Initialized MultithreadedTaskDispatcher with 16 workers.
 -> (artifact id: '9718e0be307c487ffc1a6c847de58616') in 0.097713 seconds
Number of updated asset objects reloaded before import = 0
Number of asset objects unloaded after import = 89
========================================================================
Received Import Request.
  Time since last request: 0.000046 seconds.
  path: Assets/Realistic Tree/Source/Textures/Birch/Leaf_1.png
  artifactKey: Guid(d1a697a303d76cd4cb4eca86a30400ee) Importer(2089858483,0ecaa5967403d082aa24f35e1b516d23)
Start importing Assets/Realistic Tree/Source/Textures/Birch/Leaf_1.png using Guid(d1a697a303d76cd4cb4eca86a30400ee) Importer(2089858483,0ecaa5967403d082aa24f35e1b516d23) [PhysX] Initialized MultithreadedTaskDispatcher with 16 workers.
 -> (artifact id: '850f601aa309f7f5f018cd9fa89b082b') in 0.033027 seconds
Number of updated asset objects reloaded before import = 0
Number of asset objects unloaded after import = 1
========================================================================
Received Import Request.
  Time since last request: 0.000028 seconds.
  path: Assets/Realistic Tree/Source/Models/Spruce/Spruce_3.fbx
  artifactKey: Guid(26abb6d789c179046af7a3c992954661) Importer(2089858483,0ecaa5967403d082aa24f35e1b516d23)
Start importing Assets/Realistic Tree/Source/Models/Spruce/Spruce_3.fbx using Guid(26abb6d789c179046af7a3c992954661) Importer(2089858483,0ecaa5967403d082aa24f35e1b516d23) [PhysX] Initialized MultithreadedTaskDispatcher with 16 workers.
 -> (artifact id: 'd4a796286c433e079cf9bea519e70731') in 0.041939 seconds
Number of updated asset objects reloaded before import = 0
Number of asset objects unloaded after import = 65
========================================================================
Received Import Request.
  Time since last request: 0.000023 seconds.
  path: Assets/Realistic Tree/Prefabs/HDRP/Spruce/Spruce 8.prefab
  artifactKey: Guid(92ffb0927ddfa4a47b5d13cc9d48018c) Importer(2089858483,0ecaa5967403d082aa24f35e1b516d23)
Start importing Assets/Realistic Tree/Prefabs/HDRP/Spruce/Spruce 8.prefab using Guid(92ffb0927ddfa4a47b5d13cc9d48018c) Importer(2089858483,0ecaa5967403d082aa24f35e1b516d23) [PhysX] Initialized MultithreadedTaskDispatcher with 16 workers.
 -> (artifact id: '8d5d72544b96c5727d8dff8d4b910890') in 0.040129 seconds
Number of updated asset objects reloaded before import = 0
Number of asset objects unloaded after import = 67
========================================================================
Received Import Request.
  Time since last request: 0.000031 seconds.
  path: Assets/Realistic Tree/Source/Materials/Standard/Leaves/Chestnut
  artifactKey: Guid(0706abcc21586154ea6913afd7a0f979) Importer(2089858483,0ecaa5967403d082aa24f35e1b516d23)
Start importing Assets/Realistic Tree/Source/Materials/Standard/Leaves/Chestnut using Guid(0706abcc21586154ea6913afd7a0f979) Importer(2089858483,0ecaa5967403d082aa24f35e1b516d23) [PhysX] Initialized MultithreadedTaskDispatcher with 16 workers.
 -> (artifact id: 'a7ef7e58565653f2d00649ab56e3093b') in 0.018105 seconds
Number of updated asset objects reloaded before import = 0
Number of asset objects unloaded after import = 1
========================================================================
Received Import Request.
  Time since last request: 0.000037 seconds.
  path: Assets/seaShell/Solitary_Stone_002 Variant Variant.prefab
  artifactKey: Guid(8e9a84ec02c948c408975d33eaa32b20) Importer(2089858483,0ecaa5967403d082aa24f35e1b516d23)
Start importing Assets/seaShell/Solitary_Stone_002 Variant Variant.prefab using Guid(8e9a84ec02c948c408975d33eaa32b20) Importer(2089858483,0ecaa5967403d082aa24f35e1b516d23) [PhysX] Initialized MultithreadedTaskDispatcher with 16 workers.
 -> (artifact id: 'cc4f0c42c55c495210fa23d71b22f7c8') in 0.023495 seconds
Number of updated asset objects reloaded before import = 0
Number of asset objects unloaded after import = 43
========================================================================
Received Import Request.
  Time since last request: 0.000025 seconds.
  path: Assets/Realistic Tree/Source/Materials/Standard/Falling Leaves/Standard/Birch_Single.mat
  artifactKey: Guid(48bc54873ca04a94689adf2f8025a807) Importer(2089858483,0ecaa5967403d082aa24f35e1b516d23)
Start importing Assets/Realistic Tree/Source/Materials/Standard/Falling Leaves/Standard/Birch_Single.mat using Guid(48bc54873ca04a94689adf2f8025a807) Importer(2089858483,0ecaa5967403d082aa24f35e1b516d23) [PhysX] Initialized MultithreadedTaskDispatcher with 16 workers.
 -> (artifact id: '02bebf95ccaed337696bdd2cb6dce188') in 0.031387 seconds
Number of updated asset objects reloaded before import = 0
Number of asset objects unloaded after import = 2
========================================================================
Received Import Request.
  Time since last request: 0.000024 seconds.
  path: Assets/Realistic Tree/Prefabs/URP/Spruce/Spruce 1.prefab
  artifactKey: Guid(a6f21f9d15f76f244a354206c7dcaad2) Importer(2089858483,0ecaa5967403d082aa24f35e1b516d23)
Start importing Assets/Realistic Tree/Prefabs/URP/Spruce/Spruce 1.prefab using Guid(a6f21f9d15f76f244a354206c7dcaad2) Importer(2089858483,0ecaa5967403d082aa24f35e1b516d23) [PhysX] Initialized MultithreadedTaskDispatcher with 16 workers.
 -> (artifact id: '55c57267ba3d2e34e1576f8cc9834288') in 0.039505 seconds
Number of updated asset objects reloaded before import = 0
Number of asset objects unloaded after import = 67
========================================================================
Received Import Request.
  Time since last request: 0.000034 seconds.
  path: Assets/Realistic Tree/Source/Models/Ash
  artifactKey: Guid(f5f1ba7bc7ac65a4e8acade359c42ee2) Importer(2089858483,0ecaa5967403d082aa24f35e1b516d23)
Start importing Assets/Realistic Tree/Source/Models/Ash using Guid(f5f1ba7bc7ac65a4e8acade359c42ee2) Importer(2089858483,0ecaa5967403d082aa24f35e1b516d23) [PhysX] Initialized MultithreadedTaskDispatcher with 16 workers.
 -> (artifact id: 'dd9ecdc6d256ffa114ddaea6e61a27a8') in 0.019596 seconds
Number of updated asset objects reloaded before import = 0
Number of asset objects unloaded after import = 1
========================================================================
Received Import Request.
  Time since last request: 0.000060 seconds.
  path: Assets/Realistic Tree/Source/Textures/Chestnut
  artifactKey: Guid(5934f8fe131c9474ca5308d6c9da3cba) Importer(2089858483,0ecaa5967403d082aa24f35e1b516d23)
Start importing Assets/Realistic Tree/Source/Textures/Chestnut using Guid(5934f8fe131c9474ca5308d6c9da3cba) Importer(2089858483,0ecaa5967403d082aa24f35e1b516d23) [PhysX] Initialized MultithreadedTaskDispatcher with 16 workers.
 -> (artifact id: 'f44313e0f533c3984bff9a6d13a62272') in 0.018802 seconds
Number of updated asset objects reloaded before import = 0
Number of asset objects unloaded after import = 1
========================================================================
Received Import Request.
  Time since last request: 0.000029 seconds.
  path: Assets/Realistic Tree/Prefabs/Standard/Birch/Birch 5.prefab
  artifactKey: Guid(36acd1bd5b29c4742824737019d6f2aa) Importer(2089858483,0ecaa5967403d082aa24f35e1b516d23)
Start importing Assets/Realistic Tree/Prefabs/Standard/Birch/Birch 5.prefab using Guid(36acd1bd5b29c4742824737019d6f2aa) Importer(2089858483,0ecaa5967403d082aa24f35e1b516d23) [PhysX] Initialized MultithreadedTaskDispatcher with 16 workers.
 -> (artifact id: '93e2c43f6daf5f7bae7882e82c0ba9e7') in 0.069373 seconds
Number of updated asset objects reloaded before import = 0
Number of asset objects unloaded after import = 69
========================================================================
Received Import Request.
  Time since last request: 0.000026 seconds.
  path: Assets/Realistic Tree/Prefabs/URP/Chestnut/Chestnut 4.prefab
  artifactKey: Guid(ea00aff9c9f90504daf5192b2b6f6527) Importer(2089858483,0ecaa5967403d082aa24f35e1b516d23)
Start importing Assets/Realistic Tree/Prefabs/URP/Chestnut/Chestnut 4.prefab using Guid(ea00aff9c9f90504daf5192b2b6f6527) Importer(2089858483,0ecaa5967403d082aa24f35e1b516d23) [PhysX] Initialized MultithreadedTaskDispatcher with 16 workers.
 -> (artifact id: '8a8efca0fd1928f13887f24e1a62633e') in 0.076767 seconds
Number of updated asset objects reloaded before import = 0
Number of asset objects unloaded after import = 89
========================================================================
Received Import Request.
  Time since last request: 0.000031 seconds.
  path: Assets/Realistic Tree/Source/Materials/HDRP/Falling Leaves/Birch_Single.mat
  artifactKey: Guid(5143e1d8a18a50b4889f6839d86a470f) Importer(2089858483,0ecaa5967403d082aa24f35e1b516d23)
Start importing Assets/Realistic Tree/Source/Materials/HDRP/Falling Leaves/Birch_Single.mat using Guid(5143e1d8a18a50b4889f6839d86a470f) Importer(2089858483,0ecaa5967403d082aa24f35e1b516d23) [PhysX] Initialized MultithreadedTaskDispatcher with 16 workers.
 -> (artifact id: '88d5a326f908d5153b3ba4c16bd96e39') in 0.031020 seconds
Number of updated asset objects reloaded before import = 0
Number of asset objects unloaded after import = 2
========================================================================
Received Import Request.
  Time since last request: 0.000048 seconds.
  path: Assets/Realistic Tree/Source/Materials/Standard
  artifactKey: Guid(39c5a583b08d7fe468fea51e1b386ea2) Importer(2089858483,0ecaa5967403d082aa24f35e1b516d23)
Start importing Assets/Realistic Tree/Source/Materials/Standard using Guid(39c5a583b08d7fe468fea51e1b386ea2) Importer(2089858483,0ecaa5967403d082aa24f35e1b516d23) [PhysX] Initialized MultithreadedTaskDispatcher with 16 workers.
 -> (artifact id: '67cc6c6ba99dbecf8da0db315135483f') in 0.018178 seconds
Number of updated asset objects reloaded before import = 0
Number of asset objects unloaded after import = 1
========================================================================
Received Import Request.
  Time since last request: 0.000035 seconds.
  path: Assets/Realistic Tree/Prefabs/HDRP/Birch/Birch Group 1.prefab
  artifactKey: Guid(4fffea226fd645b4693a82e2391d4662) Importer(2089858483,0ecaa5967403d082aa24f35e1b516d23)
Start importing Assets/Realistic Tree/Prefabs/HDRP/Birch/Birch Group 1.prefab using Guid(4fffea226fd645b4693a82e2391d4662) Importer(2089858483,0ecaa5967403d082aa24f35e1b516d23) [PhysX] Initialized MultithreadedTaskDispatcher with 16 workers.
 -> (artifact id: '8e7430f7e0aaa9b2ea0d3f18689f5481') in 0.078401 seconds
Number of updated asset objects reloaded before import = 0
Number of asset objects unloaded after import = 69
========================================================================
Received Import Request.
  Time since last request: 0.000026 seconds.
  path: Assets/Realistic Tree/Source/Textures/Birch/Birch_Bark.png
  artifactKey: Guid(d1b31dcfc52f15e4e877b179583e4caf) Importer(2089858483,0ecaa5967403d082aa24f35e1b516d23)
Start importing Assets/Realistic Tree/Source/Textures/Birch/Birch_Bark.png using Guid(d1b31dcfc52f15e4e877b179583e4caf) Importer(2089858483,0ecaa5967403d082aa24f35e1b516d23) [PhysX] Initialized MultithreadedTaskDispatcher with 16 workers.
 -> (artifact id: 'a644267a3640bcb60e932fa3c0b7183d') in 0.044538 seconds
Number of updated asset objects reloaded before import = 0
Number of asset objects unloaded after import = 1
========================================================================
Received Import Request.
  Time since last request: 0.000029 seconds.
  path: Assets/Realistic Tree/Source/Materials/URP/Falling Leaves/Birch1_Single.png
  artifactKey: Guid(d5893296012aee242a660b8f1ded93fa) Importer(2089858483,0ecaa5967403d082aa24f35e1b516d23)
Start importing Assets/Realistic Tree/Source/Materials/URP/Falling Leaves/Birch1_Single.png using Guid(d5893296012aee242a660b8f1ded93fa) Importer(2089858483,0ecaa5967403d082aa24f35e1b516d23) [PhysX] Initialized MultithreadedTaskDispatcher with 16 workers.
 -> (artifact id: 'd873020c3a644af4c9e082c95dbd96bd') in 0.052034 seconds
Number of updated asset objects reloaded before import = 0
Number of asset objects unloaded after import = 1
========================================================================
Received Import Request.
  Time since last request: 0.000036 seconds.
  path: Assets/Realistic Tree/Prefabs/Standard/Birch/Birch 7.prefab
  artifactKey: Guid(8576c33003a77184e98ec8e60149a16f) Importer(2089858483,0ecaa5967403d082aa24f35e1b516d23)
Start importing Assets/Realistic Tree/Prefabs/Standard/Birch/Birch 7.prefab using Guid(8576c33003a77184e98ec8e60149a16f) Importer(2089858483,0ecaa5967403d082aa24f35e1b516d23) [PhysX] Initialized MultithreadedTaskDispatcher with 16 workers.
 -> (artifact id: 'e594a485bc86615d039604cc76f827fa') in 0.079584 seconds
Number of updated asset objects reloaded before import = 0
Number of asset objects unloaded after import = 49
========================================================================
Received Import Request.
  Time since last request: 0.000023 seconds.
  path: Assets/Realistic Tree/Source/Materials/HDRP/Leaves/Spruce/Spruce_2.mat
  artifactKey: Guid(a68cbf7ca2afb494f938f9fc150deb0a) Importer(2089858483,0ecaa5967403d082aa24f35e1b516d23)
Start importing Assets/Realistic Tree/Source/Materials/HDRP/Leaves/Spruce/Spruce_2.mat using Guid(a68cbf7ca2afb494f938f9fc150deb0a) Importer(2089858483,0ecaa5967403d082aa24f35e1b516d23) [PhysX] Initialized MultithreadedTaskDispatcher with 16 workers.
 -> (artifact id: 'ccae2e6fe804caaeb0243de62af146a6') in 0.029171 seconds
Number of updated asset objects reloaded before import = 0
Number of asset objects unloaded after import = 2
========================================================================
Received Import Request.
  Time since last request: 0.000027 seconds.
  path: Assets/Realistic Tree/Source/Materials/HDRP/Leaves
  artifactKey: Guid(2e731a98f69083740b5c41ce473ec841) Importer(2089858483,0ecaa5967403d082aa24f35e1b516d23)
Start importing Assets/Realistic Tree/Source/Materials/HDRP/Leaves using Guid(2e731a98f69083740b5c41ce473ec841) Importer(2089858483,0ecaa5967403d082aa24f35e1b516d23) [PhysX] Initialized MultithreadedTaskDispatcher with 16 workers.
 -> (artifact id: '525cc8fbff680cfd725f704472bb4f62') in 0.023419 seconds
Number of updated asset objects reloaded before import = 0
Number of asset objects unloaded after import = 1
========================================================================
Received Import Request.
  Time since last request: 0.000044 seconds.
  path: Assets/Realistic Tree/Source/Materials/Standard/Bark/Spruce.mat
  artifactKey: Guid(62f82c6bf6d10f7479cf6be0b04b0fd5) Importer(2089858483,0ecaa5967403d082aa24f35e1b516d23)
Start importing Assets/Realistic Tree/Source/Materials/Standard/Bark/Spruce.mat using Guid(62f82c6bf6d10f7479cf6be0b04b0fd5) Importer(2089858483,0ecaa5967403d082aa24f35e1b516d23) [PhysX] Initialized MultithreadedTaskDispatcher with 16 workers.
 -> (artifact id: 'fa7b7cb2e6f20e256eaa99bb38d796d9') in 0.046592 seconds
Number of updated asset objects reloaded before import = 0
Number of asset objects unloaded after import = 3
========================================================================
Received Import Request.
  Time since last request: 0.000024 seconds.
  path: Assets/Realistic Tree/Source/Models/Birch/Birch_1.fbx
  artifactKey: Guid(46e7e39c43d92504b9e5b5cea74202fb) Importer(2089858483,0ecaa5967403d082aa24f35e1b516d23)
Start importing Assets/Realistic Tree/Source/Models/Birch/Birch_1.fbx using Guid(46e7e39c43d92504b9e5b5cea74202fb) Importer(2089858483,0ecaa5967403d082aa24f35e1b516d23) [PhysX] Initialized MultithreadedTaskDispatcher with 16 workers.
 -> (artifact id: '0906f6463fbb81bcebc60005e2177538') in 0.040846 seconds
Number of updated asset objects reloaded before import = 0
Number of asset objects unloaded after import = 65
========================================================================
Received Import Request.
  Time since last request: 0.000025 seconds.
  path: Assets/Realistic Tree/Prefabs/URP/Ash/Ash 4.prefab
  artifactKey: Guid(35e42d18fc5193b42b806528fbefddeb) Importer(2089858483,0ecaa5967403d082aa24f35e1b516d23)
Start importing Assets/Realistic Tree/Prefabs/URP/Ash/Ash 4.prefab using Guid(35e42d18fc5193b42b806528fbefddeb) Importer(2089858483,0ecaa5967403d082aa24f35e1b516d23) [PhysX] Initialized MultithreadedTaskDispatcher with 16 workers.
 -> (artifact id: '5ab0d6d9a1e491aea99b6017fb02eb8e') in 0.078017 seconds
Number of updated asset objects reloaded before import = 0
Number of asset objects unloaded after import = 69
========================================================================
Received Import Request.
  Time since last request: 0.000033 seconds.
  path: Assets/Realistic Tree/Prefabs/Standard/Weeping Willow/Weeping_Willow 6.prefab
  artifactKey: Guid(c94a30a9198defd47b6120ac8531f2d8) Importer(2089858483,0ecaa5967403d082aa24f35e1b516d23)
Start importing Assets/Realistic Tree/Prefabs/Standard/Weeping Willow/Weeping_Willow 6.prefab using Guid(c94a30a9198defd47b6120ac8531f2d8) Importer(2089858483,0ecaa5967403d082aa24f35e1b516d23) [PhysX] Initialized MultithreadedTaskDispatcher with 16 workers.
 -> (artifact id: 'cf2a1b3891be9de2e8638f47fd897a31') in 0.077264 seconds
Number of updated asset objects reloaded before import = 0
Number of asset objects unloaded after import = 49
========================================================================
Received Import Request.
  Time since last request: 0.000037 seconds.
  path: Assets/Realistic Tree/Prefabs/HDRP/Ash
  artifactKey: Guid(311b1f38e9d8a1b4b86a6962c815e661) Importer(2089858483,0ecaa5967403d082aa24f35e1b516d23)
Start importing Assets/Realistic Tree/Prefabs/HDRP/Ash using Guid(311b1f38e9d8a1b4b86a6962c815e661) Importer(2089858483,0ecaa5967403d082aa24f35e1b516d23) [PhysX] Initialized MultithreadedTaskDispatcher with 16 workers.
 -> (artifact id: '1d40f733d5c44a0b586dcd34118b3226') in 0.018607 seconds
Number of updated asset objects reloaded before import = 0
Number of asset objects unloaded after import = 1
========================================================================
Received Import Request.
  Time since last request: 0.000023 seconds.
  path: Assets/Realistic Tree/Source/Materials/HDRP/Falling Leaves/Ash_Single.png
  artifactKey: Guid(a333f3666b54d44499d1fdde553e4964) Importer(2089858483,0ecaa5967403d082aa24f35e1b516d23)
Start importing Assets/Realistic Tree/Source/Materials/HDRP/Falling Leaves/Ash_Single.png using Guid(a333f3666b54d44499d1fdde553e4964) Importer(2089858483,0ecaa5967403d082aa24f35e1b516d23) [PhysX] Initialized MultithreadedTaskDispatcher with 16 workers.
 -> (artifact id: '174a64066da22cfb0ce42f20edd2dc96') in 0.035334 seconds
Number of updated asset objects reloaded before import = 0
Number of asset objects unloaded after import = 1
========================================================================
Received Import Request.
  Time since last request: 0.000026 seconds.
  path: Assets/Realistic Tree/Source/Models/Ash/TheGreatAshTree.fbx
  artifactKey: Guid(60069313336d66b4c96da44d32aead50) Importer(2089858483,0ecaa5967403d082aa24f35e1b516d23)
Start importing Assets/Realistic Tree/Source/Models/Ash/TheGreatAshTree.fbx using Guid(60069313336d66b4c96da44d32aead50) Importer(2089858483,0ecaa5967403d082aa24f35e1b516d23) [PhysX] Initialized MultithreadedTaskDispatcher with 16 workers.
 -> (artifact id: '2ae67813118dee5347fbc933168e360d') in 0.046087 seconds
Number of updated asset objects reloaded before import = 0
Number of asset objects unloaded after import = 65
========================================================================
Received Import Request.
  Time since last request: 0.000027 seconds.
  path: Assets/Realistic Tree/Prefabs/URP/Ash/Ash 2.prefab
  artifactKey: Guid(632cb5ba8e6554c4d895ced6ffb22702) Importer(2089858483,0ecaa5967403d082aa24f35e1b516d23)
Start importing Assets/Realistic Tree/Prefabs/URP/Ash/Ash 2.prefab using Guid(632cb5ba8e6554c4d895ced6ffb22702) Importer(2089858483,0ecaa5967403d082aa24f35e1b516d23) [PhysX] Initialized MultithreadedTaskDispatcher with 16 workers.
 -> (artifact id: '0f8e547823b625df2cde8dea55e3d77c') in 0.084953 seconds
Number of updated asset objects reloaded before import = 0
Number of asset objects unloaded after import = 69
========================================================================
Received Import Request.
  Time since last request: 0.000035 seconds.
  path: Assets/Realistic Tree/Prefabs/URP/Birch/Birch Group 2.prefab
  artifactKey: Guid(bcbf9a89f0f31f949b3b1fafe6848aba) Importer(2089858483,0ecaa5967403d082aa24f35e1b516d23)
Start importing Assets/Realistic Tree/Prefabs/URP/Birch/Birch Group 2.prefab using Guid(bcbf9a89f0f31f949b3b1fafe6848aba) Importer(2089858483,0ecaa5967403d082aa24f35e1b516d23) [PhysX] Initialized MultithreadedTaskDispatcher with 16 workers.
 -> (artifact id: '80b295b1ebc82d08709379a4c7adf21b') in 0.097026 seconds
Number of updated asset objects reloaded before import = 0
Number of asset objects unloaded after import = 69
========================================================================
Received Import Request.
  Time since last request: 0.000041 seconds.
  path: Assets/Realistic Tree/Shader/HDRP/Leaves_HDRP.shadergraph
  artifactKey: Guid(c45aeabfdfc23414d8adb56e7f18f26d) Importer(2089858483,0ecaa5967403d082aa24f35e1b516d23)
Start importing Assets/Realistic Tree/Shader/HDRP/Leaves_HDRP.shadergraph using Guid(c45aeabfdfc23414d8adb56e7f18f26d) Importer(2089858483,0ecaa5967403d082aa24f35e1b516d23) [PhysX] Initialized MultithreadedTaskDispatcher with 16 workers.
 -> (artifact id: 'e207d4854c75f8ca54970eac30ea4bdd') in 0.048778 seconds
Number of updated asset objects reloaded before import = 0
Number of asset objects unloaded after import = 2
========================================================================
Received Import Request.
  Time since last request: 0.000029 seconds.
  path: Assets/Realistic Tree/Prefabs/Standard/Ash/Ash 5.prefab
  artifactKey: Guid(792408f9ce579c64d988399cc6f8d36d) Importer(2089858483,0ecaa5967403d082aa24f35e1b516d23)
Start importing Assets/Realistic Tree/Prefabs/Standard/Ash/Ash 5.prefab using Guid(792408f9ce579c64d988399cc6f8d36d) Importer(2089858483,0ecaa5967403d082aa24f35e1b516d23) [PhysX] Initialized MultithreadedTaskDispatcher with 16 workers.
 -> (artifact id: '72c151dd7c780c2a376672623f2daac8') in 0.079802 seconds
Number of updated asset objects reloaded before import = 0
Number of asset objects unloaded after import = 69
========================================================================
Received Import Request.
  Time since last request: 0.000039 seconds.
  path: Assets/Realistic Tree/Prefabs
  artifactKey: Guid(a7423a6760ae2b144b40df1e985da875) Importer(2089858483,0ecaa5967403d082aa24f35e1b516d23)
Start importing Assets/Realistic Tree/Prefabs using Guid(a7423a6760ae2b144b40df1e985da875) Importer(2089858483,0ecaa5967403d082aa24f35e1b516d23) [PhysX] Initialized MultithreadedTaskDispatcher with 16 workers.
 -> (artifact id: 'c8646d38983e085be47416ed5b57c2d8') in 0.020036 seconds
Number of updated asset objects reloaded before import = 0
Number of asset objects unloaded after import = 1
========================================================================
Received Import Request.
  Time since last request: 0.000144 seconds.
  path: Assets/Realistic Tree/Source/Models/Spruce/Spruce_2.fbx
  artifactKey: Guid(3855f0123d3fbcc4a98addca39e5b1bf) Importer(2089858483,0ecaa5967403d082aa24f35e1b516d23)
Start importing Assets/Realistic Tree/Source/Models/Spruce/Spruce_2.fbx using Guid(3855f0123d3fbcc4a98addca39e5b1bf) Importer(2089858483,0ecaa5967403d082aa24f35e1b516d23) [PhysX] Initialized MultithreadedTaskDispatcher with 16 workers.
 -> (artifact id: '65479a3dcf5dd426832e9082d8bf0c1e') in 0.048074 seconds
Number of updated asset objects reloaded before import = 0
Number of asset objects unloaded after import = 65
========================================================================
Received Import Request.
  Time since last request: 0.000025 seconds.
  path: Assets/Realistic Tree/Prefabs/Standard/Chestnut/Chestnut 8.prefab
  artifactKey: Guid(4b0b7f74bec98714c8538a3de574f7cb) Importer(2089858483,0ecaa5967403d082aa24f35e1b516d23)
Start importing Assets/Realistic Tree/Prefabs/Standard/Chestnut/Chestnut 8.prefab using Guid(4b0b7f74bec98714c8538a3de574f7cb) Importer(2089858483,0ecaa5967403d082aa24f35e1b516d23) [PhysX] Initialized MultithreadedTaskDispatcher with 16 workers.
 -> (artifact id: '91e398a914828856b21a35bdbce3740a') in 0.081291 seconds
Number of updated asset objects reloaded before import = 0
Number of asset objects unloaded after import = 109
========================================================================
Received Import Request.
  Time since last request: 0.000031 seconds.
  path: Assets/Realistic Tree/Prefabs/HDRP/Spruce
  artifactKey: Guid(306a4b1fcffb3c4408d498fc9cdd8035) Importer(2089858483,0ecaa5967403d082aa24f35e1b516d23)
Start importing Assets/Realistic Tree/Prefabs/HDRP/Spruce using Guid(306a4b1fcffb3c4408d498fc9cdd8035) Importer(2089858483,0ecaa5967403d082aa24f35e1b516d23) [PhysX] Initialized MultithreadedTaskDispatcher with 16 workers.
 -> (artifact id: '6b6a7df4b1dc0b2f0ab6faafd32487e7') in 0.022653 seconds
Number of updated asset objects reloaded before import = 0
Number of asset objects unloaded after import = 1
========================================================================
Received Import Request.
  Time since last request: 0.000041 seconds.
  path: Assets/Realistic Tree/Source/Materials/Standard/Leaves/Birch/Birch_Leaves_1.mat
  artifactKey: Guid(9a2d183c8b44fe94cb8d99c293e609b3) Importer(2089858483,0ecaa5967403d082aa24f35e1b516d23)
Start importing Assets/Realistic Tree/Source/Materials/Standard/Leaves/Birch/Birch_Leaves_1.mat using Guid(9a2d183c8b44fe94cb8d99c293e609b3) Importer(2089858483,0ecaa5967403d082aa24f35e1b516d23) [PhysX] Initialized MultithreadedTaskDispatcher with 16 workers.
 -> (artifact id: 'cfe546856dfac6a6fdf39c670c5e0b8e') in 0.031272 seconds
Number of updated asset objects reloaded before import = 0
Number of asset objects unloaded after import = 2
========================================================================
Received Import Request.
  Time since last request: 0.000024 seconds.
  path: Assets/Realistic Tree/Source/Materials/Standard/Leaves/Chestnut/Chestnut_Big_Leaves.mat
  artifactKey: Guid(e6e7cefe17ea88642be02ec6d18a0680) Importer(2089858483,0ecaa5967403d082aa24f35e1b516d23)
Start importing Assets/Realistic Tree/Source/Materials/Standard/Leaves/Chestnut/Chestnut_Big_Leaves.mat using Guid(e6e7cefe17ea88642be02ec6d18a0680) Importer(2089858483,0ecaa5967403d082aa24f35e1b516d23) [PhysX] Initialized MultithreadedTaskDispatcher with 16 workers.
 -> (artifact id: '434f908337d68e410afea3bc38bea8ff') in 0.032748 seconds
Number of updated asset objects reloaded before import = 0
Number of asset objects unloaded after import = 2
========================================================================
Received Import Request.
  Time since last request: 0.000022 seconds.
  path: Assets/Realistic Tree/Prefabs/URP/Birch/Birch Group 1.prefab
  artifactKey: Guid(74f851ac0ac2e7a45bbc4b6fc6d2a1fe) Importer(2089858483,0ecaa5967403d082aa24f35e1b516d23)
Start importing Assets/Realistic Tree/Prefabs/URP/Birch/Birch Group 1.prefab using Guid(74f851ac0ac2e7a45bbc4b6fc6d2a1fe) Importer(2089858483,0ecaa5967403d082aa24f35e1b516d23) [PhysX] Initialized MultithreadedTaskDispatcher with 16 workers.
 -> (artifact id: '549a75b816c22dbee7a2d910eaf2f972') in 0.073035 seconds
Number of updated asset objects reloaded before import = 0
Number of asset objects unloaded after import = 69
========================================================================
Received Import Request.
  Time since last request: 0.000027 seconds.
  path: Assets/Realistic Tree/Prefabs/URP/Weeping Willow/Weeping_Willow 7.prefab
  artifactKey: Guid(11f41b79841e8084397607b8a0d001ba) Importer(2089858483,0ecaa5967403d082aa24f35e1b516d23)
Start importing Assets/Realistic Tree/Prefabs/URP/Weeping Willow/Weeping_Willow 7.prefab using Guid(11f41b79841e8084397607b8a0d001ba) Importer(2089858483,0ecaa5967403d082aa24f35e1b516d23) [PhysX] Initialized MultithreadedTaskDispatcher with 16 workers.
 -> (artifact id: '2f180050d5b2bf08f146ff08e7e66e0c') in 0.080918 seconds
Number of updated asset objects reloaded before import = 0
Number of asset objects unloaded after import = 49
========================================================================
Received Import Request.
  Time since last request: 0.000040 seconds.
  path: Assets/Realistic Tree/Source/Models/Ash/Ash_2.fbx
  artifactKey: Guid(50e2cd5e22790be4f9314fe8f90a6fa6) Importer(2089858483,0ecaa5967403d082aa24f35e1b516d23)
Start importing Assets/Realistic Tree/Source/Models/Ash/Ash_2.fbx using Guid(50e2cd5e22790be4f9314fe8f90a6fa6) Importer(2089858483,0ecaa5967403d082aa24f35e1b516d23) [PhysX] Initialized MultithreadedTaskDispatcher with 16 workers.
 -> (artifact id: '2a26ac0503f3f3966f730ddbef22aad6') in 0.050368 seconds
Number of updated asset objects reloaded before import = 0
Number of asset objects unloaded after import = 65
========================================================================
Received Import Request.
  Time since last request: 0.000022 seconds.
  path: Assets/Grass And Flowers Pack 1/Example Scene/Gray.png
  artifactKey: Guid(1761a9c228ab3da45a324633d6e020f4) Importer(2089858483,0ecaa5967403d082aa24f35e1b516d23)
Start importing Assets/Grass And Flowers Pack 1/Example Scene/Gray.png using Guid(1761a9c228ab3da45a324633d6e020f4) Importer(2089858483,0ecaa5967403d082aa24f35e1b516d23) [PhysX] Initialized MultithreadedTaskDispatcher with 16 workers.
 -> (artifact id: 'cbe60bbbd1f692344201eae90c5d6519') in 0.049465 seconds
Number of updated asset objects reloaded before import = 0
Number of asset objects unloaded after import = 1
========================================================================
Received Import Request.
  Time since last request: 0.000028 seconds.
  path: Assets/Realistic Tree/Source/Materials/Standard/Falling Leaves/Birch1_Single.png
  artifactKey: Guid(8342f9391f7a7574886fb11e8abb1003) Importer(2089858483,0ecaa5967403d082aa24f35e1b516d23)
Start importing Assets/Realistic Tree/Source/Materials/Standard/Falling Leaves/Birch1_Single.png using Guid(8342f9391f7a7574886fb11e8abb1003) Importer(2089858483,0ecaa5967403d082aa24f35e1b516d23) [PhysX] Initialized MultithreadedTaskDispatcher with 16 workers.
 -> (artifact id: '71fd9bbcf8b298dc33a7eb0f7bb474c1') in 0.032692 seconds
Number of updated asset objects reloaded before import = 0
Number of asset objects unloaded after import = 1
========================================================================
Received Import Request.
  Time since last request: 0.000050 seconds.
  path: Assets/Realistic Tree/Source/Textures/Ash
  artifactKey: Guid(e6c7fb1f6de9780439e929b31192fd16) Importer(2089858483,0ecaa5967403d082aa24f35e1b516d23)
Start importing Assets/Realistic Tree/Source/Textures/Ash using Guid(e6c7fb1f6de9780439e929b31192fd16) Importer(2089858483,0ecaa5967403d082aa24f35e1b516d23) [PhysX] Initialized MultithreadedTaskDispatcher with 16 workers.
 -> (artifact id: '7a38379e29016629b239b4f505a7874b') in 0.019294 seconds
Number of updated asset objects reloaded before import = 0
Number of asset objects unloaded after import = 1
========================================================================
Received Import Request.
  Time since last request: 0.000023 seconds.
  path: Assets/Grass And Flowers Pack 1/Small Tree/Small Tree 4.png
  artifactKey: Guid(493f6a5a5044c0c4ba0f79af81d56bc3) Importer(2089858483,0ecaa5967403d082aa24f35e1b516d23)
Start importing Assets/Grass And Flowers Pack 1/Small Tree/Small Tree 4.png using Guid(493f6a5a5044c0c4ba0f79af81d56bc3) Importer(2089858483,0ecaa5967403d082aa24f35e1b516d23) [PhysX] Initialized MultithreadedTaskDispatcher with 16 workers.
 -> (artifact id: '7b463631df5e7e8ad77990afe90654de') in 0.052364 seconds
Number of updated asset objects reloaded before import = 0
Number of asset objects unloaded after import = 1
========================================================================
Received Import Request.
  Time since last request: 0.000023 seconds.
  path: Assets/Realistic Tree/Source/Materials/HDRP/Bark/Birch.mat
  artifactKey: Guid(2d3189f7c59c58e49a0758818271ffc1) Importer(2089858483,0ecaa5967403d082aa24f35e1b516d23)
Start importing Assets/Realistic Tree/Source/Materials/HDRP/Bark/Birch.mat using Guid(2d3189f7c59c58e49a0758818271ffc1) Importer(2089858483,0ecaa5967403d082aa24f35e1b516d23) [PhysX] Initialized MultithreadedTaskDispatcher with 16 workers.
 -> (artifact id: 'b81248359bb0ca82f00f4c2c079d045e') in 0.030109 seconds
Number of updated asset objects reloaded before import = 0
Number of asset objects unloaded after import = 5
========================================================================
Received Import Request.
  Time since last request: 0.000027 seconds.
  path: Assets/Realistic Tree/Prefabs/URP/Ash/Ash 8.prefab
  artifactKey: Guid(0a3312199122e69409623fdbdbe357d0) Importer(2089858483,0ecaa5967403d082aa24f35e1b516d23)
Start importing Assets/Realistic Tree/Prefabs/URP/Ash/Ash 8.prefab using Guid(0a3312199122e69409623fdbdbe357d0) Importer(2089858483,0ecaa5967403d082aa24f35e1b516d23) [PhysX] Initialized MultithreadedTaskDispatcher with 16 workers.
 -> (artifact id: '60ab6c2c9e0bb12a2b39619040c6d5d8') in 0.080306 seconds
Number of updated asset objects reloaded before import = 0
Number of asset objects unloaded after import = 69
========================================================================
Received Import Request.
  Time since last request: 0.000041 seconds.
  path: Assets/Grass And Flowers Pack 1/Example Scene/Skyboxes/Textures/Sunny1/Sunny1_left.tif
  artifactKey: Guid(66ebe4da1ef67e64e8aeccb820e409d6) Importer(2089858483,0ecaa5967403d082aa24f35e1b516d23)
Start importing Assets/Grass And Flowers Pack 1/Example Scene/Skyboxes/Textures/Sunny1/Sunny1_left.tif using Guid(66ebe4da1ef67e64e8aeccb820e409d6) Importer(2089858483,0ecaa5967403d082aa24f35e1b516d23) [PhysX] Initialized MultithreadedTaskDispatcher with 16 workers.
 -> (artifact id: 'ebfb54e142cdc97b0110119d66432f02') in 0.044547 seconds
Number of updated asset objects reloaded before import = 0
Number of asset objects unloaded after import = 1
========================================================================
Received Import Request.
  Time since last request: 0.000027 seconds.
  path: Assets/Grass And Flowers Pack 1/Grass/Grass 2.png
  artifactKey: Guid(62ccf45c509ff1946ad9fa10b558a01d) Importer(2089858483,0ecaa5967403d082aa24f35e1b516d23)
Start importing Assets/Grass And Flowers Pack 1/Grass/Grass 2.png using Guid(62ccf45c509ff1946ad9fa10b558a01d) Importer(2089858483,0ecaa5967403d082aa24f35e1b516d23) [PhysX] Initialized MultithreadedTaskDispatcher with 16 workers.
 -> (artifact id: '515c7502e3e7cb5c9aed709a30097e90') in 0.034080 seconds
Number of updated asset objects reloaded before import = 0
Number of asset objects unloaded after import = 1
========================================================================
Received Import Request.
  Time since last request: 0.000024 seconds.
  path: Assets/Grass And Flowers Pack 1/Flower/Flower 21.png
  artifactKey: Guid(16b15ea92740a214a8e28885b158e160) Importer(2089858483,0ecaa5967403d082aa24f35e1b516d23)
Start importing Assets/Grass And Flowers Pack 1/Flower/Flower 21.png using Guid(16b15ea92740a214a8e28885b158e160) Importer(2089858483,0ecaa5967403d082aa24f35e1b516d23) [PhysX] Initialized MultithreadedTaskDispatcher with 16 workers.
 -> (artifact id: '6ec0edfee9838676e7b45c177d479191') in 0.044770 seconds
Number of updated asset objects reloaded before import = 0
Number of asset objects unloaded after import = 1
========================================================================
Received Import Request.
  Time since last request: 0.000026 seconds.
  path: Assets/Grass And Flowers Pack 1/Example Scene/UnlitMaterial.mat
  artifactKey: Guid(81cfe52a1467c93498a561e6899557d8) Importer(2089858483,0ecaa5967403d082aa24f35e1b516d23)
Start importing Assets/Grass And Flowers Pack 1/Example Scene/UnlitMaterial.mat using Guid(81cfe52a1467c93498a561e6899557d8) Importer(2089858483,0ecaa5967403d082aa24f35e1b516d23) [PhysX] Initialized MultithreadedTaskDispatcher with 16 workers.
 -> (artifact id: '039014843e59d35c183714180e0e6f3b') in 0.037056 seconds
Number of updated asset objects reloaded before import = 0
Number of asset objects unloaded after import = 2
========================================================================
Received Import Request.
  Time since last request: 0.000037 seconds.
  path: Assets/Grass And Flowers Pack 1/Flower/Flower 12.png
  artifactKey: Guid(6ad97d251e1ef5849a4d3d22200798eb) Importer(2089858483,0ecaa5967403d082aa24f35e1b516d23)
Start importing Assets/Grass And Flowers Pack 1/Flower/Flower 12.png using Guid(6ad97d251e1ef5849a4d3d22200798eb) Importer(2089858483,0ecaa5967403d082aa24f35e1b516d23) [PhysX] Initialized MultithreadedTaskDispatcher with 16 workers.
 -> (artifact id: '2bc79f4081777fad5fbed7864e0b6d5a') in 0.049831 seconds
Number of updated asset objects reloaded before import = 0
Number of asset objects unloaded after import = 1
========================================================================
Received Import Request.
  Time since last request: 0.000028 seconds.
  path: Assets/Realistic Tree/Source/Models/Weeping Willow/Willow_8.fbx
  artifactKey: Guid(8a494c8aa994f3d4bbb033b576a828b0) Importer(2089858483,0ecaa5967403d082aa24f35e1b516d23)
Start importing Assets/Realistic Tree/Source/Models/Weeping Willow/Willow_8.fbx using Guid(8a494c8aa994f3d4bbb033b576a828b0) Importer(2089858483,0ecaa5967403d082aa24f35e1b516d23) [PhysX] Initialized MultithreadedTaskDispatcher with 16 workers.
 -> (artifact id: 'd0d46f6268cd98ae6e196be2d36e9333') in 0.041839 seconds
Number of updated asset objects reloaded before import = 0
Number of asset objects unloaded after import = 45
========================================================================
Received Import Request.
  Time since last request: 0.000025 seconds.
  path: Assets/Grass And Flowers Pack 1/Example Scene/Skyboxes/Textures/Sunny1/Sunny1_right.tif
  artifactKey: Guid(195c271a9118d224c8562ae67cf47a66) Importer(2089858483,0ecaa5967403d082aa24f35e1b516d23)
Start importing Assets/Grass And Flowers Pack 1/Example Scene/Skyboxes/Textures/Sunny1/Sunny1_right.tif using Guid(195c271a9118d224c8562ae67cf47a66) Importer(2089858483,0ecaa5967403d082aa24f35e1b516d23) [PhysX] Initialized MultithreadedTaskDispatcher with 16 workers.
 -> (artifact id: 'd2e27adb2c840c69c9cd02399db9ea82') in 0.052388 seconds
Number of updated asset objects reloaded before import = 0
Number of asset objects unloaded after import = 1
========================================================================
Received Import Request.
  Time since last request: 0.000039 seconds.
  path: Assets/Grass And Flowers Pack 1/Example Scene/SimpleTextureDrawing.cs
  artifactKey: Guid(85685964e3711a847beb8d2f8cb7fd32) Importer(2089858483,0ecaa5967403d082aa24f35e1b516d23)
Start importing Assets/Grass And Flowers Pack 1/Example Scene/SimpleTextureDrawing.cs using Guid(85685964e3711a847beb8d2f8cb7fd32) Importer(2089858483,0ecaa5967403d082aa24f35e1b516d23) [PhysX] Initialized MultithreadedTaskDispatcher with 16 workers.
 -> (artifact id: '67569abd7f7cdf962ed3c2e4aff59904') in 0.019715 seconds
Number of updated asset objects reloaded before import = 0
Number of asset objects unloaded after import = 1
========================================================================
Received Import Request.
  Time since last request: 0.000038 seconds.
  path: Assets/Grass And Flowers Pack 1/Small Tree/Small Tree 8.png
  artifactKey: Guid(7344d39543660dc449d592c704362410) Importer(2089858483,0ecaa5967403d082aa24f35e1b516d23)
Start importing Assets/Grass And Flowers Pack 1/Small Tree/Small Tree 8.png using Guid(7344d39543660dc449d592c704362410) Importer(2089858483,0ecaa5967403d082aa24f35e1b516d23) [PhysX] Initialized MultithreadedTaskDispatcher with 16 workers.
 -> (artifact id: '75e9dfcf7fb4c4be81ccbd406a4c4eb4') in 0.047434 seconds
Number of updated asset objects reloaded before import = 0
Number of asset objects unloaded after import = 1
========================================================================
Received Import Request.
  Time since last request: 0.000024 seconds.
  path: Assets/Grass And Flowers Pack 1/Ground Textures
  artifactKey: Guid(a704069cf73012e4f9fb1d28a8d0a79d) Importer(2089858483,0ecaa5967403d082aa24f35e1b516d23)
Start importing Assets/Grass And Flowers Pack 1/Ground Textures using Guid(a704069cf73012e4f9fb1d28a8d0a79d) Importer(2089858483,0ecaa5967403d082aa24f35e1b516d23) [PhysX] Initialized MultithreadedTaskDispatcher with 16 workers.
 -> (artifact id: 'c9d4b6033aa25bcd60961a73c96384b1') in 0.023542 seconds
Number of updated asset objects reloaded before import = 0
Number of asset objects unloaded after import = 1
========================================================================
Received Import Request.
  Time since last request: 0.000026 seconds.
  path: Assets/Grass And Flowers Pack 1/Flower/Flower 33.png
  artifactKey: Guid(de869416b57c19141b8de6d7fde89e74) Importer(2089858483,0ecaa5967403d082aa24f35e1b516d23)
Start importing Assets/Grass And Flowers Pack 1/Flower/Flower 33.png using Guid(de869416b57c19141b8de6d7fde89e74) Importer(2089858483,0ecaa5967403d082aa24f35e1b516d23) [PhysX] Initialized MultithreadedTaskDispatcher with 16 workers.
 -> (artifact id: 'f848fdbc8e266b4ee50282a29569bec8') in 0.051482 seconds
Number of updated asset objects reloaded before import = 0
Number of asset objects unloaded after import = 1
========================================================================
Received Import Request.
  Time since last request: 0.000028 seconds.
  path: Assets/Grass And Flowers Pack 1/Example Scene/TerrainBumpedMaterial.mat
  artifactKey: Guid(cb7ee3d569bc19e4fa157f4d8c37da56) Importer(2089858483,0ecaa5967403d082aa24f35e1b516d23)
Start importing Assets/Grass And Flowers Pack 1/Example Scene/TerrainBumpedMaterial.mat using Guid(cb7ee3d569bc19e4fa157f4d8c37da56) Importer(2089858483,0ecaa5967403d082aa24f35e1b516d23) [PhysX] Initialized MultithreadedTaskDispatcher with 16 workers.
 -> (artifact id: '64eeeaf00801984c917a1be651bbb6ec') in 0.022164 seconds
Number of updated asset objects reloaded before import = 0
Number of asset objects unloaded after import = 1
========================================================================
Received Import Request.
  Time since last request: 0.000039 seconds.
  path: Assets/Grass And Flowers Pack 1/Flower/Flower 19.png
  artifactKey: Guid(5d905082679ef4b42b58a7f188275a9f) Importer(2089858483,0ecaa5967403d082aa24f35e1b516d23)
Start importing Assets/Grass And Flowers Pack 1/Flower/Flower 19.png using Guid(5d905082679ef4b42b58a7f188275a9f) Importer(2089858483,0ecaa5967403d082aa24f35e1b516d23) [PhysX] Initialized MultithreadedTaskDispatcher with 16 workers.
 -> (artifact id: 'fdf06e313d9a4379c03d98fefacd2fa6') in 0.047714 seconds
Number of updated asset objects reloaded before import = 0
Number of asset objects unloaded after import = 1
========================================================================
Received Import Request.
  Time since last request: 0.000025 seconds.
  path: Assets/Grass And Flowers Pack 1/Flower/Flower 32.png
  artifactKey: Guid(a17dcd9f0900595499beb92ae06e433f) Importer(2089858483,0ecaa5967403d082aa24f35e1b516d23)
Start importing Assets/Grass And Flowers Pack 1/Flower/Flower 32.png using Guid(a17dcd9f0900595499beb92ae06e433f) Importer(2089858483,0ecaa5967403d082aa24f35e1b516d23) [PhysX] Initialized MultithreadedTaskDispatcher with 16 workers.
 -> (artifact id: '81506ae72e077e4bf0453edb969c0631') in 0.042026 seconds
Number of updated asset objects reloaded before import = 0
Number of asset objects unloaded after import = 1
========================================================================
Received Import Request.
  Time since last request: 0.000023 seconds.
  path: Assets/Grass And Flowers Pack 1/Flower/Flower 27.png
  artifactKey: Guid(f4fb557129691084cb3e99cf4dbfb1ef) Importer(2089858483,0ecaa5967403d082aa24f35e1b516d23)
Start importing Assets/Grass And Flowers Pack 1/Flower/Flower 27.png using Guid(f4fb557129691084cb3e99cf4dbfb1ef) Importer(2089858483,0ecaa5967403d082aa24f35e1b516d23) [PhysX] Initialized MultithreadedTaskDispatcher with 16 workers.
 -> (artifact id: '07c18b6f50b67838ce1e1ca3e791838b') in 0.042591 seconds
Number of updated asset objects reloaded before import = 0
Number of asset objects unloaded after import = 1
========================================================================
Received Import Request.
  Time since last request: 0.000026 seconds.
  path: Assets/Grass And Flowers Pack 1/Flower/Flower 25.png
  artifactKey: Guid(853633ced50f73942ab3dfa915bc40a1) Importer(2089858483,0ecaa5967403d082aa24f35e1b516d23)
Start importing Assets/Grass And Flowers Pack 1/Flower/Flower 25.png using Guid(853633ced50f73942ab3dfa915bc40a1) Importer(2089858483,0ecaa5967403d082aa24f35e1b516d23) [PhysX] Initialized MultithreadedTaskDispatcher with 16 workers.
 -> (artifact id: 'bd3c9cc572ecd253e4be4cba9801e6e6') in 0.048688 seconds
Number of updated asset objects reloaded before import = 0
Number of asset objects unloaded after import = 1
========================================================================
Received Import Request.
  Time since last request: 0.000035 seconds.
  path: Assets/Grass And Flowers Pack 1/Example Scene/Skyboxes
  artifactKey: Guid(3a5fdd9a10e681a4aad0125c5044b5b5) Importer(2089858483,0ecaa5967403d082aa24f35e1b516d23)
Start importing Assets/Grass And Flowers Pack 1/Example Scene/Skyboxes using Guid(3a5fdd9a10e681a4aad0125c5044b5b5) Importer(2089858483,0ecaa5967403d082aa24f35e1b516d23) [PhysX] Initialized MultithreadedTaskDispatcher with 16 workers.
 -> (artifact id: 'be1316787d83becd85adb37724557b66') in 0.021639 seconds
Number of updated asset objects reloaded before import = 0
Number of asset objects unloaded after import = 1
========================================================================
Received Import Request.
  Time since last request: 0.000031 seconds.
  path: Assets/Grass And Flowers Pack 1/Bush
  artifactKey: Guid(0f1819eb60455c748ba34dd13766d359) Importer(2089858483,0ecaa5967403d082aa24f35e1b516d23)
Start importing Assets/Grass And Flowers Pack 1/Bush using Guid(0f1819eb60455c748ba34dd13766d359) Importer(2089858483,0ecaa5967403d082aa24f35e1b516d23) [PhysX] Initialized MultithreadedTaskDispatcher with 16 workers.
 -> (artifact id: 'bd31c967746c2462429b36162ec89aca') in 0.026585 seconds
Number of updated asset objects reloaded before import = 0
Number of asset objects unloaded after import = 1
========================================================================
Received Import Request.
  Time since last request: 0.000026 seconds.
  path: Assets/Grass And Flowers Pack 1/Flower/Flower 30.png
  artifactKey: Guid(a01fc5cc3c7b674439a768a250c4c417) Importer(2089858483,0ecaa5967403d082aa24f35e1b516d23)
Start importing Assets/Grass And Flowers Pack 1/Flower/Flower 30.png using Guid(a01fc5cc3c7b674439a768a250c4c417) Importer(2089858483,0ecaa5967403d082aa24f35e1b516d23) [PhysX] Initialized MultithreadedTaskDispatcher with 16 workers.
 -> (artifact id: 'bc5b834567ad96af94a8ff2188e8a9e3') in 0.054810 seconds
Number of updated asset objects reloaded before import = 0
Number of asset objects unloaded after import = 1
========================================================================
Received Import Request.
  Time since last request: 0.000023 seconds.
  path: Assets/Grass And Flowers Pack 1/Flower/Grass Flower 8.png
  artifactKey: Guid(b263d81465ccfd74980f9c72e4a4e794) Importer(2089858483,0ecaa5967403d082aa24f35e1b516d23)
Start importing Assets/Grass And Flowers Pack 1/Flower/Grass Flower 8.png using Guid(b263d81465ccfd74980f9c72e4a4e794) Importer(2089858483,0ecaa5967403d082aa24f35e1b516d23) [PhysX] Initialized MultithreadedTaskDispatcher with 16 workers.
 -> (artifact id: '2793172878c7b358407a4c8e3b439bfb') in 0.030912 seconds
Number of updated asset objects reloaded before import = 0
Number of asset objects unloaded after import = 1
========================================================================
Received Import Request.
  Time since last request: 0.000046 seconds.
  path: Assets/Grass And Flowers Pack 1/Grass/Grass 1.png
  artifactKey: Guid(b6559fab08767a844869a6c1d9f49f1e) Importer(2089858483,0ecaa5967403d082aa24f35e1b516d23)
Start importing Assets/Grass And Flowers Pack 1/Grass/Grass 1.png using Guid(b6559fab08767a844869a6c1d9f49f1e) Importer(2089858483,0ecaa5967403d082aa24f35e1b516d23) [PhysX] Initialized MultithreadedTaskDispatcher with 16 workers.
 -> (artifact id: 'e4473e6b4471a977f92507bdac492217') in 0.036856 seconds
Number of updated asset objects reloaded before import = 0
Number of asset objects unloaded after import = 1
========================================================================
Received Import Request.
  Time since last request: 0.000026 seconds.
  path: Assets/Grass And Flowers Pack 1/Small Tree/Small Tree 7.png
  artifactKey: Guid(bb7fb21294f44974ba010d7559e3efd4) Importer(2089858483,0ecaa5967403d082aa24f35e1b516d23)
Start importing Assets/Grass And Flowers Pack 1/Small Tree/Small Tree 7.png using Guid(bb7fb21294f44974ba010d7559e3efd4) Importer(2089858483,0ecaa5967403d082aa24f35e1b516d23) [PhysX] Initialized MultithreadedTaskDispatcher with 16 workers.
 -> (artifact id: '76c8c14b71b9b8ffe5709156ab4e0e9b') in 0.041348 seconds
Number of updated asset objects reloaded before import = 0
Number of asset objects unloaded after import = 1
========================================================================
Received Import Request.
  Time since last request: 0.000026 seconds.
  path: Assets/Grass And Flowers Pack 1/Bush/Bush 3.png
  artifactKey: Guid(2ac19523fbb044e4e90bcad0aefaecaf) Importer(2089858483,0ecaa5967403d082aa24f35e1b516d23)
Start importing Assets/Grass And Flowers Pack 1/Bush/Bush 3.png using Guid(2ac19523fbb044e4e90bcad0aefaecaf) Importer(2089858483,0ecaa5967403d082aa24f35e1b516d23) [PhysX] Initialized MultithreadedTaskDispatcher with 16 workers.
 -> (artifact id: '2bcbb65836fb75749f30e6e83ee4485d') in 0.042602 seconds
Number of updated asset objects reloaded before import = 0
Number of asset objects unloaded after import = 1
========================================================================
Received Import Request.
  Time since last request: 0.000027 seconds.
  path: Assets/PalmTreePack/Textures/Palm/Trunk/3
  artifactKey: Guid(bd5ce1c9aec7f304e955dbc9ba44d15a) Importer(2089858483,0ecaa5967403d082aa24f35e1b516d23)
Start importing Assets/PalmTreePack/Textures/Palm/Trunk/3 using Guid(bd5ce1c9aec7f304e955dbc9ba44d15a) Importer(2089858483,0ecaa5967403d082aa24f35e1b516d23) [PhysX] Initialized MultithreadedTaskDispatcher with 16 workers.
 -> (artifact id: '59c37754b1b26762729522a67014b50b') in 0.018109 seconds
Number of updated asset objects reloaded before import = 0
Number of asset objects unloaded after import = 1
========================================================================
Received Import Request.
  Time since last request: 0.000034 seconds.
  path: Assets/PalmTreePack/Textures/Ground
  artifactKey: Guid(e178a1b531119e445be1cbab3724c23f) Importer(2089858483,0ecaa5967403d082aa24f35e1b516d23)
Start importing Assets/PalmTreePack/Textures/Ground using Guid(e178a1b531119e445be1cbab3724c23f) Importer(2089858483,0ecaa5967403d082aa24f35e1b516d23) [PhysX] Initialized MultithreadedTaskDispatcher with 16 workers.
 -> (artifact id: 'bf3fc39d83a643390a46c6d8b2e3f0af') in 0.019876 seconds
Number of updated asset objects reloaded before import = 0
Number of asset objects unloaded after import = 1
========================================================================
Received Import Request.
  Time since last request: 0.000034 seconds.
  path: Assets/PalmTreePack/Models/Palm_Style_Old/Palm1/Materials/Palm_Trunk.mat
  artifactKey: Guid(ec7134e47311e1c409014933085ad5d6) Importer(2089858483,0ecaa5967403d082aa24f35e1b516d23)
Start importing Assets/PalmTreePack/Models/Palm_Style_Old/Palm1/Materials/Palm_Trunk.mat using Guid(ec7134e47311e1c409014933085ad5d6) Importer(2089858483,0ecaa5967403d082aa24f35e1b516d23) [PhysX] Initialized MultithreadedTaskDispatcher with 16 workers.
 -> (artifact id: 'e0998374ddf9a3a74e9fcd47b2c746fd') in 0.041325 seconds
Number of updated asset objects reloaded before import = 0
Number of asset objects unloaded after import = 3
========================================================================
Received Import Request.
  Time since last request: 0.000028 seconds.
  path: Assets/PalmTreePack/Textures/Props/Cement
  artifactKey: Guid(5f06fa1acf8e06c4fb6b200e70565c03) Importer(2089858483,0ecaa5967403d082aa24f35e1b516d23)
Start importing Assets/PalmTreePack/Textures/Props/Cement using Guid(5f06fa1acf8e06c4fb6b200e70565c03) Importer(2089858483,0ecaa5967403d082aa24f35e1b516d23) [PhysX] Initialized MultithreadedTaskDispatcher with 16 workers.
 -> (artifact id: '902163bdb25d78ed756d29ba7fdd7c13') in 0.019564 seconds
Number of updated asset objects reloaded before import = 0
Number of asset objects unloaded after import = 1
========================================================================
Received Import Request.
  Time since last request: 0.000026 seconds.
  path: Assets/PalmTreePack/Prefabs
  artifactKey: Guid(5f0556606fe402f4fa8c7fd104712f06) Importer(2089858483,0ecaa5967403d082aa24f35e1b516d23)
Start importing Assets/PalmTreePack/Prefabs using Guid(5f0556606fe402f4fa8c7fd104712f06) Importer(2089858483,0ecaa5967403d082aa24f35e1b516d23) [PhysX] Initialized MultithreadedTaskDispatcher with 16 workers.
 -> (artifact id: '6879499e57f152c2d48baa09ddd2521a') in 0.021884 seconds
Number of updated asset objects reloaded before import = 0
Number of asset objects unloaded after import = 1
========================================================================
Received Import Request.
  Time since last request: 0.000031 seconds.
  path: Assets/Grass And Flowers Pack 1/Flower/Grass Flower 2.png
  artifactKey: Guid(a281a39b029389a43b000a1de1b88be0) Importer(2089858483,0ecaa5967403d082aa24f35e1b516d23)
Start importing Assets/Grass And Flowers Pack 1/Flower/Grass Flower 2.png using Guid(a281a39b029389a43b000a1de1b88be0) Importer(2089858483,0ecaa5967403d082aa24f35e1b516d23) [PhysX] Initialized MultithreadedTaskDispatcher with 16 workers.
 -> (artifact id: '75d4d5c7e31170ca3137fe9ce0bac8d8') in 0.042212 seconds
Number of updated asset objects reloaded before import = 0
Number of asset objects unloaded after import = 1
========================================================================
Received Import Request.
  Time since last request: 0.000133 seconds.
  path: Assets/PalmTreePack/Models/Palm_Style_Old/Palm2/Materials/Palm_Trunk.mat
  artifactKey: Guid(a64a34544572da340abaf94aa6e1395e) Importer(2089858483,0ecaa5967403d082aa24f35e1b516d23)
Start importing Assets/PalmTreePack/Models/Palm_Style_Old/Palm2/Materials/Palm_Trunk.mat using Guid(a64a34544572da340abaf94aa6e1395e) Importer(2089858483,0ecaa5967403d082aa24f35e1b516d23) [PhysX] Initialized MultithreadedTaskDispatcher with 16 workers.
 -> (artifact id: '13f105d5b35281df8e71a540b10c7df1') in 0.027727 seconds
Number of updated asset objects reloaded before import = 0
Number of asset objects unloaded after import = 3
========================================================================
Received Import Request.
  Time since last request: 0.000031 seconds.
  path: Assets/PalmTreePack/Textures/Ground/Materials/Ground_Sand_albedo.mat
  artifactKey: Guid(72a52b8fefa7ca24193dd70ed82f8e92) Importer(2089858483,0ecaa5967403d082aa24f35e1b516d23)
Start importing Assets/PalmTreePack/Textures/Ground/Materials/Ground_Sand_albedo.mat using Guid(72a52b8fefa7ca24193dd70ed82f8e92) Importer(2089858483,0ecaa5967403d082aa24f35e1b516d23) [PhysX] Initialized MultithreadedTaskDispatcher with 16 workers.
 -> (artifact id: 'f92585bec78c7449520595c3194a1268') in 0.034287 seconds
Number of updated asset objects reloaded before import = 0
Number of asset objects unloaded after import = 2
========================================================================
Received Import Request.
  Time since last request: 0.000024 seconds.
  path: Assets/PalmTreePack/Models/Palm1/Materials
  artifactKey: Guid(ec949c3d6ea13454997052deb52e199a) Importer(2089858483,0ecaa5967403d082aa24f35e1b516d23)
Start importing Assets/PalmTreePack/Models/Palm1/Materials using Guid(ec949c3d6ea13454997052deb52e199a) Importer(2089858483,0ecaa5967403d082aa24f35e1b516d23) [PhysX] Initialized MultithreadedTaskDispatcher with 16 workers.
 -> (artifact id: '7168698037bef40840f736764878d2e5') in 0.017625 seconds
Number of updated asset objects reloaded before import = 0
Number of asset objects unloaded after import = 1
========================================================================
Received Import Request.
  Time since last request: 0.000036 seconds.
  path: Assets/PalmTreePack/Scene/Settings
  artifactKey: Guid(fea13d641e4b9cb40bbdb0cdccf3cc40) Importer(2089858483,0ecaa5967403d082aa24f35e1b516d23)
Start importing Assets/PalmTreePack/Scene/Settings using Guid(fea13d641e4b9cb40bbdb0cdccf3cc40) Importer(2089858483,0ecaa5967403d082aa24f35e1b516d23) [PhysX] Initialized MultithreadedTaskDispatcher with 16 workers.
 -> (artifact id: 'fca156b9c3e9ed68256ca09d7d1912c9') in 0.017897 seconds
Number of updated asset objects reloaded before import = 0
Number of asset objects unloaded after import = 1
========================================================================
Received Import Request.
  Time since last request: 0.000022 seconds.
  path: Assets/PalmTreePack/Prefabs/1/Palm_1_1.prefab
  artifactKey: Guid(7db71e41a8717b1499eb3d01b97db7ef) Importer(2089858483,0ecaa5967403d082aa24f35e1b516d23)
Start importing Assets/PalmTreePack/Prefabs/1/Palm_1_1.prefab using Guid(7db71e41a8717b1499eb3d01b97db7ef) Importer(2089858483,0ecaa5967403d082aa24f35e1b516d23) [PhysX] Initialized MultithreadedTaskDispatcher with 16 workers.
 -> (artifact id: '455d2a4927818fce5f9cb7b9f75baf5b') in 0.027390 seconds
Number of updated asset objects reloaded before import = 0
Number of asset objects unloaded after import = 7
========================================================================
Received Import Request.
  Time since last request: 0.000028 seconds.
  path: Assets/PalmTreePack/Models/Palm_Style_Old/Palm1/Materials/Palm_Center.mat
  artifactKey: Guid(6609fd955623e51459d35edb422e210f) Importer(2089858483,0ecaa5967403d082aa24f35e1b516d23)
Start importing Assets/PalmTreePack/Models/Palm_Style_Old/Palm1/Materials/Palm_Center.mat using Guid(6609fd955623e51459d35edb422e210f) Importer(2089858483,0ecaa5967403d082aa24f35e1b516d23) [PhysX] Initialized MultithreadedTaskDispatcher with 16 workers.
 -> (artifact id: '59dcfa859e0057768b795dd866a9f5ae') in 0.028517 seconds
Number of updated asset objects reloaded before import = 0
Number of asset objects unloaded after import = 3
========================================================================
Received Import Request.
  Time since last request: 0.000025 seconds.
  path: Assets/ProceduralTerrainPainter
  artifactKey: Guid(6c8d6ecb8507e2749b1b297bde5685ac) Importer(2089858483,0ecaa5967403d082aa24f35e1b516d23)
Start importing Assets/ProceduralTerrainPainter using Guid(6c8d6ecb8507e2749b1b297bde5685ac) Importer(2089858483,0ecaa5967403d082aa24f35e1b516d23) [PhysX] Initialized MultithreadedTaskDispatcher with 16 workers.
 -> (artifact id: '53004c6f10c9d31233febd32715d6236') in 0.018622 seconds
Number of updated asset objects reloaded before import = 0
Number of asset objects unloaded after import = 1
========================================================================
Received Import Request.
  Time since last request: 0.000034 seconds.
  path: Assets/PalmTreePack/Shaders
  artifactKey: Guid(250f19c34c8faa44788573516b2e61f8) Importer(2089858483,0ecaa5967403d082aa24f35e1b516d23)
Start importing Assets/PalmTreePack/Shaders using Guid(250f19c34c8faa44788573516b2e61f8) Importer(2089858483,0ecaa5967403d082aa24f35e1b516d23) [PhysX] Initialized MultithreadedTaskDispatcher with 16 workers.
 -> (artifact id: '3a265333f0e405c0f89bbc4f5cb3b08f') in 0.021278 seconds
Number of updated asset objects reloaded before import = 0
Number of asset objects unloaded after import = 1
========================================================================
Received Import Request.
  Time since last request: 0.000025 seconds.
  path: Assets/PalmTreePack/Models/Palm_Style_Old/Palm2
  artifactKey: Guid(6891a159a8a5ecb4e82634d198de2cb9) Importer(2089858483,0ecaa5967403d082aa24f35e1b516d23)
Start importing Assets/PalmTreePack/Models/Palm_Style_Old/Palm2 using Guid(6891a159a8a5ecb4e82634d198de2cb9) Importer(2089858483,0ecaa5967403d082aa24f35e1b516d23) [PhysX] Initialized MultithreadedTaskDispatcher with 16 workers.
 -> (artifact id: '6746aba7d9112e1009fabee90bd2cdf3') in 0.016979 seconds
Number of updated asset objects reloaded before import = 0
Number of asset objects unloaded after import = 1
========================================================================
Received Import Request.
  Time since last request: 0.000030 seconds.
  path: Assets/ProceduralTerrainPainter/Editor
  artifactKey: Guid(ab52ced35761ea041a5e9ca6c641fb35) Importer(2089858483,0ecaa5967403d082aa24f35e1b516d23)
Start importing Assets/ProceduralTerrainPainter/Editor using Guid(ab52ced35761ea041a5e9ca6c641fb35) Importer(2089858483,0ecaa5967403d082aa24f35e1b516d23) [PhysX] Initialized MultithreadedTaskDispatcher with 16 workers.
 -> (artifact id: '7cd6b66d92b8f9f26cb5e3a2518913c3') in 0.018680 seconds
Number of updated asset objects reloaded before import = 0
Number of asset objects unloaded after import = 1
========================================================================
Received Import Request.
  Time since last request: 0.000032 seconds.
  path: Assets/ALP_Assets
  artifactKey: Guid(fff0c72bb568a7849ba37749c9ea368f) Importer(2089858483,0ecaa5967403d082aa24f35e1b516d23)
Start importing Assets/ALP_Assets using Guid(fff0c72bb568a7849ba37749c9ea368f) Importer(2089858483,0ecaa5967403d082aa24f35e1b516d23) [PhysX] Initialized MultithreadedTaskDispatcher with 16 workers.
 -> (artifact id: '41bd8dec252ab88954b02bedcf0af2dc') in 0.018795 seconds
Number of updated asset objects reloaded before import = 0
Number of asset objects unloaded after import = 1
========================================================================
Received Import Request.
  Time since last request: 0.000031 seconds.
  path: Assets/Grass And Flowers Pack 1/Bush/Bush 4.png
  artifactKey: Guid(05da3951b3b9a8344b2f353d88539ce1) Importer(2089858483,0ecaa5967403d082aa24f35e1b516d23)
Start importing Assets/Grass And Flowers Pack 1/Bush/Bush 4.png using Guid(05da3951b3b9a8344b2f353d88539ce1) Importer(2089858483,0ecaa5967403d082aa24f35e1b516d23) [PhysX] Initialized MultithreadedTaskDispatcher with 16 workers.
 -> (artifact id: '1f9cf5539413be3e87786e11401e0baa') in 0.045530 seconds
Number of updated asset objects reloaded before import = 0
Number of asset objects unloaded after import = 1
========================================================================
Received Import Request.
  Time since last request: 0.000022 seconds.
  path: Assets/New Terrain 2.asset
  artifactKey: Guid(1526a2595595ddc44ac09554f64d38a9) Importer(2089858483,0ecaa5967403d082aa24f35e1b516d23)
Start importing Assets/New Terrain 2.asset using Guid(1526a2595595ddc44ac09554f64d38a9) Importer(2089858483,0ecaa5967403d082aa24f35e1b516d23) [PhysX] Initialized MultithreadedTaskDispatcher with 16 workers.
 -> (artifact id: '1411cf2d64056a653e36e28f614cf86b') in 0.050929 seconds
Number of updated asset objects reloaded before import = 0
Number of asset objects unloaded after import = 3
========================================================================
Received Import Request.
  Time since last request: 0.000031 seconds.
  path: Assets/Toby Fredson/The Toby Foliage Engine/(TTFE)_Core/Shaders/Default/(TTFE) Mesh.shader
  artifactKey: Guid(f4785d4487b747542b5955296c3cea7e) Importer(2089858483,0ecaa5967403d082aa24f35e1b516d23)
Start importing Assets/Toby Fredson/The Toby Foliage Engine/(TTFE)_Core/Shaders/Default/(TTFE) Mesh.shader using Guid(f4785d4487b747542b5955296c3cea7e) Importer(2089858483,0ecaa5967403d082aa24f35e1b516d23) [PhysX] Initialized MultithreadedTaskDispatcher with 16 workers.
 -> (artifact id: '77b2133eaf64f0c359eff52e0425325a') in 0.029138 seconds
Number of updated asset objects reloaded before import = 0
Number of asset objects unloaded after import = 1
========================================================================
Received Import Request.
  Time since last request: 0.000040 seconds.
  path: Assets/CityGen3D/Effects/Sky HDRP.asset
  artifactKey: Guid(3d78fd10c9ff84447bc9a412b7326230) Importer(2089858483,0ecaa5967403d082aa24f35e1b516d23)
Start importing Assets/CityGen3D/Effects/Sky HDRP.asset using Guid(3d78fd10c9ff84447bc9a412b7326230) Importer(2089858483,0ecaa5967403d082aa24f35e1b516d23) [PhysX] Initialized MultithreadedTaskDispatcher with 16 workers.
 -> (artifact id: 'e5031857b51e716179ebc0bf22eb2256') in 0.032181 seconds
Number of updated asset objects reloaded before import = 0
Number of asset objects unloaded after import = 4
========================================================================
Received Import Request.
  Time since last request: 0.000024 seconds.
  path: Assets/Toby Fredson/The Toby Foliage Engine/(TTFE)_Demo/Prefabs/Prefabs_Vegetation/Vegetation_Plants/VP_Grass/GrassBig_A.prefab
  artifactKey: Guid(abb51bb2cf0ed594d91fa1394d79d707) Importer(2089858483,0ecaa5967403d082aa24f35e1b516d23)
Start importing Assets/Toby Fredson/The Toby Foliage Engine/(TTFE)_Demo/Prefabs/Prefabs_Vegetation/Vegetation_Plants/VP_Grass/GrassBig_A.prefab using Guid(abb51bb2cf0ed594d91fa1394d79d707) Importer(2089858483,0ecaa5967403d082aa24f35e1b516d23) [PhysX] Initialized MultithreadedTaskDispatcher with 16 workers.
 -> (artifact id: '181623c9805ca2014b79e46e14e11b56') in 0.026554 seconds
Number of updated asset objects reloaded before import = 0
Number of asset objects unloaded after import = 25
========================================================================
Received Import Request.
  Time since last request: 0.000033 seconds.
  path: Assets/Toby Fredson/The Toby Foliage Engine/(TTFE)_Core/Resources
  artifactKey: Guid(3836e4d5645c9674d80a12d2f8f1c68b) Importer(2089858483,0ecaa5967403d082aa24f35e1b516d23)
Start importing Assets/Toby Fredson/The Toby Foliage Engine/(TTFE)_Core/Resources using Guid(3836e4d5645c9674d80a12d2f8f1c68b) Importer(2089858483,0ecaa5967403d082aa24f35e1b516d23) [PhysX] Initialized MultithreadedTaskDispatcher with 16 workers.
 -> (artifact id: 'd4a2a251cff693e6b02354a7e5f32463') in 0.021351 seconds
Number of updated asset objects reloaded before import = 0
Number of asset objects unloaded after import = 1
========================================================================
Received Import Request.
  Time since last request: 0.000028 seconds.
  path: Assets/Toby Fredson/The Toby Foliage Engine/(TTFE)_Demo/Prefabs/Prefabs_Static/RocksTTFEL_F.prefab
  artifactKey: Guid(70fa0768735a6054fa06ea890e9f3df5) Importer(2089858483,0ecaa5967403d082aa24f35e1b516d23)
Start importing Assets/Toby Fredson/The Toby Foliage Engine/(TTFE)_Demo/Prefabs/Prefabs_Static/RocksTTFEL_F.prefab using Guid(70fa0768735a6054fa06ea890e9f3df5) Importer(2089858483,0ecaa5967403d082aa24f35e1b516d23) [PhysX] Initialized MultithreadedTaskDispatcher with 16 workers.
 -> (artifact id: 'fecd9a9b2ba1649495bcadd76ec5c5b5') in 0.033120 seconds
Number of updated asset objects reloaded before import = 0
Number of asset objects unloaded after import = 8
========================================================================
Received Import Request.
  Time since last request: 0.000035 seconds.
  path: Assets/Toby Fredson/The Toby Foliage Engine/(TTFE)_Core/Resources/(TTFE) GLOBAL CONTROLLER
  artifactKey: Guid(0d24b382103962f4181c88e192e0130f) Importer(2089858483,0ecaa5967403d082aa24f35e1b516d23)
Start importing Assets/Toby Fredson/The Toby Foliage Engine/(TTFE)_Core/Resources/(TTFE) GLOBAL CONTROLLER using Guid(0d24b382103962f4181c88e192e0130f) Importer(2089858483,0ecaa5967403d082aa24f35e1b516d23) [PhysX] Initialized MultithreadedTaskDispatcher with 16 workers.
 -> (artifact id: '05ccf02ae492ce742f5c6d9d0c88e4b8') in 0.023451 seconds
Number of updated asset objects reloaded before import = 0
Number of asset objects unloaded after import = 1
========================================================================
Received Import Request.
  Time since last request: 0.000029 seconds.
  path: Assets/Toby Fredson/The Toby Foliage Engine/(TTFE)_Demo/Prefabs/Prefabs_Vegetation/Vegetation_Plants/VP_GrassSingle
  artifactKey: Guid(fa0f28b6167342841ac57be2918ec9b1) Importer(2089858483,0ecaa5967403d082aa24f35e1b516d23)
Start importing Assets/Toby Fredson/The Toby Foliage Engine/(TTFE)_Demo/Prefabs/Prefabs_Vegetation/Vegetation_Plants/VP_GrassSingle using Guid(fa0f28b6167342841ac57be2918ec9b1) Importer(2089858483,0ecaa5967403d082aa24f35e1b516d23) [PhysX] Initialized MultithreadedTaskDispatcher with 16 workers.
 -> (artifact id: 'f68408b95432e5d092eb50b9fff69d80') in 0.021399 seconds
Number of updated asset objects reloaded before import = 0
Number of asset objects unloaded after import = 1
========================================================================
Received Import Request.
  Time since last request: 0.000027 seconds.
  path: Assets/Toby Fredson/The Toby Foliage Engine/(TTFE)_Demo/Prefabs/Prefabs_Vegetation - (SL)
  artifactKey: Guid(8bb1bf11b9d76934193435b80f7e2655) Importer(2089858483,0ecaa5967403d082aa24f35e1b516d23)
Start importing Assets/Toby Fredson/The Toby Foliage Engine/(TTFE)_Demo/Prefabs/Prefabs_Vegetation - (SL) using Guid(8bb1bf11b9d76934193435b80f7e2655) Importer(2089858483,0ecaa5967403d082aa24f35e1b516d23) [PhysX] Initialized MultithreadedTaskDispatcher with 16 workers.
 -> (artifact id: 'a231d621dcc47832de300f0c8761703a') in 0.022525 seconds
Number of updated asset objects reloaded before import = 0
Number of asset objects unloaded after import = 1
========================================================================
Received Import Request.
  Time since last request: 0.000029 seconds.
  path: Assets/Toby Fredson/The Toby Foliage Engine/(TTFE)_Demo/Meshes/Meshes_Vegetation/MV_Trees and Bushes
  artifactKey: Guid(2064dff3d0a27554daca46ac7c401a08) Importer(2089858483,0ecaa5967403d082aa24f35e1b516d23)
Start importing Assets/Toby Fredson/The Toby Foliage Engine/(TTFE)_Demo/Meshes/Meshes_Vegetation/MV_Trees and Bushes using Guid(2064dff3d0a27554daca46ac7c401a08) Importer(2089858483,0ecaa5967403d082aa24f35e1b516d23) [PhysX] Initialized MultithreadedTaskDispatcher with 16 workers.
 -> (artifact id: '9dea092d98fd5f059c67a404bbfbe1e5') in 0.023432 seconds
Number of updated asset objects reloaded before import = 0
Number of asset objects unloaded after import = 1
========================================================================
Received Import Request.
  Time since last request: 0.000044 seconds.
  path: Assets/Toby Fredson/The Toby Foliage Engine/(TTFE)_Core/Pipelines/Extras/TTFEL_Light Glitch Fix (Built-in).unitypackage
  artifactKey: Guid(ea61bb505b8614748a1e220e119618a8) Importer(2089858483,0ecaa5967403d082aa24f35e1b516d23)
Start importing Assets/Toby Fredson/The Toby Foliage Engine/(TTFE)_Core/Pipelines/Extras/TTFEL_Light Glitch Fix (Built-in).unitypackage using Guid(ea61bb505b8614748a1e220e119618a8) Importer(2089858483,0ecaa5967403d082aa24f35e1b516d23) [PhysX] Initialized MultithreadedTaskDispatcher with 16 workers.
 -> (artifact id: '7ebec315110d93b6a2f8a9381206b84f') in 0.021585 seconds
Number of updated asset objects reloaded before import = 0
Number of asset objects unloaded after import = 1
========================================================================
Received Import Request.
  Time since last request: 0.000026 seconds.
  path: Assets/Toby Fredson/The Toby Foliage Engine/(TTFE)_Demo/Prefabs/Prefabs_Vegetation - (SL)/Vegetation_Trees - (SL)
  artifactKey: Guid(1c5f3af8e4c8e2d49a8df98ad50e3abe) Importer(2089858483,0ecaa5967403d082aa24f35e1b516d23)
Start importing Assets/Toby Fredson/The Toby Foliage Engine/(TTFE)_Demo/Prefabs/Prefabs_Vegetation - (SL)/Vegetation_Trees - (SL) using Guid(1c5f3af8e4c8e2d49a8df98ad50e3abe) Importer(2089858483,0ecaa5967403d082aa24f35e1b516d23) [PhysX] Initialized MultithreadedTaskDispatcher with 16 workers.
 -> (artifact id: 'd90fd073ff4345ff37e4fdd837c4eb34') in 0.019630 seconds
Number of updated asset objects reloaded before import = 0
Number of asset objects unloaded after import = 1
========================================================================
Received Import Request.
  Time since last request: 0.000023 seconds.
  path: Assets/Toby Fredson/The Toby Foliage Engine/(TTFE)_Demo/Materials/Materials_Helpers
  artifactKey: Guid(5b2f732bb8a43d146988a9b099214cf4) Importer(2089858483,0ecaa5967403d082aa24f35e1b516d23)
Start importing Assets/Toby Fredson/The Toby Foliage Engine/(TTFE)_Demo/Materials/Materials_Helpers using Guid(5b2f732bb8a43d146988a9b099214cf4) Importer(2089858483,0ecaa5967403d082aa24f35e1b516d23) [PhysX] Initialized MultithreadedTaskDispatcher with 16 workers.
 -> (artifact id: '06388d3d1b1242e8b9a0afd0b443e3ef') in 0.020948 seconds
Number of updated asset objects reloaded before import = 0
Number of asset objects unloaded after import = 1
========================================================================
Received Import Request.
  Time since last request: 0.000033 seconds.
  path: Assets/Toby Fredson/The Toby Foliage Engine/(TTFE)_Core/Resources/(TTFE) GLOBAL CONTROLLER/TTFE_Wind Gizmo/TTFE_Utility Resources/(TTFE)GlobalGizmo_Normal.png
  artifactKey: Guid(4199ccd0e0911f74f9589bfd1dc792a4) Importer(2089858483,0ecaa5967403d082aa24f35e1b516d23)
Start importing Assets/Toby Fredson/The Toby Foliage Engine/(TTFE)_Core/Resources/(TTFE) GLOBAL CONTROLLER/TTFE_Wind Gizmo/TTFE_Utility Resources/(TTFE)GlobalGizmo_Normal.png using Guid(4199ccd0e0911f74f9589bfd1dc792a4) Importer(2089858483,0ecaa5967403d082aa24f35e1b516d23) [PhysX] Initialized MultithreadedTaskDispatcher with 16 workers.
 -> (artifact id: '7760d59fc449cacf269f72966f3e3969') in 0.036401 seconds
Number of updated asset objects reloaded before import = 0
Number of asset objects unloaded after import = 1
========================================================================
Received Import Request.
  Time since last request: 0.000035 seconds.
  path: Assets/Toby Fredson/The Toby Foliage Engine/(TTFE)_Demo/Textures/Textures_Tiles Nature/BaseDirtGCATA_Normal.png
  artifactKey: Guid(b54c7db0f5e70294eb3866d5c7ad63b5) Importer(2089858483,0ecaa5967403d082aa24f35e1b516d23)
Start importing Assets/Toby Fredson/The Toby Foliage Engine/(TTFE)_Demo/Textures/Textures_Tiles Nature/BaseDirtGCATA_Normal.png using Guid(b54c7db0f5e70294eb3866d5c7ad63b5) Importer(2089858483,0ecaa5967403d082aa24f35e1b516d23) [PhysX] Initialized MultithreadedTaskDispatcher with 16 workers.
 -> (artifact id: 'f7b4162e2d39d69cb6313b8a3394acbc') in 0.035395 seconds
Number of updated asset objects reloaded before import = 0
Number of asset objects unloaded after import = 1
========================================================================
Received Import Request.
  Time since last request: 0.000024 seconds.
  path: Assets/Toby Fredson/The Toby Foliage Engine/(TTFE)_Demo/Prefabs/Prefabs_Vegetation/Vegetation_Plants/VP_GrassSingle/Grass_Single_C2.prefab
  artifactKey: Guid(0dff4a44798143a4dbe882e5ca27a170) Importer(2089858483,0ecaa5967403d082aa24f35e1b516d23)
Start importing Assets/Toby Fredson/The Toby Foliage Engine/(TTFE)_Demo/Prefabs/Prefabs_Vegetation/Vegetation_Plants/VP_GrassSingle/Grass_Single_C2.prefab using Guid(0dff4a44798143a4dbe882e5ca27a170) Importer(2089858483,0ecaa5967403d082aa24f35e1b516d23) [PhysX] Initialized MultithreadedTaskDispatcher with 16 workers.
 -> (artifact id: '4fada0e824365c662c0dfa38cdb6538a') in 0.020740 seconds
Number of updated asset objects reloaded before import = 0
Number of asset objects unloaded after import = 24
========================================================================
Received Import Request.
  Time since last request: 0.000024 seconds.
  path: Assets/Toby Fredson/The Toby Foliage Engine/(TTFE)_Demo/Prefabs/Prefabs_Static/RocksTTFEL_B.prefab
  artifactKey: Guid(28ac5debd9ebb6b4db5b3cd07a09068f) Importer(2089858483,0ecaa5967403d082aa24f35e1b516d23)
Start importing Assets/Toby Fredson/The Toby Foliage Engine/(TTFE)_Demo/Prefabs/Prefabs_Static/RocksTTFEL_B.prefab using Guid(28ac5debd9ebb6b4db5b3cd07a09068f) Importer(2089858483,0ecaa5967403d082aa24f35e1b516d23) [PhysX] Initialized MultithreadedTaskDispatcher with 16 workers.
 -> (artifact id: '79065f056774cadf0293f0916f718ed7') in 0.027755 seconds
Number of updated asset objects reloaded before import = 0
Number of asset objects unloaded after import = 8
========================================================================
Received Import Request.
  Time since last request: 0.000040 seconds.
  path: Assets/PalmTreePack/Textures/Ground/Materials
  artifactKey: Guid(08db30044c731c540a0f4826720e3fb1) Importer(2089858483,0ecaa5967403d082aa24f35e1b516d23)
Start importing Assets/PalmTreePack/Textures/Ground/Materials using Guid(08db30044c731c540a0f4826720e3fb1) Importer(2089858483,0ecaa5967403d082aa24f35e1b516d23) [PhysX] Initialized MultithreadedTaskDispatcher with 16 workers.
 -> (artifact id: '0b247ca12cbdcdf3b15983e59269a328') in 0.020250 seconds
Number of updated asset objects reloaded before import = 0
Number of asset objects unloaded after import = 1
========================================================================
Received Import Request.
  Time since last request: 0.000041 seconds.
  path: Assets/Toby Fredson/The Toby Foliage Engine/(TTFE)_Demo/Meshes/Meshes_Vegetation/MV_Grass Instancing/Grass_Instanced_X.fbx
  artifactKey: Guid(d1da87f42560b664bb015f72372b270b) Importer(2089858483,0ecaa5967403d082aa24f35e1b516d23)
Start importing Assets/Toby Fredson/The Toby Foliage Engine/(TTFE)_Demo/Meshes/Meshes_Vegetation/MV_Grass Instancing/Grass_Instanced_X.fbx using Guid(d1da87f42560b664bb015f72372b270b) Importer(2089858483,0ecaa5967403d082aa24f35e1b516d23) [PhysX] Initialized MultithreadedTaskDispatcher with 16 workers.
 -> (artifact id: '615414c31f5e49dddf8ce66cf8b74ad4') in 0.026910 seconds
Number of updated asset objects reloaded before import = 0
Number of asset objects unloaded after import = 9
========================================================================
Received Import Request.
  Time since last request: 0.000024 seconds.
  path: Assets/Toby Fredson/The Toby Foliage Engine/(TTFE)_Demo/Prefabs/Prefabs_Static/CliffRockTTFEL_B Grass.prefab
  artifactKey: Guid(d8da1b6935a8e9547a0d2ac8d27d8ec0) Importer(2089858483,0ecaa5967403d082aa24f35e1b516d23)
Start importing Assets/Toby Fredson/The Toby Foliage Engine/(TTFE)_Demo/Prefabs/Prefabs_Static/CliffRockTTFEL_B Grass.prefab using Guid(d8da1b6935a8e9547a0d2ac8d27d8ec0) Importer(2089858483,0ecaa5967403d082aa24f35e1b516d23) [PhysX] Initialized MultithreadedTaskDispatcher with 16 workers.
 -> (artifact id: 'e064d2b899c8ecfd2ba2bce629f8ad6d') in 0.026072 seconds
Number of updated asset objects reloaded before import = 0
Number of asset objects unloaded after import = 36
========================================================================
Received Import Request.
  Time since last request: 0.000025 seconds.
  path: Assets/Toby Fredson/The Toby Foliage Engine/(TTFE)_Demo/Materials/Materials_Helpers/Default Ground.mat
  artifactKey: Guid(77889b74467210c42868d9b701705531) Importer(2089858483,0ecaa5967403d082aa24f35e1b516d23)
Start importing Assets/Toby Fredson/The Toby Foliage Engine/(TTFE)_Demo/Materials/Materials_Helpers/Default Ground.mat using Guid(77889b74467210c42868d9b701705531) Importer(2089858483,0ecaa5967403d082aa24f35e1b516d23) [PhysX] Initialized MultithreadedTaskDispatcher with 16 workers.
 -> (artifact id: '219e2a997b784167bc90ece3e8e10e20') in 0.021113 seconds
Number of updated asset objects reloaded before import = 0
Number of asset objects unloaded after import = 1
========================================================================
Received Import Request.
  Time since last request: 0.000037 seconds.
  path: Assets/Toby Fredson/The Toby Foliage Engine/(TTFE)_Demo/Materials/Materials_Static/CliffRockTTFEL_B Grass.mat
  artifactKey: Guid(ce9044487256c0d4ba009db7fc77f810) Importer(2089858483,0ecaa5967403d082aa24f35e1b516d23)
Start importing Assets/Toby Fredson/The Toby Foliage Engine/(TTFE)_Demo/Materials/Materials_Static/CliffRockTTFEL_B Grass.mat using Guid(ce9044487256c0d4ba009db7fc77f810) Importer(2089858483,0ecaa5967403d082aa24f35e1b516d23) [PhysX] Initialized MultithreadedTaskDispatcher with 16 workers.
 -> (artifact id: 'a524cfd78a9c7642b14264c1d9494b1b') in 0.165885 seconds
Number of updated asset objects reloaded before import = 0
Number of asset objects unloaded after import = 7
========================================================================
Received Import Request.
  Time since last request: 0.000044 seconds.
  path: Assets/Toby Fredson/The Toby Foliage Engine/(TTFE)_Demo/Textures/Textures_Tiles Nature/BaseDirtGCATA_Albedo (BI).png
  artifactKey: Guid(52e97c3e9cb0f614c8b9a6c6765756d5) Importer(2089858483,0ecaa5967403d082aa24f35e1b516d23)
Start importing Assets/Toby Fredson/The Toby Foliage Engine/(TTFE)_Demo/Textures/Textures_Tiles Nature/BaseDirtGCATA_Albedo (BI).png using Guid(52e97c3e9cb0f614c8b9a6c6765756d5) Importer(2089858483,0ecaa5967403d082aa24f35e1b516d23) [PhysX] Initialized MultithreadedTaskDispatcher with 16 workers.
 -> (artifact id: '7e3c953db2f1fb27c42e8c7ba9aee2e5') in 0.038421 seconds
Number of updated asset objects reloaded before import = 0
Number of asset objects unloaded after import = 1
========================================================================
Received Import Request.
  Time since last request: 0.000024 seconds.
  path: Assets/TerrainDemoScene_HDRP/Terrain/Textures/Cliff_Mossy_E/Cliff_Mossy_E_Normal.tif.REMOVED.git-id
  artifactKey: Guid(65a42eb77f35064459935162c656d5e2) Importer(2089858483,0ecaa5967403d082aa24f35e1b516d23)
Start importing Assets/TerrainDemoScene_HDRP/Terrain/Textures/Cliff_Mossy_E/Cliff_Mossy_E_Normal.tif.REMOVED.git-id using Guid(65a42eb77f35064459935162c656d5e2) Importer(2089858483,0ecaa5967403d082aa24f35e1b516d23) [PhysX] Initialized MultithreadedTaskDispatcher with 16 workers.
 -> (artifact id: '54bf989a2c5d95f416d14ff66f4364d7') in 0.016291 seconds
Number of updated asset objects reloaded before import = 0
Number of asset objects unloaded after import = 1
========================================================================
Received Import Request.
  Time since last request: 0.000022 seconds.
  path: Assets/PalmTreePack/Textures/Palm/Trunk/4
  artifactKey: Guid(13e9b3bb5fb8b8647a6864555162dbaf) Importer(2089858483,0ecaa5967403d082aa24f35e1b516d23)
Start importing Assets/PalmTreePack/Textures/Palm/Trunk/4 using Guid(13e9b3bb5fb8b8647a6864555162dbaf) Importer(2089858483,0ecaa5967403d082aa24f35e1b516d23) [PhysX] Initialized MultithreadedTaskDispatcher with 16 workers.
 -> (artifact id: '75067f0321b26906ff30e49660bb3f38') in 0.017028 seconds
Number of updated asset objects reloaded before import = 0
Number of asset objects unloaded after import = 1
========================================================================
Received Import Request.
  Time since last request: 0.000037 seconds.
  path: Assets/Toby Fredson/The Toby Foliage Engine/(TTFE)_Demo/Materials/Materials_Vegetation/MV_Plants
  artifactKey: Guid(78c413f5a15507c468979f1f3421de6c) Importer(2089858483,0ecaa5967403d082aa24f35e1b516d23)
Start importing Assets/Toby Fredson/The Toby Foliage Engine/(TTFE)_Demo/Materials/Materials_Vegetation/MV_Plants using Guid(78c413f5a15507c468979f1f3421de6c) Importer(2089858483,0ecaa5967403d082aa24f35e1b516d23) [PhysX] Initialized MultithreadedTaskDispatcher with 16 workers.
 -> (artifact id: 'd759d2b3694ff5c3f26ee90df2cbae28') in 0.022152 seconds
Number of updated asset objects reloaded before import = 0
Number of asset objects unloaded after import = 1
========================================================================
Received Import Request.
  Time since last request: 0.000034 seconds.
  path: Assets/Toby Fredson/The Toby Foliage Engine/(TTFE)_Demo/Meshes/Meshes_Vegetation/MV_Ground Plants/FlowersWTTFE-E.fbx
  artifactKey: Guid(fb2841ceaee0b6a48854f1b4eb2cd80d) Importer(2089858483,0ecaa5967403d082aa24f35e1b516d23)
Start importing Assets/Toby Fredson/The Toby Foliage Engine/(TTFE)_Demo/Meshes/Meshes_Vegetation/MV_Ground Plants/FlowersWTTFE-E.fbx using Guid(fb2841ceaee0b6a48854f1b4eb2cd80d) Importer(2089858483,0ecaa5967403d082aa24f35e1b516d23) [PhysX] Initialized MultithreadedTaskDispatcher with 16 workers.
 -> (artifact id: 'd7199e7f3fb92204574c40849f1d31e9') in 0.032232 seconds
Number of updated asset objects reloaded before import = 0
Number of asset objects unloaded after import = 20
========================================================================
Received Import Request.
  Time since last request: 0.000024 seconds.
  path: Assets/Toby Fredson/The Toby Foliage Engine/(TTFE)_Core/Shaders
  artifactKey: Guid(36799b097827fa24d99b280dd1f05ccc) Importer(2089858483,0ecaa5967403d082aa24f35e1b516d23)
Start importing Assets/Toby Fredson/The Toby Foliage Engine/(TTFE)_Core/Shaders using Guid(36799b097827fa24d99b280dd1f05ccc) Importer(2089858483,0ecaa5967403d082aa24f35e1b516d23) [PhysX] Initialized MultithreadedTaskDispatcher with 16 workers.
 -> (artifact id: '24c6e51dcb24608a04d262f8550620e0') in 0.021043 seconds
Number of updated asset objects reloaded before import = 0
Number of asset objects unloaded after import = 1
========================================================================
Received Import Request.
  Time since last request: 0.000042 seconds.
  path: Assets/Toby Fredson/The Toby Foliage Engine/(TTFE)_Demo/Textures/Textures_Tiles Nature/BaseRockGCATA_B_MAG.png
  artifactKey: Guid(99a1b7c7c2418734aa485b33901c3e11) Importer(2089858483,0ecaa5967403d082aa24f35e1b516d23)
Start importing Assets/Toby Fredson/The Toby Foliage Engine/(TTFE)_Demo/Textures/Textures_Tiles Nature/BaseRockGCATA_B_MAG.png using Guid(99a1b7c7c2418734aa485b33901c3e11) Importer(2089858483,0ecaa5967403d082aa24f35e1b516d23) [PhysX] Initialized MultithreadedTaskDispatcher with 16 workers.
 -> (artifact id: 'a73c5b6fc6a9839bad023e255c85a8c1') in 0.042141 seconds
Number of updated asset objects reloaded before import = 0
Number of asset objects unloaded after import = 1
========================================================================
Received Import Request.
  Time since last request: 0.000031 seconds.
  path: Assets/Toby Fredson/The Toby Foliage Engine/(TTFE)_Core/Pipelines/TTFEL - 2023.1.0f1+ HDRP 15, 16, U6+).unitypackage
  artifactKey: Guid(4a8f372611c93c641beab27bed4890de) Importer(2089858483,0ecaa5967403d082aa24f35e1b516d23)
Start importing Assets/Toby Fredson/The Toby Foliage Engine/(TTFE)_Core/Pipelines/TTFEL - 2023.1.0f1+ HDRP 15, 16, U6+).unitypackage using Guid(4a8f372611c93c641beab27bed4890de) Importer(2089858483,0ecaa5967403d082aa24f35e1b516d23) [PhysX] Initialized MultithreadedTaskDispatcher with 16 workers.
 -> (artifact id: 'b9956ee698444d09089ee4c6dc1fd77d') in 0.021854 seconds
Number of updated asset objects reloaded before import = 0
Number of asset objects unloaded after import = 1
========================================================================
Received Import Request.
  Time since last request: 0.000035 seconds.
  path: Assets/Toby Fredson/The Toby Foliage Engine/(TTFE)_Demo/Prefabs/Prefabs_Vegetation/Vegetation_Plants/VP_Grass/GrassMedium_D.prefab
  artifactKey: Guid(5fb5e69aa0a99e047abfb05c16b30842) Importer(2089858483,0ecaa5967403d082aa24f35e1b516d23)
Start importing Assets/Toby Fredson/The Toby Foliage Engine/(TTFE)_Demo/Prefabs/Prefabs_Vegetation/Vegetation_Plants/VP_Grass/GrassMedium_D.prefab using Guid(5fb5e69aa0a99e047abfb05c16b30842) Importer(2089858483,0ecaa5967403d082aa24f35e1b516d23) [PhysX] Initialized MultithreadedTaskDispatcher with 16 workers.
 -> (artifact id: '51dbe74f3dc75f762b0784f158157b67') in 0.023082 seconds
Number of updated asset objects reloaded before import = 0
Number of asset objects unloaded after import = 40
========================================================================
Received Import Request.
  Time since last request: 0.000026 seconds.
  path: Assets/Toby Fredson/The Toby Foliage Engine/(TTFE)_Demo/Scenes/TTFE-LightScene_Terrain Example.unity
  artifactKey: Guid(fa7209e45c6f54949b487d28c52dcda2) Importer(2089858483,0ecaa5967403d082aa24f35e1b516d23)
Start importing Assets/Toby Fredson/The Toby Foliage Engine/(TTFE)_Demo/Scenes/TTFE-LightScene_Terrain Example.unity using Guid(fa7209e45c6f54949b487d28c52dcda2) Importer(2089858483,0ecaa5967403d082aa24f35e1b516d23) [PhysX] Initialized MultithreadedTaskDispatcher with 16 workers.
 -> (artifact id: '0782d9457744b9e4e1b7919b85443650') in 0.018392 seconds
Number of updated asset objects reloaded before import = 0
Number of asset objects unloaded after import = 1
========================================================================
Received Import Request.
  Time since last request: 0.000026 seconds.
  path: Assets/Toby Fredson/The Toby Foliage Engine/(TTFE)_Core/Resources/(TTFE) GLOBAL CONTROLLER/(TTFE) GLOBAL CONTROLLER.prefab
  artifactKey: Guid(100790e2ed0b2bb4d8ba03d1126aff32) Importer(2089858483,0ecaa5967403d082aa24f35e1b516d23)
Start importing Assets/Toby Fredson/The Toby Foliage Engine/(TTFE)_Core/Resources/(TTFE) GLOBAL CONTROLLER/(TTFE) GLOBAL CONTROLLER.prefab using Guid(100790e2ed0b2bb4d8ba03d1126aff32) Importer(2089858483,0ecaa5967403d082aa24f35e1b516d23) [PhysX] Initialized MultithreadedTaskDispatcher with 16 workers.
 -> (artifact id: '868c955b20aab240ef0065a03a587602') in 0.018451 seconds
Number of updated asset objects reloaded before import = 0
Number of asset objects unloaded after import = 25
========================================================================
Received Import Request.
  Time since last request: 0.000024 seconds.
  path: Assets/Toby Fredson/The Toby Foliage Engine/(TTFE)_Demo/Textures/Textures_Static/CliffRockTTFEL_B_Albedo.png
  artifactKey: Guid(7786648498cc37049804e1da3f3e0808) Importer(2089858483,0ecaa5967403d082aa24f35e1b516d23)
Start importing Assets/Toby Fredson/The Toby Foliage Engine/(TTFE)_Demo/Textures/Textures_Static/CliffRockTTFEL_B_Albedo.png using Guid(7786648498cc37049804e1da3f3e0808) Importer(2089858483,0ecaa5967403d082aa24f35e1b516d23) [PhysX] Initialized MultithreadedTaskDispatcher with 16 workers.
 -> (artifact id: '20b024bb8e2619f17c32fa9b401cbd95') in 0.041936 seconds
Number of updated asset objects reloaded before import = 0
Number of asset objects unloaded after import = 1
========================================================================
Received Import Request.
  Time since last request: 0.000034 seconds.
  path: Assets/Toby Fredson/The Toby Foliage Engine/(TTFE)_Demo/Prefabs/Prefabs_Static/RocksTTFEL_C.prefab
  artifactKey: Guid(2314966121d0f794d8c6b95b205b6f02) Importer(2089858483,0ecaa5967403d082aa24f35e1b516d23)
Start importing Assets/Toby Fredson/The Toby Foliage Engine/(TTFE)_Demo/Prefabs/Prefabs_Static/RocksTTFEL_C.prefab using Guid(2314966121d0f794d8c6b95b205b6f02) Importer(2089858483,0ecaa5967403d082aa24f35e1b516d23) [PhysX] Initialized MultithreadedTaskDispatcher with 16 workers.
 -> (artifact id: '3c96bdbefeaf034ead3d341836a62dca') in 0.036587 seconds
Number of updated asset objects reloaded before import = 0
Number of asset objects unloaded after import = 8
========================================================================
Received Import Request.
  Time since last request: 0.000025 seconds.
  path: Assets/Toby Fredson/The Toby Foliage Engine/(TTFE)_Demo/Prefabs/Prefabs_Vegetation/Vegetation_Plants/VP_Grass/GrassMedium_A.prefab
  artifactKey: Guid(57c0bf10b6117eb40be316da14cc2dc7) Importer(2089858483,0ecaa5967403d082aa24f35e1b516d23)
Start importing Assets/Toby Fredson/The Toby Foliage Engine/(TTFE)_Demo/Prefabs/Prefabs_Vegetation/Vegetation_Plants/VP_Grass/GrassMedium_A.prefab using Guid(57c0bf10b6117eb40be316da14cc2dc7) Importer(2089858483,0ecaa5967403d082aa24f35e1b516d23) [PhysX] Initialized MultithreadedTaskDispatcher with 16 workers.
 -> (artifact id: 'f6125d4f9f9e52f4fe1645b147fa0711') in 0.027344 seconds
Number of updated asset objects reloaded before import = 0
Number of asset objects unloaded after import = 40
========================================================================
Received Import Request.
  Time since last request: 0.000034 seconds.
  path: Assets/Toby Fredson/The Toby Foliage Engine/(TTFE)_Demo/Textures/Textures_Vegetation/ShrubsGenericGCATA_Albedo M.png
  artifactKey: Guid(806e380996355d647a6242fe9813dd50) Importer(2089858483,0ecaa5967403d082aa24f35e1b516d23)
Start importing Assets/Toby Fredson/The Toby Foliage Engine/(TTFE)_Demo/Textures/Textures_Vegetation/ShrubsGenericGCATA_Albedo M.png using Guid(806e380996355d647a6242fe9813dd50) Importer(2089858483,0ecaa5967403d082aa24f35e1b516d23) [PhysX] Initialized MultithreadedTaskDispatcher with 16 workers.
 -> (artifact id: '04eb194de1e577b60a256b86bb9c16c9') in 0.065367 seconds
Number of updated asset objects reloaded before import = 0
Number of asset objects unloaded after import = 1
========================================================================
Received Import Request.
  Time since last request: 0.000030 seconds.
  path: Assets/Toby Fredson/The Toby Foliage Engine/(TTFE)_Demo/Prefabs/Prefabs_Vegetation/Vegetation_Trees/VTSpecies_Shrub/ShrubTree(NR)_D.prefab
  artifactKey: Guid(45041291efc670640a7ea77a57e53254) Importer(2089858483,0ecaa5967403d082aa24f35e1b516d23)
Start importing Assets/Toby Fredson/The Toby Foliage Engine/(TTFE)_Demo/Prefabs/Prefabs_Vegetation/Vegetation_Trees/VTSpecies_Shrub/ShrubTree(NR)_D.prefab using Guid(45041291efc670640a7ea77a57e53254) Importer(2089858483,0ecaa5967403d082aa24f35e1b516d23) [PhysX] Initialized MultithreadedTaskDispatcher with 16 workers.
 -> (artifact id: '9dfc281d98a497816376215e81ef68ce') in 0.023221 seconds
Number of updated asset objects reloaded before import = 0
Number of asset objects unloaded after import = 52
========================================================================
Received Import Request.
  Time since last request: 0.000032 seconds.
  path: Assets/Toby Fredson/The Toby Foliage Engine/(TTFE)_Demo/Materials/Materials_Helpers/Grid.mat
  artifactKey: Guid(be9b442da5d89d743b83cd8a2cadcf03) Importer(2089858483,0ecaa5967403d082aa24f35e1b516d23)
Start importing Assets/Toby Fredson/The Toby Foliage Engine/(TTFE)_Demo/Materials/Materials_Helpers/Grid.mat using Guid(be9b442da5d89d743b83cd8a2cadcf03) Importer(2089858483,0ecaa5967403d082aa24f35e1b516d23) [PhysX] Initialized MultithreadedTaskDispatcher with 16 workers.
 -> (artifact id: '36d3b296e274a7fe0c77fbecabdc0798') in 0.022970 seconds
Number of updated asset objects reloaded before import = 0
Number of asset objects unloaded after import = 2
========================================================================
Received Import Request.
  Time since last request: 0.000022 seconds.
  path: Assets/Toby Fredson/The Toby Foliage Engine/(TTFE)_Core/Resources/(TTFE) GLOBAL CONTROLLER/TTFE_Wind Gizmo/TTFE_Utility Resources/(TTFE)GlobalGizmo_Leaves.mat
  artifactKey: Guid(0c973e18b6239184bb556c9a34bd2d4d) Importer(2089858483,0ecaa5967403d082aa24f35e1b516d23)
Start importing Assets/Toby Fredson/The Toby Foliage Engine/(TTFE)_Core/Resources/(TTFE) GLOBAL CONTROLLER/TTFE_Wind Gizmo/TTFE_Utility Resources/(TTFE)GlobalGizmo_Leaves.mat using Guid(0c973e18b6239184bb556c9a34bd2d4d) Importer(2089858483,0ecaa5967403d082aa24f35e1b516d23) [PhysX] Initialized MultithreadedTaskDispatcher with 16 workers.
 -> (artifact id: 'a3297ea2d48ce1957a5a63987680de1a') in 0.033102 seconds
Number of updated asset objects reloaded before import = 0
Number of asset objects unloaded after import = 3
========================================================================
Received Import Request.
  Time since last request: 0.000026 seconds.
  path: Assets/Toby Fredson/The Toby Foliage Engine/(TTFE)_Demo/Prefabs/Prefabs_Vegetation - (SL)/Vegetation_Plants - (SL)/VP_Grass Fall/GrassMedium_A_Fall.prefab
  artifactKey: Guid(a333c7736d5f45845a0bba13bc58394a) Importer(2089858483,0ecaa5967403d082aa24f35e1b516d23)
Start importing Assets/Toby Fredson/The Toby Foliage Engine/(TTFE)_Demo/Prefabs/Prefabs_Vegetation - (SL)/Vegetation_Plants - (SL)/VP_Grass Fall/GrassMedium_A_Fall.prefab using Guid(a333c7736d5f45845a0bba13bc58394a) Importer(2089858483,0ecaa5967403d082aa24f35e1b516d23) [PhysX] Initialized MultithreadedTaskDispatcher with 16 workers.
 -> (artifact id: 'a59eb9fac550ee72e9855706c8b487c3') in 0.030833 seconds
Number of updated asset objects reloaded before import = 0
Number of asset objects unloaded after import = 40
========================================================================
Received Import Request.
  Time since last request: 0.000033 seconds.
  path: Assets/Toby Fredson/The Toby Foliage Engine/(TTFE)_Demo/Materials/Materials_Helpers/Helper 1.mat
  artifactKey: Guid(7c886413730a48a47bf8bbb06ff00da0) Importer(2089858483,0ecaa5967403d082aa24f35e1b516d23)
Start importing Assets/Toby Fredson/The Toby Foliage Engine/(TTFE)_Demo/Materials/Materials_Helpers/Helper 1.mat using Guid(7c886413730a48a47bf8bbb06ff00da0) Importer(2089858483,0ecaa5967403d082aa24f35e1b516d23) [PhysX] Initialized MultithreadedTaskDispatcher with 16 workers.
 -> (artifact id: '1b084a9a4d0b2dcff850f82c1bf90977') in 0.028127 seconds
Number of updated asset objects reloaded before import = 0
Number of asset objects unloaded after import = 1
========================================================================
Received Import Request.
  Time since last request: 0.000033 seconds.
  path: Assets/Toby Fredson/The Toby Foliage Engine/(TTFE)_Demo/Meshes/Meshes_Vegetation/MV_Static/CliffRockTTFEL_B.fbx
  artifactKey: Guid(fa67392fa0d4efd48b9b2a9d169d224e) Importer(2089858483,0ecaa5967403d082aa24f35e1b516d23)
Start importing Assets/Toby Fredson/The Toby Foliage Engine/(TTFE)_Demo/Meshes/Meshes_Vegetation/MV_Static/CliffRockTTFEL_B.fbx using Guid(fa67392fa0d4efd48b9b2a9d169d224e) Importer(2089858483,0ecaa5967403d082aa24f35e1b516d23) [PhysX] Initialized MultithreadedTaskDispatcher with 16 workers.
 -> (artifact id: 'c2cceedf463842c1c2b00389c9720578') in 0.052700 seconds
Number of updated asset objects reloaded before import = 0
Number of asset objects unloaded after import = 35
========================================================================
Received Import Request.
  Time since last request: 0.000028 seconds.
  path: Assets/Toby Fredson/The Toby Foliage Engine/(TTFE)_Demo/Prefabs/Prefabs_Vegetation - (SL)/(SL) - Season Locked Plants.txt
  artifactKey: Guid(138ed76cb20a5d249b51accc3e42ae85) Importer(2089858483,0ecaa5967403d082aa24f35e1b516d23)
Start importing Assets/Toby Fredson/The Toby Foliage Engine/(TTFE)_Demo/Prefabs/Prefabs_Vegetation - (SL)/(SL) - Season Locked Plants.txt using Guid(138ed76cb20a5d249b51accc3e42ae85) Importer(2089858483,0ecaa5967403d082aa24f35e1b516d23) [PhysX] Initialized MultithreadedTaskDispatcher with 16 workers.
 -> (artifact id: '3e2b9475e6963f73b904430904d9bb85') in 0.018705 seconds
Number of updated asset objects reloaded before import = 0
Number of asset objects unloaded after import = 1
========================================================================
Received Import Request.
  Time since last request: 0.000135 seconds.
  path: Assets/Toby Fredson/The Toby Foliage Engine/(TTFE)_Demo/Terrains/Trerrain Layers/TTFE-LTE_Layers/TSLightTerrain Layer_1.terrainlayer
  artifactKey: Guid(94436fe391ec8cb4a842fb1988319d0b) Importer(2089858483,0ecaa5967403d082aa24f35e1b516d23)
Start importing Assets/Toby Fredson/The Toby Foliage Engine/(TTFE)_Demo/Terrains/Trerrain Layers/TTFE-LTE_Layers/TSLightTerrain Layer_1.terrainlayer using Guid(94436fe391ec8cb4a842fb1988319d0b) Importer(2089858483,0ecaa5967403d082aa24f35e1b516d23) [PhysX] Initialized MultithreadedTaskDispatcher with 16 workers.
 -> (artifact id: '1233b3ff7abdffec89c440342d3d7eec') in 0.038486 seconds
Number of updated asset objects reloaded before import = 0
Number of asset objects unloaded after import = 4
========================================================================
Received Import Request.
  Time since last request: 0.000031 seconds.
  path: Assets/Toby Fredson/The Toby Foliage Engine/(TTFE)_Demo/Prefabs/Prefabs_Vegetation/Vegetation_Trees/VTSpecies_Shrub
  artifactKey: Guid(dcf888ae0368c9445baff08d839b52e8) Importer(2089858483,0ecaa5967403d082aa24f35e1b516d23)
Start importing Assets/Toby Fredson/The Toby Foliage Engine/(TTFE)_Demo/Prefabs/Prefabs_Vegetation/Vegetation_Trees/VTSpecies_Shrub using Guid(dcf888ae0368c9445baff08d839b52e8) Importer(2089858483,0ecaa5967403d082aa24f35e1b516d23) [PhysX] Initialized MultithreadedTaskDispatcher with 16 workers.
 -> (artifact id: '73233c88d65b0ebfe6316262787f9ba1') in 0.020615 seconds
Number of updated asset objects reloaded before import = 0
Number of asset objects unloaded after import = 1
========================================================================
Received Import Request.
  Time since last request: 0.000038 seconds.
  path: Assets/Toby Fredson/The Toby Foliage Engine/(TTFE)_Demo/Prefabs/Prefabs_Vegetation/Vegetation_Plants/VP_Flowers/FlowersWTTFE-A.prefab
  artifactKey: Guid(785cf4b43691d8944a7e3255563a6a2f) Importer(2089858483,0ecaa5967403d082aa24f35e1b516d23)
Start importing Assets/Toby Fredson/The Toby Foliage Engine/(TTFE)_Demo/Prefabs/Prefabs_Vegetation/Vegetation_Plants/VP_Flowers/FlowersWTTFE-A.prefab using Guid(785cf4b43691d8944a7e3255563a6a2f) Importer(2089858483,0ecaa5967403d082aa24f35e1b516d23) [PhysX] Initialized MultithreadedTaskDispatcher with 16 workers.
 -> (artifact id: '6599de89780913980ceccdc90f5beb78') in 0.023199 seconds
Number of updated asset objects reloaded before import = 0
Number of asset objects unloaded after import = 20
========================================================================
Received Import Request.
  Time since last request: 0.000027 seconds.
  path: Assets/Toby Fredson/The Toby Foliage Engine/(TTFE)_Demo/Prefabs/Prefabs_Vegetation - (SL)/Vegetation_Plants - (SL)/VP_GrassSingle Fall/Grass_Single_X_Fall.prefab
  artifactKey: Guid(1d6315690dff59541b19138f5d18ca34) Importer(2089858483,0ecaa5967403d082aa24f35e1b516d23)
Start importing Assets/Toby Fredson/The Toby Foliage Engine/(TTFE)_Demo/Prefabs/Prefabs_Vegetation - (SL)/Vegetation_Plants - (SL)/VP_GrassSingle Fall/Grass_Single_X_Fall.prefab using Guid(1d6315690dff59541b19138f5d18ca34) Importer(2089858483,0ecaa5967403d082aa24f35e1b516d23) [PhysX] Initialized MultithreadedTaskDispatcher with 16 workers.
 -> (artifact id: '92a9c6dc45c335759ddbafd851d918ed') in 0.021456 seconds
Number of updated asset objects reloaded before import = 0
Number of asset objects unloaded after import = 14
========================================================================
Received Import Request.
  Time since last request: 0.000024 seconds.
  path: Assets/Toby Fredson/The Toby Foliage Engine/(TTFE)_Demo/Materials/Materials_Vegetation/MV_Plants/Grass Thick.mat
  artifactKey: Guid(767860a1d10519f469184dea5c10bd64) Importer(2089858483,0ecaa5967403d082aa24f35e1b516d23)
Start importing Assets/Toby Fredson/The Toby Foliage Engine/(TTFE)_Demo/Materials/Materials_Vegetation/MV_Plants/Grass Thick.mat using Guid(767860a1d10519f469184dea5c10bd64) Importer(2089858483,0ecaa5967403d082aa24f35e1b516d23) [PhysX] Initialized MultithreadedTaskDispatcher with 16 workers.
 -> (artifact id: 'e711d0f926a0d1ab8fb49ec59894d293') in 0.596019 seconds
Number of updated asset objects reloaded before import = 0
Number of asset objects unloaded after import = 6
========================================================================
Received Import Request.
  Time since last request: 0.000044 seconds.
  path: Assets/Toby Fredson/The Toby Foliage Engine/(TTFE)_Demo/Textures/Textures_Tiles Nature/DirtRickGCATA_Height.png
  artifactKey: Guid(7b6d0cdd4dd22ec448bc046fed9972be) Importer(2089858483,0ecaa5967403d082aa24f35e1b516d23)
Start importing Assets/Toby Fredson/The Toby Foliage Engine/(TTFE)_Demo/Textures/Textures_Tiles Nature/DirtRickGCATA_Height.png using Guid(7b6d0cdd4dd22ec448bc046fed9972be) Importer(2089858483,0ecaa5967403d082aa24f35e1b516d23) [PhysX] Initialized MultithreadedTaskDispatcher with 16 workers.
 -> (artifact id: 'dfb113c19fd37888dce942576dd01b25') in 0.030894 seconds
Number of updated asset objects reloaded before import = 0
Number of asset objects unloaded after import = 1
========================================================================
Received Import Request.
  Time since last request: 0.000033 seconds.
  path: Assets/Toby Fredson/The Toby Foliage Engine/(TTFE)_Demo/Prefabs/Prefabs_Vegetation/Vegetation_Plants/VP_Flowers/FlowersWTTFE-F.prefab
  artifactKey: Guid(a10d2a2419aaa8046993c86e1c687ab2) Importer(2089858483,0ecaa5967403d082aa24f35e1b516d23)
Start importing Assets/Toby Fredson/The Toby Foliage Engine/(TTFE)_Demo/Prefabs/Prefabs_Vegetation/Vegetation_Plants/VP_Flowers/FlowersWTTFE-F.prefab using Guid(a10d2a2419aaa8046993c86e1c687ab2) Importer(2089858483,0ecaa5967403d082aa24f35e1b516d23) [PhysX] Initialized MultithreadedTaskDispatcher with 16 workers.
 -> (artifact id: 'f4af5b3d3363ca226cf484587c31829e') in 0.033140 seconds
Number of updated asset objects reloaded before import = 0
Number of asset objects unloaded after import = 20
========================================================================
Received Import Request.
  Time since last request: 0.000026 seconds.
  path: Assets/Toby Fredson/The Toby Foliage Engine/(TTFE)_Demo/Prefabs/Prefabs_Vegetation - (SL)/Vegetation_Plants - (SL)/VP_Grass Fall/GrassShort_A_Fall.prefab
  artifactKey: Guid(8d7e5bce2f57dfc4ba95610779453301) Importer(2089858483,0ecaa5967403d082aa24f35e1b516d23)
Start importing Assets/Toby Fredson/The Toby Foliage Engine/(TTFE)_Demo/Prefabs/Prefabs_Vegetation - (SL)/Vegetation_Plants - (SL)/VP_Grass Fall/GrassShort_A_Fall.prefab using Guid(8d7e5bce2f57dfc4ba95610779453301) Importer(2089858483,0ecaa5967403d082aa24f35e1b516d23) [PhysX] Initialized MultithreadedTaskDispatcher with 16 workers.
 -> (artifact id: '7b755834ff77f30009618c70a3655592') in 0.032361 seconds
Number of updated asset objects reloaded before import = 0
Number of asset objects unloaded after import = 19
========================================================================
Received Import Request.
  Time since last request: 0.000022 seconds.
  path: Assets/Toby Fredson/The Toby Foliage Engine/(TTFE)_Demo/Terrains
  artifactKey: Guid(088b2f1ccaf1e4f4c92e46f485b04c47) Importer(2089858483,0ecaa5967403d082aa24f35e1b516d23)
Start importing Assets/Toby Fredson/The Toby Foliage Engine/(TTFE)_Demo/Terrains using Guid(088b2f1ccaf1e4f4c92e46f485b04c47) Importer(2089858483,0ecaa5967403d082aa24f35e1b516d23) [PhysX] Initialized MultithreadedTaskDispatcher with 16 workers.
 -> (artifact id: '7166eab7aa98716e75f573ae9039fe31') in 0.017728 seconds
Number of updated asset objects reloaded before import = 0
Number of asset objects unloaded after import = 1
========================================================================
Received Import Request.
  Time since last request: 0.000024 seconds.
  path: Assets/Toby Fredson/The Toby Foliage Engine/(TTFE)_Demo/Meshes/Meshes_Vegetation/MV_Ground Plants/FlowersWTTFE-A.fbx
  artifactKey: Guid(4b119968f24796b44a8cd28178093f3b) Importer(2089858483,0ecaa5967403d082aa24f35e1b516d23)
Start importing Assets/Toby Fredson/The Toby Foliage Engine/(TTFE)_Demo/Meshes/Meshes_Vegetation/MV_Ground Plants/FlowersWTTFE-A.fbx using Guid(4b119968f24796b44a8cd28178093f3b) Importer(2089858483,0ecaa5967403d082aa24f35e1b516d23) [PhysX] Initialized MultithreadedTaskDispatcher with 16 workers.
 -> (artifact id: '906c2d58514d7cb385a9786d5f16acb6') in 0.037532 seconds
Number of updated asset objects reloaded before import = 0
Number of asset objects unloaded after import = 20
========================================================================
Received Import Request.
  Time since last request: 0.000033 seconds.
  path: Assets/Toby Fredson/The Toby Foliage Engine/(TTFE)_Demo/Prefabs/Prefabs_Static/RocksTTFEL_G.prefab
  artifactKey: Guid(4d8cbe91b129f534989306e6b61afcef) Importer(2089858483,0ecaa5967403d082aa24f35e1b516d23)
Start importing Assets/Toby Fredson/The Toby Foliage Engine/(TTFE)_Demo/Prefabs/Prefabs_Static/RocksTTFEL_G.prefab using Guid(4d8cbe91b129f534989306e6b61afcef) Importer(2089858483,0ecaa5967403d082aa24f35e1b516d23) [PhysX] Initialized MultithreadedTaskDispatcher with 16 workers.
 -> (artifact id: 'afc2ffddf4ac951990637b7275e317e6') in 0.029141 seconds
Number of updated asset objects reloaded before import = 0
Number of asset objects unloaded after import = 8
========================================================================
Received Import Request.
  Time since last request: 0.000032 seconds.
  path: Assets/Toby Fredson/The Toby Foliage Engine/(TTFE)_Demo/Meshes/Meshes_Vegetation/MV_Ground Plants/FlowersWTTFE-D.fbx
  artifactKey: Guid(d2ab406469acb3c47a89315b2558c13c) Importer(2089858483,0ecaa5967403d082aa24f35e1b516d23)
Start importing Assets/Toby Fredson/The Toby Foliage Engine/(TTFE)_Demo/Meshes/Meshes_Vegetation/MV_Ground Plants/FlowersWTTFE-D.fbx using Guid(d2ab406469acb3c47a89315b2558c13c) Importer(2089858483,0ecaa5967403d082aa24f35e1b516d23) [PhysX] Initialized MultithreadedTaskDispatcher with 16 workers.
 -> (artifact id: '829714636ee4bb72369f5040fc08e682') in 0.040476 seconds
Number of updated asset objects reloaded before import = 0
Number of asset objects unloaded after import = 20
========================================================================
Received Import Request.
  Time since last request: 0.000025 seconds.
  path: Assets/Toby Fredson/The Toby Foliage Engine/(TTFE)_Core/Resources/(TTFE) GLOBAL CONTROLLER/TTFE_Wind Gizmo/TTFE_Utility Resources/(TTFE) GLOBAL CONTROLLER.fbx
  artifactKey: Guid(795aa38ab99dd774cb3b5824874e9d10) Importer(2089858483,0ecaa5967403d082aa24f35e1b516d23)
Start importing Assets/Toby Fredson/The Toby Foliage Engine/(TTFE)_Core/Resources/(TTFE) GLOBAL CONTROLLER/TTFE_Wind Gizmo/TTFE_Utility Resources/(TTFE) GLOBAL CONTROLLER.fbx using Guid(795aa38ab99dd774cb3b5824874e9d10) Importer(2089858483,0ecaa5967403d082aa24f35e1b516d23) [PhysX] Initialized MultithreadedTaskDispatcher with 16 workers.
 -> (artifact id: '44472450580faa52e4f91be445fabb5d') in 0.046738 seconds
Number of updated asset objects reloaded before import = 0
Number of asset objects unloaded after import = 24
========================================================================
Received Import Request.
  Time since last request: 0.000027 seconds.
  path: Assets/Toby Fredson/The Toby Foliage Engine/(TTFE)_Demo/Textures/Textures_Billboards/ShrubPlantsBillboard_Albedo.png
  artifactKey: Guid(e154a92188e8c854fa943346016c1535) Importer(2089858483,0ecaa5967403d082aa24f35e1b516d23)
Start importing Assets/Toby Fredson/The Toby Foliage Engine/(TTFE)_Demo/Textures/Textures_Billboards/ShrubPlantsBillboard_Albedo.png using Guid(e154a92188e8c854fa943346016c1535) Importer(2089858483,0ecaa5967403d082aa24f35e1b516d23) [PhysX] Initialized MultithreadedTaskDispatcher with 16 workers.
 -> (artifact id: '8a00664e150d0965b0eb242fac605da9') in 0.065051 seconds
Number of updated asset objects reloaded before import = 0
Number of asset objects unloaded after import = 1
========================================================================
Received Import Request.
  Time since last request: 0.000036 seconds.
  path: Assets/Toby Fredson/The Toby Foliage Engine/(TTFE)_Demo/Meshes/Meshes_Vegetation/MV_Ground Plants
  artifactKey: Guid(e94f25a89e89cf44292b02a092282e36) Importer(2089858483,0ecaa5967403d082aa24f35e1b516d23)
Start importing Assets/Toby Fredson/The Toby Foliage Engine/(TTFE)_Demo/Meshes/Meshes_Vegetation/MV_Ground Plants using Guid(e94f25a89e89cf44292b02a092282e36) Importer(2089858483,0ecaa5967403d082aa24f35e1b516d23) [PhysX] Initialized MultithreadedTaskDispatcher with 16 workers.
 -> (artifact id: 'ebda37e5d4d41380e848e1e483b5d0e0') in 0.016390 seconds
Number of updated asset objects reloaded before import = 0
Number of asset objects unloaded after import = 1
========================================================================
Received Import Request.
  Time since last request: 0.000025 seconds.
  path: Assets/Toby Fredson/The Toby Foliage Engine/(TTFE)_Demo/Textures/Textures_Vegetation/GrassGCATA_Albedo.png
  artifactKey: Guid(1aa2dbc69edd9cb47ac394d7b393b49b) Importer(2089858483,0ecaa5967403d082aa24f35e1b516d23)
Start importing Assets/Toby Fredson/The Toby Foliage Engine/(TTFE)_Demo/Textures/Textures_Vegetation/GrassGCATA_Albedo.png using Guid(1aa2dbc69edd9cb47ac394d7b393b49b) Importer(2089858483,0ecaa5967403d082aa24f35e1b516d23) [PhysX] Initialized MultithreadedTaskDispatcher with 16 workers.
 -> (artifact id: '7466c6e62bdd3766509643328fc88125') in 0.064380 seconds
Number of updated asset objects reloaded before import = 0
Number of asset objects unloaded after import = 1
========================================================================
Received Import Request.
  Time since last request: 0.000022 seconds.
  path: Assets/Toby Fredson/The Toby Foliage Engine/(TTFE)_Demo/Textures/Textures_Tiles Nature/DirtRickGCATA_Albedo (BI).png
  artifactKey: Guid(e93355eafa8f830479bf21c271197334) Importer(2089858483,0ecaa5967403d082aa24f35e1b516d23)
Start importing Assets/Toby Fredson/The Toby Foliage Engine/(TTFE)_Demo/Textures/Textures_Tiles Nature/DirtRickGCATA_Albedo (BI).png using Guid(e93355eafa8f830479bf21c271197334) Importer(2089858483,0ecaa5967403d082aa24f35e1b516d23) [PhysX] Initialized MultithreadedTaskDispatcher with 16 workers.
 -> (artifact id: '2d03f4e5016413391bf2e149e6faaf36') in 0.048008 seconds
Number of updated asset objects reloaded before import = 0
Number of asset objects unloaded after import = 1
========================================================================
Received Import Request.
  Time since last request: 0.000027 seconds.
  path: Assets/Toby Fredson/The Toby Foliage Engine/(TTFE)_Demo/Materials/Materials_Vegetation/MV_Tress
  artifactKey: Guid(517a2fdfc836fc7429261e0c521e8365) Importer(2089858483,0ecaa5967403d082aa24f35e1b516d23)
Start importing Assets/Toby Fredson/The Toby Foliage Engine/(TTFE)_Demo/Materials/Materials_Vegetation/MV_Tress using Guid(517a2fdfc836fc7429261e0c521e8365) Importer(2089858483,0ecaa5967403d082aa24f35e1b516d23) [PhysX] Initialized MultithreadedTaskDispatcher with 16 workers.
 -> (artifact id: '729dc224f21a1320447f096b5d850646') in 0.017840 seconds
Number of updated asset objects reloaded before import = 0
Number of asset objects unloaded after import = 1
========================================================================
Received Import Request.
  Time since last request: 0.000041 seconds.
  path: Assets/Toby Fredson/The Toby Foliage Engine/(TTFE)_Demo/Meshes/Meshes_Vegetation/MV_Static
  artifactKey: Guid(da4e4ed47e4e49542ba3ad4fb2267674) Importer(2089858483,0ecaa5967403d082aa24f35e1b516d23)
Start importing Assets/Toby Fredson/The Toby Foliage Engine/(TTFE)_Demo/Meshes/Meshes_Vegetation/MV_Static using Guid(da4e4ed47e4e49542ba3ad4fb2267674) Importer(2089858483,0ecaa5967403d082aa24f35e1b516d23) [PhysX] Initialized MultithreadedTaskDispatcher with 16 workers.
 -> (artifact id: 'e91970d803f48c2635e8792af7027793') in 0.021412 seconds
Number of updated asset objects reloaded before import = 0
Number of asset objects unloaded after import = 1
========================================================================
Received Import Request.
  Time since last request: 0.000026 seconds.
  path: Assets/Toby Fredson/The Toby Foliage Engine/(TTFE)_Demo/Prefabs/Prefabs_Helpers/Default Unit.prefab
  artifactKey: Guid(201bec49b62128548a9cbce181ed4e05) Importer(2089858483,0ecaa5967403d082aa24f35e1b516d23)
Start importing Assets/Toby Fredson/The Toby Foliage Engine/(TTFE)_Demo/Prefabs/Prefabs_Helpers/Default Unit.prefab using Guid(201bec49b62128548a9cbce181ed4e05) Importer(2089858483,0ecaa5967403d082aa24f35e1b516d23) [PhysX] Initialized MultithreadedTaskDispatcher with 16 workers.
 -> (artifact id: 'cb2b71a20fba84b3876de7c3f3cfc5a7') in 0.031688 seconds
Number of updated asset objects reloaded before import = 0
Number of asset objects unloaded after import = 7
========================================================================
Received Import Request.
  Time since last request: 0.000023 seconds.
  path: Assets/Toby Fredson/The Toby Foliage Engine/(TTFE)_Demo/Prefabs/Prefabs_Vegetation - (SL)/Vegetation_Plants - (SL)
  artifactKey: Guid(49da6fc312764094d9b2017cc3bcae0f) Importer(2089858483,0ecaa5967403d082aa24f35e1b516d23)
Start importing Assets/Toby Fredson/The Toby Foliage Engine/(TTFE)_Demo/Prefabs/Prefabs_Vegetation - (SL)/Vegetation_Plants - (SL) using Guid(49da6fc312764094d9b2017cc3bcae0f) Importer(2089858483,0ecaa5967403d082aa24f35e1b516d23) [PhysX] Initialized MultithreadedTaskDispatcher with 16 workers.
 -> (artifact id: 'dad3c761f87e79d0e7e8c9b79040b4de') in 0.019322 seconds
Number of updated asset objects reloaded before import = 0
Number of asset objects unloaded after import = 1
========================================================================
Received Import Request.
  Time since last request: 0.000027 seconds.
  path: Assets/Toby Fredson/The Toby Foliage Engine/(TTFE)_Core/Pipelines/Extras/TTFEL_Forward Translucency (Built-in).unitypackage
  artifactKey: Guid(5bf181168314afb478965d79b7852787) Importer(2089858483,0ecaa5967403d082aa24f35e1b516d23)
Start importing Assets/Toby Fredson/The Toby Foliage Engine/(TTFE)_Core/Pipelines/Extras/TTFEL_Forward Translucency (Built-in).unitypackage using Guid(5bf181168314afb478965d79b7852787) Importer(2089858483,0ecaa5967403d082aa24f35e1b516d23) [PhysX] Initialized MultithreadedTaskDispatcher with 16 workers.
 -> (artifact id: '00acadedb90254c70cb6c7b7682c188f') in 0.021611 seconds
Number of updated asset objects reloaded before import = 0
Number of asset objects unloaded after import = 1
========================================================================
Received Import Request.
  Time since last request: 0.000038 seconds.
  path: Assets/Toby Fredson/The Toby Foliage Engine/(TTFE)_Core/Shaders/Default/(TTFE) Grass Foliage.shader
  artifactKey: Guid(9836eda9c73d0e7419630eb145f848ab) Importer(2089858483,0ecaa5967403d082aa24f35e1b516d23)
Start importing Assets/Toby Fredson/The Toby Foliage Engine/(TTFE)_Core/Shaders/Default/(TTFE) Grass Foliage.shader using Guid(9836eda9c73d0e7419630eb145f848ab) Importer(2089858483,0ecaa5967403d082aa24f35e1b516d23) [PhysX] Initialized MultithreadedTaskDispatcher with 16 workers.
 -> (artifact id: '515318eb761772022ec272f84f452e39') in 0.025345 seconds
Number of updated asset objects reloaded before import = 0
Number of asset objects unloaded after import = 1
========================================================================
Received Import Request.
  Time since last request: 0.000032 seconds.
  path: Assets/Toby Fredson/The Toby Foliage Engine/(TTFE)_Demo/Scripts
  artifactKey: Guid(e9f117c8c9ddc2047bdfd95a620cfac2) Importer(2089858483,0ecaa5967403d082aa24f35e1b516d23)
Start importing Assets/Toby Fredson/The Toby Foliage Engine/(TTFE)_Demo/Scripts using Guid(e9f117c8c9ddc2047bdfd95a620cfac2) Importer(2089858483,0ecaa5967403d082aa24f35e1b516d23) [PhysX] Initialized MultithreadedTaskDispatcher with 16 workers.
 -> (artifact id: '28862fd5582aad0c6840db5f40b92fea') in 0.019622 seconds
Number of updated asset objects reloaded before import = 0
Number of asset objects unloaded after import = 1
========================================================================
Received Import Request.
  Time since last request: 0.000032 seconds.
  path: Assets/Toby Fredson/The Toby Foliage Engine/(TTFE)_Demo/Terrains/TTFE-LightScene_Terrain Example.asset
  artifactKey: Guid(725fe4a38297fb244bacf391bd5cd927) Importer(2089858483,0ecaa5967403d082aa24f35e1b516d23)
Start importing Assets/Toby Fredson/The Toby Foliage Engine/(TTFE)_Demo/Terrains/TTFE-LightScene_Terrain Example.asset using Guid(725fe4a38297fb244bacf391bd5cd927) Importer(2089858483,0ecaa5967403d082aa24f35e1b516d23) [PhysX] Initialized MultithreadedTaskDispatcher with 16 workers.
 -> (artifact id: 'fc3d0658d6be31f4c41d046f2ae57c23') in 0.098226 seconds
Number of updated asset objects reloaded before import = 0
Number of asset objects unloaded after import = 436
========================================================================
Received Import Request.
  Time since last request: 0.000036 seconds.
  path: Assets/Toby Fredson/The Toby Foliage Engine/1. ReadMe.txt
  artifactKey: Guid(4a3165f6bb24303478716ae2e7b97109) Importer(2089858483,0ecaa5967403d082aa24f35e1b516d23)
Start importing Assets/Toby Fredson/The Toby Foliage Engine/1. ReadMe.txt using Guid(4a3165f6bb24303478716ae2e7b97109) Importer(2089858483,0ecaa5967403d082aa24f35e1b516d23) [PhysX] Initialized MultithreadedTaskDispatcher with 16 workers.
 -> (artifact id: '802bf0fcb3f7d69e16083afb9edaa4d3') in 0.016988 seconds
Number of updated asset objects reloaded before import = 0
Number of asset objects unloaded after import = 1
========================================================================
Received Import Request.
  Time since last request: 0.000052 seconds.
  path: Assets/Toby Fredson/The Toby Foliage Engine/(TTFE)_Core/Shaders/Default/(TTFE) Tree Billboard.shader
  artifactKey: Guid(0f465929dfb2594408a217d30f4c714e) Importer(2089858483,0ecaa5967403d082aa24f35e1b516d23)
Start importing Assets/Toby Fredson/The Toby Foliage Engine/(TTFE)_Core/Shaders/Default/(TTFE) Tree Billboard.shader using Guid(0f465929dfb2594408a217d30f4c714e) Importer(2089858483,0ecaa5967403d082aa24f35e1b516d23) [PhysX] Initialized MultithreadedTaskDispatcher with 16 workers.
 -> (artifact id: 'cae83988b128d8ac4761ed83be6eaabf') in 0.021144 seconds
Number of updated asset objects reloaded before import = 0
Number of asset objects unloaded after import = 1
========================================================================
Received Import Request.
  Time since last request: 0.000029 seconds.
  path: Assets/Toby Fredson/The Toby Foliage Engine/(TTFE)_Demo/Prefabs/Prefabs_Helpers/Dirctions.prefab
  artifactKey: Guid(c3cb57607eb849f4ab95a3826a07aa15) Importer(2089858483,0ecaa5967403d082aa24f35e1b516d23)
Start importing Assets/Toby Fredson/The Toby Foliage Engine/(TTFE)_Demo/Prefabs/Prefabs_Helpers/Dirctions.prefab using Guid(c3cb57607eb849f4ab95a3826a07aa15) Importer(2089858483,0ecaa5967403d082aa24f35e1b516d23) [PhysX] Initialized MultithreadedTaskDispatcher with 16 workers.
 -> (artifact id: 'c92009783ac1e004400f9bbf1349838a') in 0.023810 seconds
Number of updated asset objects reloaded before import = 0
Number of asset objects unloaded after import = 7
========================================================================
Received Import Request.
  Time since last request: 0.000028 seconds.
  path: Assets/Toby Fredson/The Toby Foliage Engine/(TTFE)_Demo/Post Processing/PP_(Built-in)/The Toby Foliage Engine_Dawn_PP.asset
  artifactKey: Guid(ffe888502a1d1b24cbb0664d5790ab53) Importer(2089858483,0ecaa5967403d082aa24f35e1b516d23)
Start importing Assets/Toby Fredson/The Toby Foliage Engine/(TTFE)_Demo/Post Processing/PP_(Built-in)/The Toby Foliage Engine_Dawn_PP.asset using Guid(ffe888502a1d1b24cbb0664d5790ab53) Importer(2089858483,0ecaa5967403d082aa24f35e1b516d23) [PhysX] Initialized MultithreadedTaskDispatcher with 16 workers.
 -> (artifact id: 'a3bb18fbf231a7942ac01ea6f4426119') in 0.045182 seconds
Number of updated asset objects reloaded before import = 0
Number of asset objects unloaded after import = 10
========================================================================
Received Import Request.
  Time since last request: 0.000039 seconds.
  path: Assets/Toby Fredson/The Toby Foliage Engine/(TTFE)_Demo/Textures/Textures_Helpers
  artifactKey: Guid(7c14b0ef0d436bd4985934ff9b4e469f) Importer(2089858483,0ecaa5967403d082aa24f35e1b516d23)
Start importing Assets/Toby Fredson/The Toby Foliage Engine/(TTFE)_Demo/Textures/Textures_Helpers using Guid(7c14b0ef0d436bd4985934ff9b4e469f) Importer(2089858483,0ecaa5967403d082aa24f35e1b516d23) [PhysX] Initialized MultithreadedTaskDispatcher with 16 workers.
 -> (artifact id: '4bc862f5be27ab810f3fbdbc56c50b02') in 0.017737 seconds
Number of updated asset objects reloaded before import = 0
Number of asset objects unloaded after import = 1
========================================================================
Received Import Request.
  Time since last request: 0.000038 seconds.
  path: Assets/Toby Fredson/The Toby Foliage Engine/4. Active Input Handling Error Fix.txt
  artifactKey: Guid(ebc0cbbf56b821a4eb7fca6a3e9cc2ac) Importer(2089858483,0ecaa5967403d082aa24f35e1b516d23)
Start importing Assets/Toby Fredson/The Toby Foliage Engine/4. Active Input Handling Error Fix.txt using Guid(ebc0cbbf56b821a4eb7fca6a3e9cc2ac) Importer(2089858483,0ecaa5967403d082aa24f35e1b516d23) [PhysX] Initialized MultithreadedTaskDispatcher with 16 workers.
 -> (artifact id: 'afb410c5be1e018f472b422a5ad52bc3') in 0.018720 seconds
Number of updated asset objects reloaded before import = 0
Number of asset objects unloaded after import = 1
========================================================================
Received Import Request.
  Time since last request: 0.000025 seconds.
  path: Assets/Toby Fredson/The Toby Foliage Engine/(TTFE)_Demo/Textures/Textures_Static/CliffRockTTFEL_A_Normal.png
  artifactKey: Guid(8277036385229134a8ada1fd1fd295c5) Importer(2089858483,0ecaa5967403d082aa24f35e1b516d23)
Start importing Assets/Toby Fredson/The Toby Foliage Engine/(TTFE)_Demo/Textures/Textures_Static/CliffRockTTFEL_A_Normal.png using Guid(8277036385229134a8ada1fd1fd295c5) Importer(2089858483,0ecaa5967403d082aa24f35e1b516d23) [PhysX] Initialized MultithreadedTaskDispatcher with 16 workers.
 -> (artifact id: '15903e80878db32374082b63683e9347') in 0.074030 seconds
Number of updated asset objects reloaded before import = 0
Number of asset objects unloaded after import = 1
========================================================================
Received Import Request.
  Time since last request: 0.000029 seconds.
  path: Assets/Toby Fredson/The Toby Foliage Engine/(TTFE)_Demo/Textures/Textures_Static/CliffRockTTFEL_B_MAG.png
  artifactKey: Guid(ce054b904524a4346a8c8d77a8d067ad) Importer(2089858483,0ecaa5967403d082aa24f35e1b516d23)
Start importing Assets/Toby Fredson/The Toby Foliage Engine/(TTFE)_Demo/Textures/Textures_Static/CliffRockTTFEL_B_MAG.png using Guid(ce054b904524a4346a8c8d77a8d067ad) Importer(2089858483,0ecaa5967403d082aa24f35e1b516d23) [PhysX] Initialized MultithreadedTaskDispatcher with 16 workers.
 -> (artifact id: 'd90c588ab080c5b3a68cd5f4e33ad9b9') in 0.076427 seconds
Number of updated asset objects reloaded before import = 0
Number of asset objects unloaded after import = 1
========================================================================
Received Import Request.
  Time since last request: 0.000026 seconds.
  path: Assets/Toby Fredson/The Toby Foliage Engine/(TTFE)_Demo/Prefabs/Prefabs_Vegetation - (SL)/Vegetation_Trees - (SL)/VTSpecies_Shrub Fall/ShrubTree(NR)_D_Fall.prefab
  artifactKey: Guid(b9e7c25d8a84bd642bd8993e7a557152) Importer(2089858483,0ecaa5967403d082aa24f35e1b516d23)
Start importing Assets/Toby Fredson/The Toby Foliage Engine/(TTFE)_Demo/Prefabs/Prefabs_Vegetation - (SL)/Vegetation_Trees - (SL)/VTSpecies_Shrub Fall/ShrubTree(NR)_D_Fall.prefab using Guid(b9e7c25d8a84bd642bd8993e7a557152) Importer(2089858483,0ecaa5967403d082aa24f35e1b516d23) [PhysX] Initialized MultithreadedTaskDispatcher with 16 workers.
 -> (artifact id: 'a2ed09c31273f698c3cb07dfa822f886') in 0.024816 seconds
Number of updated asset objects reloaded before import = 0
Number of asset objects unloaded after import = 52
========================================================================
Received Import Request.
  Time since last request: 0.000033 seconds.
  path: Assets/Toby Fredson/The Toby Foliage Engine/(TTFE)_Demo/Prefabs/Prefabs_Vegetation - (SL)/Vegetation_Plants - (SL)/VP_GrassSingle Fall
  artifactKey: Guid(3a6dca0e29f16154c83e040a686e6e7a) Importer(2089858483,0ecaa5967403d082aa24f35e1b516d23)
Start importing Assets/Toby Fredson/The Toby Foliage Engine/(TTFE)_Demo/Prefabs/Prefabs_Vegetation - (SL)/Vegetation_Plants - (SL)/VP_GrassSingle Fall using Guid(3a6dca0e29f16154c83e040a686e6e7a) Importer(2089858483,0ecaa5967403d082aa24f35e1b516d23) [PhysX] Initialized MultithreadedTaskDispatcher with 16 workers.
 -> (artifact id: 'defd39ec7589cc58f983ac35a1b13c9f') in 0.018776 seconds
Number of updated asset objects reloaded before import = 0
Number of asset objects unloaded after import = 1
========================================================================
Received Import Request.
  Time since last request: 0.000025 seconds.
  path: Assets/Toby Fredson/The Toby Foliage Engine/(TTFE)_Demo/Prefabs/Prefabs_Static/RocksTTFEL_E.prefab
  artifactKey: Guid(6891de47d78cfef4f97f588e132a3c58) Importer(2089858483,0ecaa5967403d082aa24f35e1b516d23)
Start importing Assets/Toby Fredson/The Toby Foliage Engine/(TTFE)_Demo/Prefabs/Prefabs_Static/RocksTTFEL_E.prefab using Guid(6891de47d78cfef4f97f588e132a3c58) Importer(2089858483,0ecaa5967403d082aa24f35e1b516d23) [PhysX] Initialized MultithreadedTaskDispatcher with 16 workers.
 -> (artifact id: 'b3fa0c5be6a2f8b294829dcb2f29522b') in 0.029986 seconds
Number of updated asset objects reloaded before import = 0
Number of asset objects unloaded after import = 8
========================================================================
Received Import Request.
  Time since last request: 0.000025 seconds.
  path: Assets/Toby Fredson/The Toby Foliage Engine/(TTFE)_Demo/Textures/Textures_Tiles Nature/DirtRickGCATA_Normal.png
  artifactKey: Guid(30c1099de0b2c1e4d9a97d33df593740) Importer(2089858483,0ecaa5967403d082aa24f35e1b516d23)
Start importing Assets/Toby Fredson/The Toby Foliage Engine/(TTFE)_Demo/Textures/Textures_Tiles Nature/DirtRickGCATA_Normal.png using Guid(30c1099de0b2c1e4d9a97d33df593740) Importer(2089858483,0ecaa5967403d082aa24f35e1b516d23) [PhysX] Initialized MultithreadedTaskDispatcher with 16 workers.
 -> (artifact id: '9be5c04bbe720a935923c26c796e5e76') in 0.039538 seconds
Number of updated asset objects reloaded before import = 0
Number of asset objects unloaded after import = 1
========================================================================
Received Import Request.
  Time since last request: 0.000043 seconds.
  path: Assets/Toby Fredson/The Toby Foliage Engine/(TTFE)_Demo/Meshes/Meshes_Vegetation/MV_Trees and Bushes/ShrubBush_B.fbx
  artifactKey: Guid(d4f4718661bfaa145bf710173daa2881) Importer(2089858483,0ecaa5967403d082aa24f35e1b516d23)
Start importing Assets/Toby Fredson/The Toby Foliage Engine/(TTFE)_Demo/Meshes/Meshes_Vegetation/MV_Trees and Bushes/ShrubBush_B.fbx using Guid(d4f4718661bfaa145bf710173daa2881) Importer(2089858483,0ecaa5967403d082aa24f35e1b516d23) [PhysX] Initialized MultithreadedTaskDispatcher with 16 workers.
 -> (artifact id: '4e44e0608625bbd645b2a110571aa159') in 0.048846 seconds
Number of updated asset objects reloaded before import = 0
Number of asset objects unloaded after import = 40
========================================================================
Received Import Request.
  Time since last request: 0.000044 seconds.
  path: Assets/Toby Fredson/The Toby Foliage Engine/(TTFE)_Demo/Meshes/Meshes Helpers/RHEWP_TTFE Infoboard.fbx
  artifactKey: Guid(80852460ba8340d46a4fddef4ffa0d7b) Importer(2089858483,0ecaa5967403d082aa24f35e1b516d23)
Start importing Assets/Toby Fredson/The Toby Foliage Engine/(TTFE)_Demo/Meshes/Meshes Helpers/RHEWP_TTFE Infoboard.fbx using Guid(80852460ba8340d46a4fddef4ffa0d7b) Importer(2089858483,0ecaa5967403d082aa24f35e1b516d23) [PhysX] Initialized MultithreadedTaskDispatcher with 16 workers.
 -> (artifact id: 'f3e010d8c45c397711385a9a5cc0b77f') in 0.029878 seconds
Number of updated asset objects reloaded before import = 0
Number of asset objects unloaded after import = 7
========================================================================
Received Import Request.
  Time since last request: 0.000027 seconds.
  path: Assets/Toby Fredson/The Toby Foliage Engine/(TTFE)_Demo/Meshes/Meshes_Vegetation/MV_Trees and Bushes/ShrubTree(NR)_D.fbx
  artifactKey: Guid(553a35e685c67274dae7a435c93e092e) Importer(2089858483,0ecaa5967403d082aa24f35e1b516d23)
Start importing Assets/Toby Fredson/The Toby Foliage Engine/(TTFE)_Demo/Meshes/Meshes_Vegetation/MV_Trees and Bushes/ShrubTree(NR)_D.fbx using Guid(553a35e685c67274dae7a435c93e092e) Importer(2089858483,0ecaa5967403d082aa24f35e1b516d23) [PhysX] Initialized MultithreadedTaskDispatcher with 16 workers.
 -> (artifact id: '68b3251803993d0520199ec6fef62f19') in 0.059079 seconds
Number of updated asset objects reloaded before import = 0
Number of asset objects unloaded after import = 50
========================================================================
Received Import Request.
  Time since last request: 0.000042 seconds.
  path: Assets/Toby Fredson/The Toby Foliage Engine/(TTFE)_Demo/Textures/Textures_Tiles Nature/GrassGCATA_Albedo (BI).png
  artifactKey: Guid(562fddc1ab108804cbc3206fa2c92750) Importer(2089858483,0ecaa5967403d082aa24f35e1b516d23)
Start importing Assets/Toby Fredson/The Toby Foliage Engine/(TTFE)_Demo/Textures/Textures_Tiles Nature/GrassGCATA_Albedo (BI).png using Guid(562fddc1ab108804cbc3206fa2c92750) Importer(2089858483,0ecaa5967403d082aa24f35e1b516d23) [PhysX] Initialized MultithreadedTaskDispatcher with 16 workers.
 -> (artifact id: 'd48ac5708d315cb9cfddbab04321bc49') in 0.042159 seconds
Number of updated asset objects reloaded before import = 0
Number of asset objects unloaded after import = 1
========================================================================
Received Import Request.
  Time since last request: 0.000036 seconds.
  path: Assets/Toby Fredson/The Toby Foliage Engine/(TTFE)_Demo/Meshes/Meshes_Vegetation/MV_Ground Plants/GrassBig_A.fbx
  artifactKey: Guid(213b35a576c0839499d95873e5f8c84f) Importer(2089858483,0ecaa5967403d082aa24f35e1b516d23)
Start importing Assets/Toby Fredson/The Toby Foliage Engine/(TTFE)_Demo/Meshes/Meshes_Vegetation/MV_Ground Plants/GrassBig_A.fbx using Guid(213b35a576c0839499d95873e5f8c84f) Importer(2089858483,0ecaa5967403d082aa24f35e1b516d23) [PhysX] Initialized MultithreadedTaskDispatcher with 16 workers.
 -> (artifact id: '27bf6835cb8c9284547fc211511074b1') in 0.045231 seconds
Number of updated asset objects reloaded before import = 0
Number of asset objects unloaded after import = 26
========================================================================
Received Import Request.
  Time since last request: 0.000033 seconds.
  path: Assets/Toby Fredson/The Toby Foliage Engine/(TTFE)_Core/Resources/(TTFE) GLOBAL CONTROLLER/Scripts/Editor/TTFE_Graphic Editor.png
  artifactKey: Guid(51ce54d1516bae94b8dfbbea886c648d) Importer(2089858483,0ecaa5967403d082aa24f35e1b516d23)
Start importing Assets/Toby Fredson/The Toby Foliage Engine/(TTFE)_Core/Resources/(TTFE) GLOBAL CONTROLLER/Scripts/Editor/TTFE_Graphic Editor.png using Guid(51ce54d1516bae94b8dfbbea886c648d) Importer(2089858483,0ecaa5967403d082aa24f35e1b516d23) [PhysX] Initialized MultithreadedTaskDispatcher with 16 workers.
 -> (artifact id: '4d10078db8b427ef7104a9d9615376e7') in 0.027383 seconds
Number of updated asset objects reloaded before import = 0
Number of asset objects unloaded after import = 1
========================================================================
Received Import Request.
  Time since last request: 0.000023 seconds.
  path: Assets/Realistic Tree/Prefabs/URP/Birch/Birch 7.prefab
  artifactKey: Guid(a6b5ce7010c086147a5219bec6747282) Importer(2089858483,0ecaa5967403d082aa24f35e1b516d23)
Start importing Assets/Realistic Tree/Prefabs/URP/Birch/Birch 7.prefab using Guid(a6b5ce7010c086147a5219bec6747282) Importer(2089858483,0ecaa5967403d082aa24f35e1b516d23) [PhysX] Initialized MultithreadedTaskDispatcher with 16 workers.
 -> (artifact id: '7f026c8b6d86b79c104c3c1ba7de52f4') in 0.071169 seconds
Number of updated asset objects reloaded before import = 0
Number of asset objects unloaded after import = 49
========================================================================
Received Import Request.
  Time since last request: 0.000028 seconds.
  path: Assets/Realistic Tree/Prefabs/HDRP/Spruce/Spruce 6.prefab
  artifactKey: Guid(fc0f4d12ed4fc3a429942ed94e534a5f) Importer(2089858483,0ecaa5967403d082aa24f35e1b516d23)
Start importing Assets/Realistic Tree/Prefabs/HDRP/Spruce/Spruce 6.prefab using Guid(fc0f4d12ed4fc3a429942ed94e534a5f) Importer(2089858483,0ecaa5967403d082aa24f35e1b516d23) [PhysX] Initialized MultithreadedTaskDispatcher with 16 workers.
 -> (artifact id: '421d082f80554d73b8199dd2dcfd0bf8') in 0.036005 seconds
Number of updated asset objects reloaded before import = 0
Number of asset objects unloaded after import = 67
========================================================================
Received Import Request.
  Time since last request: 0.000039 seconds.
  path: Assets/Realistic Tree/Source/Textures/Moss/Moss_Normal.png
  artifactKey: Guid(d512da52e0368ae4b878e5f36c17ceed) Importer(2089858483,0ecaa5967403d082aa24f35e1b516d23)
Start importing Assets/Realistic Tree/Source/Textures/Moss/Moss_Normal.png using Guid(d512da52e0368ae4b878e5f36c17ceed) Importer(2089858483,0ecaa5967403d082aa24f35e1b516d23) [PhysX] Initialized MultithreadedTaskDispatcher with 16 workers.
 -> (artifact id: 'e28ebfe232531b4b9edf2be7e6aa7f2a') in 0.029413 seconds
Number of updated asset objects reloaded before import = 0
Number of asset objects unloaded after import = 1
========================================================================
Received Import Request.
  Time since last request: 0.000023 seconds.
  path: Assets/Realistic Tree/Prefabs/HDRP/Weeping Willow/Weeping_Willow 4.prefab
  artifactKey: Guid(7bdfa64ad813fb04e99c936fcc46bd2b) Importer(2089858483,0ecaa5967403d082aa24f35e1b516d23)
Start importing Assets/Realistic Tree/Prefabs/HDRP/Weeping Willow/Weeping_Willow 4.prefab using Guid(7bdfa64ad813fb04e99c936fcc46bd2b) Importer(2089858483,0ecaa5967403d082aa24f35e1b516d23) [PhysX] Initialized MultithreadedTaskDispatcher with 16 workers.
 -> (artifact id: '5effc7dcb7e5ef918c40022b9cf4f2ea') in 0.086142 seconds
Number of updated asset objects reloaded before import = 0
Number of asset objects unloaded after import = 49
========================================================================
Received Import Request.
  Time since last request: 0.000034 seconds.
  path: Assets/seaShell/textures/urpMaps/seaShell_BaseColor.tga
  artifactKey: Guid(46a1d87f05906db4798439619c1f9396) Importer(2089858483,0ecaa5967403d082aa24f35e1b516d23)
Start importing Assets/seaShell/textures/urpMaps/seaShell_BaseColor.tga using Guid(46a1d87f05906db4798439619c1f9396) Importer(2089858483,0ecaa5967403d082aa24f35e1b516d23) [PhysX] Initialized MultithreadedTaskDispatcher with 16 workers.
 -> (artifact id: 'e839e3776174e32f0e02461e192ddc06') in 0.049710 seconds
Number of updated asset objects reloaded before import = 0
Number of asset objects unloaded after import = 1
========================================================================
Received Import Request.
  Time since last request: 0.000037 seconds.
  path: Assets/Fristy stylize Modular Assets 2/Foliage/Grass/Grass_1_Defuse.psd
  artifactKey: Guid(a0e0a200a0ba5a147b79fcbad768b34b) Importer(2089858483,0ecaa5967403d082aa24f35e1b516d23)
Start importing Assets/Fristy stylize Modular Assets 2/Foliage/Grass/Grass_1_Defuse.psd using Guid(a0e0a200a0ba5a147b79fcbad768b34b) Importer(2089858483,0ecaa5967403d082aa24f35e1b516d23) [PhysX] Initialized MultithreadedTaskDispatcher with 16 workers.
 -> (artifact id: 'f4202875ee07569d0d8c74f2c402191a') in 0.028783 seconds
Number of updated asset objects reloaded before import = 0
Number of asset objects unloaded after import = 1
========================================================================
Received Import Request.
  Time since last request: 0.000036 seconds.
  path: Assets/Realistic Tree/Prefabs/URP/Spruce/Spruce 4.prefab
  artifactKey: Guid(11771f4bdb563b94f8dc795979cc688c) Importer(2089858483,0ecaa5967403d082aa24f35e1b516d23)
Start importing Assets/Realistic Tree/Prefabs/URP/Spruce/Spruce 4.prefab using Guid(11771f4bdb563b94f8dc795979cc688c) Importer(2089858483,0ecaa5967403d082aa24f35e1b516d23) [PhysX] Initialized MultithreadedTaskDispatcher with 16 workers.
 -> (artifact id: '623688a444b2fe3b2195ce023148ee4c') in 0.034426 seconds
Number of updated asset objects reloaded before import = 0
Number of asset objects unloaded after import = 67
========================================================================
Received Import Request.
  Time since last request: 0.000027 seconds.
  path: Assets/Realistic Tree/Prefabs/URP/Spruce/Spruce 6.prefab
  artifactKey: Guid(146e4f73f7d49b74a87492bbe5d2b2c1) Importer(2089858483,0ecaa5967403d082aa24f35e1b516d23)
Start importing Assets/Realistic Tree/Prefabs/URP/Spruce/Spruce 6.prefab using Guid(146e4f73f7d49b74a87492bbe5d2b2c1) Importer(2089858483,0ecaa5967403d082aa24f35e1b516d23) [PhysX] Initialized MultithreadedTaskDispatcher with 16 workers.
 -> (artifact id: 'e8fdfa526b432c5af48f4b6c2c96cf5d') in 0.044512 seconds
Number of updated asset objects reloaded before import = 0
Number of asset objects unloaded after import = 67
========================================================================
Received Import Request.
  Time since last request: 0.000026 seconds.
  path: Assets/Realistic Tree/Source/Materials/Standard/Bark/Ash_Bark.mat
  artifactKey: Guid(22917a672afe8fa4c9e5da25d2df91e6) Importer(2089858483,0ecaa5967403d082aa24f35e1b516d23)
Start importing Assets/Realistic Tree/Source/Materials/Standard/Bark/Ash_Bark.mat using Guid(22917a672afe8fa4c9e5da25d2df91e6) Importer(2089858483,0ecaa5967403d082aa24f35e1b516d23) [PhysX] Initialized MultithreadedTaskDispatcher with 16 workers.
 -> (artifact id: 'aaac648c763549edeb02fe6a323d14da') in 0.028953 seconds
Number of updated asset objects reloaded before import = 0
Number of asset objects unloaded after import = 3
========================================================================
Received Import Request.
  Time since last request: 0.000043 seconds.
  path: Assets/Grass And Flowers Pack 1/Small Tree/Small Tree 5.png
  artifactKey: Guid(04952c56a0d42784a91102c43a3b1fb3) Importer(2089858483,0ecaa5967403d082aa24f35e1b516d23)
Start importing Assets/Grass And Flowers Pack 1/Small Tree/Small Tree 5.png using Guid(04952c56a0d42784a91102c43a3b1fb3) Importer(2089858483,0ecaa5967403d082aa24f35e1b516d23) [PhysX] Initialized MultithreadedTaskDispatcher with 16 workers.
 -> (artifact id: 'b2fad7adce7bfbb4373a2639d1d2ac21') in 0.045632 seconds
Number of updated asset objects reloaded before import = 0
Number of asset objects unloaded after import = 1
========================================================================
Received Import Request.
  Time since last request: 0.000027 seconds.
  path: Assets/Grass And Flowers Pack 1/Flower/Flower 36.png
  artifactKey: Guid(b4eee9ec30f930c4ba69d5049bae7081) Importer(2089858483,0ecaa5967403d082aa24f35e1b516d23)
Start importing Assets/Grass And Flowers Pack 1/Flower/Flower 36.png using Guid(b4eee9ec30f930c4ba69d5049bae7081) Importer(2089858483,0ecaa5967403d082aa24f35e1b516d23) [PhysX] Initialized MultithreadedTaskDispatcher with 16 workers.
 -> (artifact id: '05c2f3acd1648b0d64c9af361792e92d') in 0.032080 seconds
Number of updated asset objects reloaded before import = 0
Number of asset objects unloaded after import = 1
========================================================================
Received Import Request.
  Time since last request: 0.000027 seconds.
  path: Assets/Realistic Tree/Source/Materials/URP/Leaves
  artifactKey: Guid(592b18ddb7859964e8af48430c969639) Importer(2089858483,0ecaa5967403d082aa24f35e1b516d23)
Start importing Assets/Realistic Tree/Source/Materials/URP/Leaves using Guid(592b18ddb7859964e8af48430c969639) Importer(2089858483,0ecaa5967403d082aa24f35e1b516d23) [PhysX] Initialized MultithreadedTaskDispatcher with 16 workers.
 -> (artifact id: '28fa06e40ee634883ec93e60987dfb74') in 0.023676 seconds
Number of updated asset objects reloaded before import = 0
Number of asset objects unloaded after import = 1
========================================================================
Received Import Request.
  Time since last request: 0.000027 seconds.
  path: Assets/Realistic Tree/Prefabs/HDRP/Chestnut/Chestnut 2.prefab
  artifactKey: Guid(10802329ab9ffcc45929153cba6c8023) Importer(2089858483,0ecaa5967403d082aa24f35e1b516d23)
Start importing Assets/Realistic Tree/Prefabs/HDRP/Chestnut/Chestnut 2.prefab using Guid(10802329ab9ffcc45929153cba6c8023) Importer(2089858483,0ecaa5967403d082aa24f35e1b516d23) [PhysX] Initialized MultithreadedTaskDispatcher with 16 workers.
 -> (artifact id: 'e9945c1892a3136ff49053451939e820') in 0.079915 seconds
Number of updated asset objects reloaded before import = 0
Number of asset objects unloaded after import = 89
========================================================================
Received Import Request.
  Time since last request: 0.000037 seconds.
  path: Assets/Realistic Tree/Source/Textures/Ash/Leaf_2.png
  artifactKey: Guid(30c74cc02a33ca243a2f565aac7c77d0) Importer(2089858483,0ecaa5967403d082aa24f35e1b516d23)
Start importing Assets/Realistic Tree/Source/Textures/Ash/Leaf_2.png using Guid(30c74cc02a33ca243a2f565aac7c77d0) Importer(2089858483,0ecaa5967403d082aa24f35e1b516d23) [PhysX] Initialized MultithreadedTaskDispatcher with 16 workers.
 -> (artifact id: '977e6dc0b962450e0ad41b6b4cbdabd3') in 0.030762 seconds
Number of updated asset objects reloaded before import = 0
Number of asset objects unloaded after import = 1
========================================================================
Received Import Request.
  Time since last request: 0.000024 seconds.
  path: Assets/Realistic Tree/Source/Models/Chestnut/Chestnut_3.fbx
  artifactKey: Guid(6781b8a2fc465f340a39782aed855089) Importer(2089858483,0ecaa5967403d082aa24f35e1b516d23)
Start importing Assets/Realistic Tree/Source/Models/Chestnut/Chestnut_3.fbx using Guid(6781b8a2fc465f340a39782aed855089) Importer(2089858483,0ecaa5967403d082aa24f35e1b516d23) [PhysX] Initialized MultithreadedTaskDispatcher with 16 workers.
 -> (artifact id: 'ed2b9af6a931f66cd4a9fc783be167f6') in 0.046964 seconds
Number of updated asset objects reloaded before import = 0
Number of asset objects unloaded after import = 85
========================================================================
Received Import Request.
  Time since last request: 0.000025 seconds.
  path: Assets/SteamVR/InteractionSystem/Samples/BuggyBuddy/URPLightCone_Blue.mat
  artifactKey: Guid(0f5a6ed934514dd4491f8cfa5cab3a14) Importer(2089858483,0ecaa5967403d082aa24f35e1b516d23)
Start importing Assets/SteamVR/InteractionSystem/Samples/BuggyBuddy/URPLightCone_Blue.mat using Guid(0f5a6ed934514dd4491f8cfa5cab3a14) Importer(2089858483,0ecaa5967403d082aa24f35e1b516d23) [PhysX] Initialized MultithreadedTaskDispatcher with 16 workers.
 -> (artifact id: '97334fa00af07c44388584fbd9c4be12') in 0.025257 seconds
Number of updated asset objects reloaded before import = 0
Number of asset objects unloaded after import = 1
========================================================================
Received Import Request.
  Time since last request: 0.000027 seconds.
  path: Assets/Realistic Tree/Source/Materials/Standard/Leaves/Ash/Ash_Leaves_2.mat
  artifactKey: Guid(77bc69597fdb1cd4694f11248647fa6a) Importer(2089858483,0ecaa5967403d082aa24f35e1b516d23)
Start importing Assets/Realistic Tree/Source/Materials/Standard/Leaves/Ash/Ash_Leaves_2.mat using Guid(77bc69597fdb1cd4694f11248647fa6a) Importer(2089858483,0ecaa5967403d082aa24f35e1b516d23) [PhysX] Initialized MultithreadedTaskDispatcher with 16 workers.
 -> (artifact id: '70b06289bcbd6b9ac189e860a575f186') in 0.028516 seconds
Number of updated asset objects reloaded before import = 0
Number of asset objects unloaded after import = 2
========================================================================
Received Import Request.
  Time since last request: 0.000038 seconds.
  path: Assets/Realistic Tree/Source/Materials/HDRP/Bark
  artifactKey: Guid(d76f18eb5d7083746a01dffa6acd4240) Importer(2089858483,0ecaa5967403d082aa24f35e1b516d23)
Start importing Assets/Realistic Tree/Source/Materials/HDRP/Bark using Guid(d76f18eb5d7083746a01dffa6acd4240) Importer(2089858483,0ecaa5967403d082aa24f35e1b516d23) [PhysX] Initialized MultithreadedTaskDispatcher with 16 workers.
 -> (artifact id: 'c84da9d3cebf7d5a0024972a27ef3ff5') in 0.020188 seconds
Number of updated asset objects reloaded before import = 0
Number of asset objects unloaded after import = 1
========================================================================
Received Import Request.
  Time since last request: 0.000027 seconds.
  path: Assets/Realistic Tree/Source/Textures/Ash/Leaf_1.png
  artifactKey: Guid(2c669a96d7386844f88d765597c9a423) Importer(2089858483,0ecaa5967403d082aa24f35e1b516d23)
Start importing Assets/Realistic Tree/Source/Textures/Ash/Leaf_1.png using Guid(2c669a96d7386844f88d765597c9a423) Importer(2089858483,0ecaa5967403d082aa24f35e1b516d23) [PhysX] Initialized MultithreadedTaskDispatcher with 16 workers.
 -> (artifact id: '4c88319d9b52b68955ffa9e9197fe7d3') in 0.034885 seconds
Number of updated asset objects reloaded before import = 0
Number of asset objects unloaded after import = 1
Editor requested this worker to shutdown with reason: Scaling down because of idle timeout
TcpMessagingSession - receive error: operation aborted. errorcode: 995, details: Der E/A-Vorgang wurde wegen eines Threadendes oder einer Anwendungsanforderung abgebrochen.
AssetImportWorker is now disconnected from the server
Process exiting
Exiting without the bug reporter. Application will terminate with return code 0