Using pre-set license
Built from '2022.3/staging' branch; Version is '2022.3.62f1 (4af31df58517) revision 4911901'; Using compiler version '192829333'; Build Type 'Release'
OS: 'Windows 10  (10.0.19045) 64bit Professional' Language: 'de' Physical Memory: 32700 MB
BatchMode: 1, IsHumanControllingUs: 0, StartBugReporterOnCrash: 0, Is64bit: 1, IsPro: 1

COMMAND LINE ARGUMENTS:
C:\Program Files\Unity\Hub\Editor\2022.3.62f1\Editor\Unity.exe
-adb2
-batchMode
-noUpm
-name
AssetImportWorker5
-projectPath
C:/StudentProjects/Serious game group 18/My project
-logFile
Logs/AssetImportWorker5.log
-srvPort
51449
Successfully changed project path to: C:/StudentProjects/Serious game group 18/My project
C:/StudentProjects/Serious game group 18/My project
[UnityMemory] Configuration Parameters - Can be set up in boot.config
    "memorysetup-bucket-allocator-granularity=16"
    "memorysetup-bucket-allocator-bucket-count=8"
    "memorysetup-bucket-allocator-block-size=33554432"
    "memorysetup-bucket-allocator-block-count=8"
    "memorysetup-main-allocator-block-size=16777216"
    "memorysetup-thread-allocator-block-size=16777216"
    "memorysetup-gfx-main-allocator-block-size=16777216"
    "memorysetup-gfx-thread-allocator-block-size=16777216"
    "memorysetup-cache-allocator-block-size=4194304"
    "memorysetup-typetree-allocator-block-size=2097152"
    "memorysetup-profiler-bucket-allocator-granularity=16"
    "memorysetup-profiler-bucket-allocator-bucket-count=8"
    "memorysetup-profiler-bucket-allocator-block-size=33554432"
    "memorysetup-profiler-bucket-allocator-block-count=8"
    "memorysetup-profiler-allocator-block-size=16777216"
    "memorysetup-profiler-editor-allocator-block-size=1048576"
    "memorysetup-temp-allocator-size-main=16777216"
    "memorysetup-job-temp-allocator-block-size=2097152"
    "memorysetup-job-temp-allocator-block-size-background=1048576"
    "memorysetup-job-temp-allocator-reduction-small-platforms=262144"
    "memorysetup-allocator-temp-initial-block-size-main=262144"
    "memorysetup-allocator-temp-initial-block-size-worker=262144"
    "memorysetup-temp-allocator-size-background-worker=32768"
    "memorysetup-temp-allocator-size-job-worker=262144"
    "memorysetup-temp-allocator-size-preload-manager=33554432"
    "memorysetup-temp-allocator-size-nav-mesh-worker=65536"
    "memorysetup-temp-allocator-size-audio-worker=65536"
    "memorysetup-temp-allocator-size-cloud-worker=32768"
    "memorysetup-temp-allocator-size-gi-baking-worker=262144"
    "memorysetup-temp-allocator-size-gfx=262144"
Player connection [12304]  Target information:

Player connection [12304]  * "[IP] 192.168.253.171 [Port] 0 [Flags] 2 [Guid] 1095363451 [EditorId] 1095363451 [Version] 1048832 [Id] WindowsEditor(7,DESKTOP-66DGGND) [Debug] 1 [PackageName] WindowsEditor [ProjectName] Editor" 

Player connection [12304] Host joined multi-casting on [225.0.0.222:54997]...
Player connection [12304] Host joined alternative multi-casting on [225.0.0.222:34997]...
Input System module state changed to: Initialized.
[PhysX] Initialized MultithreadedTaskDispatcher with 16 workers.
Refreshing native plugins compatible for Editor in 1951.31 ms, found 12 plugins.
Preloading 0 native plugins for Editor in 0.00 ms.
Initialize engine version: 2022.3.62f1 (4af31df58517)
[Subsystems] Discovering subsystems at path C:/Program Files/Unity/Hub/Editor/2022.3.62f1/Editor/Data/Resources/UnitySubsystems
[Subsystems] Discovering subsystems at path C:/StudentProjects/Serious game group 18/My project/Assets
GfxDevice: creating device client; threaded=0; jobified=0
Direct3D:
    Version:  Direct3D 11.0 [level 11.1]
    Renderer: Radeon RX Vega (ID=0x687f)
    Vendor:   ATI
    VRAM:     8119 MB
    Driver:   31.0.21923.11000
Shader 'Fristy/Nature/Leaves': fallback shader 'TransparentCutout' not found
Shader 'Fristy/Nature/Leaves 2': fallback shader 'TransparentCutout' not found
Shader 'Fristy/Nature/Leaves 2': fallback shader 'TransparentCutout' not found
Shader 'Fristy/Nature/Leaves': fallback shader 'TransparentCutout' not found
Initialize mono
Mono path[0] = 'C:/Program Files/Unity/Hub/Editor/2022.3.62f1/Editor/Data/Managed'
Mono path[1] = 'C:/Program Files/Unity/Hub/Editor/2022.3.62f1/Editor/Data/MonoBleedingEdge/lib/mono/unityjit-win32'
Mono config path = 'C:/Program Files/Unity/Hub/Editor/2022.3.62f1/Editor/Data/MonoBleedingEdge/etc'
Using monoOptions --debugger-agent=transport=dt_socket,embedding=1,server=y,suspend=n,address=127.0.0.1:56084
Begin MonoManager ReloadAssembly
Registering precompiled unity dll's ...
Register platform support module: C:/Program Files/Unity/Hub/Editor/2022.3.62f1/Editor/Data/PlaybackEngines/WindowsStandaloneSupport/UnityEditor.WindowsStandalone.Extensions.dll
Registered in 0.013656 seconds.
- Loaded All Assemblies, in  0.643 seconds
Native extension for WindowsStandalone target not found
Mono: successfully reloaded assembly
- Finished resetting the current domain, in  0.401 seconds
Domain Reload Profiling: 1041ms
	BeginReloadAssembly (295ms)
		ExecutionOrderSort (0ms)
		DisableScriptedObjects (0ms)
		BackupInstance (0ms)
		ReleaseScriptingObjects (0ms)
		CreateAndSetChildDomain (1ms)
	RebuildCommonClasses (49ms)
	RebuildNativeTypeToScriptingClass (15ms)
	initialDomainReloadingComplete (93ms)
	LoadAllAssembliesAndSetupDomain (187ms)
		LoadAssemblies (290ms)
		RebuildTransferFunctionScriptingTraits (0ms)
		AnalyzeDomain (184ms)
			TypeCache.Refresh (182ms)
				TypeCache.ScanAssembly (166ms)
			ScanForSourceGeneratedMonoScriptInfo (0ms)
			ResolveRequiredComponents (1ms)
	FinalizeReload (402ms)
		ReleaseScriptCaches (0ms)
		RebuildScriptCaches (0ms)
		SetupLoadedEditorAssemblies (327ms)
			LogAssemblyErrors (0ms)
			InitializePlatformSupportModulesInManaged (16ms)
			SetLoadedEditorAssemblies (12ms)
			RefreshPlugins (0ms)
			BeforeProcessingInitializeOnLoad (5ms)
			ProcessInitializeOnLoadAttributes (220ms)
			ProcessInitializeOnLoadMethodAttributes (75ms)
			AfterProcessingInitializeOnLoad (0ms)
			EditorAssembliesLoaded (0ms)
		ExecutionOrderSort2 (0ms)
		AwakeInstancesAfterBackupRestoration (0ms)
========================================================================
Worker process is ready to serve import requests
Caller must complete domain reload
Begin MonoManager ReloadAssembly
- Loaded All Assemblies, in 19.816 seconds
Native extension for WindowsStandalone target not found
Package Manager log level set to [2]
[Package Manager] Server::EnsureServerProcessIsRunning -- launch failed, reason: Unity was launched with the -noUpm command-line argument
[Package Manager] UpmClient::Send -- Unable to send message (not connected to UPM process).
[Package Manager] Cannot connect to Unity Package Manager local server
Mono: successfully reloaded assembly
[Package Manager] Server::EnsureServerProcessIsRunning -- launch failed, reason: Unity was launched with the -noUpm command-line argument
[Package Manager] UpmClient::Send -- Unable to send message (not connected to UPM process).
[Package Manager] Cannot connect to Unity Package Manager local server
[Package Manager] Server::EnsureServerProcessIsRunning -- launch failed, reason: Unity was launched with the -noUpm command-line argument
[Package Manager] UpmClient::Send -- Unable to send message (not connected to UPM process).
[Package Manager] Cannot connect to Unity Package Manager local server
- Finished resetting the current domain, in  5.408 seconds
Domain Reload Profiling: 25215ms
	BeginReloadAssembly (216ms)
		ExecutionOrderSort (0ms)
		DisableScriptedObjects (9ms)
		BackupInstance (0ms)
		ReleaseScriptingObjects (0ms)
		CreateAndSetChildDomain (30ms)
	RebuildCommonClasses (48ms)
	RebuildNativeTypeToScriptingClass (14ms)
	initialDomainReloadingComplete (53ms)
	LoadAllAssembliesAndSetupDomain (19475ms)
		LoadAssemblies (19069ms)
		RebuildTransferFunctionScriptingTraits (0ms)
		AnalyzeDomain (527ms)
			TypeCache.Refresh (431ms)
				TypeCache.ScanAssembly (399ms)
			ScanForSourceGeneratedMonoScriptInfo (68ms)
			ResolveRequiredComponents (26ms)
	FinalizeReload (5409ms)
		ReleaseScriptCaches (0ms)
		RebuildScriptCaches (0ms)
		SetupLoadedEditorAssemblies (5016ms)
			LogAssemblyErrors (0ms)
			InitializePlatformSupportModulesInManaged (11ms)
			SetLoadedEditorAssemblies (12ms)
			RefreshPlugins (0ms)
			BeforeProcessingInitializeOnLoad (378ms)
			ProcessInitializeOnLoadAttributes (1601ms)
			ProcessInitializeOnLoadMethodAttributes (2998ms)
			AfterProcessingInitializeOnLoad (15ms)
			EditorAssembliesLoaded (1ms)
		ExecutionOrderSort2 (0ms)
		AwakeInstancesAfterBackupRestoration (15ms)
WARNING: Shader Unsupported: 'Hidden/Universal Render Pipeline/Terrain/Lit (Base Pass)' - All subshaders removed
WARNING: Shader Did you use #pragma only_renderers and omit this platform?
WARNING: Shader If subshaders removal was intentional, you may have forgotten turning Fallback off?
WARNING: Shader Unsupported: 'Hidden/Universal Render Pipeline/Terrain/Lit (Base Pass)' - All subshaders removed
WARNING: Shader Did you use #pragma only_renderers and omit this platform?
WARNING: Shader If subshaders removal was intentional, you may have forgotten turning Fallback off?
WARNING: Shader Unsupported: 'Universal Render Pipeline/Terrain/Lit' - All subshaders removed
WARNING: Shader Did you use #pragma only_renderers and omit this platform?
WARNING: Shader If subshaders removal was intentional, you may have forgotten turning Fallback off?
WARNING: Shader Unsupported: 'Universal Render Pipeline/Terrain/Lit' - All subshaders removed
WARNING: Shader Did you use #pragma only_renderers and omit this platform?
WARNING: Shader If subshaders removal was intentional, you may have forgotten turning Fallback off?
WARNING: Shader Unsupported: 'Hidden/Builtin_TerrainVisualization' - All subshaders removed
WARNING: Shader Did you use #pragma only_renderers and omit this platform?
WARNING: Shader If subshaders removal was intentional, you may have forgotten turning Fallback off?
WARNING: Shader Unsupported: 'Hidden/Builtin_TerrainVisualization' - All subshaders removed
WARNING: Shader Did you use #pragma only_renderers and omit this platform?
WARNING: Shader If subshaders removal was intentional, you may have forgotten turning Fallback off?
Shader 'Fristy/Nature/Leaves': fallback shader 'TransparentCutout' not found
Shader 'Fristy/Nature/Leaves 2': fallback shader 'TransparentCutout' not found
Shader 'Fristy/Nature/Leaves 2': fallback shader 'TransparentCutout' not found
Shader 'Fristy/Nature/Leaves': fallback shader 'TransparentCutout' not found
Launched and connected shader compiler UnityShaderCompiler.exe after 0.06 seconds
Refreshing native plugins compatible for Editor in 42.05 ms, found 12 plugins.
Preloading 0 native plugins for Editor in 0.00 ms.
Unloading 9635 Unused Serialized files (Serialized files now loaded: 0)
Unloading 168 unused Assets / (7.1 MB). Loaded Objects now: 10197.
Memory consumption went from 0.62 GB to 0.62 GB.
Total: 9.913000 ms (FindLiveObjects: 1.048300 ms CreateObjectMapping: 0.400500 ms MarkObjects: 5.087200 ms  DeleteObjects: 3.375100 ms)

AssetImportParameters requested are different than current active one (requested -> active):
  custom:scripting/monoscript/fileName/IEdge.cs: fe7a9aaf4a54b5490fcc9202df625cf8 -> 0494d7d5f0d1b45031a9cd6cb136dc6a
  custom:container-demuxer-ogg: 62fdf1f143b41e24485cea50d1cbac27 -> 
  custom:framework-win-MediaFoundation: 216162199b28c13a410421893ffa2e32 -> 
  custom:scripting/monoscript/fileName/Polygon.cs: c640e3c33f61e5c6af4a8a85b0baf4b1 -> e7dad1f97108afef27369b719731084e
  custom:container-muxer-webm: aa71ff27fc2769a1b78a27578f13a17b -> 
  custom:video-decoder-webm-vp8: 9c59270c3fd7afecdb556c50c9e8de78 -> 
  custom:SearchIndexIgnoredProperties: e643bd26f0fe6173181afceb89e7c659 -> 
  custom:AudioImporter_EditorPlatform: d09bf68614088b80899f8185d706f6e7 -> 
  custom:audio-decoder-ogg-vorbis: bf7c407c2cedff20999df2af8eb42d56 -> 
  custom:audio-encoder-webm-vorbis: bf7c407c2cedff20999df2af8eb42d56 -> 
  custom:video-codec-MediaFoundation-h265: 746d11721c4dcdbdad8f713fa42b33f4 -> 
  custom:video-decoder-ogg-theora: a1e56fd34408186e4bbccfd4996cb3dc -> 
  custom:CustomObjectIndexerAttribute: 3ead1caaecf1c488f20bcfeb224b6af5 -> 
  custom:scripting/monoscript/fileName/Edge.cs: 270eeb3545dc302af543cef48dee1505 -> a12660060e5312eed54e7d9918b8c5c2
  custom:container-demuxer-webm: 4f35f7cbe854078d1ac9338744f61a02 -> 
  custom:video-encoder-webm-vp8: eb34c28f22e8b96e1ab97ce403110664 -> 
  custom:scripting/monoscript/fileName/Log.cs: 5aa2393e0a24a42aa5b19bc88a4b8254 -> fcdca16ef9a1bd2266c8a5f32f0a0040
  custom:scripting/monoscript/fileName/Mesh.cs: c12b335a3e7e9263d193dc0c30fa5e3f -> 23e2b3294fb7c0ac946d9987263b09ee
  custom:scripting/monoscript/fileName/RamBuoyancyDebug.cs:  -> bb4d939af36d568fb4791dc5c4e54ead
  custom:scripting/monoscript/fileName/RamBuoyancy.cs:  -> e434b883643ab0d5b08652b058123b90
  custom:scripting/monoscript/fileName/TerrainManager.cs:  -> b55a8ab93bc5d95f3069482a92b831f2
  custom:scripting/monoscript/fileName/SeaPhysicsCalculations.cs:  -> 91b4d2566774b608a460d702c33f6f00
  custom:scripting/monoscript/fileName/QualityMesher.cs:  -> c014fbb5817e3ef9029ece193efedc72
  custom:scripting/monoscript/fileName/LodManager.cs:  -> f5baa7a2c80db52dbe686abd01f43639
  custom:scripting/monoscript/fileName/Segment.cs:  -> 5a56de370dae8ea960c97039552c9b09
  custom:scripting/monoscript/fileName/LakePolygonProfileEditor.cs:  -> e256c29882cf24f4cd222a10eac74395
  custom:scripting/monoscript/fileName/IQualityMesher.cs:  -> dd8fc767d9d3c5ea896b16f31ae89e03
  custom:scripting/monoscript/fileName/DrawOnMeshData.cs:  -> 3f39e48df33a2458195db748bf36440c
  custom:scripting/monoscript/fileName/RamSplitter.cs:  -> d88e5850664e387b6d074e6e3f15251c
  custom:scripting/monoscript/fileName/RamMeshEvent.cs:  -> 1b9a1808438a941e09a127341e6d9edf
  custom:scripting/monoscript/fileName/LakePolygonSimulationGenerator.cs:  -> 9f27a92e805a497e883a298bc327029a
  custom:scripting/monoscript/fileName/RamTips.cs:  -> ddb88b275a38d259194cc11f592a6660
  custom:scripting/monoscript/fileName/NmSplineEditor.cs:  -> 27af30a12dfe20d8e762a4394227582e
  custom:scripting/monoscript/fileName/WaterfallSimulator.cs:  -> e044f3e54722140980287b9accf3c7d8
  custom:scripting/monoscript/fileName/IPolygonFormat.cs:  -> 073c30c80485d370ab866db19042babe
  custom:scripting/monoscript/fileName/VertexPaintNoiseData.cs:  -> 7af45365c6fe22c05b2580e12fe60879
  custom:scripting/monoscript/fileName/TriangleQuadTree.cs:  -> 55f36255226471dbe83f3144b42ce8b3
  custom:scripting/monoscript/fileName/FenceProfile.cs:  -> 05d6272f5f485e325ed50691563398fa
  custom:scripting/monoscript/fileName/TerrainNoiseParametersDrawer.cs:  -> 641556caf4f484f321cfcdc2d90edead
  custom:scripting/monoscript/fileName/TerrainLayerData.cs:  -> d7790e6833ad2a50cd99c903964b7bec
  custom:scripting/monoscript/fileName/MeshColoringEditor.cs:  -> 0c2d6632e54436b4cd691e84fda81a65
  custom:scripting/monoscript/fileName/ExtensionMethods.cs:  -> 5f0c620f39353758181b78a138df8d16
  custom:scripting/monoscript/fileName/RamVertexColors.cs:  -> df81420e0d5c42e634c16981e1ed9102
  custom:scripting/monoscript/fileName/FenceGeneratorEditor.cs:  -> 27fb2cc37dda2b986f27f2a5d34bf3b4
  custom:scripting/monoscript/fileName/IGenerationEvents.cs:  -> bb761cc0f5ebdeb0b50091cce938716b
  custom:scripting/monoscript/fileName/DemoMeshesChangeTerrain.cs:  -> bbb0dfe1429fc1c3bbf0be8d5dfee36a
  custom:scripting/monoscript/fileName/LakeFlowmapGenerator.cs:  -> 438644e17cbb26e2643c786379345399
  custom:scripting/monoscript/fileName/SeaPhysicsEditor.cs:  -> d20306464e198f19cb445ac1f2bf84b2
  custom:scripting/monoscript/fileName/NmSpline.cs:  -> 8dcb1230837182f3dadcb1c3af1df9c0
  custom:scripting/monoscript/fileName/SplineProfileEditor.cs:  -> e089b75ab5df48cd15b6d1c26609f935
  custom:scripting/monoscript/fileName/LakePolygonEditor.cs:  -> 2ef67eefcd53d4369e65a1570b8b7799
  custom:scripting/monoscript/fileName/TerrainConvexParameters.cs:  -> 35602bb6b1662d13df85508b877e7145
  custom:scripting/monoscript/fileName/NMSplineOverlay.cs:  -> 4dee19b39124237b1cc9c39763b304c9
  custom:scripting/monoscript/fileName/BadTriangle.cs:  -> edfe4239e803b78905bcba3e14178277
  custom:scripting/monoscript/fileName/SeaPhysics.cs:  -> ec6ff1f711fdfc5820921b5197a52ec9
  custom:scripting/monoscript/fileName/GenericMesher.cs:  -> 00566c95614a6e33ef9ac93882e9d1a0
  custom:scripting/monoscript/fileName/NewLocation.cs:  -> a690cb41fd9b20465a68a94b197f5017
  custom:scripting/monoscript/fileName/LakePolygonTips.cs:  -> 04eaae4013799bc28bb5932ddd97ca85
  custom:scripting/monoscript/fileName/FenceAxis.cs:  -> 67622093041567f520eebf8f33083a37
  custom:scripting/monoscript/fileName/NmSplinePointSearcher.cs:  -> 837cad92932aaf15a7b347f893017422
  custom:scripting/monoscript/fileName/VoronoiRegion.cs:  -> b7a7a88abaf877736e5bf6dc96d55e54
  custom:scripting/monoscript/fileName/FrancNormalSolver.cs:  -> 50485c0e84e33a0f094f4e863402bba7
  custom:scripting/monoscript/fileName/MeshCurveKeyFrames.cs:  -> ec630a540238a959e3b2f24699c64288
  custom:scripting/monoscript/fileName/DefaultVoronoiFactory.cs:  -> df88c1e5f4a6760afe342bfdd2460ab9
  custom:scripting/monoscript/fileName/RamVegetationStudioIntegration.cs:  -> 5b2f81ee604ff2aaa2f736bcd90f9d3c
  custom:scripting/monoscript/fileName/LakePolygonFactory.cs:  -> 915ecc0cd17b5331f18a52e2c2fbd69c
  custom:scripting/monoscript/fileName/TriangleSampler.cs:  -> 656b9684b7034c90b19ac48d021f015b
  custom:scripting/monoscript/fileName/LakeDebug.cs:  -> 1ea8d331fed4e31403ac284f10660ee8
  custom:scripting/monoscript/fileName/ITriangle.cs:  -> 01cf4fd0e996305aa7b6d7e2e3b0ef90
  custom:scripting/monoscript/fileName/ILogItem.cs:  -> 4cc2695f71e2ea20766599ba87fcbfef
  custom:scripting/monoscript/fileName/StandardVoronoi.cs:  -> 2f7f5d8093de4cbdd3a73794acf97fd0
  custom:scripting/monoscript/fileName/TriangleLocator.cs:  -> 58db471a0cf206a5226739938df2e236
  custom:scripting/monoscript/fileName/TerrainLayerDataDrawer.cs:  -> 87cf3ecce994c0572da0047096e837ea
  custom:scripting/monoscript/fileName/RiverAutomaticVertexColor.cs:  -> 3d53c94695c0977e3b7f7977aad12167
  custom:scripting/monoscript/fileName/WaterfallConnection.cs:  -> a51ee0d029ed6ecba7299ed5e4acf955
  custom:scripting/monoscript/fileName/Contour.cs:  -> 5cc3a6793e586ea60183fb3d920f9c60
  custom:scripting/monoscript/fileName/Triangle.cs:  -> 3dc0fc14ffdd16ae99a6612574de6ab3
  custom:scripting/monoscript/fileName/MeshDataSmoother.cs:  -> bb0777403867eb7f3caa77f89f3bdfba
  custom:scripting/monoscript/fileName/TextureManager.cs:  -> b0fc6ead90358b4aea25138e51e0909b
  custom:scripting/monoscript/fileName/VertexPainterEditor.cs:  -> 90647cc400823b41df847a6cbfc29026
  custom:scripting/monoscript/fileName/FenceGenerator.cs:  -> 9dc25d949db4965d51a28c9ac893ec4c
  custom:scripting/monoscript/fileName/VertexPaintHeight.cs:  -> 5101961bcb1c057d7ebae6e39340c34c
  custom:scripting/monoscript/fileName/SplineTriangulator.cs:  -> 04eb5701a6e7870c164c62f204742d29
  custom:scripting/monoscript/fileName/PolygonValidator.cs:  -> eb31075c60e43fe0c33fb4ad3c8e2496
  custom:scripting/monoscript/fileName/TerrainSplineEditor.cs:  -> 20a4daad95e2faada08a3f24fae868ee
  custom:scripting/monoscript/fileName/InputTriangle.cs:  -> bc55db5d7c59fdc2b22b35a07aeaeea7
  custom:scripting/monoscript/fileName/IConstraintMesher.cs:  -> 4b7c048e1806dc2dafbad9ff68b54fa2
  custom:scripting/monoscript/fileName/IVertexPaintable.cs:  -> a9211cc73f322a460b8de14427d677aa
  custom:scripting/monoscript/fileName/FileProcessor.cs:  -> 0442e152b5922270e77c0344a2f34057
  custom:scripting/monoscript/fileName/WaterfallProfile.cs:  -> 5172aaafbd6d5aa581244818922294f1
  custom:scripting/monoscript/fileName/HalfEdge.cs:  -> 9babaa0912166f5af64fcbaf1a78cb75
  custom:scripting/monoscript/fileName/RegionIterator.cs:  -> 2a98335151aba7b7c924131430a20084
  custom:scripting/monoscript/fileName/IMeshFormat.cs:  -> 9f780583db1ad49aee42cf55053776db
  custom:scripting/monoscript/fileName/Otri.cs:  -> d6e96b3b75b3dec94faf68e0e788b2ae
  custom:scripting/monoscript/fileName/Behavior.cs:  -> 2dfe2f3dcd341809ac7d098375be32da
  custom:scripting/monoscript/fileName/TerrainClearFoliage.cs:  -> 5bdf3d3af743338111309539d6ebcc89
  custom:scripting/monoscript/fileName/IVoronoiFactory.cs:  -> 381d9b0f5f18d7e071d2ad55e3f39e3d
  custom:scripting/monoscript/fileName/DemoRiversAlpha.cs:  -> 18f7208feaf4cef50645e32362434435
  custom:scripting/monoscript/fileName/RegionPointer.cs:  -> fb1bc46e7d64ec56da6e9dfcb6acd8e0
  custom:scripting/monoscript/fileName/Incremental.cs:  -> 235e5171058888d3a74ca101c3ee69d8
  custom:scripting/monoscript/fileName/FenceObjectProbability.cs:  -> 6343595a33ae4bae4dfe5422f9d8d088
  custom:scripting/monoscript/fileName/TerrainManagerEditor.cs:  -> 96e90f8a11fd2099d257ae8403b7b4a8
  custom:scripting/monoscript/fileName/Configuration.cs:  -> 03bb6f700be800150e2dbcdb818cc567
  custom:scripting/monoscript/fileName/TriangleFormat.cs:  -> 70763775d9afe7e5e8040439a2c34f72
  custom:scripting/monoscript/fileName/TerrainSplinesManager.cs:  -> be8de5ae7b4e47931683ac386238d0db
  custom:scripting/monoscript/fileName/BadSubseg.cs:  -> f47ce46585f6a1fcaff0dc39b6f863a2
  custom:scripting/monoscript/fileName/NmSplineSceneGUI.cs:  -> ae048bfd53a9f52e57466834fa5c6b89
  custom:scripting/monoscript/fileName/SimpleSplineEditor.cs:  -> 91bdcdaf149c1fd5241c63c22675df29
  custom:scripting/monoscript/fileName/ISegment.cs:  -> c4bf6faa442211f033d7c81c5640a8d5
  custom:scripting/monoscript/fileName/QualityOptions.cs:  -> 19eb8c7776fd3349245028ca6af0098d
  custom:scripting/monoscript/fileName/RamSplineConnection.cs:  -> dd60aeb36ee646ca9640eade37295307
  custom:scripting/monoscript/fileName/LakePolygonProfile.cs:  -> 11973a71acfaf77ecf22050ba5c9c2f9
  custom:scripting/monoscript/fileName/DcelMesh.cs:  -> 61de51f15db0e0a10ae35f40905158dc
  custom:scripting/monoscript/fileName/MeshColoring.cs:  -> ff39a70a9f7cc16c87663fcb4aedd80c
  custom:scripting/monoscript/fileName/VertexSorter.cs:  -> 4f3b7d9205f282280387257d251267af
  custom:scripting/monoscript/fileName/WaterfallConnectionUI.cs:  -> f3c06ebc2fbe37f35160974bb5d97790
  custom:scripting/monoscript/fileName/LayerMaskField.cs:  -> 1fb15544fe1608400b7e2e2e17866239
  custom:scripting/monoscript/fileName/NmSplineDataFenceScale.cs:  -> d96d279ec521ee06ddea329d22347178
  custom:scripting/monoscript/fileName/TriangleReader.cs:  -> ae8420f3e4c1d769abb2c05dc3cd6729
  custom:scripting/monoscript/fileName/Converter.cs:  -> 3f67ac40f42e73c297d5c74d0c69d62b
  custom:scripting/monoscript/fileName/VertexCirculator.cs:  -> f32c4559259ece1f026b2318fddb7367
  custom:scripting/monoscript/fileName/VertexPainterWindow.cs:  -> f6cc3cbf0dc1413a67d6e5874bbe88e1
  custom:scripting/monoscript/fileName/MeshValidator.cs:  -> 585656e769f216e656f5cb91032ff8fc
  custom:scripting/monoscript/fileName/TerrainPainterDataEditor.cs:  -> e36482caa2bbe01e842dab1f26c4a4a0
  custom:scripting/monoscript/fileName/RamSpline.cs:  -> 83579e90b3c538354cb208ce6c81f7f5
  custom:scripting/precompiled-assembly-types:RAM:  -> 10fa87551c21da3aaeeae017f3a22655
  custom:scripting/monoscript/fileName/ILog.cs:  -> 90647cc400823b41df847a6cbfc29026
  custom:scripting/monoscript/fileName/IProfile.cs:  -> 90647cc400823b41df847a6cbfc29026
  custom:scripting/monoscript/fileName/RamMath.cs:  -> e7218b45600b5a4ef6de38bc20cd6c40
  custom:scripting/monoscript/fileName/RamControlPoint.cs:  -> b630dc6eb75a9072f8f30ccd6fecedef
  custom:scripting/monoscript/fileName/NMSplineExporter.cs:  -> 7b4b42620a58bc25775424b2819f1f25
  custom:scripting/monoscript/fileName/SimpleVoronoi.cs:  -> ba2d900467a1abce492e43f548824441
  custom:scripting/monoscript/fileName/BoundedVoronoiLegacy.cs:  -> 4f7e8ab7a6804680587dd8aead16ea8a
  custom:scripting/monoscript/fileName/LakePolygonVegetationStudio.cs:  -> 170cfd61f88831868bd20ce4d56012c2
  custom:scripting/monoscript/fileName/SubSegment.cs:  -> dc75f9c943a7558ae8b0e3ff0e1dfd8f
  custom:scripting/monoscript/fileName/DemoConnectedRivers.cs:  -> 76d81c1cb71408c6e30889a07c8762d0
  custom:scripting/monoscript/fileName/CarveData.cs:  -> 0d0c48f378ee09bd39d37c5ae3c5e315
  custom:scripting/monoscript/fileName/RamBuoyancyEditor.cs:  -> 0f43073a18d09e56f45c831277869055
  custom:scripting/monoscript/fileName/LodSystemGenerator.cs:  -> 1ec35942186fc9b95b830bbc36157c9e
  custom:scripting/monoscript/fileName/Interpolation.cs:  -> 6334d25d84a4de8e1894d76d02667752
  custom:scripting/monoscript/fileName/VoronoiBase.cs:  -> 7851b31ab6d6cfeb7d86203acb443782
  custom:scripting/monoscript/fileName/TerrainConvexParametersDrawer.cs:  -> e360a44eedec2aff930b46145162ddf8
  custom:scripting/monoscript/fileName/Point.cs:  -> f8c3b117a472a58cc3130dac0a6d6f34
  custom:scripting/precompiled-assembly-types:RAMEditor:  -> a2e09260488de815b2078eeefef53f28
  custom:scripting/monoscript/fileName/ConstraintMesher.cs:  -> 29df5e9448e8af00cea9556178068509
  custom:scripting/monoscript/fileName/IVoronoi.cs:  -> e45108d75c81a6bfdf4d45f19821490f
  custom:scripting/monoscript/fileName/ReplaceCameraShader.cs:  -> dec6b4c70fc03b24d4f48b1b54d40c52
  custom:scripting/monoscript/fileName/RamBuoyancyArcadeEditor.cs:  -> 70ad18759996ef3bc9e65f05fe97ab50
  custom:scripting/monoscript/fileName/NmSplineManager.cs:  -> 12a1ca7d243f418d3a344d22bf456b87
  custom:scripting/monoscript/fileName/Statistic.cs:  -> 439411cdefb2225ef53ad04a418a02f9
  custom:scripting/monoscript/fileName/SplineProfile.cs:  -> 9e2bac77268850d3b5fd455dd07743b1
  custom:scripting/monoscript/fileName/ConstraintOptions.cs:  -> 910c99d28720ec94bc08d47beab2db3d
  custom:scripting/monoscript/fileName/RamBuoyancyArcade.cs:  -> 1b509383de0d9d43c66475cb5662a208
  custom:scripting/monoscript/fileName/SimpleSpline.cs:  -> 3f6b9174d214f94e8c0a929b5a6e074b
  custom:scripting/monoscript/fileName/SweepLine.cs:  -> 8533c3d3839e139d5f7f8b8e179df011
  custom:scripting/monoscript/fileName/NmSplineDataNoiseStrength.cs:  -> 78146271218ceede86ca663d9a5c3f58
  custom:scripting/monoscript/fileName/SplinesOverlay.cs:  -> 0985ff92caacb9b41401a6acdac25a7a
  custom:scripting/monoscript/fileName/ITerrainPainterGetData.cs:  -> 0342eccd47afb3fb1716c4ea65411d6b
  custom:scripting/monoscript/fileName/IPolygon.cs:  -> f3ae97fa732f51134e1ec3154321114c
  custom:scripting/monoscript/fileName/VoronoiFactory.cs:  -> fd019522fd8631e6cc04f4a0e8ef650f
  custom:scripting/monoscript/fileName/WaterfallProfileEditor.cs:  -> 26219e177fa4cb21fc43d29ca563028e
  custom:scripting/monoscript/fileName/RamTerrainManager.cs:  -> e5a8ea95c042b5423d3157e5f62491cf
  custom:scripting/monoscript/fileName/NmIconAttribute.cs:  -> e033c1319435af60ab211a4026a4f17a
  custom:scripting/monoscript/fileName/FenceObjectProbabilityExtensions.cs:  -> 92e696b98e1ea10dccf577439d4dc2b6
  custom:scripting/monoscript/fileName/TrianglePool.cs:  -> 2a7efc4eaaefdd57dd5a2718cdf2f68e
  custom:scripting/monoscript/fileName/TriangleWriter.cs:  -> d750261e20389d21e4cdc0674d67ee7b
  custom:scripting/monoscript/fileName/CuthillMcKee.cs:  -> b6f6e091d31f3159fd43fcaa4363b99c
  custom:scripting/monoscript/fileName/GPULodManager.cs:  -> da72555c87299a6855213db6eb8d740a
  custom:scripting/monoscript/fileName/Rectangle.cs:  -> 80afc2e2ba93f428d404a5219d210dda
  custom:scripting/monoscript/fileName/EdgeIterator.cs:  -> 2c563a33ab6e166775916c2e75e6c140
  custom:scripting/monoscript/fileName/MeshTriangulationToVertices.cs:  -> 1f8f5283a5d815faf29de8f10fd850a0
  custom:scripting/monoscript/fileName/DrawOnMesh.cs:  -> 3a5aa8666fa0fd2fad46f4bb1a001c5c
  custom:scripting/precompiled-assembly-types:TriangleDotNet:  -> a96e254ca4d10fdedb2d7f044483a53a
  custom:scripting/monoscript/fileName/Vertex.cs:  -> b5b70dfedf7d6886d54ba0bfaeaaaf8b
  custom:scripting/monoscript/fileName/NmSplineDataBase.cs:  -> ad1ee154ecb6193d45f22be1033283f5
  custom:scripting/monoscript/fileName/TerrainSpline.cs:  -> e8211c9af21e1cb94aafc53a8c9b0134
  custom:scripting/monoscript/fileName/Face.cs:  -> 5944acfc774a4ef29acaa002fd6e6f31
  custom:scripting/monoscript/fileName/IntersectionHelper.cs:  -> 0b86660eba9a449328c79c4b6323f360
  custom:scripting/monoscript/fileName/LightningUtility.cs:  -> d93eead1ab39af20f7f13fc4e00b560e
  custom:scripting/monoscript/fileName/LakeVertexColorGenerator.cs:  -> ad500c08b971b111539192ededc7bd56
  custom:scripting/monoscript/fileName/WaterfallEditor.cs:  -> 997460767cb76df35182c63efb673e4b
  custom:scripting/monoscript/fileName/RamConnectionUI.cs:  -> 23c45d6235fd60587f7c215453486da6
  custom:scripting/monoscript/fileName/BadTriQueue.cs:  -> 0394a2ae46632c8176957b80cd4acca4
  custom:scripting/monoscript/fileName/AdjacencyMatrix.cs:  -> 84c97bc22a3340b22ecdc68c3883a4bd
  custom:scripting/monoscript/fileName/LogoRamUi.cs:  -> ec515f2972842e7835285ce73dc0f293
  custom:scripting/monoscript/fileName/DebugWriter.cs:  -> 0a39ca1b731a0dfb11ea48d27c15ed21
  custom:scripting/monoscript/fileName/FenceMeshBender.cs:  -> ff8802b181f46938d7c7c2427dbbdd25
  custom:scripting/monoscript/fileName/TerrainSplinesManagerDataHolder.cs:  -> f8edef19445ae4995358a4020720c0af
  custom:scripting/monoscript/fileName/ITriangulator.cs:  -> ab2037f67287709c7be666de0d7eaeda
  custom:scripting/monoscript/fileName/LogItem.cs:  -> 79e68e10c7d4b23198832d3b607944b1
  custom:scripting/monoscript/fileName/LakeMeshPartGenerator.cs:  -> 846eab53b577a8f9a19c38e9a6817790
  custom:scripting/monoscript/fileName/Waterfall.cs:  -> 8f8d019d283f05e5b56d89f51a40c18c
  custom:scripting/monoscript/fileName/IFileFormat.cs:  -> 9180fd20b946718acb93222373988911
  custom:scripting/monoscript/fileName/IPredicates.cs:  -> 2c808f065b04eeea48ce6c61931a6c25
  custom:scripting/monoscript/fileName/VertexPainterData.cs:  -> d0339f505a51c1acd32e9ad3afb8c52d
  custom:scripting/monoscript/fileName/TerrainNoiseParameters.cs:  -> 7e93209c321aa4f60b2ae2eb1d331c6a
  custom:scripting/monoscript/fileName/DemoRamAPI.cs:  -> 59edf8f3be847da1d06f16a66f664288
  custom:scripting/monoscript/fileName/BoundedVoronoi.cs:  -> d54c89f28945e22e4990641ab66e8110
  custom:scripting/monoscript/fileName/Dwyer.cs:  -> 7a30e10382a1a86eb08a71b086597ec7
  custom:scripting/monoscript/fileName/QualityMeasure.cs:  -> e552e5f605a6206955836ac6cb0be67b
  custom:scripting/monoscript/fileName/NmSplinePoint.cs:  -> 5a2c8871400906d9d37e38ba04eaa785
  custom:scripting/monoscript/fileName/NmsVector2IntEqualityComparer.cs:  -> 37ae84b3f8d4386ae4ddb82c4721d86d
  custom:scripting/monoscript/fileName/ISmoother.cs:  -> d5e8a7647500b280546e8d62475ea07e
  custom:scripting/monoscript/fileName/RamBuoyancyCalculations.cs:  -> d7bb07f19d5bc9200f12650636c1319c
  custom:scripting/monoscript/fileName/TerrainPainterData.cs:  -> c792651ee48ca770c2cebc2b390b185e
  custom:scripting/monoscript/fileName/Osub.cs:  -> 94a5006af967a01524b23762d345c8d9
  custom:scripting/monoscript/fileName/RobustPredicates.cs:  -> 919bbe2e0892d184db9ab6332c8e83fe
  custom:scripting/monoscript/fileName/RamMeshPartGenerator.cs:  -> fcd6ef19c3748cdba3af4d15079a7028
  custom:scripting/monoscript/fileName/RamDebug.cs:  -> 70ecc379c0360faa9a5860214f1d1c75
  custom:scripting/monoscript/fileName/FenceProfileEditor.cs:  -> 6fe3cae3b83978f997081a047b1ee713
  custom:scripting/monoscript/fileName/RamSplineEditor.cs:  -> fee660ba4f70e108528356602f99fdc3
  custom:scripting/monoscript/fileName/NmSplineData.cs:  -> 90647cc400823b41df847a6cbfc29026
  custom:scripting/monoscript/fileName/LakePolygon.cs:  -> 818936427eace680f644a7f50aeea602
  custom:scripting/monoscript/fileName/WaterfallDebugger.cs:  -> 46e45e1354579cadc80fcfd79d931eff
  custom:scripting/monoscript/fileName/IMesh.cs:  -> 8c6975d47a518025626074ddc394e350
  custom:scripting/monoscript/fileName/RamSimulationGenerator.cs:  -> 3f17183083ac39e30f06a57ad8c62e8a
  custom:scripting/monoscript/fileName/SimpleSmoother.cs:  -> 8dfb5b41dc11054f2c90734df0b94be2
  custom:scripting/monoscript/fileName/RamPostProcessing.cs:  -> ddfa89f4a3d99e16f32b80d013a7ec82
========================================================================
Received Import Request.
  Time since last request: 537341.181388 seconds.
  path: Assets/CityGen3D/Textures/Terrain/Cobblestone.png
  artifactKey: Guid(d651dd935c24eb9419dcb790c977dbb0) Importer(815301076,1909f56bfc062723c751e8b465ee728b)
Start importing Assets/CityGen3D/Textures/Terrain/Cobblestone.png using Guid(d651dd935c24eb9419dcb790c977dbb0) Importer(815301076,1909f56bfc062723c751e8b465ee728b) [PhysX] Initialized MultithreadedTaskDispatcher with 16 workers.
[PhysX] Initialized MultithreadedTaskDispatcher with 16 workers.
 -> (artifact id: '540c78bcd711e8c8b83d229f5b2b3ac8') in 0.104533 seconds
Number of updated asset objects reloaded before import = 6
Number of asset objects unloaded after import = 2
========================================================================
Received Import Request.
  Time since last request: 0.000025 seconds.
  path: Assets/CityGen3D/Facades/Textures/Facade_Stone_01_albedo.png
  artifactKey: Guid(a4b0dcd00414c084e862149262032364) Importer(815301076,1909f56bfc062723c751e8b465ee728b)
Start importing Assets/CityGen3D/Facades/Textures/Facade_Stone_01_albedo.png using Guid(a4b0dcd00414c084e862149262032364) Importer(815301076,1909f56bfc062723c751e8b465ee728b) [PhysX] Initialized MultithreadedTaskDispatcher with 16 workers.
[PhysX] Initialized MultithreadedTaskDispatcher with 16 workers.
 -> (artifact id: '029acac2df029086bc826c192a11ad09') in 0.054474 seconds
Number of updated asset objects reloaded before import = 0
Number of asset objects unloaded after import = 2
========================================================================
Received Import Request.
  Time since last request: 0.000039 seconds.
  path: Assets/CityGen3D/Textures/Terrain/PavedStone_n.png
  artifactKey: Guid(de4723ec63280674e9fc277807c62df3) Importer(815301076,1909f56bfc062723c751e8b465ee728b)
Start importing Assets/CityGen3D/Textures/Terrain/PavedStone_n.png using Guid(de4723ec63280674e9fc277807c62df3) Importer(815301076,1909f56bfc062723c751e8b465ee728b) [PhysX] Initialized MultithreadedTaskDispatcher with 16 workers.
[PhysX] Initialized MultithreadedTaskDispatcher with 16 workers.
 -> (artifact id: 'a5916b161fe6beb66a12c9903e4ed91e') in 0.076077 seconds
Number of updated asset objects reloaded before import = 0
Number of asset objects unloaded after import = 2
========================================================================
Received Import Request.
  Time since last request: 0.000037 seconds.
  path: Assets/NatureManufacture Assets/Coast Environment/Foliage and Grass/Prefabs/Prefab_stonecrop_02.prefab
  artifactKey: Guid(b53e1f7d8f02d274ba798186458b5881) Importer(815301076,1909f56bfc062723c751e8b465ee728b)
Start importing Assets/NatureManufacture Assets/Coast Environment/Foliage and Grass/Prefabs/Prefab_stonecrop_02.prefab using Guid(b53e1f7d8f02d274ba798186458b5881) Importer(815301076,1909f56bfc062723c751e8b465ee728b) [PhysX] Initialized MultithreadedTaskDispatcher with 16 workers.
[PhysX] Initialized MultithreadedTaskDispatcher with 16 workers.
 -> (artifact id: 'af541865f05c8a5766769ce09ff9717c') in 3.022133 seconds
Number of updated asset objects reloaded before import = 0
Number of asset objects unloaded after import = 78
========================================================================
Received Import Request.
  Time since last request: 0.000069 seconds.
  path: Assets/NatureManufacture Assets/River Auto Material 3/Rock/Prefab_Test_River_stone_01_Wet2.prefab
  artifactKey: Guid(1d1585d6a21a6174cad107de0f2f2c9f) Importer(815301076,1909f56bfc062723c751e8b465ee728b)
Start importing Assets/NatureManufacture Assets/River Auto Material 3/Rock/Prefab_Test_River_stone_01_Wet2.prefab using Guid(1d1585d6a21a6174cad107de0f2f2c9f) Importer(815301076,1909f56bfc062723c751e8b465ee728b) [PhysX] Initialized MultithreadedTaskDispatcher with 16 workers.
[PhysX] Initialized MultithreadedTaskDispatcher with 16 workers.
 -> (artifact id: '464b8f17de41df45a440da1700177c5d') in 0.326225 seconds
Number of updated asset objects reloaded before import = 0
Number of asset objects unloaded after import = 30
========================================================================
Received Import Request.
  Time since last request: 0.000105 seconds.
  path: Assets/CityGen3D/Textures/Terrain/Cobblestone_mask.png
  artifactKey: Guid(9f2d15b52c0df1e49a35e5f5ce4d5e4c) Importer(815301076,1909f56bfc062723c751e8b465ee728b)
Start importing Assets/CityGen3D/Textures/Terrain/Cobblestone_mask.png using Guid(9f2d15b52c0df1e49a35e5f5ce4d5e4c) Importer(815301076,1909f56bfc062723c751e8b465ee728b) [PhysX] Initialized MultithreadedTaskDispatcher with 16 workers.
[PhysX] Initialized MultithreadedTaskDispatcher with 16 workers.
 -> (artifact id: 'c6a53ead5db9aaf0598f3338cbd5037b') in 0.031475 seconds
Number of updated asset objects reloaded before import = 0
Number of asset objects unloaded after import = 2
========================================================================
Received Import Request.
  Time since last request: 0.000071 seconds.
  path: Assets/NatureManufacture Assets/River Auto Material 3/Rock/Prefab_Test_River_stone_01_Wet.prefab
  artifactKey: Guid(293c159ce4cbe1d4a9e52449526598e3) Importer(815301076,1909f56bfc062723c751e8b465ee728b)
Start importing Assets/NatureManufacture Assets/River Auto Material 3/Rock/Prefab_Test_River_stone_01_Wet.prefab using Guid(293c159ce4cbe1d4a9e52449526598e3) Importer(815301076,1909f56bfc062723c751e8b465ee728b) [PhysX] Initialized MultithreadedTaskDispatcher with 16 workers.
[PhysX] Initialized MultithreadedTaskDispatcher with 16 workers.
 -> (artifact id: 'db56cb959fca7aa6903c01bcfd88b75d') in 0.052570 seconds
Number of updated asset objects reloaded before import = 0
Number of asset objects unloaded after import = 29
========================================================================
Received Import Request.
  Time since last request: 0.000058 seconds.
  path: Assets/NatureManufacture Assets/River Auto Material 3/Built_In_Particles/PBR/River_Noise(for stones) PBR.prefab
  artifactKey: Guid(34fc1dbf56ba1824a9a28a8a072d8ba2) Importer(815301076,1909f56bfc062723c751e8b465ee728b)
Start importing Assets/NatureManufacture Assets/River Auto Material 3/Built_In_Particles/PBR/River_Noise(for stones) PBR.prefab using Guid(34fc1dbf56ba1824a9a28a8a072d8ba2) Importer(815301076,1909f56bfc062723c751e8b465ee728b) [PhysX] Initialized MultithreadedTaskDispatcher with 16 workers.
[PhysX] Initialized MultithreadedTaskDispatcher with 16 workers.
Shader properties can't be added to this global property sheet. Trying to add _GrabTexture_ST (type 2 count 1)
UnityEngine.StackTraceUtility:ExtractStackTrace ()
UnityEngine.Rendering.ScriptableRenderContext:Submit_Internal ()
UnityEngine.Rendering.ScriptableRenderContext:Submit ()
UnityEngine.Rendering.HighDefinition.HDRenderPipeline:Render (UnityEngine.Rendering.ScriptableRenderContext,System.Collections.Generic.List`1<UnityEngine.Camera>) (at ./Library/PackageCache/com.unity.render-pipelines.high-definition@14.0.12/Runtime/RenderPipeline/HDRenderPipeline.cs:2202)
UnityEngine.Rendering.RenderPipeline:InternalRender (UnityEngine.Rendering.ScriptableRenderContext,System.Collections.Generic.List`1<UnityEngine.Camera>)
UnityEngine.Rendering.RenderPipelineManager:DoRenderLoop_Internal (UnityEngine.Rendering.RenderPipelineAsset,intptr,UnityEngine.Object,Unity.Collections.LowLevel.Unsafe.AtomicSafetyHandle)
UnityEditor.PreviewRenderUtility:Render (bool,bool)
UnityEditor.GameObjectInspector:DoRenderPreview (UnityEditor.GameObjectInspector/PreviewData)
UnityEditor.GameObjectInspector:RenderStaticPreview (string,UnityEngine.Object[],int,int)
UnityEditor.AssetPreviewUpdater:CreatePreview (UnityEngine.Object,UnityEngine.Object[],string,int,int)
UnityEditor.AssetPreviewUpdater:CreatePreviewForAsset (UnityEngine.Object,UnityEngine.Object[],string)

[./Library/PackageCache/com.unity.render-pipelines.high-definition@14.0.12/Runtime/RenderPipeline/HDRenderPipeline.cs line 2202]

Shader properties can't be added to this global property sheet. Trying to add _GrabTexture_TexelSize (type 2 count 1)
UnityEngine.StackTraceUtility:ExtractStackTrace ()
UnityEngine.Rendering.ScriptableRenderContext:Submit_Internal ()
UnityEngine.Rendering.ScriptableRenderContext:Submit ()
UnityEngine.Rendering.HighDefinition.HDRenderPipeline:Render (UnityEngine.Rendering.ScriptableRenderContext,System.Collections.Generic.List`1<UnityEngine.Camera>) (at ./Library/PackageCache/com.unity.render-pipelines.high-definition@14.0.12/Runtime/RenderPipeline/HDRenderPipeline.cs:2202)
UnityEngine.Rendering.RenderPipeline:InternalRender (UnityEngine.Rendering.ScriptableRenderContext,System.Collections.Generic.List`1<UnityEngine.Camera>)
UnityEngine.Rendering.RenderPipelineManager:DoRenderLoop_Internal (UnityEngine.Rendering.RenderPipelineAsset,intptr,UnityEngine.Object,Unity.Collections.LowLevel.Unsafe.AtomicSafetyHandle)
UnityEditor.PreviewRenderUtility:Render (bool,bool)
UnityEditor.GameObjectInspector:DoRenderPreview (UnityEditor.GameObjectInspector/PreviewData)
UnityEditor.GameObjectInspector:RenderStaticPreview (string,UnityEngine.Object[],int,int)
UnityEditor.AssetPreviewUpdater:CreatePreview (UnityEngine.Object,UnityEngine.Object[],string,int,int)
UnityEditor.AssetPreviewUpdater:CreatePreviewForAsset (UnityEngine.Object,UnityEngine.Object[],string)

[./Library/PackageCache/com.unity.render-pipelines.high-definition@14.0.12/Runtime/RenderPipeline/HDRenderPipeline.cs line 2202]

Shader properties can't be added to this global property sheet. Trying to add _GrabTexture_HDR (type 2 count 1)
UnityEngine.StackTraceUtility:ExtractStackTrace ()
UnityEngine.Rendering.ScriptableRenderContext:Submit_Internal ()
UnityEngine.Rendering.ScriptableRenderContext:Submit ()
UnityEngine.Rendering.HighDefinition.HDRenderPipeline:Render (UnityEngine.Rendering.ScriptableRenderContext,System.Collections.Generic.List`1<UnityEngine.Camera>) (at ./Library/PackageCache/com.unity.render-pipelines.high-definition@14.0.12/Runtime/RenderPipeline/HDRenderPipeline.cs:2202)
UnityEngine.Rendering.RenderPipeline:InternalRender (UnityEngine.Rendering.ScriptableRenderContext,System.Collections.Generic.List`1<UnityEngine.Camera>)
UnityEngine.Rendering.RenderPipelineManager:DoRenderLoop_Internal (UnityEngine.Rendering.RenderPipelineAsset,intptr,UnityEngine.Object,Unity.Collections.LowLevel.Unsafe.AtomicSafetyHandle)
UnityEditor.PreviewRenderUtility:Render (bool,bool)
UnityEditor.GameObjectInspector:DoRenderPreview (UnityEditor.GameObjectInspector/PreviewData)
UnityEditor.GameObjectInspector:RenderStaticPreview (string,UnityEngine.Object[],int,int)
UnityEditor.AssetPreviewUpdater:CreatePreview (UnityEngine.Object,UnityEngine.Object[],string,int,int)
UnityEditor.AssetPreviewUpdater:CreatePreviewForAsset (UnityEngine.Object,UnityEngine.Object[],string)

[./Library/PackageCache/com.unity.render-pipelines.high-definition@14.0.12/Runtime/RenderPipeline/HDRenderPipeline.cs line 2202]

Shader properties can't be added to this global property sheet. Trying to add _GrabTexture (type 4 count 1)
UnityEngine.StackTraceUtility:ExtractStackTrace ()
UnityEngine.Rendering.ScriptableRenderContext:Submit_Internal ()
UnityEngine.Rendering.ScriptableRenderContext:Submit ()
UnityEngine.Rendering.HighDefinition.HDRenderPipeline:Render (UnityEngine.Rendering.ScriptableRenderContext,System.Collections.Generic.List`1<UnityEngine.Camera>) (at ./Library/PackageCache/com.unity.render-pipelines.high-definition@14.0.12/Runtime/RenderPipeline/HDRenderPipeline.cs:2202)
UnityEngine.Rendering.RenderPipeline:InternalRender (UnityEngine.Rendering.ScriptableRenderContext,System.Collections.Generic.List`1<UnityEngine.Camera>)
UnityEngine.Rendering.RenderPipelineManager:DoRenderLoop_Internal (UnityEngine.Rendering.RenderPipelineAsset,intptr,UnityEngine.Object,Unity.Collections.LowLevel.Unsafe.AtomicSafetyHandle)
UnityEditor.PreviewRenderUtility:Render (bool,bool)
UnityEditor.GameObjectInspector:DoRenderPreview (UnityEditor.GameObjectInspector/PreviewData)
UnityEditor.GameObjectInspector:RenderStaticPreview (string,UnityEngine.Object[],int,int)
UnityEditor.AssetPreviewUpdater:CreatePreview (UnityEngine.Object,UnityEngine.Object[],string,int,int)
UnityEditor.AssetPreviewUpdater:CreatePreviewForAsset (UnityEngine.Object,UnityEngine.Object[],string)

[./Library/PackageCache/com.unity.render-pipelines.high-definition@14.0.12/Runtime/RenderPipeline/HDRenderPipeline.cs line 2202]

 -> (artifact id: '96c18d6010775168b563a7a642c6dd16') in 0.093799 seconds
Number of updated asset objects reloaded before import = 0
Number of asset objects unloaded after import = 11
========================================================================
Received Import Request.
  Time since last request: 0.000053 seconds.
  path: Assets/NatureManufacture Assets/Coast Environment/Foliage and Grass/Unity Terrain Prefabs/Prefab_stonecrop_02_Unity_Terrain.prefab
  artifactKey: Guid(1a9dd638915d81e45988537c410604f3) Importer(815301076,1909f56bfc062723c751e8b465ee728b)
Start importing Assets/NatureManufacture Assets/Coast Environment/Foliage and Grass/Unity Terrain Prefabs/Prefab_stonecrop_02_Unity_Terrain.prefab using Guid(1a9dd638915d81e45988537c410604f3) Importer(815301076,1909f56bfc062723c751e8b465ee728b) [PhysX] Initialized MultithreadedTaskDispatcher with 16 workers.
[PhysX] Initialized MultithreadedTaskDispatcher with 16 workers.
 -> (artifact id: 'b6424fcf9c635a51655fb01538985e70') in 0.113730 seconds
Number of updated asset objects reloaded before import = 0
Number of asset objects unloaded after import = 12
========================================================================
Received Import Request.
  Time since last request: 0.000056 seconds.
  path: Assets/NatureManufacture Assets/River Auto Material 3/Stone Wall/Prefab_Water_wall_stone_01.prefab
  artifactKey: Guid(8ceb9eabb3477dc4e97c99d721a648ce) Importer(815301076,1909f56bfc062723c751e8b465ee728b)
Start importing Assets/NatureManufacture Assets/River Auto Material 3/Stone Wall/Prefab_Water_wall_stone_01.prefab using Guid(8ceb9eabb3477dc4e97c99d721a648ce) Importer(815301076,1909f56bfc062723c751e8b465ee728b) [PhysX] Initialized MultithreadedTaskDispatcher with 16 workers.
[PhysX] Initialized MultithreadedTaskDispatcher with 16 workers.
 -> (artifact id: 'f65d08fc0626612ae1b9a4fd609f08d8') in 0.266832 seconds
Number of updated asset objects reloaded before import = 0
Number of asset objects unloaded after import = 63
========================================================================
Received Import Request.
  Time since last request: 0.000050 seconds.
  path: Assets/NatureManufacture Assets/River Auto Material 3/Rock/Materials/M_river_stone_01.mat
  artifactKey: Guid(06cc71a2104129849a9dcb90e2d72baf) Importer(815301076,1909f56bfc062723c751e8b465ee728b)
Start importing Assets/NatureManufacture Assets/River Auto Material 3/Rock/Materials/M_river_stone_01.mat using Guid(06cc71a2104129849a9dcb90e2d72baf) Importer(815301076,1909f56bfc062723c751e8b465ee728b) [PhysX] Initialized MultithreadedTaskDispatcher with 16 workers.
[PhysX] Initialized MultithreadedTaskDispatcher with 16 workers.
 -> (artifact id: '257645136e94659837cce496c5ed7449') in 0.065309 seconds
Number of updated asset objects reloaded before import = 0
Number of asset objects unloaded after import = 5
========================================================================
Received Import Request.
  Time since last request: 0.000076 seconds.
  path: Assets/CityGen3D/Facades/Materials/Facade Stone 01.mat
  artifactKey: Guid(7224bae59e3c2d24fa70ed53768b2ff4) Importer(815301076,1909f56bfc062723c751e8b465ee728b)
Start importing Assets/CityGen3D/Facades/Materials/Facade Stone 01.mat using Guid(7224bae59e3c2d24fa70ed53768b2ff4) Importer(815301076,1909f56bfc062723c751e8b465ee728b) [PhysX] Initialized MultithreadedTaskDispatcher with 16 workers.
[PhysX] Initialized MultithreadedTaskDispatcher with 16 workers.
 -> (artifact id: '3299cc708a6348ec71de5798fd34b14c') in 0.110046 seconds
Number of updated asset objects reloaded before import = 0
Number of asset objects unloaded after import = 7
========================================================================
Received Import Request.
  Time since last request: 0.000042 seconds.
  path: Assets/CityGen3D/Facades/Textures/Facade_Stone_01_normal.png
  artifactKey: Guid(db63cb1a1ea796d4991f3e984a276d06) Importer(815301076,1909f56bfc062723c751e8b465ee728b)
Start importing Assets/CityGen3D/Facades/Textures/Facade_Stone_01_normal.png using Guid(db63cb1a1ea796d4991f3e984a276d06) Importer(815301076,1909f56bfc062723c751e8b465ee728b) [PhysX] Initialized MultithreadedTaskDispatcher with 16 workers.
[PhysX] Initialized MultithreadedTaskDispatcher with 16 workers.
 -> (artifact id: 'f00c4379c334b8b9dfa069ebeb5e8c11') in 0.046610 seconds
Number of updated asset objects reloaded before import = 0
Number of asset objects unloaded after import = 2
========================================================================
Received Import Request.
  Time since last request: 0.000041 seconds.
  path: Assets/NatureManufacture Assets/River Auto Material 3/Stone Wall/Materials/M_water_wall_stones.mat
  artifactKey: Guid(8d04760b7b4ed6744a05e54b924dce21) Importer(815301076,1909f56bfc062723c751e8b465ee728b)
Start importing Assets/NatureManufacture Assets/River Auto Material 3/Stone Wall/Materials/M_water_wall_stones.mat using Guid(8d04760b7b4ed6744a05e54b924dce21) Importer(815301076,1909f56bfc062723c751e8b465ee728b) [PhysX] Initialized MultithreadedTaskDispatcher with 16 workers.
[PhysX] Initialized MultithreadedTaskDispatcher with 16 workers.
 -> (artifact id: 'baf8e32969be3373af1b51b89669a969') in 0.101270 seconds
Number of updated asset objects reloaded before import = 0
Number of asset objects unloaded after import = 5
========================================================================
Received Import Request.
  Time since last request: 0.000060 seconds.
  path: Assets/NatureManufacture Assets/Coast Environment/Foliage and Grass/Prefabs/prefab_stonecrop_01.prefab
  artifactKey: Guid(9f4353993a7a660478bc62c28c4e0930) Importer(815301076,1909f56bfc062723c751e8b465ee728b)
Start importing Assets/NatureManufacture Assets/Coast Environment/Foliage and Grass/Prefabs/prefab_stonecrop_01.prefab using Guid(9f4353993a7a660478bc62c28c4e0930) Importer(815301076,1909f56bfc062723c751e8b465ee728b) [PhysX] Initialized MultithreadedTaskDispatcher with 16 workers.
[PhysX] Initialized MultithreadedTaskDispatcher with 16 workers.
 -> (artifact id: '636a904b9b415fe788fb0ca51d7a7806') in 0.113065 seconds
Number of updated asset objects reloaded before import = 0
Number of asset objects unloaded after import = 13
========================================================================
Received Import Request.
  Time since last request: 0.000048 seconds.
  path: Assets/CityGen3D/Materials/Terrain/PavedStone.mat
  artifactKey: Guid(fbafde70391399d45a80e5cfed5615ff) Importer(815301076,1909f56bfc062723c751e8b465ee728b)
Start importing Assets/CityGen3D/Materials/Terrain/PavedStone.mat using Guid(fbafde70391399d45a80e5cfed5615ff) Importer(815301076,1909f56bfc062723c751e8b465ee728b) [PhysX] Initialized MultithreadedTaskDispatcher with 16 workers.
[PhysX] Initialized MultithreadedTaskDispatcher with 16 workers.
 -> (artifact id: 'ba89c311c6ab47af44a5186bd7faeeb5') in 0.034509 seconds
Number of updated asset objects reloaded before import = 0
Number of asset objects unloaded after import = 4
========================================================================
Received Import Request.
  Time since last request: 7.372545 seconds.
  path: Assets/CityGen3D/Textures/Roof/roof_stone.png
  artifactKey: Guid(f753ca9ef2acd84499edb0508860b642) Importer(815301076,1909f56bfc062723c751e8b465ee728b)
Start importing Assets/CityGen3D/Textures/Roof/roof_stone.png using Guid(f753ca9ef2acd84499edb0508860b642) Importer(815301076,1909f56bfc062723c751e8b465ee728b) [PhysX] Initialized MultithreadedTaskDispatcher with 16 workers.
[PhysX] Initialized MultithreadedTaskDispatcher with 16 workers.
 -> (artifact id: 'dd1c49333e2c9ec948a5b4d01a54bbb8') in 0.024966 seconds
Number of updated asset objects reloaded before import = 0
Number of asset objects unloaded after import = 2
========================================================================
Received Import Request.
  Time since last request: 0.000043 seconds.
  path: Assets/CityGen3D/Textures/Roof/roof_stone_mask.png
  artifactKey: Guid(e8776c2413d41234c9f204c78aac3be1) Importer(815301076,1909f56bfc062723c751e8b465ee728b)
Start importing Assets/CityGen3D/Textures/Roof/roof_stone_mask.png using Guid(e8776c2413d41234c9f204c78aac3be1) Importer(815301076,1909f56bfc062723c751e8b465ee728b) [PhysX] Initialized MultithreadedTaskDispatcher with 16 workers.
[PhysX] Initialized MultithreadedTaskDispatcher with 16 workers.
 -> (artifact id: '59192dfc38d90a4c48df84b1c5a020cf') in 0.025500 seconds
Number of updated asset objects reloaded before import = 0
Number of asset objects unloaded after import = 2
========================================================================
Received Import Request.
  Time since last request: 0.000062 seconds.
  path: Assets/Stylized Stone/model/Solitary_Stone_002.fbx
  artifactKey: Guid(77f1543f8e6d40c45babc579aa073298) Importer(815301076,1909f56bfc062723c751e8b465ee728b)
Start importing Assets/Stylized Stone/model/Solitary_Stone_002.fbx using Guid(77f1543f8e6d40c45babc579aa073298) Importer(815301076,1909f56bfc062723c751e8b465ee728b) [PhysX] Initialized MultithreadedTaskDispatcher with 16 workers.
[PhysX] Initialized MultithreadedTaskDispatcher with 16 workers.
[PhysX] Initialized MultithreadedTaskDispatcher with 16 workers.
[PhysX] Initialized MultithreadedTaskDispatcher with 16 workers.
[PhysX] Initialized MultithreadedTaskDispatcher with 16 workers.
[PhysX] Initialized MultithreadedTaskDispatcher with 16 workers.
[PhysX] Initialized MultithreadedTaskDispatcher with 16 workers.
[PhysX] Initialized MultithreadedTaskDispatcher with 16 workers.
[PhysX] Initialized MultithreadedTaskDispatcher with 16 workers.
 -> (artifact id: '7b96bdf3bbb96d5a81d4f9a2a5c81c3a') in 0.265379 seconds
Number of updated asset objects reloaded before import = 0
Number of asset objects unloaded after import = 21
========================================================================
Received Import Request.
  Time since last request: 0.000072 seconds.
  path: Assets/SteamVR/InteractionSystem/Samples/Models/Materials/No Name.mat
  artifactKey: Guid(d35a9f69ebf49c547abfcb58ee6fb9ed) Importer(2089858483,0ecaa5967403d082aa24f35e1b516d23)
Start importing Assets/SteamVR/InteractionSystem/Samples/Models/Materials/No Name.mat using Guid(d35a9f69ebf49c547abfcb58ee6fb9ed) Importer(2089858483,0ecaa5967403d082aa24f35e1b516d23) [PhysX] Initialized MultithreadedTaskDispatcher with 16 workers.

=================================================================
	Native Crash Reporting
=================================================================
Got a UNKNOWN while executing native code. This usually indicates
a fatal error in the mono runtime or one of the native libraries 
used by your application.
=================================================================

=================================================================
	Managed Stacktrace:
=================================================================
	  at <unknown> <0xffffffff>
	  at System.Reflection.RuntimePropertyInfo:internal_from_handle_type <0x000c7>
	  at System.Reflection.RuntimePropertyInfo:GetPropertyFromHandle <0x001c2>
	  at System.RuntimeType:GetPropertiesByName <0x00432>
	  at System.RuntimeType:GetPropertyCandidates <0x0015a>
	  at System.RuntimeType:GetProperties <0x000b2>
	  at System.Type:GetProperties <0x00071>
	  at <>c:<GetMaterialReferenceLookup>b__2_0 <0x0007a>
	  at WhereEnumerableIterator`1:MoveNext <0x00218>
	  at UnityEditor.Rendering.Universal.MaterialReferenceBuilder:GetMaterialReferenceLookup <0x008fe>
	  at UnityEditor.Rendering.Universal.MaterialReferenceBuilder:.cctor <0x0009a>
	  at System.Object:runtime_invoke_void <0x00184>
	  at <unknown> <0xffffffff>
	  at System.Object:__icall_wrapper_mono_generic_class_init <0x000c2>
	  at UnityEditor.Rendering.Universal.ConversionIndexers:ConversionIndexer <0x0012a>
	  at <Module>:invoke_void_CustomObjectIndexerTarget_ObjectIndexer <0x0038c>
	  at UnityEditor.Search.ObjectIndexer:CallCustomIndexers <0x00c19>
	  at UnityEditor.Search.ObjectIndexer:IndexCustomProperties <0x00232>
	  at UnityEditor.Search.AssetIndexer:IndexProperties <0x002b2>
	  at UnityEditor.Search.AssetIndexer:IndexDocument <0x024aa>
	  at UnityEditor.Search.SearchIndexEntryImporter:OnImportAsset <0x00296>
	  at UnityEditor.AssetImporters.ScriptedImporter:GenerateAssetData <0x00084>
	  at <Module>:runtime_invoke_void__this___object <0x0018d>
=================================================================
 -> (artifact id: 'e4c4a19578f9b1388182a92df35f39d1') in 0.465440 seconds
Number of updated asset objects reloaded before import = 0
Number of asset objects unloaded after import = 4
========================================================================
Received Import Request.
  Time since last request: 0.000054 seconds.
  path: Assets/HDRP_Oak_Tree/Models/Oak/Oak_1_3.fbx
  artifactKey: Guid(75fe2d13c7926c14aae14bdd6f7822d1) Importer(2089858483,0ecaa5967403d082aa24f35e1b516d23)
Start importing Assets/HDRP_Oak_Tree/Models/Oak/Oak_1_3.fbx using Guid(75fe2d13c7926c14aae14bdd6f7822d1) Importer(2089858483,0ecaa5967403d082aa24f35e1b516d23) [PhysX] Initialized MultithreadedTaskDispatcher with 16 workers.
 -> (artifact id: '343b7aa57944c6d07751a64c21106cc0') in 0.163633 seconds
Number of updated asset objects reloaded before import = 0
Number of asset objects unloaded after import = 7
========================================================================
Received Import Request.
  Time since last request: 0.001045 seconds.
  path: Assets/Animated Trees Package/Textures/pine_bark_1_normal.png
  artifactKey: Guid(4b73c8738a5e2624c865c3ecbb6b6e43) Importer(2089858483,0ecaa5967403d082aa24f35e1b516d23)
Start importing Assets/Animated Trees Package/Textures/pine_bark_1_normal.png using Guid(4b73c8738a5e2624c865c3ecbb6b6e43) Importer(2089858483,0ecaa5967403d082aa24f35e1b516d23) [PhysX] Initialized MultithreadedTaskDispatcher with 16 workers.
 -> (artifact id: 'c9275813f457292b119cac0d0c84318d') in 0.149954 seconds
Number of updated asset objects reloaded before import = 0
Number of asset objects unloaded after import = 1
========================================================================
Received Import Request.
  Time since last request: 0.000038 seconds.
  path: Assets/TemplateRoot.cs
  artifactKey: Guid(530eec8f2b8d43f4c8ddcee4c3f81b1f) Importer(2089858483,0ecaa5967403d082aa24f35e1b516d23)
Start importing Assets/TemplateRoot.cs using Guid(530eec8f2b8d43f4c8ddcee4c3f81b1f) Importer(2089858483,0ecaa5967403d082aa24f35e1b516d23) [PhysX] Initialized MultithreadedTaskDispatcher with 16 workers.
 -> (artifact id: 'cd4634bb4cf3fe67cbf5a13bba95aa3a') in 0.025969 seconds
Number of updated asset objects reloaded before import = 0
Number of asset objects unloaded after import = 1
========================================================================
Received Import Request.
  Time since last request: 0.000051 seconds.
  path: Assets/Animated Trees Package/Prefabs/Animated/Pines
  artifactKey: Guid(8d7ce647fe85b6846beddf93fc81af32) Importer(2089858483,0ecaa5967403d082aa24f35e1b516d23)
Start importing Assets/Animated Trees Package/Prefabs/Animated/Pines using Guid(8d7ce647fe85b6846beddf93fc81af32) Importer(2089858483,0ecaa5967403d082aa24f35e1b516d23) [PhysX] Initialized MultithreadedTaskDispatcher with 16 workers.
 -> (artifact id: '918ae3b6c9018cc95962e3f141eee0ca') in 0.024034 seconds
Number of updated asset objects reloaded before import = 0
Number of asset objects unloaded after import = 1
========================================================================
Received Import Request.
  Time since last request: 0.000034 seconds.
  path: Assets/DA/Forest_Tree/Texture_And_Materials/Bark/DA_Forest_Tree_Bark_Autmn.mat
  artifactKey: Guid(4ac0dd1271e17c84ca78e82d2514f02c) Importer(2089858483,0ecaa5967403d082aa24f35e1b516d23)
Start importing Assets/DA/Forest_Tree/Texture_And_Materials/Bark/DA_Forest_Tree_Bark_Autmn.mat using Guid(4ac0dd1271e17c84ca78e82d2514f02c) Importer(2089858483,0ecaa5967403d082aa24f35e1b516d23) [PhysX] Initialized MultithreadedTaskDispatcher with 16 workers.
 -> (artifact id: '5b3fd76fc9efceb6a5fdb535f69ce8d8') in 0.173358 seconds
Number of updated asset objects reloaded before import = 0
Number of asset objects unloaded after import = 4
========================================================================
Received Import Request.
  Time since last request: 0.000051 seconds.
  path: Assets/Animated Trees Package/HDRP Materials.unitypackage
  artifactKey: Guid(d4a5b5cf1042c3245b0c1c820203cd29) Importer(2089858483,0ecaa5967403d082aa24f35e1b516d23)
Start importing Assets/Animated Trees Package/HDRP Materials.unitypackage using Guid(d4a5b5cf1042c3245b0c1c820203cd29) Importer(2089858483,0ecaa5967403d082aa24f35e1b516d23) [PhysX] Initialized MultithreadedTaskDispatcher with 16 workers.
 -> (artifact id: 'f68f6390777fab01c3f6b9523a940b72') in 0.017944 seconds
Number of updated asset objects reloaded before import = 0
Number of asset objects unloaded after import = 1
========================================================================
Received Import Request.
  Time since last request: 0.000050 seconds.
  path: Assets/HDRPDefaultResources/New HDRenderPipelineAsset.asset
  artifactKey: Guid(e1d4c0288da01ed47b839c6a0f2c05a7) Importer(2089858483,0ecaa5967403d082aa24f35e1b516d23)
Start importing Assets/HDRPDefaultResources/New HDRenderPipelineAsset.asset using Guid(e1d4c0288da01ed47b839c6a0f2c05a7) Importer(2089858483,0ecaa5967403d082aa24f35e1b516d23) [PhysX] Initialized MultithreadedTaskDispatcher with 16 workers.
 -> (artifact id: 'c2482db6c19ef233b2dcac4945eded6c') in 0.184136 seconds
Number of updated asset objects reloaded before import = 0
Number of asset objects unloaded after import = 1
========================================================================
Received Import Request.
  Time since last request: 0.000064 seconds.
  path: Assets/Scripts/ExperimentManager.cs
  artifactKey: Guid(e67c483567e561d4f9701c7ac7b8c47b) Importer(2089858483,0ecaa5967403d082aa24f35e1b516d23)
Start importing Assets/Scripts/ExperimentManager.cs using Guid(e67c483567e561d4f9701c7ac7b8c47b) Importer(2089858483,0ecaa5967403d082aa24f35e1b516d23) [PhysX] Initialized MultithreadedTaskDispatcher with 16 workers.
 -> (artifact id: '7149375d36592eaa5790e204fa6139d2') in 0.019680 seconds
Number of updated asset objects reloaded before import = 0
Number of asset objects unloaded after import = 1
========================================================================
Received Import Request.
  Time since last request: 0.000044 seconds.
  path: Assets/Animated Trees Package/Textures/oak_leaves_normal.png
  artifactKey: Guid(534bacb83936a844eba626ed0b548048) Importer(2089858483,0ecaa5967403d082aa24f35e1b516d23)
Start importing Assets/Animated Trees Package/Textures/oak_leaves_normal.png using Guid(534bacb83936a844eba626ed0b548048) Importer(2089858483,0ecaa5967403d082aa24f35e1b516d23) [PhysX] Initialized MultithreadedTaskDispatcher with 16 workers.
 -> (artifact id: 'abc23aaf67564f7e924f217d9854019c') in 0.047870 seconds
Number of updated asset objects reloaded before import = 0
Number of asset objects unloaded after import = 1
========================================================================
Received Import Request.
  Time since last request: 0.000039 seconds.
  path: Assets/DA/Forest_Tree/Texture_And_Materials/Bark/Bark_GreenVariant.tif
  artifactKey: Guid(29d3a74e312e233468eaf6e15ecdf15e) Importer(2089858483,0ecaa5967403d082aa24f35e1b516d23)
Start importing Assets/DA/Forest_Tree/Texture_And_Materials/Bark/Bark_GreenVariant.tif using Guid(29d3a74e312e233468eaf6e15ecdf15e) Importer(2089858483,0ecaa5967403d082aa24f35e1b516d23) [PhysX] Initialized MultithreadedTaskDispatcher with 16 workers.
 -> (artifact id: 'a7028921a1b32e2fbfc19275293d4c39') in 0.075803 seconds
Number of updated asset objects reloaded before import = 0
Number of asset objects unloaded after import = 1
========================================================================
Received Import Request.
  Time since last request: 0.000151 seconds.
  path: Assets/Animated Trees Package/Textures/stump_color.png
  artifactKey: Guid(c6d4ae21ffc18304b9ee57267e4a39cf) Importer(2089858483,0ecaa5967403d082aa24f35e1b516d23)
Start importing Assets/Animated Trees Package/Textures/stump_color.png using Guid(c6d4ae21ffc18304b9ee57267e4a39cf) Importer(2089858483,0ecaa5967403d082aa24f35e1b516d23) [PhysX] Initialized MultithreadedTaskDispatcher with 16 workers.
 -> (artifact id: '365979dd160cd247359828853e570e2d') in 0.037322 seconds
Number of updated asset objects reloaded before import = 0
Number of asset objects unloaded after import = 1
========================================================================
Received Import Request.
  Time since last request: 0.000044 seconds.
  path: Assets/Scripts/AudioManager.cs
  artifactKey: Guid(1dddc4d1975a6e34fb1c9e500fdef820) Importer(2089858483,0ecaa5967403d082aa24f35e1b516d23)
Start importing Assets/Scripts/AudioManager.cs using Guid(1dddc4d1975a6e34fb1c9e500fdef820) Importer(2089858483,0ecaa5967403d082aa24f35e1b516d23) [PhysX] Initialized MultithreadedTaskDispatcher with 16 workers.
 -> (artifact id: '7ae7bff13a751aacd2ffa7cf0e0134cc') in 0.022127 seconds
Number of updated asset objects reloaded before import = 0
Number of asset objects unloaded after import = 1
========================================================================
Received Import Request.
  Time since last request: 0.000037 seconds.
  path: Assets/Animated Trees Package/Prefabs/Animated/Beeches/Beech 2.prefab
  artifactKey: Guid(88b3d404f76f68447ace4d55e4284fc7) Importer(2089858483,0ecaa5967403d082aa24f35e1b516d23)
Start importing Assets/Animated Trees Package/Prefabs/Animated/Beeches/Beech 2.prefab using Guid(88b3d404f76f68447ace4d55e4284fc7) Importer(2089858483,0ecaa5967403d082aa24f35e1b516d23) [PhysX] Initialized MultithreadedTaskDispatcher with 16 workers.
 -> (artifact id: '6b036ac5127fa8916cdf620f6720669a') in 0.055607 seconds
Number of updated asset objects reloaded before import = 0
Number of asset objects unloaded after import = 271
========================================================================
Received Import Request.
  Time since last request: 0.000041 seconds.
  path: Assets/XR/Settings/OpenXR Package Settings.asset
  artifactKey: Guid(14997605ff698ad4bbbebd3332764d40) Importer(2089858483,0ecaa5967403d082aa24f35e1b516d23)
Start importing Assets/XR/Settings/OpenXR Package Settings.asset using Guid(14997605ff698ad4bbbebd3332764d40) Importer(2089858483,0ecaa5967403d082aa24f35e1b516d23) [PhysX] Initialized MultithreadedTaskDispatcher with 16 workers.
 -> (artifact id: 'ad47d933bf2b4bb72c68bdebd6ac69b9') in 0.284475 seconds
Number of updated asset objects reloaded before import = 0
Number of asset objects unloaded after import = 1
========================================================================
Received Import Request.
  Time since last request: 0.000038 seconds.
  path: Assets/Animated Trees Package/Models/Acacias/acacia_5.controller
  artifactKey: Guid(620fe1a92fe86704685ef5ce05da950f) Importer(2089858483,0ecaa5967403d082aa24f35e1b516d23)
Start importing Assets/Animated Trees Package/Models/Acacias/acacia_5.controller using Guid(620fe1a92fe86704685ef5ce05da950f) Importer(2089858483,0ecaa5967403d082aa24f35e1b516d23) [PhysX] Initialized MultithreadedTaskDispatcher with 16 workers.
 -> (artifact id: 'be015b69f3a3cd31228ec422c860fae2') in 0.024872 seconds
Number of updated asset objects reloaded before import = 0
Number of asset objects unloaded after import = 4
========================================================================
Received Import Request.
  Time since last request: 0.000067 seconds.
  path: Assets/Animated Trees Package/Textures/maple_leaves_1_normal.png
  artifactKey: Guid(be9f41ed0ffcd534aac6d3cae5ee44a1) Importer(2089858483,0ecaa5967403d082aa24f35e1b516d23)
Start importing Assets/Animated Trees Package/Textures/maple_leaves_1_normal.png using Guid(be9f41ed0ffcd534aac6d3cae5ee44a1) Importer(2089858483,0ecaa5967403d082aa24f35e1b516d23) [PhysX] Initialized MultithreadedTaskDispatcher with 16 workers.
 -> (artifact id: 'beb198ee3cfc0701f721d520f172a26e') in 0.043256 seconds
Number of updated asset objects reloaded before import = 0
Number of asset objects unloaded after import = 1
========================================================================
Received Import Request.
  Time since last request: 0.000046 seconds.
  path: Assets/DA/Forest_Tree/Model/DA_Forest_Tree_491_Tris.FBX
  artifactKey: Guid(ad843e3c378a1294f91eef96e447c158) Importer(2089858483,0ecaa5967403d082aa24f35e1b516d23)
Start importing Assets/DA/Forest_Tree/Model/DA_Forest_Tree_491_Tris.FBX using Guid(ad843e3c378a1294f91eef96e447c158) Importer(2089858483,0ecaa5967403d082aa24f35e1b516d23) [PhysX] Initialized MultithreadedTaskDispatcher with 16 workers.
 -> (artifact id: 'd56b07e81f8fdee594fa44efa9310fa5') in 0.075684 seconds
Number of updated asset objects reloaded before import = 0
Number of asset objects unloaded after import = 30
========================================================================
Received Import Request.
  Time since last request: 0.000047 seconds.
  path: Assets/Animated Trees Package/Textures/spruce_bark_2_color.png
  artifactKey: Guid(47577ddbdb9d7b344bb7fa298c183a7a) Importer(2089858483,0ecaa5967403d082aa24f35e1b516d23)
Start importing Assets/Animated Trees Package/Textures/spruce_bark_2_color.png using Guid(47577ddbdb9d7b344bb7fa298c183a7a) Importer(2089858483,0ecaa5967403d082aa24f35e1b516d23) [PhysX] Initialized MultithreadedTaskDispatcher with 16 workers.
 -> (artifact id: '6d96929502ffc773733d21072ba8b467') in 0.041747 seconds
Number of updated asset objects reloaded before import = 0
Number of asset objects unloaded after import = 1
========================================================================
Received Import Request.
  Time since last request: 0.000048 seconds.
  path: Assets/Animated Trees Package/Prefabs/Animated/Birches/Birch 3.prefab
  artifactKey: Guid(086a25ca56b414c4897356965fd13f57) Importer(2089858483,0ecaa5967403d082aa24f35e1b516d23)
Start importing Assets/Animated Trees Package/Prefabs/Animated/Birches/Birch 3.prefab using Guid(086a25ca56b414c4897356965fd13f57) Importer(2089858483,0ecaa5967403d082aa24f35e1b516d23) [PhysX] Initialized MultithreadedTaskDispatcher with 16 workers.
 -> (artifact id: '43cfd3bc9ba9749f7d0a504a474b992c') in 0.048765 seconds
Number of updated asset objects reloaded before import = 0
Number of asset objects unloaded after import = 275
========================================================================
Received Import Request.
  Time since last request: 0.000037 seconds.
  path: Assets/Animated Trees Package/Textures/fir_leaves_normal.png
  artifactKey: Guid(357e146be42193a48b49ecbe50243edc) Importer(2089858483,0ecaa5967403d082aa24f35e1b516d23)
Start importing Assets/Animated Trees Package/Textures/fir_leaves_normal.png using Guid(357e146be42193a48b49ecbe50243edc) Importer(2089858483,0ecaa5967403d082aa24f35e1b516d23) [PhysX] Initialized MultithreadedTaskDispatcher with 16 workers.
 -> (artifact id: '8a3f6c612fbc98ec2948b7d955ae2c72') in 0.044520 seconds
Number of updated asset objects reloaded before import = 0
Number of asset objects unloaded after import = 1
========================================================================
Received Import Request.
  Time since last request: 0.000058 seconds.
  path: Assets/DA/Forest_Tree/Prefab/Summer/DA_Forest_Tree_436_Tris.prefab
  artifactKey: Guid(cbfe5cb7ff95c4540a316ef9fce7008c) Importer(2089858483,0ecaa5967403d082aa24f35e1b516d23)
Start importing Assets/DA/Forest_Tree/Prefab/Summer/DA_Forest_Tree_436_Tris.prefab using Guid(cbfe5cb7ff95c4540a316ef9fce7008c) Importer(2089858483,0ecaa5967403d082aa24f35e1b516d23) [PhysX] Initialized MultithreadedTaskDispatcher with 16 workers.
 -> (artifact id: 'c2440540158367c87568af455c98c75d') in 0.052039 seconds
Number of updated asset objects reloaded before import = 0
Number of asset objects unloaded after import = 30
========================================================================
Received Import Request.
  Time since last request: 0.000069 seconds.
  path: Assets/Animated Trees Package/Materials/Billboards/birch_3_billboard.mat
  artifactKey: Guid(0d0822e212bd95a44bf529cc90b82b93) Importer(2089858483,0ecaa5967403d082aa24f35e1b516d23)
Start importing Assets/Animated Trees Package/Materials/Billboards/birch_3_billboard.mat using Guid(0d0822e212bd95a44bf529cc90b82b93) Importer(2089858483,0ecaa5967403d082aa24f35e1b516d23) [PhysX] Initialized MultithreadedTaskDispatcher with 16 workers.
 -> (artifact id: '41f7e3c6d434fcb05ab4a0c7b2d85dee') in 0.043640 seconds
Number of updated asset objects reloaded before import = 0
Number of asset objects unloaded after import = 3
========================================================================
Received Import Request.
  Time since last request: 0.000040 seconds.
  path: Assets/Animated Trees Package/Models/Junipers/juniper_2.fbx
  artifactKey: Guid(f73576a8b2a96c641ad588f21b28c017) Importer(2089858483,0ecaa5967403d082aa24f35e1b516d23)
Start importing Assets/Animated Trees Package/Models/Junipers/juniper_2.fbx using Guid(f73576a8b2a96c641ad588f21b28c017) Importer(2089858483,0ecaa5967403d082aa24f35e1b516d23) [PhysX] Initialized MultithreadedTaskDispatcher with 16 workers.
 -> (artifact id: '1001f74339b559c68f172061ac69a12c') in 0.094710 seconds
Number of updated asset objects reloaded before import = 0
Number of asset objects unloaded after import = 92
========================================================================
Received Import Request.
  Time since last request: 0.000040 seconds.
  path: Assets/DA/Forest_Tree/Texture_And_Materials/Leave/Demi/DA_Forest_Tree_Leave_DemiLOD.mat
  artifactKey: Guid(8931e27f447fa3e4a960f3c0e8fa6ae8) Importer(2089858483,0ecaa5967403d082aa24f35e1b516d23)
Start importing Assets/DA/Forest_Tree/Texture_And_Materials/Leave/Demi/DA_Forest_Tree_Leave_DemiLOD.mat using Guid(8931e27f447fa3e4a960f3c0e8fa6ae8) Importer(2089858483,0ecaa5967403d082aa24f35e1b516d23) [PhysX] Initialized MultithreadedTaskDispatcher with 16 workers.
 -> (artifact id: '37b5b37db9134c990c2add8407ab49a9') in 0.724610 seconds
Number of updated asset objects reloaded before import = 0
Number of asset objects unloaded after import = 5
========================================================================
Received Import Request.
  Time since last request: 0.000043 seconds.
  path: Assets/Animated Trees Package/Models/Maples/maple_1.fbx
  artifactKey: Guid(6458b9d146101cd42a9c0a997c29a128) Importer(2089858483,0ecaa5967403d082aa24f35e1b516d23)
Start importing Assets/Animated Trees Package/Models/Maples/maple_1.fbx using Guid(6458b9d146101cd42a9c0a997c29a128) Importer(2089858483,0ecaa5967403d082aa24f35e1b516d23) [PhysX] Initialized MultithreadedTaskDispatcher with 16 workers.
 -> (artifact id: 'c7b032c47985dd91b930c499caa2bbad') in 0.084434 seconds
Number of updated asset objects reloaded before import = 0
Number of asset objects unloaded after import = 139
========================================================================
Received Import Request.
  Time since last request: 0.000054 seconds.
  path: Assets/Animated Trees Package/Textures/billboards/maple_1_billboard_color.png
  artifactKey: Guid(5da74ce025d636b4a83282e71900a8ad) Importer(2089858483,0ecaa5967403d082aa24f35e1b516d23)
Start importing Assets/Animated Trees Package/Textures/billboards/maple_1_billboard_color.png using Guid(5da74ce025d636b4a83282e71900a8ad) Importer(2089858483,0ecaa5967403d082aa24f35e1b516d23) [PhysX] Initialized MultithreadedTaskDispatcher with 16 workers.
 -> (artifact id: '168880bf073aa3ad2c2d4ab9d3ce5d2e') in 0.040239 seconds
Number of updated asset objects reloaded before import = 0
Number of asset objects unloaded after import = 1
========================================================================
Received Import Request.
  Time since last request: 0.000040 seconds.
  path: Assets/HDRP_Oak_Tree/Models/Oak/Oak_1_5.fbx
  artifactKey: Guid(5b2c75249d8cf924f8eed16cc0b174c8) Importer(2089858483,0ecaa5967403d082aa24f35e1b516d23)
Start importing Assets/HDRP_Oak_Tree/Models/Oak/Oak_1_5.fbx using Guid(5b2c75249d8cf924f8eed16cc0b174c8) Importer(2089858483,0ecaa5967403d082aa24f35e1b516d23) [PhysX] Initialized MultithreadedTaskDispatcher with 16 workers.
 -> (artifact id: '7c1089886765e816248cf9f76f683afc') in 0.049824 seconds
Number of updated asset objects reloaded before import = 0
Number of asset objects unloaded after import = 7
========================================================================
Received Import Request.
  Time since last request: 0.000048 seconds.
  path: Assets/DA/Forest_Tree/Model/DA_Forest_Tree_5194_Tris.FBX
  artifactKey: Guid(b1395520d6555cd4db63ed824fd6419d) Importer(2089858483,0ecaa5967403d082aa24f35e1b516d23)
Start importing Assets/DA/Forest_Tree/Model/DA_Forest_Tree_5194_Tris.FBX using Guid(b1395520d6555cd4db63ed824fd6419d) Importer(2089858483,0ecaa5967403d082aa24f35e1b516d23) [PhysX] Initialized MultithreadedTaskDispatcher with 16 workers.
 -> (artifact id: '0f56fc6853b226ad8efeb5a268472a55') in 0.088938 seconds
Number of updated asset objects reloaded before import = 0
Number of asset objects unloaded after import = 35
========================================================================
Received Import Request.
  Time since last request: 0.000040 seconds.
  path: Assets/DA/Forest_Tree/Texture_And_Materials/Bilboard/BillboardDemi.tif
  artifactKey: Guid(c2013f63459b6b64a8908b2637b09291) Importer(2089858483,0ecaa5967403d082aa24f35e1b516d23)
Start importing Assets/DA/Forest_Tree/Texture_And_Materials/Bilboard/BillboardDemi.tif using Guid(c2013f63459b6b64a8908b2637b09291) Importer(2089858483,0ecaa5967403d082aa24f35e1b516d23) [PhysX] Initialized MultithreadedTaskDispatcher with 16 workers.
 -> (artifact id: 'c12ffc58c13325cbf585fec68385e010') in 0.042210 seconds
Number of updated asset objects reloaded before import = 0
Number of asset objects unloaded after import = 1
========================================================================
Received Import Request.
  Time since last request: 0.000047 seconds.
  path: Assets/Animated Trees Package/Models/Dry Trees
  artifactKey: Guid(8a840196f45f9d54bab2fedc012c8444) Importer(2089858483,0ecaa5967403d082aa24f35e1b516d23)
Start importing Assets/Animated Trees Package/Models/Dry Trees using Guid(8a840196f45f9d54bab2fedc012c8444) Importer(2089858483,0ecaa5967403d082aa24f35e1b516d23) [PhysX] Initialized MultithreadedTaskDispatcher with 16 workers.
 -> (artifact id: '419ff52dd7cb7928e0e5cf0720953cad') in 0.021811 seconds
Number of updated asset objects reloaded before import = 0
Number of asset objects unloaded after import = 1
========================================================================
Received Import Request.
  Time since last request: 0.000052 seconds.
  path: Assets/Animated Trees Package/Textures/billboards/juniper_2_billboard_normal.png
  artifactKey: Guid(51e23c30e793c074bad6811f16151213) Importer(2089858483,0ecaa5967403d082aa24f35e1b516d23)
Start importing Assets/Animated Trees Package/Textures/billboards/juniper_2_billboard_normal.png using Guid(51e23c30e793c074bad6811f16151213) Importer(2089858483,0ecaa5967403d082aa24f35e1b516d23) [PhysX] Initialized MultithreadedTaskDispatcher with 16 workers.
 -> (artifact id: '37f8239f3271020bd9030cd317023a51') in 0.045484 seconds
Number of updated asset objects reloaded before import = 0
Number of asset objects unloaded after import = 1
========================================================================
Received Import Request.
  Time since last request: 0.000033 seconds.
  path: Assets/HDRP_Oak_Tree/Help
  artifactKey: Guid(c51c89af881c2b149ac9231bcd504854) Importer(2089858483,0ecaa5967403d082aa24f35e1b516d23)
Start importing Assets/HDRP_Oak_Tree/Help using Guid(c51c89af881c2b149ac9231bcd504854) Importer(2089858483,0ecaa5967403d082aa24f35e1b516d23) [PhysX] Initialized MultithreadedTaskDispatcher with 16 workers.
 -> (artifact id: '961b31daa500cba15dc9df436c1d7fc2') in 0.018739 seconds
Number of updated asset objects reloaded before import = 0
Number of asset objects unloaded after import = 1
========================================================================
Received Import Request.
  Time since last request: 0.000037 seconds.
  path: Assets/Animated Trees Package/Prefabs/Static/Junipers/Juniper 2.prefab
  artifactKey: Guid(37a3e33ae121d304c8d422735b75a3a3) Importer(2089858483,0ecaa5967403d082aa24f35e1b516d23)
Start importing Assets/Animated Trees Package/Prefabs/Static/Junipers/Juniper 2.prefab using Guid(37a3e33ae121d304c8d422735b75a3a3) Importer(2089858483,0ecaa5967403d082aa24f35e1b516d23) [PhysX] Initialized MultithreadedTaskDispatcher with 16 workers.
 -> (artifact id: '9fc67ff39c30ae1af3cedc55cb508530') in 0.035848 seconds
Number of updated asset objects reloaded before import = 0
Number of asset objects unloaded after import = 21
========================================================================
Received Import Request.
  Time since last request: 0.000065 seconds.
  path: Assets/Animated Trees Package/Textures/oak_leaves_color.png
  artifactKey: Guid(7047643f64dad7c4b89d0e8dcede310b) Importer(2089858483,0ecaa5967403d082aa24f35e1b516d23)
Start importing Assets/Animated Trees Package/Textures/oak_leaves_color.png using Guid(7047643f64dad7c4b89d0e8dcede310b) Importer(2089858483,0ecaa5967403d082aa24f35e1b516d23) [PhysX] Initialized MultithreadedTaskDispatcher with 16 workers.
 -> (artifact id: '11e7429f2172b035fd4a051c329a9d8f') in 0.040870 seconds
Number of updated asset objects reloaded before import = 0
Number of asset objects unloaded after import = 1
========================================================================
Received Import Request.
  Time since last request: 0.000058 seconds.
  path: Assets/Animated Trees Package/Models/Acacias/acacia_1.fbx
  artifactKey: Guid(82990b956d7abc64ca87669bdccddf52) Importer(2089858483,0ecaa5967403d082aa24f35e1b516d23)
Start importing Assets/Animated Trees Package/Models/Acacias/acacia_1.fbx using Guid(82990b956d7abc64ca87669bdccddf52) Importer(2089858483,0ecaa5967403d082aa24f35e1b516d23) [PhysX] Initialized MultithreadedTaskDispatcher with 16 workers.
 -> (artifact id: 'e02072bd00a7fdf3963678a8d143fa19') in 0.108746 seconds
Number of updated asset objects reloaded before import = 0
Number of asset objects unloaded after import = 139
========================================================================
Received Import Request.
  Time since last request: 0.000037 seconds.
  path: Assets/Animated Trees Package/Models/Dry Trees/dry_tree_1.controller
  artifactKey: Guid(a081db6431b2b4c4893aacfa0644f329) Importer(2089858483,0ecaa5967403d082aa24f35e1b516d23)
Start importing Assets/Animated Trees Package/Models/Dry Trees/dry_tree_1.controller using Guid(a081db6431b2b4c4893aacfa0644f329) Importer(2089858483,0ecaa5967403d082aa24f35e1b516d23) [PhysX] Initialized MultithreadedTaskDispatcher with 16 workers.
 -> (artifact id: '1d5b60311f0cdbc8e3f9d73b1721b907') in 0.023318 seconds
Number of updated asset objects reloaded before import = 0
Number of asset objects unloaded after import = 4
========================================================================
Received Import Request.
  Time since last request: 0.000041 seconds.
  path: Assets/Animated Trees Package/Textures/juniper_leaves_1_color.png
  artifactKey: Guid(714fa07cd15974544a30fa63bcc3eea2) Importer(2089858483,0ecaa5967403d082aa24f35e1b516d23)
Start importing Assets/Animated Trees Package/Textures/juniper_leaves_1_color.png using Guid(714fa07cd15974544a30fa63bcc3eea2) Importer(2089858483,0ecaa5967403d082aa24f35e1b516d23) [PhysX] Initialized MultithreadedTaskDispatcher with 16 workers.
 -> (artifact id: 'f4a7ace1c345aa0fc47a5282c6e9c95f') in 0.043679 seconds
Number of updated asset objects reloaded before import = 0
Number of asset objects unloaded after import = 1
========================================================================
Received Import Request.
  Time since last request: 0.000051 seconds.
  path: Assets/DA/Forest_Tree/Texture_And_Materials/Ground/ground_ground_leaves_Normal.tif
  artifactKey: Guid(3ba8e536d9406ef468206ffdd335dc64) Importer(2089858483,0ecaa5967403d082aa24f35e1b516d23)
Start importing Assets/DA/Forest_Tree/Texture_And_Materials/Ground/ground_ground_leaves_Normal.tif using Guid(3ba8e536d9406ef468206ffdd335dc64) Importer(2089858483,0ecaa5967403d082aa24f35e1b516d23) [PhysX] Initialized MultithreadedTaskDispatcher with 16 workers.
 -> (artifact id: '7f7ceffd0736768bbbe69b1e3a92bef0') in 0.062057 seconds
Number of updated asset objects reloaded before import = 0
Number of asset objects unloaded after import = 1
========================================================================
Received Import Request.
  Time since last request: 0.000044 seconds.
  path: Assets/Animated Trees Package/Materials/Billboards/beech_1_billboard.mat
  artifactKey: Guid(2689b5a3400c694418aee7e3cd7e4ff9) Importer(2089858483,0ecaa5967403d082aa24f35e1b516d23)
Start importing Assets/Animated Trees Package/Materials/Billboards/beech_1_billboard.mat using Guid(2689b5a3400c694418aee7e3cd7e4ff9) Importer(2089858483,0ecaa5967403d082aa24f35e1b516d23) [PhysX] Initialized MultithreadedTaskDispatcher with 16 workers.
 -> (artifact id: '669d67bd4dec54e0b1e171668906535a') in 0.036930 seconds
Number of updated asset objects reloaded before import = 0
Number of asset objects unloaded after import = 3
========================================================================
Received Import Request.
  Time since last request: 0.000038 seconds.
  path: Assets/Animated Trees Package/Textures/billboards/spruce_1_billboard_color.png
  artifactKey: Guid(5270703cee1972648a4ef16171e4313d) Importer(2089858483,0ecaa5967403d082aa24f35e1b516d23)
Start importing Assets/Animated Trees Package/Textures/billboards/spruce_1_billboard_color.png using Guid(5270703cee1972648a4ef16171e4313d) Importer(2089858483,0ecaa5967403d082aa24f35e1b516d23) [PhysX] Initialized MultithreadedTaskDispatcher with 16 workers.
 -> (artifact id: '9133aa46ae810406ad4909792fa56818') in 0.041785 seconds
Number of updated asset objects reloaded before import = 0
Number of asset objects unloaded after import = 1
========================================================================
Received Import Request.
  Time since last request: 0.000051 seconds.
  path: Assets/DA/Forest_Tree/Texture_And_Materials/Leave/Summer/DA_Forest_Tree_LeaveLOD.mat
  artifactKey: Guid(f60794b6b21fdb34593080e992820259) Importer(2089858483,0ecaa5967403d082aa24f35e1b516d23)
Start importing Assets/DA/Forest_Tree/Texture_And_Materials/Leave/Summer/DA_Forest_Tree_LeaveLOD.mat using Guid(f60794b6b21fdb34593080e992820259) Importer(2089858483,0ecaa5967403d082aa24f35e1b516d23) [PhysX] Initialized MultithreadedTaskDispatcher with 16 workers.
 -> (artifact id: '9b23094edfa4a08c5d9dd0607eb331ab') in 0.057456 seconds
Number of updated asset objects reloaded before import = 0
Number of asset objects unloaded after import = 5
========================================================================
Received Import Request.
  Time since last request: 0.000043 seconds.
  path: Assets/DA/Forest_Tree/Shader/DA_Vegetation_WIND.shadergraph
  artifactKey: Guid(0fe68b903d077a544b4913c2b1f19658) Importer(2089858483,0ecaa5967403d082aa24f35e1b516d23)
Start importing Assets/DA/Forest_Tree/Shader/DA_Vegetation_WIND.shadergraph using Guid(0fe68b903d077a544b4913c2b1f19658) Importer(2089858483,0ecaa5967403d082aa24f35e1b516d23) [PhysX] Initialized MultithreadedTaskDispatcher with 16 workers.
 -> (artifact id: '3e280cc45d7875b8235c3f71c83537c6') in 0.068198 seconds
Number of updated asset objects reloaded before import = 0
Number of asset objects unloaded after import = 2
========================================================================
Received Import Request.
  Time since last request: 0.000042 seconds.
  path: Assets/DA/Forest_Tree/Texture_And_Materials/Leave/Summer
  artifactKey: Guid(2cd9ae7e83144fb4581010a120f14e23) Importer(2089858483,0ecaa5967403d082aa24f35e1b516d23)
Start importing Assets/DA/Forest_Tree/Texture_And_Materials/Leave/Summer using Guid(2cd9ae7e83144fb4581010a120f14e23) Importer(2089858483,0ecaa5967403d082aa24f35e1b516d23) [PhysX] Initialized MultithreadedTaskDispatcher with 16 workers.
 -> (artifact id: 'a67af455681c6baf7d1f6e91e43cadd8') in 0.021804 seconds
Number of updated asset objects reloaded before import = 0
Number of asset objects unloaded after import = 1
========================================================================
Received Import Request.
  Time since last request: 0.000047 seconds.
  path: Assets/Animated Trees Package/Models/Pines/pine_5.fbx
  artifactKey: Guid(4a22cb3cdaebda24792fa41579ecfbed) Importer(2089858483,0ecaa5967403d082aa24f35e1b516d23)
Start importing Assets/Animated Trees Package/Models/Pines/pine_5.fbx using Guid(4a22cb3cdaebda24792fa41579ecfbed) Importer(2089858483,0ecaa5967403d082aa24f35e1b516d23) [PhysX] Initialized MultithreadedTaskDispatcher with 16 workers.
 -> (artifact id: '8f5b3c153b87cccd0504c97c4238a889') in 0.085803 seconds
Number of updated asset objects reloaded before import = 0
Number of asset objects unloaded after import = 129
========================================================================
Received Import Request.
  Time since last request: 0.000051 seconds.
  path: Assets/DA/Forest_Tree/Texture_And_Materials/Leave/Autmn/DA_Forest_Tree_Leave_AutmnLOD.mat
  artifactKey: Guid(a3e7b6a6e268b2b4596c0817d0dabc8c) Importer(2089858483,0ecaa5967403d082aa24f35e1b516d23)
Start importing Assets/DA/Forest_Tree/Texture_And_Materials/Leave/Autmn/DA_Forest_Tree_Leave_AutmnLOD.mat using Guid(a3e7b6a6e268b2b4596c0817d0dabc8c) Importer(2089858483,0ecaa5967403d082aa24f35e1b516d23) [PhysX] Initialized MultithreadedTaskDispatcher with 16 workers.
 -> (artifact id: '937ed8701dc7786037d9ab6370998b3a') in 0.076437 seconds
Number of updated asset objects reloaded before import = 0
Number of asset objects unloaded after import = 5
========================================================================
Received Import Request.
  Time since last request: 0.000036 seconds.
  path: Assets/Stylized Stone/HDRP/material_HDRP/Solitary Stone(0.1).mat
  artifactKey: Guid(1583d10fdd03db941ae7f1475d773716) Importer(815301076,1909f56bfc062723c751e8b465ee728b)
Start importing Assets/Stylized Stone/HDRP/material_HDRP/Solitary Stone(0.1).mat using Guid(1583d10fdd03db941ae7f1475d773716) Importer(815301076,1909f56bfc062723c751e8b465ee728b) [PhysX] Initialized MultithreadedTaskDispatcher with 16 workers.
[PhysX] Initialized MultithreadedTaskDispatcher with 16 workers.
 -> (artifact id: '69ef812fbec7c6bb882531151ae67edd') in 0.072957 seconds
Number of updated asset objects reloaded before import = 0
Number of asset objects unloaded after import = 6
========================================================================
Received Import Request.
  Time since last request: 0.000046 seconds.
  path: Assets/Animated Trees Package/Textures/beech_bark_color.png
  artifactKey: Guid(9c4ed596e2add85469d5725a330703aa) Importer(2089858483,0ecaa5967403d082aa24f35e1b516d23)
Start importing Assets/Animated Trees Package/Textures/beech_bark_color.png using Guid(9c4ed596e2add85469d5725a330703aa) Importer(2089858483,0ecaa5967403d082aa24f35e1b516d23) [PhysX] Initialized MultithreadedTaskDispatcher with 16 workers.
 -> (artifact id: 'dbdc5595b2b2dbbb6c1a8cf2cbfd9523') in 0.051171 seconds
Number of updated asset objects reloaded before import = 0
Number of asset objects unloaded after import = 1
========================================================================
Received Import Request.
  Time since last request: 0.000041 seconds.
  path: Assets/Scripts/GlobalSettings.cs
  artifactKey: Guid(072bbbb6ec491c844a5d02f59eceef3a) Importer(2089858483,0ecaa5967403d082aa24f35e1b516d23)
Start importing Assets/Scripts/GlobalSettings.cs using Guid(072bbbb6ec491c844a5d02f59eceef3a) Importer(2089858483,0ecaa5967403d082aa24f35e1b516d23) [PhysX] Initialized MultithreadedTaskDispatcher with 16 workers.
 -> (artifact id: '8e56bf45246361b81687bb354464bf63') in 0.024081 seconds
Number of updated asset objects reloaded before import = 0
Number of asset objects unloaded after import = 1
========================================================================
Received Import Request.
  Time since last request: 0.000056 seconds.
  path: Assets/Animated Trees Package/Prefabs/Static/Dry Trees/Dry Tree 1.prefab
  artifactKey: Guid(9d0489faf239f93449b0c54d64cdb360) Importer(2089858483,0ecaa5967403d082aa24f35e1b516d23)
Start importing Assets/Animated Trees Package/Prefabs/Static/Dry Trees/Dry Tree 1.prefab using Guid(9d0489faf239f93449b0c54d64cdb360) Importer(2089858483,0ecaa5967403d082aa24f35e1b516d23) [PhysX] Initialized MultithreadedTaskDispatcher with 16 workers.
 -> (artifact id: '11e36df33d7eafc07ff9c8fb996e2ca0') in 0.037340 seconds
Number of updated asset objects reloaded before import = 0
Number of asset objects unloaded after import = 26
========================================================================
Received Import Request.
  Time since last request: 0.000039 seconds.
  path: Assets/Animated Trees Package/Models/Firs/fir_1.controller
  artifactKey: Guid(b9e6acc7b926e7d40bb39faec7aca366) Importer(2089858483,0ecaa5967403d082aa24f35e1b516d23)
Start importing Assets/Animated Trees Package/Models/Firs/fir_1.controller using Guid(b9e6acc7b926e7d40bb39faec7aca366) Importer(2089858483,0ecaa5967403d082aa24f35e1b516d23) [PhysX] Initialized MultithreadedTaskDispatcher with 16 workers.
 -> (artifact id: '8ff0f325cfb97eaa6b8f993b21dd1299') in 0.024002 seconds
Number of updated asset objects reloaded before import = 0
Number of asset objects unloaded after import = 4
========================================================================
Received Import Request.
  Time since last request: 0.000077 seconds.
  path: Assets/DA/Forest_Tree/Texture_And_Materials/Leave/Autmn/DA_Forest_Bush_Leave_Autmn.mat
  artifactKey: Guid(fc1d58b146b3d7846a3df47a99897fa5) Importer(2089858483,0ecaa5967403d082aa24f35e1b516d23)
Start importing Assets/DA/Forest_Tree/Texture_And_Materials/Leave/Autmn/DA_Forest_Bush_Leave_Autmn.mat using Guid(fc1d58b146b3d7846a3df47a99897fa5) Importer(2089858483,0ecaa5967403d082aa24f35e1b516d23) [PhysX] Initialized MultithreadedTaskDispatcher with 16 workers.
 -> (artifact id: '71bb562186dab000c13a757a757a2301') in 0.052916 seconds
Number of updated asset objects reloaded before import = 0
Number of asset objects unloaded after import = 4
========================================================================
Received Import Request.
  Time since last request: 0.000038 seconds.
  path: Assets/HDRP_Oak_Tree/Prefabs/Oak_high_1_5.prefab
  artifactKey: Guid(662a00c91e08f5d4bb2b86fbf1e4467d) Importer(2089858483,0ecaa5967403d082aa24f35e1b516d23)
Start importing Assets/HDRP_Oak_Tree/Prefabs/Oak_high_1_5.prefab using Guid(662a00c91e08f5d4bb2b86fbf1e4467d) Importer(2089858483,0ecaa5967403d082aa24f35e1b516d23) [PhysX] Initialized MultithreadedTaskDispatcher with 16 workers.
 -> (artifact id: '48961bda2b245162b22c569f2e506e91') in 0.040158 seconds
Number of updated asset objects reloaded before import = 0
Number of asset objects unloaded after import = 7
========================================================================
Received Import Request.
  Time since last request: 0.000038 seconds.
  path: Assets/Animated Trees Package/Materials/Billboards/fir_3_billboard.mat
  artifactKey: Guid(047bf3bb174eac84f98cf958abbdcf21) Importer(2089858483,0ecaa5967403d082aa24f35e1b516d23)
Start importing Assets/Animated Trees Package/Materials/Billboards/fir_3_billboard.mat using Guid(047bf3bb174eac84f98cf958abbdcf21) Importer(2089858483,0ecaa5967403d082aa24f35e1b516d23) [PhysX] Initialized MultithreadedTaskDispatcher with 16 workers.
 -> (artifact id: 'e5967a7505b20ba766c4b3f36e8c96a0') in 0.034483 seconds
Number of updated asset objects reloaded before import = 0
Number of asset objects unloaded after import = 3
========================================================================
Received Import Request.
  Time since last request: 0.000045 seconds.
  path: Assets/Animated Trees Package/Materials/dry_tree_leaves_1.mat
  artifactKey: Guid(00abba6aba3e6b641bfad12f2988aa27) Importer(2089858483,0ecaa5967403d082aa24f35e1b516d23)
Start importing Assets/Animated Trees Package/Materials/dry_tree_leaves_1.mat using Guid(00abba6aba3e6b641bfad12f2988aa27) Importer(2089858483,0ecaa5967403d082aa24f35e1b516d23) [PhysX] Initialized MultithreadedTaskDispatcher with 16 workers.
 -> (artifact id: '227c8dc6220fc12f89753447c8de85af') in 0.035238 seconds
Number of updated asset objects reloaded before import = 0
Number of asset objects unloaded after import = 3
========================================================================
Received Import Request.
  Time since last request: 0.000051 seconds.
  path: Assets/Animated Trees Package/Models/Pines/pine_3.controller
  artifactKey: Guid(f208aecc4f561a54cafa2cae44daa763) Importer(2089858483,0ecaa5967403d082aa24f35e1b516d23)
Start importing Assets/Animated Trees Package/Models/Pines/pine_3.controller using Guid(f208aecc4f561a54cafa2cae44daa763) Importer(2089858483,0ecaa5967403d082aa24f35e1b516d23) [PhysX] Initialized MultithreadedTaskDispatcher with 16 workers.
 -> (artifact id: '6120a7310ef72292dc5f01b08fc80cd2') in 0.023310 seconds
Number of updated asset objects reloaded before import = 0
Number of asset objects unloaded after import = 4
========================================================================
Received Import Request.
  Time since last request: 0.000035 seconds.
  path: Assets/Animated Trees Package/Prefabs/Static/Birches/Birch 3.prefab
  artifactKey: Guid(67c97b6bf4199aa41b3771d9f1980300) Importer(2089858483,0ecaa5967403d082aa24f35e1b516d23)
Start importing Assets/Animated Trees Package/Prefabs/Static/Birches/Birch 3.prefab using Guid(67c97b6bf4199aa41b3771d9f1980300) Importer(2089858483,0ecaa5967403d082aa24f35e1b516d23) [PhysX] Initialized MultithreadedTaskDispatcher with 16 workers.
 -> (artifact id: '15bf591398343e0a41307f9b2bb9900a') in 0.025563 seconds
Number of updated asset objects reloaded before import = 0
Number of asset objects unloaded after import = 26
========================================================================
Received Import Request.
  Time since last request: 0.000039 seconds.
  path: Assets/Animated Trees Package/Models/Maples/maple_2.controller
  artifactKey: Guid(3fdaf9801403786408954eb4ae4a0bea) Importer(2089858483,0ecaa5967403d082aa24f35e1b516d23)
Start importing Assets/Animated Trees Package/Models/Maples/maple_2.controller using Guid(3fdaf9801403786408954eb4ae4a0bea) Importer(2089858483,0ecaa5967403d082aa24f35e1b516d23) [PhysX] Initialized MultithreadedTaskDispatcher with 16 workers.
 -> (artifact id: '256350882a0d261cf026a2d233c3b5e1') in 0.027290 seconds
Number of updated asset objects reloaded before import = 0
Number of asset objects unloaded after import = 4
========================================================================
Received Import Request.
  Time since last request: 0.000054 seconds.
  path: Assets/Animated Trees Package/DemoSceneContent/surface.mat
  artifactKey: Guid(a271d12d58c9cf1488a61b3ac1b48543) Importer(2089858483,0ecaa5967403d082aa24f35e1b516d23)
Start importing Assets/Animated Trees Package/DemoSceneContent/surface.mat using Guid(a271d12d58c9cf1488a61b3ac1b48543) Importer(2089858483,0ecaa5967403d082aa24f35e1b516d23) [PhysX] Initialized MultithreadedTaskDispatcher with 16 workers.
 -> (artifact id: '3e19e34f8bdd186f05d9736efc23ef3f') in 0.042790 seconds
Number of updated asset objects reloaded before import = 0
Number of asset objects unloaded after import = 2
========================================================================
Received Import Request.
  Time since last request: 0.000033 seconds.
  path: Assets/Animated Trees Package/Prefabs/Animated/Firs/Fir 4.prefab
  artifactKey: Guid(5ea6c224d3a5ea94397f9fa5e4a563ec) Importer(2089858483,0ecaa5967403d082aa24f35e1b516d23)
Start importing Assets/Animated Trees Package/Prefabs/Animated/Firs/Fir 4.prefab using Guid(5ea6c224d3a5ea94397f9fa5e4a563ec) Importer(2089858483,0ecaa5967403d082aa24f35e1b516d23) [PhysX] Initialized MultithreadedTaskDispatcher with 16 workers.
 -> (artifact id: '9698e055320db5ac4e933b938448bbc1') in 0.055858 seconds
Number of updated asset objects reloaded before import = 0
Number of asset objects unloaded after import = 254
========================================================================
Received Import Request.
  Time since last request: 0.000038 seconds.
  path: Assets/Animated Trees Package/Textures/billboards/fir_4_billboard_color.png
  artifactKey: Guid(7a8be7505bf0efb4ca41c089a0780911) Importer(2089858483,0ecaa5967403d082aa24f35e1b516d23)
Start importing Assets/Animated Trees Package/Textures/billboards/fir_4_billboard_color.png using Guid(7a8be7505bf0efb4ca41c089a0780911) Importer(2089858483,0ecaa5967403d082aa24f35e1b516d23) [PhysX] Initialized MultithreadedTaskDispatcher with 16 workers.
 -> (artifact id: 'cd2aad0703e2ba82e2ffef17d20ddf20') in 0.042504 seconds
Number of updated asset objects reloaded before import = 0
Number of asset objects unloaded after import = 1
========================================================================
Received Import Request.
  Time since last request: 0.000053 seconds.
  path: Assets/Animated Trees Package/Materials/Billboards/pine_1_billboard.mat
  artifactKey: Guid(ee59c23b57af24646a54b3612d7c703f) Importer(2089858483,0ecaa5967403d082aa24f35e1b516d23)
Start importing Assets/Animated Trees Package/Materials/Billboards/pine_1_billboard.mat using Guid(ee59c23b57af24646a54b3612d7c703f) Importer(2089858483,0ecaa5967403d082aa24f35e1b516d23) [PhysX] Initialized MultithreadedTaskDispatcher with 16 workers.
 -> (artifact id: '65130cc39b58b306d60f02480888ef65') in 0.044143 seconds
Number of updated asset objects reloaded before import = 0
Number of asset objects unloaded after import = 3
========================================================================
Received Import Request.
  Time since last request: 0.000043 seconds.
  path: Assets/DA/Forest_Tree/Prefab/Summer/DA_Forest_Tree_14733_Tris.prefab
  artifactKey: Guid(14c09ad1613d15748a04ec56a79e34ca) Importer(2089858483,0ecaa5967403d082aa24f35e1b516d23)
Start importing Assets/DA/Forest_Tree/Prefab/Summer/DA_Forest_Tree_14733_Tris.prefab using Guid(14c09ad1613d15748a04ec56a79e34ca) Importer(2089858483,0ecaa5967403d082aa24f35e1b516d23) [PhysX] Initialized MultithreadedTaskDispatcher with 16 workers.
 -> (artifact id: '89e9106a464982a9651149cb26d3abdf') in 0.054505 seconds
Number of updated asset objects reloaded before import = 0
Number of asset objects unloaded after import = 37
========================================================================
Received Import Request.
  Time since last request: 0.000041 seconds.
  path: Assets/Animated Trees Package/Prefabs/Static/Spruces
  artifactKey: Guid(98bddb6c8436996489d2c392e7c124d2) Importer(2089858483,0ecaa5967403d082aa24f35e1b516d23)
Start importing Assets/Animated Trees Package/Prefabs/Static/Spruces using Guid(98bddb6c8436996489d2c392e7c124d2) Importer(2089858483,0ecaa5967403d082aa24f35e1b516d23) [PhysX] Initialized MultithreadedTaskDispatcher with 16 workers.
 -> (artifact id: 'b2e93b80b9c3f6f69d681abeb2a2cc4a') in 0.021676 seconds
Number of updated asset objects reloaded before import = 0
Number of asset objects unloaded after import = 1
========================================================================
Received Import Request.
  Time since last request: 0.000051 seconds.
  path: Assets/Animated Trees Package/Textures/billboards/birch_1_billboard_color.png
  artifactKey: Guid(dbdb3bc19d837ad48b8137cbb6cfd7e8) Importer(2089858483,0ecaa5967403d082aa24f35e1b516d23)
Start importing Assets/Animated Trees Package/Textures/billboards/birch_1_billboard_color.png using Guid(dbdb3bc19d837ad48b8137cbb6cfd7e8) Importer(2089858483,0ecaa5967403d082aa24f35e1b516d23) [PhysX] Initialized MultithreadedTaskDispatcher with 16 workers.
 -> (artifact id: '69f5abf0e2d52423e0a64f961487509c') in 0.041159 seconds
Number of updated asset objects reloaded before import = 0
Number of asset objects unloaded after import = 1
========================================================================
Received Import Request.
  Time since last request: 0.000037 seconds.
  path: Assets/Animated Trees Package/DemoSceneContent/ObjectPainter.cs
  artifactKey: Guid(1188adf83b8db4645b72dc96fefa0e33) Importer(2089858483,0ecaa5967403d082aa24f35e1b516d23)
Start importing Assets/Animated Trees Package/DemoSceneContent/ObjectPainter.cs using Guid(1188adf83b8db4645b72dc96fefa0e33) Importer(2089858483,0ecaa5967403d082aa24f35e1b516d23) [PhysX] Initialized MultithreadedTaskDispatcher with 16 workers.
 -> (artifact id: '014efeee3bc0c50b2c2acacbcf73a425') in 0.022454 seconds
Number of updated asset objects reloaded before import = 0
Number of asset objects unloaded after import = 1
========================================================================
Received Import Request.
  Time since last request: 0.000041 seconds.
  path: Assets/Animated Trees Package/Textures/billboards/fir_2_billboard_color.png
  artifactKey: Guid(be213d5431890e248a42a3ff7f89def1) Importer(2089858483,0ecaa5967403d082aa24f35e1b516d23)
Start importing Assets/Animated Trees Package/Textures/billboards/fir_2_billboard_color.png using Guid(be213d5431890e248a42a3ff7f89def1) Importer(2089858483,0ecaa5967403d082aa24f35e1b516d23) [PhysX] Initialized MultithreadedTaskDispatcher with 16 workers.
 -> (artifact id: '7e093159c12729ea823497814bc37891') in 0.042438 seconds
Number of updated asset objects reloaded before import = 0
Number of asset objects unloaded after import = 1
========================================================================
Received Import Request.
  Time since last request: 0.000064 seconds.
  path: Assets/DA/Forest_Tree/Texture_And_Materials/Leave/Autmn/DA_Forest_Tree_Leave_AutmnLOD2.mat
  artifactKey: Guid(8a98db436946e194e9767df483c28ddf) Importer(2089858483,0ecaa5967403d082aa24f35e1b516d23)
Start importing Assets/DA/Forest_Tree/Texture_And_Materials/Leave/Autmn/DA_Forest_Tree_Leave_AutmnLOD2.mat using Guid(8a98db436946e194e9767df483c28ddf) Importer(2089858483,0ecaa5967403d082aa24f35e1b516d23) [PhysX] Initialized MultithreadedTaskDispatcher with 16 workers.
 -> (artifact id: '1441a220065259a3e84cfbe743eb7a5c') in 0.062698 seconds
Number of updated asset objects reloaded before import = 0
Number of asset objects unloaded after import = 5
========================================================================
Received Import Request.
  Time since last request: 0.000043 seconds.
  path: Assets/PresetTerrain.preset
  artifactKey: Guid(0898bacbab5c33540b0522ec13ecca7c) Importer(2089858483,0ecaa5967403d082aa24f35e1b516d23)
Start importing Assets/PresetTerrain.preset using Guid(0898bacbab5c33540b0522ec13ecca7c) Importer(2089858483,0ecaa5967403d082aa24f35e1b516d23) [PhysX] Initialized MultithreadedTaskDispatcher with 16 workers.
 -> (artifact id: '7395bc35971af7f7459806b0d0a7f916') in 0.068705 seconds
Number of updated asset objects reloaded before import = 0
Number of asset objects unloaded after import = 1
========================================================================
Received Import Request.
  Time since last request: 0.000120 seconds.
  path: Assets/Animated Trees Package/Prefabs/Static/Maples/Maple 2.prefab
  artifactKey: Guid(61a6754dec8a5464eac05fc3c5996366) Importer(2089858483,0ecaa5967403d082aa24f35e1b516d23)
Start importing Assets/Animated Trees Package/Prefabs/Static/Maples/Maple 2.prefab using Guid(61a6754dec8a5464eac05fc3c5996366) Importer(2089858483,0ecaa5967403d082aa24f35e1b516d23) [PhysX] Initialized MultithreadedTaskDispatcher with 16 workers.
 -> (artifact id: '4ab9b21a08a06d41fc135b2bd8275c59') in 0.027282 seconds
Number of updated asset objects reloaded before import = 0
Number of asset objects unloaded after import = 26
========================================================================
Received Import Request.
  Time since last request: 0.000040 seconds.
  path: Assets/DA/Forest_Tree/Prefab/Summer/DA_Forest_Tree_345_Tris.prefab
  artifactKey: Guid(e067d26a881a9794aba751aa1b686204) Importer(2089858483,0ecaa5967403d082aa24f35e1b516d23)
Start importing Assets/DA/Forest_Tree/Prefab/Summer/DA_Forest_Tree_345_Tris.prefab using Guid(e067d26a881a9794aba751aa1b686204) Importer(2089858483,0ecaa5967403d082aa24f35e1b516d23) [PhysX] Initialized MultithreadedTaskDispatcher with 16 workers.
 -> (artifact id: '2d4d3f2ad463b8e515c7e555913c2674') in 0.045994 seconds
Number of updated asset objects reloaded before import = 0
Number of asset objects unloaded after import = 30
========================================================================
Received Import Request.
  Time since last request: 0.000059 seconds.
  path: Assets/Animated Trees Package/Models/Pines/pine_1.controller
  artifactKey: Guid(442c54643f6022c439d8aaea1dcc70b6) Importer(2089858483,0ecaa5967403d082aa24f35e1b516d23)
Start importing Assets/Animated Trees Package/Models/Pines/pine_1.controller using Guid(442c54643f6022c439d8aaea1dcc70b6) Importer(2089858483,0ecaa5967403d082aa24f35e1b516d23) [PhysX] Initialized MultithreadedTaskDispatcher with 16 workers.
 -> (artifact id: 'f4302a726018c85e9346010f248cc3f7') in 0.024068 seconds
Number of updated asset objects reloaded before import = 0
Number of asset objects unloaded after import = 4
========================================================================
Received Import Request.
  Time since last request: 0.000035 seconds.
  path: Assets/DA/Forest_Tree/Texture_And_Materials/Leave/Summer/DA_Forest_Bush_Leave.mat
  artifactKey: Guid(ff57fcd6b2ac4144dae8c250541e19b6) Importer(2089858483,0ecaa5967403d082aa24f35e1b516d23)
Start importing Assets/DA/Forest_Tree/Texture_And_Materials/Leave/Summer/DA_Forest_Bush_Leave.mat using Guid(ff57fcd6b2ac4144dae8c250541e19b6) Importer(2089858483,0ecaa5967403d082aa24f35e1b516d23) [PhysX] Initialized MultithreadedTaskDispatcher with 16 workers.
 -> (artifact id: '57da2ade66f704aa1e7376e8ab2785a1') in 0.040380 seconds
Number of updated asset objects reloaded before import = 0
Number of asset objects unloaded after import = 4
========================================================================
Received Import Request.
  Time since last request: 0.000034 seconds.
  path: Assets/Animated Trees Package/Prefabs/Animated/Spruces/Spruce 2.prefab
  artifactKey: Guid(5bee49dcacec8794fb4a7699dd5a3c12) Importer(2089858483,0ecaa5967403d082aa24f35e1b516d23)
Start importing Assets/Animated Trees Package/Prefabs/Animated/Spruces/Spruce 2.prefab using Guid(5bee49dcacec8794fb4a7699dd5a3c12) Importer(2089858483,0ecaa5967403d082aa24f35e1b516d23) [PhysX] Initialized MultithreadedTaskDispatcher with 16 workers.
 -> (artifact id: '0fc76835e417a7ed024a5acc22534f3f') in 0.042242 seconds
Number of updated asset objects reloaded before import = 0
Number of asset objects unloaded after import = 163
========================================================================
Received Import Request.
  Time since last request: 0.000036 seconds.
  path: Assets/Animated Trees Package/Prefabs/Animated/Junipers/Juniper 2.prefab
  artifactKey: Guid(05e46cc222703884c8947defbd61f4d6) Importer(2089858483,0ecaa5967403d082aa24f35e1b516d23)
Start importing Assets/Animated Trees Package/Prefabs/Animated/Junipers/Juniper 2.prefab using Guid(05e46cc222703884c8947defbd61f4d6) Importer(2089858483,0ecaa5967403d082aa24f35e1b516d23) [PhysX] Initialized MultithreadedTaskDispatcher with 16 workers.
 -> (artifact id: '9813289b8eea6b0804254b2b25fa250a') in 0.041168 seconds
Number of updated asset objects reloaded before import = 0
Number of asset objects unloaded after import = 178
========================================================================
Received Import Request.
  Time since last request: 0.000055 seconds.
  path: Assets/Animated Trees Package/Textures/pine_bark_2_color.png
  artifactKey: Guid(fe9fc2ab1d1c7df4d8ab2f379bad3069) Importer(2089858483,0ecaa5967403d082aa24f35e1b516d23)
Start importing Assets/Animated Trees Package/Textures/pine_bark_2_color.png using Guid(fe9fc2ab1d1c7df4d8ab2f379bad3069) Importer(2089858483,0ecaa5967403d082aa24f35e1b516d23) [PhysX] Initialized MultithreadedTaskDispatcher with 16 workers.
 -> (artifact id: '1589298979f6588f550a782c0590f30e') in 0.041243 seconds
Number of updated asset objects reloaded before import = 0
Number of asset objects unloaded after import = 1
========================================================================
Received Import Request.
  Time since last request: 0.000040 seconds.
  path: Assets/HDRP_Oak_Tree/Models/Oak/Materials/Bark_Oak.mat
  artifactKey: Guid(5fb99515caf3b074f9be1904dc0efaff) Importer(2089858483,0ecaa5967403d082aa24f35e1b516d23)
Start importing Assets/HDRP_Oak_Tree/Models/Oak/Materials/Bark_Oak.mat using Guid(5fb99515caf3b074f9be1904dc0efaff) Importer(2089858483,0ecaa5967403d082aa24f35e1b516d23) [PhysX] Initialized MultithreadedTaskDispatcher with 16 workers.
 -> (artifact id: '99fb26eb30195c542f50dc009f514e6d') in 0.043113 seconds
Number of updated asset objects reloaded before import = 0
Number of asset objects unloaded after import = 3
========================================================================
Received Import Request.
  Time since last request: 0.000035 seconds.
  path: Assets/DA/Forest_Tree/Model/DA_Forest_Tree_345_Tris.FBX
  artifactKey: Guid(273698407cf2eb649af668389e02ae42) Importer(2089858483,0ecaa5967403d082aa24f35e1b516d23)
Start importing Assets/DA/Forest_Tree/Model/DA_Forest_Tree_345_Tris.FBX using Guid(273698407cf2eb649af668389e02ae42) Importer(2089858483,0ecaa5967403d082aa24f35e1b516d23) [PhysX] Initialized MultithreadedTaskDispatcher with 16 workers.
 -> (artifact id: 'e4c1424b00fc9f02a61fa27b7f737898') in 0.061200 seconds
Number of updated asset objects reloaded before import = 0
Number of asset objects unloaded after import = 30
========================================================================
Received Import Request.
  Time since last request: 0.000044 seconds.
  path: Assets/AmrumPalette.asset
  artifactKey: Guid(69e6c63216f1b3b46a55cfe503da4ab1) Importer(2089858483,0ecaa5967403d082aa24f35e1b516d23)
Start importing Assets/AmrumPalette.asset using Guid(69e6c63216f1b3b46a55cfe503da4ab1) Importer(2089858483,0ecaa5967403d082aa24f35e1b516d23) [PhysX] Initialized MultithreadedTaskDispatcher with 16 workers.
 -> (artifact id: 'b05e136611539cfed11307cf81194b8f') in 0.079792 seconds
Number of updated asset objects reloaded before import = 0
Number of asset objects unloaded after import = 9
========================================================================
Received Import Request.
  Time since last request: 1.918669 seconds.
  path: Assets/HDRP_Oak_Tree
  artifactKey: Guid(fdf7e083cd75a46498444d3bda0febd3) Importer(2089858483,0ecaa5967403d082aa24f35e1b516d23)
Start importing Assets/HDRP_Oak_Tree using Guid(fdf7e083cd75a46498444d3bda0febd3) Importer(2089858483,0ecaa5967403d082aa24f35e1b516d23) [PhysX] Initialized MultithreadedTaskDispatcher with 16 workers.
 -> (artifact id: 'f3da17a2dca72cc9807b13c5191e6836') in 0.018988 seconds
Number of updated asset objects reloaded before import = 0
Number of asset objects unloaded after import = 1
========================================================================
Received Import Request.
  Time since last request: 0.000123 seconds.
  path: Assets/DA/Forest_Tree/Texture_And_Materials/Leave/Summer/DA_Forest_Bush_Leave_LOD.mat
  artifactKey: Guid(0e078cb8202af6a46a6e54f244212c26) Importer(2089858483,0ecaa5967403d082aa24f35e1b516d23)
Start importing Assets/DA/Forest_Tree/Texture_And_Materials/Leave/Summer/DA_Forest_Bush_Leave_LOD.mat using Guid(0e078cb8202af6a46a6e54f244212c26) Importer(2089858483,0ecaa5967403d082aa24f35e1b516d23) [PhysX] Initialized MultithreadedTaskDispatcher with 16 workers.
 -> (artifact id: 'b73b258a61ff5e760e3c0eafc1123223') in 0.053744 seconds
Number of updated asset objects reloaded before import = 0
Number of asset objects unloaded after import = 5
========================================================================
Received Import Request.
  Time since last request: 0.000042 seconds.
  path: Assets/Animated Trees Package/Textures/billboards/acacia_5_billboard_color.png
  artifactKey: Guid(631ef82f6c2916b4b82b099e96f58f1f) Importer(2089858483,0ecaa5967403d082aa24f35e1b516d23)
Start importing Assets/Animated Trees Package/Textures/billboards/acacia_5_billboard_color.png using Guid(631ef82f6c2916b4b82b099e96f58f1f) Importer(2089858483,0ecaa5967403d082aa24f35e1b516d23) [PhysX] Initialized MultithreadedTaskDispatcher with 16 workers.
 -> (artifact id: 'a7fd58098f9c0e9f193951427878704f') in 0.043452 seconds
Number of updated asset objects reloaded before import = 0
Number of asset objects unloaded after import = 1
========================================================================
Received Import Request.
  Time since last request: 0.000040 seconds.
  path: Assets/Animated Trees Package/Models/Junipers/juniper_1.fbx
  artifactKey: Guid(d05be45df9b190c40a655a15d92d64bf) Importer(2089858483,0ecaa5967403d082aa24f35e1b516d23)
Start importing Assets/Animated Trees Package/Models/Junipers/juniper_1.fbx using Guid(d05be45df9b190c40a655a15d92d64bf) Importer(2089858483,0ecaa5967403d082aa24f35e1b516d23) [PhysX] Initialized MultithreadedTaskDispatcher with 16 workers.
 -> (artifact id: '96baa2ca4241613b09a4c0f2292aca90') in 0.087847 seconds
Number of updated asset objects reloaded before import = 0
Number of asset objects unloaded after import = 90
========================================================================
Received Import Request.
  Time since last request: 0.000044 seconds.
  path: Assets/Animated Trees Package/DemoSceneContent/controls.png
  artifactKey: Guid(16045556d23cce541aaa11b5f7ae8d4e) Importer(2089858483,0ecaa5967403d082aa24f35e1b516d23)
Start importing Assets/Animated Trees Package/DemoSceneContent/controls.png using Guid(16045556d23cce541aaa11b5f7ae8d4e) Importer(2089858483,0ecaa5967403d082aa24f35e1b516d23) [PhysX] Initialized MultithreadedTaskDispatcher with 16 workers.
 -> (artifact id: '7802fffecf2862dd718c08eb9f94ceba') in 0.058894 seconds
Number of updated asset objects reloaded before import = 0
Number of asset objects unloaded after import = 3
========================================================================
Received Import Request.
  Time since last request: 0.000036 seconds.
  path: Assets/Animated Trees Package/Textures/birch_leaves_1_normal.png
  artifactKey: Guid(ba05f40ad221ef64880dcdfb3b59da07) Importer(2089858483,0ecaa5967403d082aa24f35e1b516d23)
Start importing Assets/Animated Trees Package/Textures/birch_leaves_1_normal.png using Guid(ba05f40ad221ef64880dcdfb3b59da07) Importer(2089858483,0ecaa5967403d082aa24f35e1b516d23) [PhysX] Initialized MultithreadedTaskDispatcher with 16 workers.
 -> (artifact id: 'f881f3c34ec6b4f5e0fba9744dcedd4c') in 0.047870 seconds
Number of updated asset objects reloaded before import = 0
Number of asset objects unloaded after import = 1
========================================================================
Received Import Request.
  Time since last request: 0.000059 seconds.
  path: Assets/DA/Forest_Tree/Model/DA_Forest_Tree_7733_Tris.FBX
  artifactKey: Guid(eb0e13219a5ed7044a0b202193b34e22) Importer(2089858483,0ecaa5967403d082aa24f35e1b516d23)
Start importing Assets/DA/Forest_Tree/Model/DA_Forest_Tree_7733_Tris.FBX using Guid(eb0e13219a5ed7044a0b202193b34e22) Importer(2089858483,0ecaa5967403d082aa24f35e1b516d23) [PhysX] Initialized MultithreadedTaskDispatcher with 16 workers.
 -> (artifact id: 'efd13dde1ba9b15bc363e17bed365434') in 0.083557 seconds
Number of updated asset objects reloaded before import = 0
Number of asset objects unloaded after import = 35
========================================================================
Received Import Request.
  Time since last request: 0.000049 seconds.
  path: Assets/Animated Trees Package/Textures/stump_normal.png
  artifactKey: Guid(c8549c1b398cb304da23912cf96b5eac) Importer(2089858483,0ecaa5967403d082aa24f35e1b516d23)
Start importing Assets/Animated Trees Package/Textures/stump_normal.png using Guid(c8549c1b398cb304da23912cf96b5eac) Importer(2089858483,0ecaa5967403d082aa24f35e1b516d23) [PhysX] Initialized MultithreadedTaskDispatcher with 16 workers.
 -> (artifact id: 'b2aa7bbd57203280402cc4b5128e398e') in 0.042711 seconds
Number of updated asset objects reloaded before import = 0
Number of asset objects unloaded after import = 1
========================================================================
Received Import Request.
  Time since last request: 0.000034 seconds.
  path: Assets/DA/Forest_Tree/Model/DA_Forest_Tree_3172_Tris.FBX
  artifactKey: Guid(468312cd5b0241e4082488285bfdaddd) Importer(2089858483,0ecaa5967403d082aa24f35e1b516d23)
Start importing Assets/DA/Forest_Tree/Model/DA_Forest_Tree_3172_Tris.FBX using Guid(468312cd5b0241e4082488285bfdaddd) Importer(2089858483,0ecaa5967403d082aa24f35e1b516d23) [PhysX] Initialized MultithreadedTaskDispatcher with 16 workers.
 -> (artifact id: '9547d774b5e11c0926d1436fb19fe3ce') in 0.087843 seconds
Number of updated asset objects reloaded before import = 0
Number of asset objects unloaded after import = 35
========================================================================
Received Import Request.
  Time since last request: 0.000036 seconds.
  path: Assets/Animated Trees Package/Textures/fir_leaves_color.png
  artifactKey: Guid(b23b5e315e28c084e9039c712f50ead0) Importer(2089858483,0ecaa5967403d082aa24f35e1b516d23)
Start importing Assets/Animated Trees Package/Textures/fir_leaves_color.png using Guid(b23b5e315e28c084e9039c712f50ead0) Importer(2089858483,0ecaa5967403d082aa24f35e1b516d23) [PhysX] Initialized MultithreadedTaskDispatcher with 16 workers.
 -> (artifact id: 'e485c4005091a26a5e39a5a91ba10a30') in 0.045306 seconds
Number of updated asset objects reloaded before import = 0
Number of asset objects unloaded after import = 1
========================================================================
Received Import Request.
  Time since last request: 0.000060 seconds.
  path: Assets/Animated Trees Package/Prefabs/Static/Spruces/Spruce 2.prefab
  artifactKey: Guid(310b8959f3b99b4419133f07c26e58f4) Importer(2089858483,0ecaa5967403d082aa24f35e1b516d23)
Start importing Assets/Animated Trees Package/Prefabs/Static/Spruces/Spruce 2.prefab using Guid(310b8959f3b99b4419133f07c26e58f4) Importer(2089858483,0ecaa5967403d082aa24f35e1b516d23) [PhysX] Initialized MultithreadedTaskDispatcher with 16 workers.
 -> (artifact id: '7ecd2a3a59973b653bef92c0f00597e5') in 0.040102 seconds
Number of updated asset objects reloaded before import = 0
Number of asset objects unloaded after import = 26
========================================================================
Received Import Request.
  Time since last request: 0.000042 seconds.
  path: Assets/DA/Forest_Tree/Texture_And_Materials/Leave/Autmn/AutmnVariant.tif
  artifactKey: Guid(72e57095dfa5ca5439aeea3bad67d161) Importer(2089858483,0ecaa5967403d082aa24f35e1b516d23)
Start importing Assets/DA/Forest_Tree/Texture_And_Materials/Leave/Autmn/AutmnVariant.tif using Guid(72e57095dfa5ca5439aeea3bad67d161) Importer(2089858483,0ecaa5967403d082aa24f35e1b516d23) [PhysX] Initialized MultithreadedTaskDispatcher with 16 workers.
 -> (artifact id: 'ade4eda31335eee4e5d148c4bbb9fe51') in 0.047007 seconds
Number of updated asset objects reloaded before import = 0
Number of asset objects unloaded after import = 1
========================================================================
Received Import Request.
  Time since last request: 0.000048 seconds.
  path: Assets/DA
  artifactKey: Guid(002b9192ee3f9c045be92eff1d122ddd) Importer(2089858483,0ecaa5967403d082aa24f35e1b516d23)
Start importing Assets/DA using Guid(002b9192ee3f9c045be92eff1d122ddd) Importer(2089858483,0ecaa5967403d082aa24f35e1b516d23) [PhysX] Initialized MultithreadedTaskDispatcher with 16 workers.
 -> (artifact id: 'bec1611808dbf4d7f3e394f95200e3a8') in 0.018988 seconds
Number of updated asset objects reloaded before import = 0
Number of asset objects unloaded after import = 1
========================================================================
Received Import Request.
  Time since last request: 0.000054 seconds.
  path: Assets/Animated Trees Package/Textures/sycamore_leaves_2_color.png
  artifactKey: Guid(7bb692c70fcfbf64780c7a8148896060) Importer(2089858483,0ecaa5967403d082aa24f35e1b516d23)
Start importing Assets/Animated Trees Package/Textures/sycamore_leaves_2_color.png using Guid(7bb692c70fcfbf64780c7a8148896060) Importer(2089858483,0ecaa5967403d082aa24f35e1b516d23) [PhysX] Initialized MultithreadedTaskDispatcher with 16 workers.
 -> (artifact id: '15a428216ba13206646b7e3b0990e24c') in 0.039382 seconds
Number of updated asset objects reloaded before import = 0
Number of asset objects unloaded after import = 1
========================================================================
Received Import Request.
  Time since last request: 0.000052 seconds.
  path: Assets/HDRP_Oak_Tree/Textures/Bark
  artifactKey: Guid(0523568a5bd959046bf871ebf72f9556) Importer(2089858483,0ecaa5967403d082aa24f35e1b516d23)
Start importing Assets/HDRP_Oak_Tree/Textures/Bark using Guid(0523568a5bd959046bf871ebf72f9556) Importer(2089858483,0ecaa5967403d082aa24f35e1b516d23) [PhysX] Initialized MultithreadedTaskDispatcher with 16 workers.
 -> (artifact id: '7ee6096772a55590f4a938a08216cf1f') in 0.018964 seconds
Number of updated asset objects reloaded before import = 0
Number of asset objects unloaded after import = 1
========================================================================
Received Import Request.
  Time since last request: 0.000041 seconds.
  path: Assets/Animated Trees Package/Models/Firs/fir_2.fbx
  artifactKey: Guid(6a87d36523ac29847ab1dcb47b945947) Importer(2089858483,0ecaa5967403d082aa24f35e1b516d23)
Start importing Assets/Animated Trees Package/Models/Firs/fir_2.fbx using Guid(6a87d36523ac29847ab1dcb47b945947) Importer(2089858483,0ecaa5967403d082aa24f35e1b516d23) [PhysX] Initialized MultithreadedTaskDispatcher with 16 workers.
 -> (artifact id: '74afc1b5270645cda30ec60316b07191') in 0.085559 seconds
Number of updated asset objects reloaded before import = 0
Number of asset objects unloaded after import = 135
========================================================================
Received Import Request.
  Time since last request: 0.000043 seconds.
  path: Assets/Animated Trees Package/Materials/birch_leaves_2.mat
  artifactKey: Guid(3f9aec256f43cd4479100e194166a395) Importer(2089858483,0ecaa5967403d082aa24f35e1b516d23)
Start importing Assets/Animated Trees Package/Materials/birch_leaves_2.mat using Guid(3f9aec256f43cd4479100e194166a395) Importer(2089858483,0ecaa5967403d082aa24f35e1b516d23) [PhysX] Initialized MultithreadedTaskDispatcher with 16 workers.
 -> (artifact id: '657da884c4a596498a318d643b33aa99') in 0.040219 seconds
Number of updated asset objects reloaded before import = 0
Number of asset objects unloaded after import = 3
========================================================================
Received Import Request.
  Time since last request: 0.000041 seconds.
  path: Assets/Editor/TerrainTreeSyncWindow.cs
  artifactKey: Guid(c76d49ae7e9b0ad44aa938241b63403f) Importer(2089858483,0ecaa5967403d082aa24f35e1b516d23)
Start importing Assets/Editor/TerrainTreeSyncWindow.cs using Guid(c76d49ae7e9b0ad44aa938241b63403f) Importer(2089858483,0ecaa5967403d082aa24f35e1b516d23) [PhysX] Initialized MultithreadedTaskDispatcher with 16 workers.
 -> (artifact id: '0aab18eb27e103afe687bb18c8da7a8d') in 0.022706 seconds
Number of updated asset objects reloaded before import = 0
Number of asset objects unloaded after import = 1
========================================================================
Received Import Request.
  Time since last request: 0.000034 seconds.
  path: Assets/DA/Forest_Tree/Texture_And_Materials/Leave/Summer/Tree_Leaves_SummerVariant.tif
  artifactKey: Guid(7f820ee48de3ec54f8a5fb84183a1a67) Importer(2089858483,0ecaa5967403d082aa24f35e1b516d23)
Start importing Assets/DA/Forest_Tree/Texture_And_Materials/Leave/Summer/Tree_Leaves_SummerVariant.tif using Guid(7f820ee48de3ec54f8a5fb84183a1a67) Importer(2089858483,0ecaa5967403d082aa24f35e1b516d23) [PhysX] Initialized MultithreadedTaskDispatcher with 16 workers.
 -> (artifact id: '8296f628acd281c64e69d88f224b9db7') in 0.043508 seconds
Number of updated asset objects reloaded before import = 0
Number of asset objects unloaded after import = 1
========================================================================
Received Import Request.
  Time since last request: 0.000036 seconds.
  path: Assets/Animated Trees Package/Materials/juniper_leaves_1.mat
  artifactKey: Guid(53c881978c298bf4e9a758679b43eb62) Importer(2089858483,0ecaa5967403d082aa24f35e1b516d23)
Start importing Assets/Animated Trees Package/Materials/juniper_leaves_1.mat using Guid(53c881978c298bf4e9a758679b43eb62) Importer(2089858483,0ecaa5967403d082aa24f35e1b516d23) [PhysX] Initialized MultithreadedTaskDispatcher with 16 workers.
 -> (artifact id: '6a86ce465f61a603916f518aef988ee0') in 0.033894 seconds
Number of updated asset objects reloaded before import = 0
Number of asset objects unloaded after import = 3
========================================================================
Received Import Request.
  Time since last request: 0.000041 seconds.
  path: Assets/Animated Trees Package/Materials/spruce_leaves.mat
  artifactKey: Guid(f20fa77486b19c443b9f59367864b760) Importer(2089858483,0ecaa5967403d082aa24f35e1b516d23)
Start importing Assets/Animated Trees Package/Materials/spruce_leaves.mat using Guid(f20fa77486b19c443b9f59367864b760) Importer(2089858483,0ecaa5967403d082aa24f35e1b516d23) [PhysX] Initialized MultithreadedTaskDispatcher with 16 workers.
 -> (artifact id: 'b3275204afbb150c6321b14f0724da30') in 0.036092 seconds
Number of updated asset objects reloaded before import = 0
Number of asset objects unloaded after import = 3
========================================================================
Received Import Request.
  Time since last request: 0.000092 seconds.
  path: Assets/Animated Trees Package/Prefabs/Static/Acacias
  artifactKey: Guid(7d2f4086c8b690244b81b6aa873fffda) Importer(2089858483,0ecaa5967403d082aa24f35e1b516d23)
Start importing Assets/Animated Trees Package/Prefabs/Static/Acacias using Guid(7d2f4086c8b690244b81b6aa873fffda) Importer(2089858483,0ecaa5967403d082aa24f35e1b516d23) [PhysX] Initialized MultithreadedTaskDispatcher with 16 workers.
 -> (artifact id: 'bf89e64d3a2527495f2ebf16d1197c78') in 0.022114 seconds
Number of updated asset objects reloaded before import = 0
Number of asset objects unloaded after import = 1
========================================================================
Received Import Request.
  Time since last request: 0.000046 seconds.
  path: Assets/Animated Trees Package/Materials/Billboards/fir_2_billboard.mat
  artifactKey: Guid(5af303080e6b76840992f58aef7e487c) Importer(2089858483,0ecaa5967403d082aa24f35e1b516d23)
Start importing Assets/Animated Trees Package/Materials/Billboards/fir_2_billboard.mat using Guid(5af303080e6b76840992f58aef7e487c) Importer(2089858483,0ecaa5967403d082aa24f35e1b516d23) [PhysX] Initialized MultithreadedTaskDispatcher with 16 workers.
 -> (artifact id: '12e11a3beaac5017c2e3f0a0f3e821e2') in 0.033467 seconds
Number of updated asset objects reloaded before import = 0
Number of asset objects unloaded after import = 3
========================================================================
Received Import Request.
  Time since last request: 0.000059 seconds.
  path: Assets/DA/Forest_Tree/Model/DA_Forest_Tree_16018_Tris.FBX
  artifactKey: Guid(ce42f67472aa8fd42b102506e1d00a37) Importer(2089858483,0ecaa5967403d082aa24f35e1b516d23)
Start importing Assets/DA/Forest_Tree/Model/DA_Forest_Tree_16018_Tris.FBX using Guid(ce42f67472aa8fd42b102506e1d00a37) Importer(2089858483,0ecaa5967403d082aa24f35e1b516d23) [PhysX] Initialized MultithreadedTaskDispatcher with 16 workers.
 -> (artifact id: '73a1b9033b22d6b1c267da255c32dc62') in 0.077920 seconds
Number of updated asset objects reloaded before import = 0
Number of asset objects unloaded after import = 35
========================================================================
Received Import Request.
  Time since last request: 0.000065 seconds.
  path: Assets/Animated Trees Package/Textures/billboards/oak_1_billboard_color.png
  artifactKey: Guid(93fd8a36f1bbc18478d6d1a4fac99f40) Importer(2089858483,0ecaa5967403d082aa24f35e1b516d23)
Start importing Assets/Animated Trees Package/Textures/billboards/oak_1_billboard_color.png using Guid(93fd8a36f1bbc18478d6d1a4fac99f40) Importer(2089858483,0ecaa5967403d082aa24f35e1b516d23) [PhysX] Initialized MultithreadedTaskDispatcher with 16 workers.
 -> (artifact id: 'd6834278c709041018b6d6db360d64cf') in 0.037214 seconds
Number of updated asset objects reloaded before import = 0
Number of asset objects unloaded after import = 1
========================================================================
Received Import Request.
  Time since last request: 0.000067 seconds.
  path: Assets/Animated Trees Package/Textures/sycamore_leaves_1_color.png
  artifactKey: Guid(a9c7a4596ec007444b84735b95ce27e0) Importer(2089858483,0ecaa5967403d082aa24f35e1b516d23)
Start importing Assets/Animated Trees Package/Textures/sycamore_leaves_1_color.png using Guid(a9c7a4596ec007444b84735b95ce27e0) Importer(2089858483,0ecaa5967403d082aa24f35e1b516d23) [PhysX] Initialized MultithreadedTaskDispatcher with 16 workers.
 -> (artifact id: '472b9aa8f23a2252560dead6f9258073') in 0.037964 seconds
Number of updated asset objects reloaded before import = 0
Number of asset objects unloaded after import = 1
========================================================================
Received Import Request.
  Time since last request: 0.000039 seconds.
  path: Assets/Animated Trees Package/Models/Acacias
  artifactKey: Guid(23e7b455a7e725547a37d2c677d4b686) Importer(2089858483,0ecaa5967403d082aa24f35e1b516d23)
Start importing Assets/Animated Trees Package/Models/Acacias using Guid(23e7b455a7e725547a37d2c677d4b686) Importer(2089858483,0ecaa5967403d082aa24f35e1b516d23) [PhysX] Initialized MultithreadedTaskDispatcher with 16 workers.
 -> (artifact id: '91824fd45203fdd76de691e95d97e777') in 0.020108 seconds
Number of updated asset objects reloaded before import = 0
Number of asset objects unloaded after import = 1
========================================================================
Received Import Request.
  Time since last request: 0.000062 seconds.
  path: Assets/Animated Trees Package/Prefabs/Animated/Firs/Fir 1.prefab
  artifactKey: Guid(19c732ffd11ca9e4ea03bbb1874279cd) Importer(2089858483,0ecaa5967403d082aa24f35e1b516d23)
Start importing Assets/Animated Trees Package/Prefabs/Animated/Firs/Fir 1.prefab using Guid(19c732ffd11ca9e4ea03bbb1874279cd) Importer(2089858483,0ecaa5967403d082aa24f35e1b516d23) [PhysX] Initialized MultithreadedTaskDispatcher with 16 workers.
 -> (artifact id: '37e6735ab898f0d24987f98b9a57fe20') in 0.043358 seconds
Number of updated asset objects reloaded before import = 0
Number of asset objects unloaded after import = 226
========================================================================
Received Import Request.
  Time since last request: 0.000059 seconds.
  path: Assets/Animated Trees Package/Models/Pines/pine_2.controller
  artifactKey: Guid(f6ff9ed09e6e2c94786f417c67316892) Importer(2089858483,0ecaa5967403d082aa24f35e1b516d23)
Start importing Assets/Animated Trees Package/Models/Pines/pine_2.controller using Guid(f6ff9ed09e6e2c94786f417c67316892) Importer(2089858483,0ecaa5967403d082aa24f35e1b516d23) [PhysX] Initialized MultithreadedTaskDispatcher with 16 workers.
 -> (artifact id: '6a54ab9ebba0c8d0f7960a401370d05d') in 0.024059 seconds
Number of updated asset objects reloaded before import = 0
Number of asset objects unloaded after import = 4
========================================================================
Received Import Request.
  Time since last request: 0.000044 seconds.
  path: Assets/ALP_Assets/Realistic Terrain Textures Lite/Materials/Ground001_MaskMap.png
  artifactKey: Guid(ab716317be2f4bc4dba598fa7dde9e1a) Importer(2089858483,0ecaa5967403d082aa24f35e1b516d23)
Start importing Assets/ALP_Assets/Realistic Terrain Textures Lite/Materials/Ground001_MaskMap.png using Guid(ab716317be2f4bc4dba598fa7dde9e1a) Importer(2089858483,0ecaa5967403d082aa24f35e1b516d23) [PhysX] Initialized MultithreadedTaskDispatcher with 16 workers.
 -> (artifact id: 'f0f13225605711c7ce00d8f59a4b4abb') in 0.066727 seconds
Number of updated asset objects reloaded before import = 0
Number of asset objects unloaded after import = 1
========================================================================
Received Import Request.
  Time since last request: 0.000037 seconds.
  path: Assets/Animated Trees Package/Prefabs/Animated/Junipers
  artifactKey: Guid(03806751707546f499b00b8ab2900d9f) Importer(2089858483,0ecaa5967403d082aa24f35e1b516d23)
Start importing Assets/Animated Trees Package/Prefabs/Animated/Junipers using Guid(03806751707546f499b00b8ab2900d9f) Importer(2089858483,0ecaa5967403d082aa24f35e1b516d23) [PhysX] Initialized MultithreadedTaskDispatcher with 16 workers.
 -> (artifact id: '639a73b6e9ca7b4357fb71c2d5e88a35') in 0.020738 seconds
Number of updated asset objects reloaded before import = 0
Number of asset objects unloaded after import = 1
========================================================================
Received Import Request.
  Time since last request: 0.000073 seconds.
  path: Assets/Animated Trees Package/Prefabs/Static/Pines
  artifactKey: Guid(03cd96342bde13f48abc36a425073fdf) Importer(2089858483,0ecaa5967403d082aa24f35e1b516d23)
Start importing Assets/Animated Trees Package/Prefabs/Static/Pines using Guid(03cd96342bde13f48abc36a425073fdf) Importer(2089858483,0ecaa5967403d082aa24f35e1b516d23) [PhysX] Initialized MultithreadedTaskDispatcher with 16 workers.
 -> (artifact id: '773fad09b47b78484a9809705cb6fb0a') in 0.020088 seconds
Number of updated asset objects reloaded before import = 0
Number of asset objects unloaded after import = 1
========================================================================
Received Import Request.
  Time since last request: 0.000046 seconds.
  path: Assets/Animated Trees Package/Prefabs/Animated/Pines/Pine 4.prefab
  artifactKey: Guid(a2ed490b31005df4b9cf05e2897f8a66) Importer(2089858483,0ecaa5967403d082aa24f35e1b516d23)
Start importing Assets/Animated Trees Package/Prefabs/Animated/Pines/Pine 4.prefab using Guid(a2ed490b31005df4b9cf05e2897f8a66) Importer(2089858483,0ecaa5967403d082aa24f35e1b516d23) [PhysX] Initialized MultithreadedTaskDispatcher with 16 workers.
 -> (artifact id: 'ba1fd620e582b7bf042e2dc74758ffbd') in 0.053278 seconds
Number of updated asset objects reloaded before import = 0
Number of asset objects unloaded after import = 255
========================================================================
Received Import Request.
  Time since last request: 0.000037 seconds.
  path: Assets/Animated Trees Package/Materials/beech_leaves_1.mat
  artifactKey: Guid(98676111e9d871e4489bed75e96487f1) Importer(2089858483,0ecaa5967403d082aa24f35e1b516d23)
Start importing Assets/Animated Trees Package/Materials/beech_leaves_1.mat using Guid(98676111e9d871e4489bed75e96487f1) Importer(2089858483,0ecaa5967403d082aa24f35e1b516d23) [PhysX] Initialized MultithreadedTaskDispatcher with 16 workers.
 -> (artifact id: '9f136035292de0cf31ddf10fefe6d684') in 0.038039 seconds
Number of updated asset objects reloaded before import = 0
Number of asset objects unloaded after import = 3
========================================================================
Received Import Request.
  Time since last request: 0.000045 seconds.
  path: Assets/Animated Trees Package/Prefabs/Static/Pines/Pine 1.prefab
  artifactKey: Guid(59a1fdfb193167642af0ef7f536e37bc) Importer(2089858483,0ecaa5967403d082aa24f35e1b516d23)
Start importing Assets/Animated Trees Package/Prefabs/Static/Pines/Pine 1.prefab using Guid(59a1fdfb193167642af0ef7f536e37bc) Importer(2089858483,0ecaa5967403d082aa24f35e1b516d23) [PhysX] Initialized MultithreadedTaskDispatcher with 16 workers.
 -> (artifact id: 'a869130d044e0a68b7cce02ac4b2d09b') in 0.038525 seconds
Number of updated asset objects reloaded before import = 0
Number of asset objects unloaded after import = 21
========================================================================
Received Import Request.
  Time since last request: 0.000051 seconds.
  path: Assets/Animated Trees Package/Textures/maple_bark_normal.png
  artifactKey: Guid(eb5fbcc62daf1f0408ebb5a135b7d8bf) Importer(2089858483,0ecaa5967403d082aa24f35e1b516d23)
Start importing Assets/Animated Trees Package/Textures/maple_bark_normal.png using Guid(eb5fbcc62daf1f0408ebb5a135b7d8bf) Importer(2089858483,0ecaa5967403d082aa24f35e1b516d23) [PhysX] Initialized MultithreadedTaskDispatcher with 16 workers.
 -> (artifact id: 'c49a2a5bae36e747e3b9524b0577a8ab') in 0.042667 seconds
Number of updated asset objects reloaded before import = 0
Number of asset objects unloaded after import = 1
========================================================================
Received Import Request.
  Time since last request: 0.000035 seconds.
  path: Assets/Animated Trees Package/Models/Pines/pine_1.fbx
  artifactKey: Guid(7eb91462910b6f84e83520e9b5a24bcb) Importer(2089858483,0ecaa5967403d082aa24f35e1b516d23)
Start importing Assets/Animated Trees Package/Models/Pines/pine_1.fbx using Guid(7eb91462910b6f84e83520e9b5a24bcb) Importer(2089858483,0ecaa5967403d082aa24f35e1b516d23) [PhysX] Initialized MultithreadedTaskDispatcher with 16 workers.
 -> (artifact id: '52d9f4797f7fc595e82b80cd4d508d10') in 0.079878 seconds
Number of updated asset objects reloaded before import = 0
Number of asset objects unloaded after import = 112
========================================================================
Received Import Request.
  Time since last request: 0.000039 seconds.
  path: Assets/Animated Trees Package/Prefabs/Static
  artifactKey: Guid(e6bc96bba03cfdc409248abf7f6c5819) Importer(2089858483,0ecaa5967403d082aa24f35e1b516d23)
Start importing Assets/Animated Trees Package/Prefabs/Static using Guid(e6bc96bba03cfdc409248abf7f6c5819) Importer(2089858483,0ecaa5967403d082aa24f35e1b516d23) [PhysX] Initialized MultithreadedTaskDispatcher with 16 workers.
 -> (artifact id: '10e924ae5d89599c433ce4ab68e78cd1') in 0.022502 seconds
Number of updated asset objects reloaded before import = 0
Number of asset objects unloaded after import = 1
========================================================================
Received Import Request.
  Time since last request: 0.000064 seconds.
  path: Assets/Animated Trees Package/Readme.pdf
  artifactKey: Guid(ca2c627b38357bc4eb0f2463af8f39d8) Importer(2089858483,0ecaa5967403d082aa24f35e1b516d23)
Start importing Assets/Animated Trees Package/Readme.pdf using Guid(ca2c627b38357bc4eb0f2463af8f39d8) Importer(2089858483,0ecaa5967403d082aa24f35e1b516d23) [PhysX] Initialized MultithreadedTaskDispatcher with 16 workers.
 -> (artifact id: '2b600434e34cd8ff770fd1c9f0065bb2') in 0.021348 seconds
Number of updated asset objects reloaded before import = 0
Number of asset objects unloaded after import = 1
========================================================================
Received Import Request.
  Time since last request: 0.000045 seconds.
  path: Assets/Animated Trees Package/Textures/dry_tree_leaves_1_normal.png
  artifactKey: Guid(0810ca1027b0b354a83c9e0408984e96) Importer(2089858483,0ecaa5967403d082aa24f35e1b516d23)
Start importing Assets/Animated Trees Package/Textures/dry_tree_leaves_1_normal.png using Guid(0810ca1027b0b354a83c9e0408984e96) Importer(2089858483,0ecaa5967403d082aa24f35e1b516d23) [PhysX] Initialized MultithreadedTaskDispatcher with 16 workers.
 -> (artifact id: 'a5cb2e8f33d212a8a48d3e449330d128') in 0.042669 seconds
Number of updated asset objects reloaded before import = 0
Number of asset objects unloaded after import = 1
========================================================================
Received Import Request.
  Time since last request: 0.000045 seconds.
  path: Assets/DA/Forest_Tree/Texture_And_Materials/Bark
  artifactKey: Guid(40a47e1b08a9ad04ba405f24dd5910e6) Importer(2089858483,0ecaa5967403d082aa24f35e1b516d23)
Start importing Assets/DA/Forest_Tree/Texture_And_Materials/Bark using Guid(40a47e1b08a9ad04ba405f24dd5910e6) Importer(2089858483,0ecaa5967403d082aa24f35e1b516d23) [PhysX] Initialized MultithreadedTaskDispatcher with 16 workers.
 -> (artifact id: '55de885f31ced7aae6f651de2b59813e') in 0.018107 seconds
Number of updated asset objects reloaded before import = 0
Number of asset objects unloaded after import = 1
========================================================================
Received Import Request.
  Time since last request: 0.000039 seconds.
  path: Assets/Animated Trees Package/Textures/birch_bark_color.png
  artifactKey: Guid(6976722a59c08334690a4847838faeee) Importer(2089858483,0ecaa5967403d082aa24f35e1b516d23)
Start importing Assets/Animated Trees Package/Textures/birch_bark_color.png using Guid(6976722a59c08334690a4847838faeee) Importer(2089858483,0ecaa5967403d082aa24f35e1b516d23) [PhysX] Initialized MultithreadedTaskDispatcher with 16 workers.
 -> (artifact id: 'e5b05ffe118865367705f1030288270f') in 0.044306 seconds
Number of updated asset objects reloaded before import = 0
Number of asset objects unloaded after import = 1
========================================================================
Received Import Request.
  Time since last request: 0.000064 seconds.
  path: Assets/Animated Trees Package/Textures/billboards/birch_2_billboard_color.png
  artifactKey: Guid(3fd0b24e4119a3b42b2086de04f636a2) Importer(2089858483,0ecaa5967403d082aa24f35e1b516d23)
Start importing Assets/Animated Trees Package/Textures/billboards/birch_2_billboard_color.png using Guid(3fd0b24e4119a3b42b2086de04f636a2) Importer(2089858483,0ecaa5967403d082aa24f35e1b516d23) [PhysX] Initialized MultithreadedTaskDispatcher with 16 workers.
 -> (artifact id: 'c4c30cbef0e502cff08d777c9ae593bd') in 0.041761 seconds
Number of updated asset objects reloaded before import = 0
Number of asset objects unloaded after import = 1
========================================================================
Received Import Request.
  Time since last request: 0.000048 seconds.
  path: Assets/NatureManufacture Assets/River Auto Material 3/Demo/RAM 3 Demo Tesseled/ReflectionProbe-9.exr
  artifactKey: Guid(9f4f059903c780a4f93c39eae7e9d694) Importer(2089858483,0ecaa5967403d082aa24f35e1b516d23)
Start importing Assets/NatureManufacture Assets/River Auto Material 3/Demo/RAM 3 Demo Tesseled/ReflectionProbe-9.exr using Guid(9f4f059903c780a4f93c39eae7e9d694) Importer(2089858483,0ecaa5967403d082aa24f35e1b516d23) [PhysX] Initialized MultithreadedTaskDispatcher with 16 workers.
 -> (artifact id: '13ab47f0ff589d84be8eaaf2676e2dc0') in 0.057371 seconds
Number of updated asset objects reloaded before import = 0
Number of asset objects unloaded after import = 1
========================================================================
Received Import Request.
  Time since last request: 0.000041 seconds.
  path: Assets/NatureManufacture Assets/River Auto Material 3/Demo/PostProcessVolumeProfile RAM Mobile.asset
  artifactKey: Guid(2678b9d564c18704d8d1221ff1aa0abd) Importer(2089858483,0ecaa5967403d082aa24f35e1b516d23)
Start importing Assets/NatureManufacture Assets/River Auto Material 3/Demo/PostProcessVolumeProfile RAM Mobile.asset using Guid(2678b9d564c18704d8d1221ff1aa0abd) Importer(2089858483,0ecaa5967403d082aa24f35e1b516d23) [PhysX] Initialized MultithreadedTaskDispatcher with 16 workers.
 -> (artifact id: 'e19d67b05639e7355429ba7dbe689855') in 0.038893 seconds
Number of updated asset objects reloaded before import = 0
Number of asset objects unloaded after import = 1
========================================================================
Received Import Request.
  Time since last request: 0.000047 seconds.
  path: Assets/NatureManufacture Assets/River Auto Material 3/Demo/Terrain Layers/Terrain_Layer_Grass_01.terrainlayer
  artifactKey: Guid(67d7e7a2ea25b074c87b9aede40fe1b7) Importer(2089858483,0ecaa5967403d082aa24f35e1b516d23)
Start importing Assets/NatureManufacture Assets/River Auto Material 3/Demo/Terrain Layers/Terrain_Layer_Grass_01.terrainlayer using Guid(67d7e7a2ea25b074c87b9aede40fe1b7) Importer(2089858483,0ecaa5967403d082aa24f35e1b516d23) [PhysX] Initialized MultithreadedTaskDispatcher with 16 workers.
 -> (artifact id: 'd803f7d242c2edacf2a980b3c1d8ff67') in 0.106876 seconds
Number of updated asset objects reloaded before import = 0
Number of asset objects unloaded after import = 4
========================================================================
Received Import Request.
  Time since last request: 0.000036 seconds.
  path: Assets/Stylized Stone/material/Solitary Stone(0.1)_MaskMap.png
  artifactKey: Guid(ad720ad649d3c3347b92556b8e063b30) Importer(2089858483,0ecaa5967403d082aa24f35e1b516d23)
Start importing Assets/Stylized Stone/material/Solitary Stone(0.1)_MaskMap.png using Guid(ad720ad649d3c3347b92556b8e063b30) Importer(2089858483,0ecaa5967403d082aa24f35e1b516d23) [PhysX] Initialized MultithreadedTaskDispatcher with 16 workers.
 -> (artifact id: '8a79d657cb1140f13872b226269c4c61') in 0.055860 seconds
Number of updated asset objects reloaded before import = 0
Number of asset objects unloaded after import = 1
========================================================================
Received Import Request.
  Time since last request: 0.000053 seconds.
  path: Assets/NatureManufacture Assets/River Auto Material 3/Water/Textures/T_River_Side_Foam_01_N.png
  artifactKey: Guid(8b9c88508e848224bbbfd679508b68eb) Importer(2089858483,0ecaa5967403d082aa24f35e1b516d23)
Start importing Assets/NatureManufacture Assets/River Auto Material 3/Water/Textures/T_River_Side_Foam_01_N.png using Guid(8b9c88508e848224bbbfd679508b68eb) Importer(2089858483,0ecaa5967403d082aa24f35e1b516d23) [PhysX] Initialized MultithreadedTaskDispatcher with 16 workers.
 -> (artifact id: 'e805adcf34ca2ca6189f18b23fb9d173') in 0.049968 seconds
Number of updated asset objects reloaded before import = 0
Number of asset objects unloaded after import = 1
========================================================================
Received Import Request.
  Time since last request: 0.000052 seconds.
  path: Assets/Stylized Stone/material/Stacked_Boulder4_MaskMap.png
  artifactKey: Guid(f63bf695b1094604fb43a71549f4e7ea) Importer(2089858483,0ecaa5967403d082aa24f35e1b516d23)
Start importing Assets/Stylized Stone/material/Stacked_Boulder4_MaskMap.png using Guid(f63bf695b1094604fb43a71549f4e7ea) Importer(2089858483,0ecaa5967403d082aa24f35e1b516d23) [PhysX] Initialized MultithreadedTaskDispatcher with 16 workers.
 -> (artifact id: '8f3d59f339871e3bd70d60138ca20b5e') in 0.062380 seconds
Number of updated asset objects reloaded before import = 0
Number of asset objects unloaded after import = 1
========================================================================
Received Import Request.
  Time since last request: 0.000046 seconds.
  path: Assets/NatureManufacture Assets/Spline System/Scripts/Triangulation/TriangleDotNet/Triangle/Topology/Triangle.cs
  artifactKey: Guid(65547546c8ba949408a07be681eee69a) Importer(2089858483,0ecaa5967403d082aa24f35e1b516d23)
Start importing Assets/NatureManufacture Assets/Spline System/Scripts/Triangulation/TriangleDotNet/Triangle/Topology/Triangle.cs using Guid(65547546c8ba949408a07be681eee69a) Importer(2089858483,0ecaa5967403d082aa24f35e1b516d23) [PhysX] Initialized MultithreadedTaskDispatcher with 16 workers.
 -> (artifact id: '27b9a74da4c365cdeb26e9a2d80adc0e') in 0.022970 seconds
Number of updated asset objects reloaded before import = 0
Number of asset objects unloaded after import = 1
========================================================================
Received Import Request.
  Time since last request: 0.000038 seconds.
  path: Assets/NatureManufacture Assets/River Auto Material 3/Demo/RAM 3 Demo/ReflectionProbe-3.exr
  artifactKey: Guid(7aeec00dc54bc8645bc91651c88bd329) Importer(2089858483,0ecaa5967403d082aa24f35e1b516d23)
Start importing Assets/NatureManufacture Assets/River Auto Material 3/Demo/RAM 3 Demo/ReflectionProbe-3.exr using Guid(7aeec00dc54bc8645bc91651c88bd329) Importer(2089858483,0ecaa5967403d082aa24f35e1b516d23) [PhysX] Initialized MultithreadedTaskDispatcher with 16 workers.
 -> (artifact id: '5b7daca5cef72ffcecff5dbbe9f33289') in 0.046778 seconds
Number of updated asset objects reloaded before import = 0
Number of asset objects unloaded after import = 1
========================================================================
Received Import Request.
  Time since last request: 0.000044 seconds.
  path: Assets/NatureManufacture Assets/Spline System/Scripts/Terrain/TerrainNoiseParameters.cs
  artifactKey: Guid(a8b145a7825540069df27502082598d4) Importer(2089858483,0ecaa5967403d082aa24f35e1b516d23)
Start importing Assets/NatureManufacture Assets/Spline System/Scripts/Terrain/TerrainNoiseParameters.cs using Guid(a8b145a7825540069df27502082598d4) Importer(2089858483,0ecaa5967403d082aa24f35e1b516d23) [PhysX] Initialized MultithreadedTaskDispatcher with 16 workers.
 -> (artifact id: 'abcf8301174f396ee7ad40e0670dd4ba') in 0.019943 seconds
Number of updated asset objects reloaded before import = 0
Number of asset objects unloaded after import = 1
========================================================================
Received Import Request.
  Time since last request: 0.000055 seconds.
  path: Assets/NatureManufacture Assets/Spline System/Scripts/Triangulation/TriangleDotNet/Triangle/Topology/DCEL/Vertex.cs
  artifactKey: Guid(12f7b4c2b07ff1e4db4fe17b8227af48) Importer(2089858483,0ecaa5967403d082aa24f35e1b516d23)
Start importing Assets/NatureManufacture Assets/Spline System/Scripts/Triangulation/TriangleDotNet/Triangle/Topology/DCEL/Vertex.cs using Guid(12f7b4c2b07ff1e4db4fe17b8227af48) Importer(2089858483,0ecaa5967403d082aa24f35e1b516d23) [PhysX] Initialized MultithreadedTaskDispatcher with 16 workers.
 -> (artifact id: 'c18895bdb847a5320105e3fa1ece9a12') in 0.022125 seconds
Number of updated asset objects reloaded before import = 0
Number of asset objects unloaded after import = 1
========================================================================
Received Import Request.
  Time since last request: 0.000040 seconds.
  path: Assets/NatureManufacture Assets/Spline System/Scripts/Triangulation/TriangleDotNet/Triangle/Topology/Osub.cs
  artifactKey: Guid(fd7b0eb4623a952419f055c2f85e6c13) Importer(2089858483,0ecaa5967403d082aa24f35e1b516d23)
Start importing Assets/NatureManufacture Assets/Spline System/Scripts/Triangulation/TriangleDotNet/Triangle/Topology/Osub.cs using Guid(fd7b0eb4623a952419f055c2f85e6c13) Importer(2089858483,0ecaa5967403d082aa24f35e1b516d23) [PhysX] Initialized MultithreadedTaskDispatcher with 16 workers.
 -> (artifact id: '7d488ea8cb840899a8a8a9aa1934ab7f') in 0.022216 seconds
Number of updated asset objects reloaded before import = 0
Number of asset objects unloaded after import = 1
========================================================================
Received Import Request.
  Time since last request: 0.000056 seconds.
  path: Assets/NatureManufacture Assets/River Auto Material 3/Ground Textures/T_Ground_Sand_01_A_SM.tga
  artifactKey: Guid(42e3eab0a41b91442a19fec865309429) Importer(2089858483,0ecaa5967403d082aa24f35e1b516d23)
Start importing Assets/NatureManufacture Assets/River Auto Material 3/Ground Textures/T_Ground_Sand_01_A_SM.tga using Guid(42e3eab0a41b91442a19fec865309429) Importer(2089858483,0ecaa5967403d082aa24f35e1b516d23) [PhysX] Initialized MultithreadedTaskDispatcher with 16 workers.
 -> (artifact id: 'f453ba8f0a01a56eebf900eadf45292b') in 0.058005 seconds
Number of updated asset objects reloaded before import = 0
Number of asset objects unloaded after import = 1
========================================================================
Received Import Request.
  Time since last request: 0.000037 seconds.
  path: Assets/NatureManufacture Assets/River Auto Material 3/Water/Materials Tesseled/M_R3_Swamp_Leaves_River_Tesseled.mat
  artifactKey: Guid(85d79d2b8dc5b7b4995c2f3e2da7895b) Importer(2089858483,0ecaa5967403d082aa24f35e1b516d23)
Start importing Assets/NatureManufacture Assets/River Auto Material 3/Water/Materials Tesseled/M_R3_Swamp_Leaves_River_Tesseled.mat using Guid(85d79d2b8dc5b7b4995c2f3e2da7895b) Importer(2089858483,0ecaa5967403d082aa24f35e1b516d23) [PhysX] Initialized MultithreadedTaskDispatcher with 16 workers.
 -> (artifact id: '00ae9f6dd8d48800d0d56db51b8fc147') in 0.567311 seconds
Number of updated asset objects reloaded before import = 0
Number of asset objects unloaded after import = 13
========================================================================
Received Import Request.
  Time since last request: 0.000052 seconds.
  path: Assets/NatureManufacture Assets/River Auto Material 3/Demo/RAM 3 Demo/ReflectionProbe-4.exr
  artifactKey: Guid(e6c37acd722064146aed9f6e587b66bd) Importer(2089858483,0ecaa5967403d082aa24f35e1b516d23)
Start importing Assets/NatureManufacture Assets/River Auto Material 3/Demo/RAM 3 Demo/ReflectionProbe-4.exr using Guid(e6c37acd722064146aed9f6e587b66bd) Importer(2089858483,0ecaa5967403d082aa24f35e1b516d23) [PhysX] Initialized MultithreadedTaskDispatcher with 16 workers.
 -> (artifact id: '5efeb9e8c16c4271fb61d82915c11938') in 0.049877 seconds
Number of updated asset objects reloaded before import = 0
Number of asset objects unloaded after import = 1
========================================================================
Received Import Request.
  Time since last request: 0.000083 seconds.
  path: Assets/NatureManufacture Assets/River Auto Material 3/Ground Textures/T_Ground_Forest_Dirt_01_A_SM.tga
  artifactKey: Guid(6d72ed5abbe4f4c468b8d7232c57d605) Importer(2089858483,0ecaa5967403d082aa24f35e1b516d23)
Start importing Assets/NatureManufacture Assets/River Auto Material 3/Ground Textures/T_Ground_Forest_Dirt_01_A_SM.tga using Guid(6d72ed5abbe4f4c468b8d7232c57d605) Importer(2089858483,0ecaa5967403d082aa24f35e1b516d23) [PhysX] Initialized MultithreadedTaskDispatcher with 16 workers.
 -> (artifact id: '00131fc1dcccfe6f32c328d929f429e3') in 0.065280 seconds
Number of updated asset objects reloaded before import = 0
Number of asset objects unloaded after import = 1
========================================================================
Received Import Request.
  Time since last request: 0.000053 seconds.
  path: Assets/NatureManufacture Assets/Spline System/Scripts/VertexPainter/VertexPaintNoiseData.cs
  artifactKey: Guid(2c6b4e22f7094264da9d4fe0b23747fb) Importer(2089858483,0ecaa5967403d082aa24f35e1b516d23)
Start importing Assets/NatureManufacture Assets/Spline System/Scripts/VertexPainter/VertexPaintNoiseData.cs using Guid(2c6b4e22f7094264da9d4fe0b23747fb) Importer(2089858483,0ecaa5967403d082aa24f35e1b516d23) [PhysX] Initialized MultithreadedTaskDispatcher with 16 workers.
 -> (artifact id: '387792bd769df1ffd37035a0d1b4507d') in 0.023304 seconds
Number of updated asset objects reloaded before import = 0
Number of asset objects unloaded after import = 1
========================================================================
Received Import Request.
  Time since last request: 0.000055 seconds.
  path: Assets/NatureManufacture Assets/River Auto Material 3/Demo/Terrain Layers/layer_T_Ground_Sand_02_Floating_Island.terrainlayer
  artifactKey: Guid(56f479e104bd96e4aa3a5e2e7d379f83) Importer(2089858483,0ecaa5967403d082aa24f35e1b516d23)
Start importing Assets/NatureManufacture Assets/River Auto Material 3/Demo/Terrain Layers/layer_T_Ground_Sand_02_Floating_Island.terrainlayer using Guid(56f479e104bd96e4aa3a5e2e7d379f83) Importer(2089858483,0ecaa5967403d082aa24f35e1b516d23) [PhysX] Initialized MultithreadedTaskDispatcher with 16 workers.
 -> (artifact id: 'f449bc8c81085e4e63edd83a38723cbf') in 0.123036 seconds
Number of updated asset objects reloaded before import = 0
Number of asset objects unloaded after import = 4
========================================================================
Received Import Request.
  Time since last request: 0.000051 seconds.
  path: Assets/NatureManufacture Assets/River Auto Material 3/Profiles/Fence Profiles/Pipe with post.asset
  artifactKey: Guid(12f2adbc74b0b534fa1781dcb3ca0bb1) Importer(2089858483,0ecaa5967403d082aa24f35e1b516d23)
Start importing Assets/NatureManufacture Assets/River Auto Material 3/Profiles/Fence Profiles/Pipe with post.asset using Guid(12f2adbc74b0b534fa1781dcb3ca0bb1) Importer(2089858483,0ecaa5967403d082aa24f35e1b516d23) [PhysX] Initialized MultithreadedTaskDispatcher with 16 workers.
 -> (artifact id: '6d363483efc41bfe0a1ec4b0be3cbc22') in 0.035430 seconds
Number of updated asset objects reloaded before import = 0
Number of asset objects unloaded after import = 1
========================================================================
Received Import Request.
  Time since last request: 0.000046 seconds.
  path: Assets/NatureManufacture Assets/Spline System/Scripts/Editor/VertexPainter/MeshColoringEditor.cs
  artifactKey: Guid(de50c4f635d9f8f42b7ea5b8c1007a29) Importer(2089858483,0ecaa5967403d082aa24f35e1b516d23)
Start importing Assets/NatureManufacture Assets/Spline System/Scripts/Editor/VertexPainter/MeshColoringEditor.cs using Guid(de50c4f635d9f8f42b7ea5b8c1007a29) Importer(2089858483,0ecaa5967403d082aa24f35e1b516d23) [PhysX] Initialized MultithreadedTaskDispatcher with 16 workers.
 -> (artifact id: 'cc9c89b3eab68f96d06141e48e8daecc') in 0.026799 seconds
Number of updated asset objects reloaded before import = 0
Number of asset objects unloaded after import = 1
========================================================================
Received Import Request.
  Time since last request: 0.000054 seconds.
  path: Assets/NatureManufacture Assets/Spline System/Icons/fenceRAM.png
  artifactKey: Guid(f73808a0aa838d24e8b7d132f93ec5c9) Importer(2089858483,0ecaa5967403d082aa24f35e1b516d23)
Start importing Assets/NatureManufacture Assets/Spline System/Icons/fenceRAM.png using Guid(f73808a0aa838d24e8b7d132f93ec5c9) Importer(2089858483,0ecaa5967403d082aa24f35e1b516d23) [PhysX] Initialized MultithreadedTaskDispatcher with 16 workers.
 -> (artifact id: 'bc1c4a43a62ce90794ee15b921007014') in 0.060481 seconds
Number of updated asset objects reloaded before import = 0
Number of asset objects unloaded after import = 3
========================================================================
Received Import Request.
  Time since last request: 0.000037 seconds.
  path: Assets/NatureManufacture Assets/River Auto Material 3/Profiles/Sea and Lake Profiles/R3_Lake_Swamp_Mobile.asset
  artifactKey: Guid(76a66a4ef183d2c46a03f3da9a559bf5) Importer(2089858483,0ecaa5967403d082aa24f35e1b516d23)
Start importing Assets/NatureManufacture Assets/River Auto Material 3/Profiles/Sea and Lake Profiles/R3_Lake_Swamp_Mobile.asset using Guid(76a66a4ef183d2c46a03f3da9a559bf5) Importer(2089858483,0ecaa5967403d082aa24f35e1b516d23) [PhysX] Initialized MultithreadedTaskDispatcher with 16 workers.
 -> (artifact id: '784258309ff920e09e4b08d974353bd0') in 0.037732 seconds
Number of updated asset objects reloaded before import = 0
Number of asset objects unloaded after import = 1
========================================================================
Received Import Request.
  Time since last request: 0.000045 seconds.
  path: Assets/NatureManufacture Assets/River Auto Material 3/Demo/RAM 3 Demo Tesseled/ReflectionProbe-3.exr
  artifactKey: Guid(c6d258b69b8379e41a0a18f3a0553ea9) Importer(2089858483,0ecaa5967403d082aa24f35e1b516d23)
Start importing Assets/NatureManufacture Assets/River Auto Material 3/Demo/RAM 3 Demo Tesseled/ReflectionProbe-3.exr using Guid(c6d258b69b8379e41a0a18f3a0553ea9) Importer(2089858483,0ecaa5967403d082aa24f35e1b516d23) [PhysX] Initialized MultithreadedTaskDispatcher with 16 workers.
 -> (artifact id: '119162133b9afbc28c5aa3d896079176') in 0.052107 seconds
Number of updated asset objects reloaded before import = 0
Number of asset objects unloaded after import = 1
========================================================================
Received Import Request.
  Time since last request: 0.000073 seconds.
  path: Assets/NatureManufacture Assets/River Auto Material 3/Demo/RAM 3 Demo Tesseled/ReflectionProbe-14.exr
  artifactKey: Guid(f36798d06fd3f164eb3c935388b2fabe) Importer(2089858483,0ecaa5967403d082aa24f35e1b516d23)
Start importing Assets/NatureManufacture Assets/River Auto Material 3/Demo/RAM 3 Demo Tesseled/ReflectionProbe-14.exr using Guid(f36798d06fd3f164eb3c935388b2fabe) Importer(2089858483,0ecaa5967403d082aa24f35e1b516d23) [PhysX] Initialized MultithreadedTaskDispatcher with 16 workers.
 -> (artifact id: '318f68d6ff0dac725803fb7f9dea73ff') in 0.056457 seconds
Number of updated asset objects reloaded before import = 0
Number of asset objects unloaded after import = 1
========================================================================
Received Import Request.
  Time since last request: 0.000043 seconds.
  path: Assets/NatureManufacture Assets/River Auto Material 3/Demo/RAM 3 Demo Tesseled
  artifactKey: Guid(6b6b923f1016b984c9593fba2fedb5e3) Importer(2089858483,0ecaa5967403d082aa24f35e1b516d23)
Start importing Assets/NatureManufacture Assets/River Auto Material 3/Demo/RAM 3 Demo Tesseled using Guid(6b6b923f1016b984c9593fba2fedb5e3) Importer(2089858483,0ecaa5967403d082aa24f35e1b516d23) [PhysX] Initialized MultithreadedTaskDispatcher with 16 workers.
 -> (artifact id: '134d0d4dd855908c61beaeba8f46f011') in 0.024408 seconds
Number of updated asset objects reloaded before import = 0
Number of asset objects unloaded after import = 1
========================================================================
Received Import Request.
  Time since last request: 0.000040 seconds.
  path: Assets/NatureManufacture Assets/Spline System/Scripts/Editor/Sea/SeaPhysicsEditor.cs
  artifactKey: Guid(eb40e06356ba9cf47a076c9eed18dc5e) Importer(2089858483,0ecaa5967403d082aa24f35e1b516d23)
Start importing Assets/NatureManufacture Assets/Spline System/Scripts/Editor/Sea/SeaPhysicsEditor.cs using Guid(eb40e06356ba9cf47a076c9eed18dc5e) Importer(2089858483,0ecaa5967403d082aa24f35e1b516d23) [PhysX] Initialized MultithreadedTaskDispatcher with 16 workers.
 -> (artifact id: '08e241f658676f3c54209c13068d86e1') in 0.024768 seconds
Number of updated asset objects reloaded before import = 0
Number of asset objects unloaded after import = 1
========================================================================
Received Import Request.
  Time since last request: 0.000051 seconds.
  path: Assets/NatureManufacture Assets/River Auto Material 3/Water/Textures/T_River_Noise_1.tga
  artifactKey: Guid(8e86576b91c487846a862e99ca912fa1) Importer(2089858483,0ecaa5967403d082aa24f35e1b516d23)
Start importing Assets/NatureManufacture Assets/River Auto Material 3/Water/Textures/T_River_Noise_1.tga using Guid(8e86576b91c487846a862e99ca912fa1) Importer(2089858483,0ecaa5967403d082aa24f35e1b516d23) [PhysX] Initialized MultithreadedTaskDispatcher with 16 workers.
 -> (artifact id: '1d8e3a0574f640f0478f8d9bf9bcd0e3') in 0.059919 seconds
Number of updated asset objects reloaded before import = 0
Number of asset objects unloaded after import = 1
========================================================================
Received Import Request.
  Time since last request: 0.000040 seconds.
  path: Assets/NatureManufacture Assets/River Auto Material 3/Floating Island/flying_island.fbx
  artifactKey: Guid(77a3f6c9208413c43954f2bc8761267e) Importer(2089858483,0ecaa5967403d082aa24f35e1b516d23)
Start importing Assets/NatureManufacture Assets/River Auto Material 3/Floating Island/flying_island.fbx using Guid(77a3f6c9208413c43954f2bc8761267e) Importer(2089858483,0ecaa5967403d082aa24f35e1b516d23) [PhysX] Initialized MultithreadedTaskDispatcher with 16 workers.
 -> (artifact id: '0c339036d389716739de1c0ee3672e38') in 0.062203 seconds
Number of updated asset objects reloaded before import = 0
Number of asset objects unloaded after import = 7
========================================================================
Received Import Request.
  Time since last request: 0.000044 seconds.
  path: Assets/NatureManufacture Assets/River Auto Material 3/Demo/M_Test.mat
  artifactKey: Guid(a11b00fbf0e11f24aa7e835a4e82c9f4) Importer(2089858483,0ecaa5967403d082aa24f35e1b516d23)
Start importing Assets/NatureManufacture Assets/River Auto Material 3/Demo/M_Test.mat using Guid(a11b00fbf0e11f24aa7e835a4e82c9f4) Importer(2089858483,0ecaa5967403d082aa24f35e1b516d23) [PhysX] Initialized MultithreadedTaskDispatcher with 16 workers.
 -> (artifact id: '3a54770d299eb8520b80b19ca6aa3eb3') in 0.096915 seconds
Number of updated asset objects reloaded before import = 0
Number of asset objects unloaded after import = 1
========================================================================
Received Import Request.
  Time since last request: 0.000052 seconds.
  path: Assets/NatureManufacture Assets/River Auto Material 3/Profiles/Sea and Lake Profiles/R3_Lake_Mirror.asset
  artifactKey: Guid(016c111fb146687478c1e8581ddabf63) Importer(2089858483,0ecaa5967403d082aa24f35e1b516d23)
Start importing Assets/NatureManufacture Assets/River Auto Material 3/Profiles/Sea and Lake Profiles/R3_Lake_Mirror.asset using Guid(016c111fb146687478c1e8581ddabf63) Importer(2089858483,0ecaa5967403d082aa24f35e1b516d23) [PhysX] Initialized MultithreadedTaskDispatcher with 16 workers.
 -> (artifact id: '75b9dd8fc3bf4f30b78b2d3c9e97af4a') in 0.037508 seconds
Number of updated asset objects reloaded before import = 0
Number of asset objects unloaded after import = 1
========================================================================
Received Import Request.
  Time since last request: 0.000035 seconds.
  path: Assets/NatureManufacture Assets/River Auto Material 3/Demo/RAM 3 Demo.lighting
  artifactKey: Guid(a1c52b950aebcc94180da4bd5fa13816) Importer(2089858483,0ecaa5967403d082aa24f35e1b516d23)
Start importing Assets/NatureManufacture Assets/River Auto Material 3/Demo/RAM 3 Demo.lighting using Guid(a1c52b950aebcc94180da4bd5fa13816) Importer(2089858483,0ecaa5967403d082aa24f35e1b516d23) [PhysX] Initialized MultithreadedTaskDispatcher with 16 workers.
LightingSettings: switching bake backend from 1 to 2.
 -> (artifact id: '338f075f45db4a7b70030bffa8fdded5') in 0.058748 seconds
Number of updated asset objects reloaded before import = 0
Number of asset objects unloaded after import = 1
========================================================================
Received Import Request.
  Time since last request: 0.000040 seconds.
  path: Assets/NatureManufacture Assets/River Auto Material 3/Demo/RAM 3 Demo Tesseled/Lightmap-0_comp_dir.png
  artifactKey: Guid(7c584bbc0b5421247a7006553407cf9d) Importer(2089858483,0ecaa5967403d082aa24f35e1b516d23)
Start importing Assets/NatureManufacture Assets/River Auto Material 3/Demo/RAM 3 Demo Tesseled/Lightmap-0_comp_dir.png using Guid(7c584bbc0b5421247a7006553407cf9d) Importer(2089858483,0ecaa5967403d082aa24f35e1b516d23) [PhysX] Initialized MultithreadedTaskDispatcher with 16 workers.
 -> (artifact id: 'efb5173caf8026ecd6a91a619c2b5fc5') in 0.065563 seconds
Number of updated asset objects reloaded before import = 0
Number of asset objects unloaded after import = 1
========================================================================
Received Import Request.
  Time since last request: 0.000044 seconds.
  path: Assets/Animated Trees Package/Prefabs/Animated/Firs/Fir 3.prefab
  artifactKey: Guid(38ff8d0ec2ceeab46844f40364747524) Importer(2089858483,0ecaa5967403d082aa24f35e1b516d23)
Start importing Assets/Animated Trees Package/Prefabs/Animated/Firs/Fir 3.prefab using Guid(38ff8d0ec2ceeab46844f40364747524) Importer(2089858483,0ecaa5967403d082aa24f35e1b516d23) [PhysX] Initialized MultithreadedTaskDispatcher with 16 workers.
 -> (artifact id: '9685f151ec7d9900e4a8f52fcf75694a') in 0.048804 seconds
Number of updated asset objects reloaded before import = 0
Number of asset objects unloaded after import = 254
========================================================================
Received Import Request.
  Time since last request: 0.000036 seconds.
  path: Assets/NatureManufacture Assets/Spline System/Scripts/Fence/FenceObjectProbability.cs
  artifactKey: Guid(347da73d7ff8427e9df0c88ba1b97dcf) Importer(2089858483,0ecaa5967403d082aa24f35e1b516d23)
Start importing Assets/NatureManufacture Assets/Spline System/Scripts/Fence/FenceObjectProbability.cs using Guid(347da73d7ff8427e9df0c88ba1b97dcf) Importer(2089858483,0ecaa5967403d082aa24f35e1b516d23) [PhysX] Initialized MultithreadedTaskDispatcher with 16 workers.
 -> (artifact id: 'dbe4921c7a593a660dee8440e7595532') in 0.020981 seconds
Number of updated asset objects reloaded before import = 0
Number of asset objects unloaded after import = 1
========================================================================
Received Import Request.
  Time since last request: 0.000045 seconds.
  path: Assets/NatureManufacture Assets/Spline System/Gizmos/SplineProfile Icon.png
  artifactKey: Guid(02e594c693a514444bceb01ca7514e00) Importer(2089858483,0ecaa5967403d082aa24f35e1b516d23)
Start importing Assets/NatureManufacture Assets/Spline System/Gizmos/SplineProfile Icon.png using Guid(02e594c693a514444bceb01ca7514e00) Importer(2089858483,0ecaa5967403d082aa24f35e1b516d23) [PhysX] Initialized MultithreadedTaskDispatcher with 16 workers.
 -> (artifact id: '202145fcb9c61908c12b6fddeb9e6f95') in 0.092859 seconds
Number of updated asset objects reloaded before import = 0
Number of asset objects unloaded after import = 3
========================================================================
Received Import Request.
  Time since last request: 0.000037 seconds.
  path: Assets/NatureManufacture Assets/Spline System/Scripts/Editor/Terrain/TerrainLayerDataDrawer.cs
  artifactKey: Guid(f5bbb28b2124ecb42ab2b3d7a235accf) Importer(2089858483,0ecaa5967403d082aa24f35e1b516d23)
Start importing Assets/NatureManufacture Assets/Spline System/Scripts/Editor/Terrain/TerrainLayerDataDrawer.cs using Guid(f5bbb28b2124ecb42ab2b3d7a235accf) Importer(2089858483,0ecaa5967403d082aa24f35e1b516d23) [PhysX] Initialized MultithreadedTaskDispatcher with 16 workers.
 -> (artifact id: '0e6b6fec7b46e24487dda49c38723cb6') in 0.029351 seconds
Number of updated asset objects reloaded before import = 0
Number of asset objects unloaded after import = 1
========================================================================
Received Import Request.
  Time since last request: 0.000045 seconds.
  path: Assets/NatureManufacture Assets/River Auto Material 3/Decals/T_Decal_Wet_N.png
  artifactKey: Guid(8cba3275db0de42469b322e9f05b6170) Importer(2089858483,0ecaa5967403d082aa24f35e1b516d23)
Start importing Assets/NatureManufacture Assets/River Auto Material 3/Decals/T_Decal_Wet_N.png using Guid(8cba3275db0de42469b322e9f05b6170) Importer(2089858483,0ecaa5967403d082aa24f35e1b516d23) [PhysX] Initialized MultithreadedTaskDispatcher with 16 workers.
 -> (artifact id: 'ef15fbecad76d14223e9e05089dc130f') in 0.083453 seconds
Number of updated asset objects reloaded before import = 0
Number of asset objects unloaded after import = 1
========================================================================
Received Import Request.
  Time since last request: 0.000037 seconds.
  path: Assets/NatureManufacture Assets/Spline System/Scripts/Editor/River
  artifactKey: Guid(67c28711fb3d54c4386321cb54646734) Importer(2089858483,0ecaa5967403d082aa24f35e1b516d23)
Start importing Assets/NatureManufacture Assets/Spline System/Scripts/Editor/River using Guid(67c28711fb3d54c4386321cb54646734) Importer(2089858483,0ecaa5967403d082aa24f35e1b516d23) [PhysX] Initialized MultithreadedTaskDispatcher with 16 workers.
 -> (artifact id: 'a650045b514145a5e6760dc432283b18') in 0.022772 seconds
Number of updated asset objects reloaded before import = 0
Number of asset objects unloaded after import = 1
========================================================================
Received Import Request.
  Time since last request: 0.000049 seconds.
  path: Assets/NatureManufacture Assets/River Auto Material 3/Water/Materials Tesseled/M_R3_River_Big_Tesseled.mat
  artifactKey: Guid(dc246749238731a478e16c9c747e3daa) Importer(2089858483,0ecaa5967403d082aa24f35e1b516d23)
Start importing Assets/NatureManufacture Assets/River Auto Material 3/Water/Materials Tesseled/M_R3_River_Big_Tesseled.mat using Guid(dc246749238731a478e16c9c747e3daa) Importer(2089858483,0ecaa5967403d082aa24f35e1b516d23) [PhysX] Initialized MultithreadedTaskDispatcher with 16 workers.
 -> (artifact id: '23234a4e4f267ee6513da02166c7eb32') in 1.494501 seconds
Number of updated asset objects reloaded before import = 0
Number of asset objects unloaded after import = 11
========================================================================
Received Import Request.
  Time since last request: 0.000081 seconds.
  path: Assets/NatureManufacture Assets/Spline System/Scripts/Triangulation/TriangleDotNet/Triangle/Logging/ILog.cs
  artifactKey: Guid(cb034a93a949ff04b903a2eb59659f55) Importer(2089858483,0ecaa5967403d082aa24f35e1b516d23)
Start importing Assets/NatureManufacture Assets/Spline System/Scripts/Triangulation/TriangleDotNet/Triangle/Logging/ILog.cs using Guid(cb034a93a949ff04b903a2eb59659f55) Importer(2089858483,0ecaa5967403d082aa24f35e1b516d23) [PhysX] Initialized MultithreadedTaskDispatcher with 16 workers.
 -> (artifact id: 'c1596945a6b3d1f8de2b2b673868679f') in 0.023996 seconds
Number of updated asset objects reloaded before import = 0
Number of asset objects unloaded after import = 1
========================================================================
Received Import Request.
  Time since last request: 0.000047 seconds.
  path: Assets/NatureManufacture Assets/River Auto Material 3/Demo/RAM 3 Demo/ReflectionProbe-17.exr
  artifactKey: Guid(94e6f570f5508e3448df19ddd48f215d) Importer(2089858483,0ecaa5967403d082aa24f35e1b516d23)
Start importing Assets/NatureManufacture Assets/River Auto Material 3/Demo/RAM 3 Demo/ReflectionProbe-17.exr using Guid(94e6f570f5508e3448df19ddd48f215d) Importer(2089858483,0ecaa5967403d082aa24f35e1b516d23) [PhysX] Initialized MultithreadedTaskDispatcher with 16 workers.
 -> (artifact id: '0143b3184ca5c723e25fcdf39a29d668') in 0.049180 seconds
Number of updated asset objects reloaded before import = 0
Number of asset objects unloaded after import = 1
========================================================================
Received Import Request.
  Time since last request: 0.000046 seconds.
  path: Assets/NatureManufacture Assets/River Auto Material 3/Water/Textures/T_Swamp_Leaves_01_H.tga
  artifactKey: Guid(02614e98ae022d546972dc69fbf56e12) Importer(2089858483,0ecaa5967403d082aa24f35e1b516d23)
Start importing Assets/NatureManufacture Assets/River Auto Material 3/Water/Textures/T_Swamp_Leaves_01_H.tga using Guid(02614e98ae022d546972dc69fbf56e12) Importer(2089858483,0ecaa5967403d082aa24f35e1b516d23) [PhysX] Initialized MultithreadedTaskDispatcher with 16 workers.
 -> (artifact id: '1ce1eff5a492912f64923219b303fb9c') in 0.056488 seconds
Number of updated asset objects reloaded before import = 0
Number of asset objects unloaded after import = 1
========================================================================
Received Import Request.
  Time since last request: 0.000065 seconds.
  path: Assets/NatureManufacture Assets/Spline System/Scripts/Editor/Utilities/LogoRamUi.cs
  artifactKey: Guid(d432c58e66d542edb01dd0ae9fca240f) Importer(2089858483,0ecaa5967403d082aa24f35e1b516d23)
Start importing Assets/NatureManufacture Assets/Spline System/Scripts/Editor/Utilities/LogoRamUi.cs using Guid(d432c58e66d542edb01dd0ae9fca240f) Importer(2089858483,0ecaa5967403d082aa24f35e1b516d23) [PhysX] Initialized MultithreadedTaskDispatcher with 16 workers.
 -> (artifact id: 'b01e35901428a7c1da68e40c5ee02d02') in 0.024975 seconds
Number of updated asset objects reloaded before import = 0
Number of asset objects unloaded after import = 1
========================================================================
Received Import Request.
  Time since last request: 0.000049 seconds.
  path: Assets/NatureManufacture Assets/Spline System/Scripts/Editor/Terrain/TerrainPainterDataEditor.cs
  artifactKey: Guid(34fa87e0187c89c49bba6a691647c0bc) Importer(2089858483,0ecaa5967403d082aa24f35e1b516d23)
Start importing Assets/NatureManufacture Assets/Spline System/Scripts/Editor/Terrain/TerrainPainterDataEditor.cs using Guid(34fa87e0187c89c49bba6a691647c0bc) Importer(2089858483,0ecaa5967403d082aa24f35e1b516d23) [PhysX] Initialized MultithreadedTaskDispatcher with 16 workers.
 -> (artifact id: 'c139b7063123324b5453d91f747db74e') in 0.028759 seconds
Number of updated asset objects reloaded before import = 0
Number of asset objects unloaded after import = 1
========================================================================
Received Import Request.
  Time since last request: 0.000048 seconds.
  path: Assets/NatureManufacture Assets/River Auto Material 3/Stone Wall/Textures/T_water_wall_stones_N.TGA
  artifactKey: Guid(15a92d2109621c6479c1f70651ad6a06) Importer(2089858483,0ecaa5967403d082aa24f35e1b516d23)
Start importing Assets/NatureManufacture Assets/River Auto Material 3/Stone Wall/Textures/T_water_wall_stones_N.TGA using Guid(15a92d2109621c6479c1f70651ad6a06) Importer(2089858483,0ecaa5967403d082aa24f35e1b516d23) [PhysX] Initialized MultithreadedTaskDispatcher with 16 workers.
 -> (artifact id: '1529e67615f53dc4af22d2f421b5f2b7') in 0.064229 seconds
Number of updated asset objects reloaded before import = 0
Number of asset objects unloaded after import = 1
========================================================================
Received Import Request.
  Time since last request: 0.000042 seconds.
  path: Assets/NatureManufacture Assets/Spline System/Scripts/Editor/Spline
  artifactKey: Guid(c162098879da11f4a93dcdd63dd33ff4) Importer(2089858483,0ecaa5967403d082aa24f35e1b516d23)
Start importing Assets/NatureManufacture Assets/Spline System/Scripts/Editor/Spline using Guid(c162098879da11f4a93dcdd63dd33ff4) Importer(2089858483,0ecaa5967403d082aa24f35e1b516d23) [PhysX] Initialized MultithreadedTaskDispatcher with 16 workers.
 -> (artifact id: '2b1e2add65da7413c8d7b82e0ff089f8') in 0.020799 seconds
Number of updated asset objects reloaded before import = 0
Number of asset objects unloaded after import = 1
========================================================================
Received Import Request.
  Time since last request: 0.000060 seconds.
  path: Assets/NatureManufacture Assets/Spline System/Scripts/Fence
  artifactKey: Guid(eadfcf9e6af978545bbad8c84ee9062a) Importer(2089858483,0ecaa5967403d082aa24f35e1b516d23)
Start importing Assets/NatureManufacture Assets/Spline System/Scripts/Fence using Guid(eadfcf9e6af978545bbad8c84ee9062a) Importer(2089858483,0ecaa5967403d082aa24f35e1b516d23) [PhysX] Initialized MultithreadedTaskDispatcher with 16 workers.
 -> (artifact id: '892a120be88602ac01d23cd0ad068dcf') in 0.018671 seconds
Number of updated asset objects reloaded before import = 0
Number of asset objects unloaded after import = 1
========================================================================
Received Import Request.
  Time since last request: 0.000036 seconds.
  path: Assets/NatureManufacture Assets/Spline System/Scripts/Triangulation/TriangleDotNet/Triangle/Tools/CuthillMcKee.cs
  artifactKey: Guid(12e29869d38502f47b938dfce4021e02) Importer(2089858483,0ecaa5967403d082aa24f35e1b516d23)
Start importing Assets/NatureManufacture Assets/Spline System/Scripts/Triangulation/TriangleDotNet/Triangle/Tools/CuthillMcKee.cs using Guid(12e29869d38502f47b938dfce4021e02) Importer(2089858483,0ecaa5967403d082aa24f35e1b516d23) [PhysX] Initialized MultithreadedTaskDispatcher with 16 workers.
 -> (artifact id: 'ba1ee2993312c8d8b31552096f851bf8') in 0.022443 seconds
Number of updated asset objects reloaded before import = 0
Number of asset objects unloaded after import = 1
========================================================================
Received Import Request.
  Time since last request: 0.000037 seconds.
  path: Assets/Animated Trees Package/Textures/billboards/dry_tree_2_billboard_normal.png
  artifactKey: Guid(656d1570d4829604ca9590876f773d43) Importer(2089858483,0ecaa5967403d082aa24f35e1b516d23)
Start importing Assets/Animated Trees Package/Textures/billboards/dry_tree_2_billboard_normal.png using Guid(656d1570d4829604ca9590876f773d43) Importer(2089858483,0ecaa5967403d082aa24f35e1b516d23) [PhysX] Initialized MultithreadedTaskDispatcher with 16 workers.
 -> (artifact id: 'fbb09d246a37c54d25b51a7c7ed5e45f') in 0.044292 seconds
Number of updated asset objects reloaded before import = 0
Number of asset objects unloaded after import = 1
========================================================================
Received Import Request.
  Time since last request: 0.000036 seconds.
  path: Assets/DA/Forest_Tree/Texture_And_Materials/Leave/Summer/Leave_Mask.tif
  artifactKey: Guid(a0efa9c1563ed494ab9addd4c99f1884) Importer(2089858483,0ecaa5967403d082aa24f35e1b516d23)
Start importing Assets/DA/Forest_Tree/Texture_And_Materials/Leave/Summer/Leave_Mask.tif using Guid(a0efa9c1563ed494ab9addd4c99f1884) Importer(2089858483,0ecaa5967403d082aa24f35e1b516d23) [PhysX] Initialized MultithreadedTaskDispatcher with 16 workers.
 -> (artifact id: '2aea98ed8e34c905869b4ce1b07f3efa') in 0.044689 seconds
Number of updated asset objects reloaded before import = 0
Number of asset objects unloaded after import = 1
========================================================================
Received Import Request.
  Time since last request: 0.000058 seconds.
  path: Assets/Animated Trees Package/Textures/beech_leaves_1_color.png
  artifactKey: Guid(2cf9db5296cb867459ac3fae9e78bd2f) Importer(2089858483,0ecaa5967403d082aa24f35e1b516d23)
Start importing Assets/Animated Trees Package/Textures/beech_leaves_1_color.png using Guid(2cf9db5296cb867459ac3fae9e78bd2f) Importer(2089858483,0ecaa5967403d082aa24f35e1b516d23) [PhysX] Initialized MultithreadedTaskDispatcher with 16 workers.
 -> (artifact id: '17e1f4ed43c41933c60ef967b16bb78a') in 0.040591 seconds
Number of updated asset objects reloaded before import = 0
Number of asset objects unloaded after import = 1
========================================================================
Received Import Request.
  Time since last request: 0.000039 seconds.
  path: Assets/NatureManufacture Assets/Spline System/Scripts/Triangulation/TriangleDotNet/Triangle/Logging
  artifactKey: Guid(370e1530a6280cb48b20b48678897b2a) Importer(2089858483,0ecaa5967403d082aa24f35e1b516d23)
Start importing Assets/NatureManufacture Assets/Spline System/Scripts/Triangulation/TriangleDotNet/Triangle/Logging using Guid(370e1530a6280cb48b20b48678897b2a) Importer(2089858483,0ecaa5967403d082aa24f35e1b516d23) [PhysX] Initialized MultithreadedTaskDispatcher with 16 workers.
 -> (artifact id: '9e4f09a8da95d9fd1306256a1fc38cb1') in 0.017991 seconds
Number of updated asset objects reloaded before import = 0
Number of asset objects unloaded after import = 1
========================================================================
Received Import Request.
  Time since last request: 0.000063 seconds.
  path: Assets/NatureManufacture Assets/Spline System/Scripts/Triangulation/TriangleDotNet/Triangle/MeshValidator.cs
  artifactKey: Guid(aea417ac0a30e494abd86d31524401c4) Importer(2089858483,0ecaa5967403d082aa24f35e1b516d23)
Start importing Assets/NatureManufacture Assets/Spline System/Scripts/Triangulation/TriangleDotNet/Triangle/MeshValidator.cs using Guid(aea417ac0a30e494abd86d31524401c4) Importer(2089858483,0ecaa5967403d082aa24f35e1b516d23) [PhysX] Initialized MultithreadedTaskDispatcher with 16 workers.
 -> (artifact id: '805e17e7a8c3e8806f897df39ab4525f') in 0.021675 seconds
Number of updated asset objects reloaded before import = 0
Number of asset objects unloaded after import = 1
========================================================================
Received Import Request.
  Time since last request: 0.000045 seconds.
  path: Assets/NatureManufacture Assets/River Auto Material 3/Water/Textures/T_Swamp_Duckweed_01_MT_AO_H_SM.tga
  artifactKey: Guid(4c1a5948a937a9245b1d53ce43535f4f) Importer(2089858483,0ecaa5967403d082aa24f35e1b516d23)
Start importing Assets/NatureManufacture Assets/River Auto Material 3/Water/Textures/T_Swamp_Duckweed_01_MT_AO_H_SM.tga using Guid(4c1a5948a937a9245b1d53ce43535f4f) Importer(2089858483,0ecaa5967403d082aa24f35e1b516d23) [PhysX] Initialized MultithreadedTaskDispatcher with 16 workers.
 -> (artifact id: 'e875220403640d3cd78449b923399714') in 0.050347 seconds
Number of updated asset objects reloaded before import = 0
Number of asset objects unloaded after import = 1
========================================================================
Received Import Request.
  Time since last request: 0.000054 seconds.
  path: Assets/Animated Trees Package/Materials
  artifactKey: Guid(ddeefabb24bc1d045bb03dca967ed05d) Importer(2089858483,0ecaa5967403d082aa24f35e1b516d23)
Start importing Assets/Animated Trees Package/Materials using Guid(ddeefabb24bc1d045bb03dca967ed05d) Importer(2089858483,0ecaa5967403d082aa24f35e1b516d23) [PhysX] Initialized MultithreadedTaskDispatcher with 16 workers.
 -> (artifact id: 'f6288b87773ae17f767dfbc175654349') in 0.020191 seconds
Number of updated asset objects reloaded before import = 0
Number of asset objects unloaded after import = 1
========================================================================
Received Import Request.
  Time since last request: 0.000040 seconds.
  path: Assets/NatureManufacture Assets/Spline System/Scripts/DemoAPI/DemoRiversAlpha.cs
  artifactKey: Guid(24ddace14c4f55b449d8d6dc3d728239) Importer(2089858483,0ecaa5967403d082aa24f35e1b516d23)
Start importing Assets/NatureManufacture Assets/Spline System/Scripts/DemoAPI/DemoRiversAlpha.cs using Guid(24ddace14c4f55b449d8d6dc3d728239) Importer(2089858483,0ecaa5967403d082aa24f35e1b516d23) [PhysX] Initialized MultithreadedTaskDispatcher with 16 workers.
 -> (artifact id: '9f1b921b20d91e1ab1c4ce880158ca6a') in 0.027604 seconds
Number of updated asset objects reloaded before import = 0
Number of asset objects unloaded after import = 1
========================================================================
Received Import Request.
  Time since last request: 0.000035 seconds.
  path: Assets/DA/Forest_Tree/Texture_And_Materials/Leave/Autmn/Bush_AutmnVariant.tif
  artifactKey: Guid(e78b510dc61cfeb47848f390bd9cb67e) Importer(2089858483,0ecaa5967403d082aa24f35e1b516d23)
Start importing Assets/DA/Forest_Tree/Texture_And_Materials/Leave/Autmn/Bush_AutmnVariant.tif using Guid(e78b510dc61cfeb47848f390bd9cb67e) Importer(2089858483,0ecaa5967403d082aa24f35e1b516d23) [PhysX] Initialized MultithreadedTaskDispatcher with 16 workers.
 -> (artifact id: '1f3195bbca9f5ae9a773b92735e5c7ae') in 0.045086 seconds
Number of updated asset objects reloaded before import = 0
Number of asset objects unloaded after import = 1
========================================================================
Received Import Request.
  Time since last request: 0.000038 seconds.
  path: Assets/Animated Trees Package/Materials/sycamore_leaves_2.mat
  artifactKey: Guid(0c98b01823f8cb645a24dbfcf7edfee7) Importer(2089858483,0ecaa5967403d082aa24f35e1b516d23)
Start importing Assets/Animated Trees Package/Materials/sycamore_leaves_2.mat using Guid(0c98b01823f8cb645a24dbfcf7edfee7) Importer(2089858483,0ecaa5967403d082aa24f35e1b516d23) [PhysX] Initialized MultithreadedTaskDispatcher with 16 workers.
 -> (artifact id: '289f00c43dafdcfdde8b6b6532864184') in 0.034857 seconds
Number of updated asset objects reloaded before import = 0
Number of asset objects unloaded after import = 3
========================================================================
Received Import Request.
  Time since last request: 0.000045 seconds.
  path: Assets/NatureManufacture Assets/River Auto Material 3/Rock/Materials
  artifactKey: Guid(7db913c40cefe46489c3776cc4a32c14) Importer(2089858483,0ecaa5967403d082aa24f35e1b516d23)
Start importing Assets/NatureManufacture Assets/River Auto Material 3/Rock/Materials using Guid(7db913c40cefe46489c3776cc4a32c14) Importer(2089858483,0ecaa5967403d082aa24f35e1b516d23) [PhysX] Initialized MultithreadedTaskDispatcher with 16 workers.
 -> (artifact id: 'a4a1f5dee17314a7e630961fe8ef1868') in 0.017763 seconds
Number of updated asset objects reloaded before import = 0
Number of asset objects unloaded after import = 1
========================================================================
Received Import Request.
  Time since last request: 0.000033 seconds.
  path: Assets/NatureManufacture Assets/River Auto Material 3/Ground Textures/T_Ground_Forest_Dirt_01_MT_AO_H_SM.tga
  artifactKey: Guid(0790a5f088e3b094f9c9568603a78a6d) Importer(2089858483,0ecaa5967403d082aa24f35e1b516d23)
Start importing Assets/NatureManufacture Assets/River Auto Material 3/Ground Textures/T_Ground_Forest_Dirt_01_MT_AO_H_SM.tga using Guid(0790a5f088e3b094f9c9568603a78a6d) Importer(2089858483,0ecaa5967403d082aa24f35e1b516d23) [PhysX] Initialized MultithreadedTaskDispatcher with 16 workers.
 -> (artifact id: '112203255edcf7a52a2973a15bf055d5') in 0.064152 seconds
Number of updated asset objects reloaded before import = 0
Number of asset objects unloaded after import = 1
========================================================================
Received Import Request.
  Time since last request: 0.000045 seconds.
  path: Assets/NatureManufacture Assets/Coast & Dunes Environment Trial/Textures/T_beach_cliff_02_AO_M_SM.png
  artifactKey: Guid(a5277d8819c5b2146b437fe7f211ed71) Importer(2089858483,0ecaa5967403d082aa24f35e1b516d23)
Start importing Assets/NatureManufacture Assets/Coast & Dunes Environment Trial/Textures/T_beach_cliff_02_AO_M_SM.png using Guid(a5277d8819c5b2146b437fe7f211ed71) Importer(2089858483,0ecaa5967403d082aa24f35e1b516d23) [PhysX] Initialized MultithreadedTaskDispatcher with 16 workers.
 -> (artifact id: '8022bbdc1b15c9c261282921e2aaf238') in 0.059669 seconds
Number of updated asset objects reloaded before import = 0
Number of asset objects unloaded after import = 1
========================================================================
Received Import Request.
  Time since last request: 0.000059 seconds.
  path: Assets/NatureManufacture Assets/Spline System/Scripts/Triangulation/TriangleDotNet/Triangle/Geometry/ITriangle.cs
  artifactKey: Guid(4e5f119afd71c0c4e829c583961c301f) Importer(2089858483,0ecaa5967403d082aa24f35e1b516d23)
Start importing Assets/NatureManufacture Assets/Spline System/Scripts/Triangulation/TriangleDotNet/Triangle/Geometry/ITriangle.cs using Guid(4e5f119afd71c0c4e829c583961c301f) Importer(2089858483,0ecaa5967403d082aa24f35e1b516d23) [PhysX] Initialized MultithreadedTaskDispatcher with 16 workers.
 -> (artifact id: '6d55a978834dd44aa72b2239c45f324d') in 0.023841 seconds
Number of updated asset objects reloaded before import = 0
Number of asset objects unloaded after import = 1
========================================================================
Received Import Request.
  Time since last request: 0.000034 seconds.
  path: Assets/NatureManufacture Assets/Spline System/Scripts/PostProcessing/RamPostProcessing.cs
  artifactKey: Guid(81fe73db93c635d428973e8076b62399) Importer(2089858483,0ecaa5967403d082aa24f35e1b516d23)
Start importing Assets/NatureManufacture Assets/Spline System/Scripts/PostProcessing/RamPostProcessing.cs using Guid(81fe73db93c635d428973e8076b62399) Importer(2089858483,0ecaa5967403d082aa24f35e1b516d23) [PhysX] Initialized MultithreadedTaskDispatcher with 16 workers.
 -> (artifact id: 'd4ce4f04107f29f8697d004c7561804a') in 0.028796 seconds
Number of updated asset objects reloaded before import = 0
Number of asset objects unloaded after import = 1
========================================================================
Received Import Request.
  Time since last request: 0.000034 seconds.
  path: Assets/NatureManufacture Assets/River Auto Material 3/Built_In_Particles/NON_PBR/Waterfall_Bottom.prefab
  artifactKey: Guid(5cc681d81fdd337439af9e273f681071) Importer(2089858483,0ecaa5967403d082aa24f35e1b516d23)
Start importing Assets/NatureManufacture Assets/River Auto Material 3/Built_In_Particles/NON_PBR/Waterfall_Bottom.prefab using Guid(5cc681d81fdd337439af9e273f681071) Importer(2089858483,0ecaa5967403d082aa24f35e1b516d23) [PhysX] Initialized MultithreadedTaskDispatcher with 16 workers.
 -> (artifact id: '656c251301812a52db65e4662a8fb545') in 0.237736 seconds
Number of updated asset objects reloaded before import = 0
Number of asset objects unloaded after import = 7
========================================================================
Received Import Request.
  Time since last request: 0.000042 seconds.
  path: Assets/NatureManufacture Assets/Spline System/Scripts/Fence/FenceMeshBender.cs
  artifactKey: Guid(6c4fb7676bae40b6ad1b88eab36efd13) Importer(2089858483,0ecaa5967403d082aa24f35e1b516d23)
Start importing Assets/NatureManufacture Assets/Spline System/Scripts/Fence/FenceMeshBender.cs using Guid(6c4fb7676bae40b6ad1b88eab36efd13) Importer(2089858483,0ecaa5967403d082aa24f35e1b516d23) [PhysX] Initialized MultithreadedTaskDispatcher with 16 workers.
 -> (artifact id: '731fc4c08bacbb0f70be1afec1988d56') in 0.023027 seconds
Number of updated asset objects reloaded before import = 0
Number of asset objects unloaded after import = 1
========================================================================
Received Import Request.
  Time since last request: 0.000044 seconds.
  path: Assets/NatureManufacture Assets/River Auto Material 3/Rock/T_river_stone_01_N.png
  artifactKey: Guid(94e290cb32d62944191db3591b147249) Importer(2089858483,0ecaa5967403d082aa24f35e1b516d23)
Start importing Assets/NatureManufacture Assets/River Auto Material 3/Rock/T_river_stone_01_N.png using Guid(94e290cb32d62944191db3591b147249) Importer(2089858483,0ecaa5967403d082aa24f35e1b516d23) [PhysX] Initialized MultithreadedTaskDispatcher with 16 workers.
 -> (artifact id: '2464ff7131ab8cfa4347c8ff620100cc') in 0.043732 seconds
Number of updated asset objects reloaded before import = 0
Number of asset objects unloaded after import = 1
========================================================================
Received Import Request.
  Time since last request: 0.000032 seconds.
  path: Assets/NatureManufacture Assets/River Auto Material 3/Ground Textures/T_ground_rock_01_AO.tga
  artifactKey: Guid(360dd741591f63a4eb04095b6a23a6a3) Importer(2089858483,0ecaa5967403d082aa24f35e1b516d23)
Start importing Assets/NatureManufacture Assets/River Auto Material 3/Ground Textures/T_ground_rock_01_AO.tga using Guid(360dd741591f63a4eb04095b6a23a6a3) Importer(2089858483,0ecaa5967403d082aa24f35e1b516d23) [PhysX] Initialized MultithreadedTaskDispatcher with 16 workers.
 -> (artifact id: '2bdbf4035e0b028f69de19e29a1737e2') in 0.061216 seconds
Number of updated asset objects reloaded before import = 0
Number of asset objects unloaded after import = 1
========================================================================
Received Import Request.
  Time since last request: 0.000053 seconds.
  path: Assets/NatureManufacture Assets/River Auto Material 3/Built_In_Particles/PBR/Materials/Waterfall_Bottom PBR.mat
  artifactKey: Guid(842fdd7642c83444a8ca83edf06325a6) Importer(2089858483,0ecaa5967403d082aa24f35e1b516d23)
Start importing Assets/NatureManufacture Assets/River Auto Material 3/Built_In_Particles/PBR/Materials/Waterfall_Bottom PBR.mat using Guid(842fdd7642c83444a8ca83edf06325a6) Importer(2089858483,0ecaa5967403d082aa24f35e1b516d23) [PhysX] Initialized MultithreadedTaskDispatcher with 16 workers.
 -> (artifact id: '307034870e7690995f55fba2df2eec0b') in 0.043256 seconds
Number of updated asset objects reloaded before import = 0
Number of asset objects unloaded after import = 2
========================================================================
Received Import Request.
  Time since last request: 0.000048 seconds.
  path: Assets/NatureManufacture Assets/Spline System/Scripts/Editor/VertexPainter/VertexPainterEditor.cs
  artifactKey: Guid(a334876970744f1e97dbdcd2b35ca7a1) Importer(2089858483,0ecaa5967403d082aa24f35e1b516d23)
Start importing Assets/NatureManufacture Assets/Spline System/Scripts/Editor/VertexPainter/VertexPainterEditor.cs using Guid(a334876970744f1e97dbdcd2b35ca7a1) Importer(2089858483,0ecaa5967403d082aa24f35e1b516d23) [PhysX] Initialized MultithreadedTaskDispatcher with 16 workers.
 -> (artifact id: '90dc107dd1791b66367f9bb82ba0ae6f') in 0.020583 seconds
Number of updated asset objects reloaded before import = 0
Number of asset objects unloaded after import = 1
========================================================================
Received Import Request.
  Time since last request: 0.000041 seconds.
  path: Assets/NatureManufacture Assets/River Auto Material 3/Roads/Materials/M_Mountain_Path_01.mat
  artifactKey: Guid(1a0edd919e0cb9540b2f8122a32aba01) Importer(2089858483,0ecaa5967403d082aa24f35e1b516d23)
Start importing Assets/NatureManufacture Assets/River Auto Material 3/Roads/Materials/M_Mountain_Path_01.mat using Guid(1a0edd919e0cb9540b2f8122a32aba01) Importer(2089858483,0ecaa5967403d082aa24f35e1b516d23) [PhysX] Initialized MultithreadedTaskDispatcher with 16 workers.
 -> (artifact id: '9af665a4321167f06633bc87c4417626') in 0.134112 seconds
Number of updated asset objects reloaded before import = 0
Number of asset objects unloaded after import = 7
========================================================================
Received Import Request.
  Time since last request: 0.000054 seconds.
  path: Assets/NatureManufacture Assets/River Auto Material 3/Profiles/River Profiles/R3_Profile_River_Big.asset
  artifactKey: Guid(77c84cff4ccb3914cb72acee71674812) Importer(2089858483,0ecaa5967403d082aa24f35e1b516d23)
Start importing Assets/NatureManufacture Assets/River Auto Material 3/Profiles/River Profiles/R3_Profile_River_Big.asset using Guid(77c84cff4ccb3914cb72acee71674812) Importer(2089858483,0ecaa5967403d082aa24f35e1b516d23) [PhysX] Initialized MultithreadedTaskDispatcher with 16 workers.
 -> (artifact id: '7158b0d9b76de8647277b624a8ee15d4') in 0.038866 seconds
Number of updated asset objects reloaded before import = 0
Number of asset objects unloaded after import = 1
========================================================================
Received Import Request.
  Time since last request: 0.000042 seconds.
  path: Assets/NatureManufacture Assets/River Auto Material 3/Demo/RAM 3 Demo
  artifactKey: Guid(7be3d5d458217a04dbd136e0908b507d) Importer(2089858483,0ecaa5967403d082aa24f35e1b516d23)
Start importing Assets/NatureManufacture Assets/River Auto Material 3/Demo/RAM 3 Demo using Guid(7be3d5d458217a04dbd136e0908b507d) Importer(2089858483,0ecaa5967403d082aa24f35e1b516d23) [PhysX] Initialized MultithreadedTaskDispatcher with 16 workers.
 -> (artifact id: 'ba819060c7ff1d6d15d142d8a88d7aa9') in 0.023583 seconds
Number of updated asset objects reloaded before import = 0
Number of asset objects unloaded after import = 1
========================================================================
Received Import Request.
  Time since last request: 0.000033 seconds.
  path: Assets/Animated Trees Package/Materials/fir_bark.mat
  artifactKey: Guid(b67ca60c1c6a3d04a98de585ae7b0e36) Importer(2089858483,0ecaa5967403d082aa24f35e1b516d23)
Start importing Assets/Animated Trees Package/Materials/fir_bark.mat using Guid(b67ca60c1c6a3d04a98de585ae7b0e36) Importer(2089858483,0ecaa5967403d082aa24f35e1b516d23) [PhysX] Initialized MultithreadedTaskDispatcher with 16 workers.
 -> (artifact id: 'c63efd4882b8dc62debbf315e7cb90f3') in 0.034208 seconds
Number of updated asset objects reloaded before import = 0
Number of asset objects unloaded after import = 3
========================================================================
Received Import Request.
  Time since last request: 0.000056 seconds.
  path: Assets/NatureManufacture Assets/Spline System/Scripts/Triangulation/TriangleDotNet/Triangle/IO/TriangleWriter.cs
  artifactKey: Guid(ec598ec888a387941b20783875f67a6d) Importer(2089858483,0ecaa5967403d082aa24f35e1b516d23)
Start importing Assets/NatureManufacture Assets/Spline System/Scripts/Triangulation/TriangleDotNet/Triangle/IO/TriangleWriter.cs using Guid(ec598ec888a387941b20783875f67a6d) Importer(2089858483,0ecaa5967403d082aa24f35e1b516d23) [PhysX] Initialized MultithreadedTaskDispatcher with 16 workers.
 -> (artifact id: 'a94bbc0003f5301b19d6fe1a7634792b') in 0.024530 seconds
Number of updated asset objects reloaded before import = 0
Number of asset objects unloaded after import = 1
========================================================================
Received Import Request.
  Time since last request: 0.000036 seconds.
  path: Assets/NatureManufacture Assets/River Auto Material 3/Built_In_Particles/PBR/Waterfall_Clouds PBR.prefab
  artifactKey: Guid(7c81557d6d1551548ba4a8c5c812438b) Importer(2089858483,0ecaa5967403d082aa24f35e1b516d23)
Start importing Assets/NatureManufacture Assets/River Auto Material 3/Built_In_Particles/PBR/Waterfall_Clouds PBR.prefab using Guid(7c81557d6d1551548ba4a8c5c812438b) Importer(2089858483,0ecaa5967403d082aa24f35e1b516d23) [PhysX] Initialized MultithreadedTaskDispatcher with 16 workers.
 -> (artifact id: 'f5ad7750d77b2074a1d7b9f0d73de598') in 0.115954 seconds
Number of updated asset objects reloaded before import = 0
Number of asset objects unloaded after import = 7
========================================================================
Received Import Request.
  Time since last request: 0.000098 seconds.
  path: Assets/NatureManufacture Assets/River Auto Material 3/Ground Textures/T_Ground_11_Grass_N.png
  artifactKey: Guid(e4425ffe21f4733469ff0c709cafd491) Importer(2089858483,0ecaa5967403d082aa24f35e1b516d23)
Start importing Assets/NatureManufacture Assets/River Auto Material 3/Ground Textures/T_Ground_11_Grass_N.png using Guid(e4425ffe21f4733469ff0c709cafd491) Importer(2089858483,0ecaa5967403d082aa24f35e1b516d23) [PhysX] Initialized MultithreadedTaskDispatcher with 16 workers.
 -> (artifact id: '37058043b9e621554550a8609550e545') in 0.065665 seconds
Number of updated asset objects reloaded before import = 0
Number of asset objects unloaded after import = 1
========================================================================
Received Import Request.
  Time since last request: 0.000046 seconds.
  path: Assets/NatureManufacture Assets/Coast & Dunes Environment Trial/Meshes
  artifactKey: Guid(4b0e82fde5effbb4881de24edf9dba5b) Importer(2089858483,0ecaa5967403d082aa24f35e1b516d23)
Start importing Assets/NatureManufacture Assets/Coast & Dunes Environment Trial/Meshes using Guid(4b0e82fde5effbb4881de24edf9dba5b) Importer(2089858483,0ecaa5967403d082aa24f35e1b516d23) [PhysX] Initialized MultithreadedTaskDispatcher with 16 workers.
 -> (artifact id: '15c637a6ab4dac2e032d5adcc12841fe') in 0.020166 seconds
Number of updated asset objects reloaded before import = 0
Number of asset objects unloaded after import = 1
========================================================================
Received Import Request.
  Time since last request: 0.000036 seconds.
  path: Assets/NatureManufacture Assets/Spline System/Scripts/Waterfall/WaterfallSimulator.cs
  artifactKey: Guid(49eb97ad715a3694e8cc38830d45907d) Importer(2089858483,0ecaa5967403d082aa24f35e1b516d23)
Start importing Assets/NatureManufacture Assets/Spline System/Scripts/Waterfall/WaterfallSimulator.cs using Guid(49eb97ad715a3694e8cc38830d45907d) Importer(2089858483,0ecaa5967403d082aa24f35e1b516d23) [PhysX] Initialized MultithreadedTaskDispatcher with 16 workers.
 -> (artifact id: 'efbd0b71383b16a42a2b3c13dac33c40') in 0.022969 seconds
Number of updated asset objects reloaded before import = 0
Number of asset objects unloaded after import = 1
========================================================================
Received Import Request.
  Time since last request: 0.000048 seconds.
  path: Assets/NatureManufacture Assets/River Auto Material 3/Demo/Demo Physics/Meshes
  artifactKey: Guid(36eced064fb11fa41ae4052fde58d88e) Importer(2089858483,0ecaa5967403d082aa24f35e1b516d23)
Start importing Assets/NatureManufacture Assets/River Auto Material 3/Demo/Demo Physics/Meshes using Guid(36eced064fb11fa41ae4052fde58d88e) Importer(2089858483,0ecaa5967403d082aa24f35e1b516d23) [PhysX] Initialized MultithreadedTaskDispatcher with 16 workers.
 -> (artifact id: '48aaffd0d4ce2ff14e049a2fe15f7edc') in 0.019853 seconds
Number of updated asset objects reloaded before import = 0
Number of asset objects unloaded after import = 1
========================================================================
Received Import Request.
  Time since last request: 0.000038 seconds.
  path: Assets/NatureManufacture Assets/River Auto Material 3/Demo/RAM 3 Demo Tesseled/ReflectionProbe-20.exr
  artifactKey: Guid(783335db97818b14ab42de40de16b5bf) Importer(2089858483,0ecaa5967403d082aa24f35e1b516d23)
Start importing Assets/NatureManufacture Assets/River Auto Material 3/Demo/RAM 3 Demo Tesseled/ReflectionProbe-20.exr using Guid(783335db97818b14ab42de40de16b5bf) Importer(2089858483,0ecaa5967403d082aa24f35e1b516d23) [PhysX] Initialized MultithreadedTaskDispatcher with 16 workers.
 -> (artifact id: '17081f47b940ef9a3a65858e2941fd37') in 0.052771 seconds
Number of updated asset objects reloaded before import = 0
Number of asset objects unloaded after import = 1
========================================================================
Received Import Request.
  Time since last request: 0.000068 seconds.
  path: Assets/NatureManufacture Assets/Spline System/Scripts/Lake/LakePolygonSimulationGenerator.cs
  artifactKey: Guid(850840976d8a4228a9ce73d719456c31) Importer(2089858483,0ecaa5967403d082aa24f35e1b516d23)
Start importing Assets/NatureManufacture Assets/Spline System/Scripts/Lake/LakePolygonSimulationGenerator.cs using Guid(850840976d8a4228a9ce73d719456c31) Importer(2089858483,0ecaa5967403d082aa24f35e1b516d23) [PhysX] Initialized MultithreadedTaskDispatcher with 16 workers.
 -> (artifact id: '3a79ff61bec56f63e1b5b6a58ae2492d') in 0.022726 seconds
Number of updated asset objects reloaded before import = 0
Number of asset objects unloaded after import = 1
========================================================================
Received Import Request.
  Time since last request: 0.000039 seconds.
  path: Assets/NatureManufacture Assets/River Auto Material 3/Pipes/Models/Pipe_01.fbx
  artifactKey: Guid(3e0569fb6b45a4f44bcfcf8c380cc643) Importer(2089858483,0ecaa5967403d082aa24f35e1b516d23)
Start importing Assets/NatureManufacture Assets/River Auto Material 3/Pipes/Models/Pipe_01.fbx using Guid(3e0569fb6b45a4f44bcfcf8c380cc643) Importer(2089858483,0ecaa5967403d082aa24f35e1b516d23) [PhysX] Initialized MultithreadedTaskDispatcher with 16 workers.
 -> (artifact id: '4e1d505165654f55e1a3baced8c3910c') in 0.066727 seconds
Number of updated asset objects reloaded before import = 0
Number of asset objects unloaded after import = 15
========================================================================
Received Import Request.
  Time since last request: 0.000058 seconds.
  path: Assets/NatureManufacture Assets/Spline System/Scripts/River/RamVegetationStudioIntegration.cs
  artifactKey: Guid(7ed5d282de2b4405907ac667476a4a78) Importer(2089858483,0ecaa5967403d082aa24f35e1b516d23)
Start importing Assets/NatureManufacture Assets/Spline System/Scripts/River/RamVegetationStudioIntegration.cs using Guid(7ed5d282de2b4405907ac667476a4a78) Importer(2089858483,0ecaa5967403d082aa24f35e1b516d23) [PhysX] Initialized MultithreadedTaskDispatcher with 16 workers.
 -> (artifact id: 'ecb3e3c11705865735b62e33c0699b7e') in 0.026588 seconds
Number of updated asset objects reloaded before import = 0
Number of asset objects unloaded after import = 1
========================================================================
Received Import Request.
  Time since last request: 0.000061 seconds.
  path: Assets/NatureManufacture Assets/River Auto Material 3/Rock/Prefab_Test_River_stone_01_Wet.prefab
  artifactKey: Guid(293c159ce4cbe1d4a9e52449526598e3) Importer(2089858483,0ecaa5967403d082aa24f35e1b516d23)
Start importing Assets/NatureManufacture Assets/River Auto Material 3/Rock/Prefab_Test_River_stone_01_Wet.prefab using Guid(293c159ce4cbe1d4a9e52449526598e3) Importer(2089858483,0ecaa5967403d082aa24f35e1b516d23) [PhysX] Initialized MultithreadedTaskDispatcher with 16 workers.
 -> (artifact id: 'fafa88dc23c55e479bebec537b068e20') in 0.027418 seconds
Number of updated asset objects reloaded before import = 0
Number of asset objects unloaded after import = 24
========================================================================
Received Import Request.
  Time since last request: 0.000043 seconds.
  path: Assets/NatureManufacture Assets/River Auto Material 3/Demo/Demo Physics/Physics Showcase.prefab
  artifactKey: Guid(ba9adbf17ddac5c4a99a0ae166fab292) Importer(2089858483,0ecaa5967403d082aa24f35e1b516d23)
Start importing Assets/NatureManufacture Assets/River Auto Material 3/Demo/Demo Physics/Physics Showcase.prefab using Guid(ba9adbf17ddac5c4a99a0ae166fab292) Importer(2089858483,0ecaa5967403d082aa24f35e1b516d23) [PhysX] Initialized MultithreadedTaskDispatcher with 16 workers.
 -> (artifact id: '0d949ed192e71f348b6715f2a35a977d') in 0.041267 seconds
Number of updated asset objects reloaded before import = 0
Number of asset objects unloaded after import = 258
========================================================================
Received Import Request.
  Time since last request: 0.000049 seconds.
  path: Assets/NatureManufacture Assets/Spline System/Scripts/Triangulation/TriangleDotNet/Triangle/IO/TriangleFormat.cs
  artifactKey: Guid(7c3f3b53e0e055745a21047d8665b09d) Importer(2089858483,0ecaa5967403d082aa24f35e1b516d23)
Start importing Assets/NatureManufacture Assets/Spline System/Scripts/Triangulation/TriangleDotNet/Triangle/IO/TriangleFormat.cs using Guid(7c3f3b53e0e055745a21047d8665b09d) Importer(2089858483,0ecaa5967403d082aa24f35e1b516d23) [PhysX] Initialized MultithreadedTaskDispatcher with 16 workers.
 -> (artifact id: '07bedeaca6186c5b3d5369e38bb93d66') in 0.025027 seconds
Number of updated asset objects reloaded before import = 0
Number of asset objects unloaded after import = 1
========================================================================
Received Import Request.
  Time since last request: 0.000047 seconds.
  path: Assets/NatureManufacture Assets/Spline System/Scripts/Triangulation/TriangleDotNet/Triangle/Behavior.cs
  artifactKey: Guid(85d795f80219dac4faf7efcd2b2a69f5) Importer(2089858483,0ecaa5967403d082aa24f35e1b516d23)
Start importing Assets/NatureManufacture Assets/Spline System/Scripts/Triangulation/TriangleDotNet/Triangle/Behavior.cs using Guid(85d795f80219dac4faf7efcd2b2a69f5) Importer(2089858483,0ecaa5967403d082aa24f35e1b516d23) [PhysX] Initialized MultithreadedTaskDispatcher with 16 workers.
 -> (artifact id: '805cea0f007b1434555999696f5e538b') in 0.022905 seconds
Number of updated asset objects reloaded before import = 0
Number of asset objects unloaded after import = 1
========================================================================
Received Import Request.
  Time since last request: 0.000040 seconds.
  path: Assets/NatureManufacture Assets/Spline System/Scripts/Triangulation/TriangleDotNet/Triangle/Logging/LogItem.cs
  artifactKey: Guid(f46fb55e5b5ec2a49bd3dbc7cca5d939) Importer(2089858483,0ecaa5967403d082aa24f35e1b516d23)
Start importing Assets/NatureManufacture Assets/Spline System/Scripts/Triangulation/TriangleDotNet/Triangle/Logging/LogItem.cs using Guid(f46fb55e5b5ec2a49bd3dbc7cca5d939) Importer(2089858483,0ecaa5967403d082aa24f35e1b516d23) [PhysX] Initialized MultithreadedTaskDispatcher with 16 workers.
 -> (artifact id: 'cfe7dcee79a7d9930fb247046eafb876') in 0.025130 seconds
Number of updated asset objects reloaded before import = 0
Number of asset objects unloaded after import = 1
========================================================================
Received Import Request.
  Time since last request: 0.000038 seconds.
  path: Assets/NatureManufacture Assets/Spline System/Scripts/Fence/FenceProfile.cs
  artifactKey: Guid(e71cab1c61c75824ea55d9837f802751) Importer(2089858483,0ecaa5967403d082aa24f35e1b516d23)
Start importing Assets/NatureManufacture Assets/Spline System/Scripts/Fence/FenceProfile.cs using Guid(e71cab1c61c75824ea55d9837f802751) Importer(2089858483,0ecaa5967403d082aa24f35e1b516d23) [PhysX] Initialized MultithreadedTaskDispatcher with 16 workers.
 -> (artifact id: 'a41d845dda76d22cc547f8e42c8abdb1') in 0.021781 seconds
Number of updated asset objects reloaded before import = 0
Number of asset objects unloaded after import = 2
========================================================================
Received Import Request.
  Time since last request: 0.000039 seconds.
  path: Assets/NatureManufacture Assets/River Auto Material 3/Demo/RAM 3 Demo Tesseled/ReflectionProbe-1.exr
  artifactKey: Guid(06d09b151c723544da603b1a058fee0b) Importer(2089858483,0ecaa5967403d082aa24f35e1b516d23)
Start importing Assets/NatureManufacture Assets/River Auto Material 3/Demo/RAM 3 Demo Tesseled/ReflectionProbe-1.exr using Guid(06d09b151c723544da603b1a058fee0b) Importer(2089858483,0ecaa5967403d082aa24f35e1b516d23) [PhysX] Initialized MultithreadedTaskDispatcher with 16 workers.
 -> (artifact id: '9a0d958edb0ed3bc4da4fd8337241e46') in 0.056319 seconds
Number of updated asset objects reloaded before import = 0
Number of asset objects unloaded after import = 1
========================================================================
Received Import Request.
  Time since last request: 0.000056 seconds.
  path: Assets/NatureManufacture Assets/River Auto Material 3/Ground Textures/T_Ground_Sand_01_Mt_AO_H_SM.tga
  artifactKey: Guid(fe2a37ae9d402d246867f60ae913ca73) Importer(2089858483,0ecaa5967403d082aa24f35e1b516d23)
Start importing Assets/NatureManufacture Assets/River Auto Material 3/Ground Textures/T_Ground_Sand_01_Mt_AO_H_SM.tga using Guid(fe2a37ae9d402d246867f60ae913ca73) Importer(2089858483,0ecaa5967403d082aa24f35e1b516d23) [PhysX] Initialized MultithreadedTaskDispatcher with 16 workers.
 -> (artifact id: '8d9eb784963c3d40eac182a3ba6155ca') in 0.066055 seconds
Number of updated asset objects reloaded before import = 0
Number of asset objects unloaded after import = 1
========================================================================
Received Import Request.
  Time since last request: 0.000033 seconds.
  path: Assets/NatureManufacture Assets/River Auto Material 3/Demo/RAM 3 Demo.unity
  artifactKey: Guid(4f56cd54d611dc040bc442c4d328b04f) Importer(2089858483,0ecaa5967403d082aa24f35e1b516d23)
Start importing Assets/NatureManufacture Assets/River Auto Material 3/Demo/RAM 3 Demo.unity using Guid(4f56cd54d611dc040bc442c4d328b04f) Importer(2089858483,0ecaa5967403d082aa24f35e1b516d23) [PhysX] Initialized MultithreadedTaskDispatcher with 16 workers.
 -> (artifact id: '69d849b323aef96a3bf2e82f0ee75f65') in 0.022859 seconds
Number of updated asset objects reloaded before import = 0
Number of asset objects unloaded after import = 1
========================================================================
Received Import Request.
  Time since last request: 0.000058 seconds.
  path: Assets/NatureManufacture Assets/River Auto Material 3/Water/Materials Offset/M_R3_Sea_Lake_Mirror_Yellow_Offset.mat
  artifactKey: Guid(a56ad40f42b125e48b03b05096ff68d6) Importer(2089858483,0ecaa5967403d082aa24f35e1b516d23)
Start importing Assets/NatureManufacture Assets/River Auto Material 3/Water/Materials Offset/M_R3_Sea_Lake_Mirror_Yellow_Offset.mat using Guid(a56ad40f42b125e48b03b05096ff68d6) Importer(2089858483,0ecaa5967403d082aa24f35e1b516d23) [PhysX] Initialized MultithreadedTaskDispatcher with 16 workers.
 -> (artifact id: 'd9d93f37c3d7e66aa0ded9aa54871305') in 0.110157 seconds
Number of updated asset objects reloaded before import = 0
Number of asset objects unloaded after import = 10
========================================================================
Received Import Request.
  Time since last request: 0.000075 seconds.
  path: Assets/NatureManufacture Assets/Spline System/Scripts/Triangulation/TriangleDotNet/Triangle/TrianglePool.cs
  artifactKey: Guid(6ff707bcf49bb9349a3f1f6d41bc6cc5) Importer(2089858483,0ecaa5967403d082aa24f35e1b516d23)
Start importing Assets/NatureManufacture Assets/Spline System/Scripts/Triangulation/TriangleDotNet/Triangle/TrianglePool.cs using Guid(6ff707bcf49bb9349a3f1f6d41bc6cc5) Importer(2089858483,0ecaa5967403d082aa24f35e1b516d23) [PhysX] Initialized MultithreadedTaskDispatcher with 16 workers.
 -> (artifact id: 'a3bae7a7baf4f6df4bd0d89dbf101864') in 0.021061 seconds
Number of updated asset objects reloaded before import = 0
Number of asset objects unloaded after import = 1
========================================================================
Received Import Request.
  Time since last request: 0.000040 seconds.
  path: Assets/NatureManufacture Assets/River Auto Material 3/Profiles/River Profiles/R3_Profile_River_Swamp.asset
  artifactKey: Guid(bef952bf144461b42a929e482ef7c480) Importer(2089858483,0ecaa5967403d082aa24f35e1b516d23)
Start importing Assets/NatureManufacture Assets/River Auto Material 3/Profiles/River Profiles/R3_Profile_River_Swamp.asset using Guid(bef952bf144461b42a929e482ef7c480) Importer(2089858483,0ecaa5967403d082aa24f35e1b516d23) [PhysX] Initialized MultithreadedTaskDispatcher with 16 workers.
 -> (artifact id: 'ba68af3fe16bbeeebd386c439b7f3fcd') in 0.034118 seconds
Number of updated asset objects reloaded before import = 0
Number of asset objects unloaded after import = 1
========================================================================
Received Import Request.
  Time since last request: 0.000040 seconds.
  path: Assets/NatureManufacture Assets/River Auto Material 3/Water/Materials Mobile/M_R3_Swamp_Lake_Mobile.mat
  artifactKey: Guid(93f50f070d3f2ce4ba226743b8a5b974) Importer(2089858483,0ecaa5967403d082aa24f35e1b516d23)
Start importing Assets/NatureManufacture Assets/River Auto Material 3/Water/Materials Mobile/M_R3_Swamp_Lake_Mobile.mat using Guid(93f50f070d3f2ce4ba226743b8a5b974) Importer(2089858483,0ecaa5967403d082aa24f35e1b516d23) [PhysX] Initialized MultithreadedTaskDispatcher with 16 workers.
 -> (artifact id: 'e8524ad5c2e050ada24b84ba6e841977') in 0.277862 seconds
Number of updated asset objects reloaded before import = 0
Number of asset objects unloaded after import = 12
========================================================================
Received Import Request.
  Time since last request: 0.000046 seconds.
  path: Assets/NatureManufacture Assets/Spline System/Scripts/Sea/SeaPhysicsCalculations.cs
  artifactKey: Guid(62cb57a0926b431dafbe4d1a1550e2d6) Importer(2089858483,0ecaa5967403d082aa24f35e1b516d23)
Start importing Assets/NatureManufacture Assets/Spline System/Scripts/Sea/SeaPhysicsCalculations.cs using Guid(62cb57a0926b431dafbe4d1a1550e2d6) Importer(2089858483,0ecaa5967403d082aa24f35e1b516d23) [PhysX] Initialized MultithreadedTaskDispatcher with 16 workers.
 -> (artifact id: '4ab095988ac0cbc2318cf9c883ba4ba0') in 0.024616 seconds
Number of updated asset objects reloaded before import = 0
Number of asset objects unloaded after import = 1
========================================================================
Received Import Request.
  Time since last request: 0.000052 seconds.
  path: Assets/NatureManufacture Assets/Coast & Dunes Environment Trial/Prefabs
  artifactKey: Guid(38bd45b34380f1e4aba93f8f5d8bd599) Importer(2089858483,0ecaa5967403d082aa24f35e1b516d23)
Start importing Assets/NatureManufacture Assets/Coast & Dunes Environment Trial/Prefabs using Guid(38bd45b34380f1e4aba93f8f5d8bd599) Importer(2089858483,0ecaa5967403d082aa24f35e1b516d23) [PhysX] Initialized MultithreadedTaskDispatcher with 16 workers.
 -> (artifact id: 'c4f9762a12bc3807d1f45dbe43df19ee') in 0.021161 seconds
Number of updated asset objects reloaded before import = 0
Number of asset objects unloaded after import = 1
========================================================================
Received Import Request.
  Time since last request: 0.000035 seconds.
  path: Assets/NatureManufacture Assets/River Auto Material 3/Demo/Terrain Layers/Terrain_Layer_Rock_Pebbles.terrainlayer
  artifactKey: Guid(2a58351534105364ca1ea444a3d84c6e) Importer(2089858483,0ecaa5967403d082aa24f35e1b516d23)
Start importing Assets/NatureManufacture Assets/River Auto Material 3/Demo/Terrain Layers/Terrain_Layer_Rock_Pebbles.terrainlayer using Guid(2a58351534105364ca1ea444a3d84c6e) Importer(2089858483,0ecaa5967403d082aa24f35e1b516d23) [PhysX] Initialized MultithreadedTaskDispatcher with 16 workers.
 -> (artifact id: 'e34b88ba7a3fdfc2c06d48e3a29153f5') in 0.073386 seconds
Number of updated asset objects reloaded before import = 0
Number of asset objects unloaded after import = 4
========================================================================
Received Import Request.
  Time since last request: 0.000038 seconds.
  path: Assets/NatureManufacture Assets/River Auto Material 3/Water/Materials Tesseled/M_R3_River_Slow_Tesseled.mat
  artifactKey: Guid(96c74d7b1ccdc8c4196b557a7d0750ef) Importer(2089858483,0ecaa5967403d082aa24f35e1b516d23)
Start importing Assets/NatureManufacture Assets/River Auto Material 3/Water/Materials Tesseled/M_R3_River_Slow_Tesseled.mat using Guid(96c74d7b1ccdc8c4196b557a7d0750ef) Importer(2089858483,0ecaa5967403d082aa24f35e1b516d23) [PhysX] Initialized MultithreadedTaskDispatcher with 16 workers.
 -> (artifact id: 'bec716a7f1b555653cf4b7d5a672bc7e') in 0.400048 seconds
Number of updated asset objects reloaded before import = 0
Number of asset objects unloaded after import = 13
========================================================================
Received Import Request.
  Time since last request: 0.000064 seconds.
  path: Assets/NatureManufacture Assets/River Auto Material 3/Demo/RAM 3 Demo/ReflectionProbe-8.exr
  artifactKey: Guid(dc080d07c4d0eb04397240dd77102402) Importer(2089858483,0ecaa5967403d082aa24f35e1b516d23)
Start importing Assets/NatureManufacture Assets/River Auto Material 3/Demo/RAM 3 Demo/ReflectionProbe-8.exr using Guid(dc080d07c4d0eb04397240dd77102402) Importer(2089858483,0ecaa5967403d082aa24f35e1b516d23) [PhysX] Initialized MultithreadedTaskDispatcher with 16 workers.
 -> (artifact id: '28d1629955c7c77fc11fcda3d727c816') in 0.051743 seconds
Number of updated asset objects reloaded before import = 0
Number of asset objects unloaded after import = 1
========================================================================
Received Import Request.
  Time since last request: 0.000038 seconds.
  path: Assets/NatureManufacture Assets/River Auto Material 3/Demo/LOD1_Terrain_HP_Source.asset
  artifactKey: Guid(d6e241e124172a24a92b0b0f8c40933d) Importer(2089858483,0ecaa5967403d082aa24f35e1b516d23)
Start importing Assets/NatureManufacture Assets/River Auto Material 3/Demo/LOD1_Terrain_HP_Source.asset using Guid(d6e241e124172a24a92b0b0f8c40933d) Importer(2089858483,0ecaa5967403d082aa24f35e1b516d23) [PhysX] Initialized MultithreadedTaskDispatcher with 16 workers.
 -> (artifact id: '143613b6cdf4bef0725969b59252dad2') in 0.046756 seconds
Number of updated asset objects reloaded before import = 0
Number of asset objects unloaded after import = 1
========================================================================
Received Import Request.
  Time since last request: 0.000038 seconds.
  path: Assets/NatureManufacture Assets/Spline System/Scripts/Triangulation/TriangleDotNet/Triangle/Topology/Otri.cs
  artifactKey: Guid(82eb33b4665d47544b601e71a18765af) Importer(2089858483,0ecaa5967403d082aa24f35e1b516d23)
Start importing Assets/NatureManufacture Assets/Spline System/Scripts/Triangulation/TriangleDotNet/Triangle/Topology/Otri.cs using Guid(82eb33b4665d47544b601e71a18765af) Importer(2089858483,0ecaa5967403d082aa24f35e1b516d23) [PhysX] Initialized MultithreadedTaskDispatcher with 16 workers.
 -> (artifact id: 'ba24cdeefbcde307e312a6007ddbc6ab') in 0.021030 seconds
Number of updated asset objects reloaded before import = 0
Number of asset objects unloaded after import = 1
========================================================================
Received Import Request.
  Time since last request: 0.000050 seconds.
  path: Assets/NatureManufacture Assets/River Auto Material 3/Ground Textures/T_Ground_Grass_01_1_Mt_AO_H_SM.tga
  artifactKey: Guid(1c4033970c8f07148bf31b8a47423c09) Importer(2089858483,0ecaa5967403d082aa24f35e1b516d23)
Start importing Assets/NatureManufacture Assets/River Auto Material 3/Ground Textures/T_Ground_Grass_01_1_Mt_AO_H_SM.tga using Guid(1c4033970c8f07148bf31b8a47423c09) Importer(2089858483,0ecaa5967403d082aa24f35e1b516d23) [PhysX] Initialized MultithreadedTaskDispatcher with 16 workers.
 -> (artifact id: 'dd3c1cb99e82fc5ed91e57de9898d28d') in 0.049375 seconds
Number of updated asset objects reloaded before import = 0
Number of asset objects unloaded after import = 1
========================================================================
Received Import Request.
  Time since last request: 0.000048 seconds.
  path: Assets/NatureManufacture Assets/Spline System/Scripts/River/RamBuoyancyArcade.cs
  artifactKey: Guid(ddef0b479663fec40b8ce4d88fa43edb) Importer(2089858483,0ecaa5967403d082aa24f35e1b516d23)
Start importing Assets/NatureManufacture Assets/Spline System/Scripts/River/RamBuoyancyArcade.cs using Guid(ddef0b479663fec40b8ce4d88fa43edb) Importer(2089858483,0ecaa5967403d082aa24f35e1b516d23) [PhysX] Initialized MultithreadedTaskDispatcher with 16 workers.
 -> (artifact id: '348d343c068634681a211cbe8ba8a7fc') in 0.022956 seconds
Number of updated asset objects reloaded before import = 0
Number of asset objects unloaded after import = 1
========================================================================
Received Import Request.
  Time since last request: 0.000053 seconds.
  path: Assets/NatureManufacture Assets/Spline System/Scripts/RAM.asmdef
  artifactKey: Guid(2035512de29620a4cae72e2bad67e7a8) Importer(2089858483,0ecaa5967403d082aa24f35e1b516d23)
Start importing Assets/NatureManufacture Assets/Spline System/Scripts/RAM.asmdef using Guid(2035512de29620a4cae72e2bad67e7a8) Importer(2089858483,0ecaa5967403d082aa24f35e1b516d23) [PhysX] Initialized MultithreadedTaskDispatcher with 16 workers.
 -> (artifact id: '8ca6a17bcd3d492c7e64400ba3f93e9c') in 0.047718 seconds
Number of updated asset objects reloaded before import = 0
Number of asset objects unloaded after import = 1
========================================================================
Received Import Request.
  Time since last request: 0.000046 seconds.
  path: Assets/NatureManufacture Assets/River Auto Material 3/Stone Wall/Textures/T_water_wall_stones_MT_AO_SM.TGA
  artifactKey: Guid(2f9e783d8eb4a2644a3fbc0a138f8b0d) Importer(2089858483,0ecaa5967403d082aa24f35e1b516d23)
Start importing Assets/NatureManufacture Assets/River Auto Material 3/Stone Wall/Textures/T_water_wall_stones_MT_AO_SM.TGA using Guid(2f9e783d8eb4a2644a3fbc0a138f8b0d) Importer(2089858483,0ecaa5967403d082aa24f35e1b516d23) [PhysX] Initialized MultithreadedTaskDispatcher with 16 workers.
 -> (artifact id: '884e5514b1daf0f533d2442475bf9aba') in 0.078235 seconds
Number of updated asset objects reloaded before import = 0
Number of asset objects unloaded after import = 1
========================================================================
Received Import Request.
  Time since last request: 0.000058 seconds.
  path: Assets/NatureManufacture Assets/Spline System/Scripts/Triangulation/TriangleDotNet.asmdef
  artifactKey: Guid(766858a3f47815944aca0fab61eaf730) Importer(2089858483,0ecaa5967403d082aa24f35e1b516d23)
Start importing Assets/NatureManufacture Assets/Spline System/Scripts/Triangulation/TriangleDotNet.asmdef using Guid(766858a3f47815944aca0fab61eaf730) Importer(2089858483,0ecaa5967403d082aa24f35e1b516d23) [PhysX] Initialized MultithreadedTaskDispatcher with 16 workers.
 -> (artifact id: 'aa484747778fdaf18d8b0346e412e9b3') in 0.038799 seconds
Number of updated asset objects reloaded before import = 0
Number of asset objects unloaded after import = 1
========================================================================
Received Import Request.
  Time since last request: 0.000102 seconds.
  path: Assets/NatureManufacture Assets/River Auto Material 3/Water/Materials Offset
  artifactKey: Guid(1e53550dd05f0dd4a9ca28b646d8be12) Importer(2089858483,0ecaa5967403d082aa24f35e1b516d23)
Start importing Assets/NatureManufacture Assets/River Auto Material 3/Water/Materials Offset using Guid(1e53550dd05f0dd4a9ca28b646d8be12) Importer(2089858483,0ecaa5967403d082aa24f35e1b516d23) [PhysX] Initialized MultithreadedTaskDispatcher with 16 workers.
 -> (artifact id: '6ae0a3590d716006e1d59f5d8739a3f7') in 0.022535 seconds
Number of updated asset objects reloaded before import = 0
Number of asset objects unloaded after import = 1
========================================================================
Received Import Request.
  Time since last request: 0.000041 seconds.
  path: Assets/NatureManufacture Assets/Spline System/Gizmos
  artifactKey: Guid(d6300528076cf9240a6837e3e68b9791) Importer(2089858483,0ecaa5967403d082aa24f35e1b516d23)
Start importing Assets/NatureManufacture Assets/Spline System/Gizmos using Guid(d6300528076cf9240a6837e3e68b9791) Importer(2089858483,0ecaa5967403d082aa24f35e1b516d23) [PhysX] Initialized MultithreadedTaskDispatcher with 16 workers.
 -> (artifact id: '9dfe8aa61b81c3e88b3911c6a2efa7ed') in 0.020825 seconds
Number of updated asset objects reloaded before import = 0
Number of asset objects unloaded after import = 1
========================================================================
Received Import Request.
  Time since last request: 0.000048 seconds.
  path: Assets/NatureManufacture Assets/River Auto Material 3/Demo/RAM 3 Demo Tesseled/ReflectionProbe-4.exr
  artifactKey: Guid(5b03e1bdd01d1584ab08c72767ca4e9e) Importer(2089858483,0ecaa5967403d082aa24f35e1b516d23)
Start importing Assets/NatureManufacture Assets/River Auto Material 3/Demo/RAM 3 Demo Tesseled/ReflectionProbe-4.exr using Guid(5b03e1bdd01d1584ab08c72767ca4e9e) Importer(2089858483,0ecaa5967403d082aa24f35e1b516d23) [PhysX] Initialized MultithreadedTaskDispatcher with 16 workers.
 -> (artifact id: '0fbafc5491a1419e18699ddd302b9744') in 0.051042 seconds
Number of updated asset objects reloaded before import = 0
Number of asset objects unloaded after import = 1
========================================================================
Received Import Request.
  Time since last request: 0.000044 seconds.
  path: Assets/NatureManufacture Assets/Spline System/Scripts/Triangulation/TriangleDotNet/Triangle/Voronoi
  artifactKey: Guid(2a938fcce7b9bcb408fbb08b81c8efd7) Importer(2089858483,0ecaa5967403d082aa24f35e1b516d23)
Start importing Assets/NatureManufacture Assets/Spline System/Scripts/Triangulation/TriangleDotNet/Triangle/Voronoi using Guid(2a938fcce7b9bcb408fbb08b81c8efd7) Importer(2089858483,0ecaa5967403d082aa24f35e1b516d23) [PhysX] Initialized MultithreadedTaskDispatcher with 16 workers.
 -> (artifact id: '6014b56ce54076a46d2f7f966ac7b9a1') in 0.018675 seconds
Number of updated asset objects reloaded before import = 0
Number of asset objects unloaded after import = 1
========================================================================
Received Import Request.
  Time since last request: 0.000036 seconds.
  path: Assets/NatureManufacture Assets/Spline System/Icons/logoRAM.png
  artifactKey: Guid(001669a7222ffc942a46e812fa2261b2) Importer(2089858483,0ecaa5967403d082aa24f35e1b516d23)
Start importing Assets/NatureManufacture Assets/Spline System/Icons/logoRAM.png using Guid(001669a7222ffc942a46e812fa2261b2) Importer(2089858483,0ecaa5967403d082aa24f35e1b516d23) [PhysX] Initialized MultithreadedTaskDispatcher with 16 workers.
 -> (artifact id: '613d034edb9f652bb7039abdfaddac33') in 0.061143 seconds
Number of updated asset objects reloaded before import = 0
Number of asset objects unloaded after import = 3
========================================================================
Received Import Request.
  Time since last request: 0.000035 seconds.
  path: Assets/NatureManufacture Assets/Spline System/Scripts/Editor/Spline/NmSplineEditor.cs
  artifactKey: Guid(7e8d71f2029266b4e910ec8fbc6f6345) Importer(2089858483,0ecaa5967403d082aa24f35e1b516d23)
Start importing Assets/NatureManufacture Assets/Spline System/Scripts/Editor/Spline/NmSplineEditor.cs using Guid(7e8d71f2029266b4e910ec8fbc6f6345) Importer(2089858483,0ecaa5967403d082aa24f35e1b516d23) [PhysX] Initialized MultithreadedTaskDispatcher with 16 workers.
 -> (artifact id: '9c6018f51e5559a2689c3aa5bcbf2bcd') in 0.021652 seconds
Number of updated asset objects reloaded before import = 0
Number of asset objects unloaded after import = 1
========================================================================
Received Import Request.
  Time since last request: 0.000111 seconds.
  path: Assets/NatureManufacture Assets/River Auto Material 3/Water/Materials Offset/M_R3_River_Big_Green_Offset.mat
  artifactKey: Guid(0b44f4d8abb90134a9d61d614dcd5858) Importer(2089858483,0ecaa5967403d082aa24f35e1b516d23)
Start importing Assets/NatureManufacture Assets/River Auto Material 3/Water/Materials Offset/M_R3_River_Big_Green_Offset.mat using Guid(0b44f4d8abb90134a9d61d614dcd5858) Importer(2089858483,0ecaa5967403d082aa24f35e1b516d23) [PhysX] Initialized MultithreadedTaskDispatcher with 16 workers.
 -> (artifact id: '06f973c7f0388d2115db6282b36d05f7') in 0.771427 seconds
Number of updated asset objects reloaded before import = 0
Number of asset objects unloaded after import = 11
========================================================================
Received Import Request.
  Time since last request: 0.000044 seconds.
  path: Assets/NatureManufacture Assets/River Auto Material 3/Rock/Materials/M_wet_test.mat
  artifactKey: Guid(2e011781705dbbf42b7e13a2957e4261) Importer(2089858483,0ecaa5967403d082aa24f35e1b516d23)
Start importing Assets/NatureManufacture Assets/River Auto Material 3/Rock/Materials/M_wet_test.mat using Guid(2e011781705dbbf42b7e13a2957e4261) Importer(2089858483,0ecaa5967403d082aa24f35e1b516d23) [PhysX] Initialized MultithreadedTaskDispatcher with 16 workers.
 -> (artifact id: '319fddc2d6e2eef179ed28ed619a4a5e') in 0.072466 seconds
Number of updated asset objects reloaded before import = 0
Number of asset objects unloaded after import = 4
========================================================================
Received Import Request.
  Time since last request: 0.000078 seconds.
  path: Assets/NatureManufacture Assets/River Auto Material 3/VFX/Textures/particle_08.png
  artifactKey: Guid(1b9cf70e087afa043896ae997fbc7fbc) Importer(2089858483,0ecaa5967403d082aa24f35e1b516d23)
Start importing Assets/NatureManufacture Assets/River Auto Material 3/VFX/Textures/particle_08.png using Guid(1b9cf70e087afa043896ae997fbc7fbc) Importer(2089858483,0ecaa5967403d082aa24f35e1b516d23) [PhysX] Initialized MultithreadedTaskDispatcher with 16 workers.
 -> (artifact id: '1286c6e41bf231747f58fe7cd1b013c5') in 0.040468 seconds
Number of updated asset objects reloaded before import = 0
Number of asset objects unloaded after import = 1
========================================================================
Received Import Request.
  Time since last request: 0.000042 seconds.
  path: Assets/NatureManufacture Assets/River Auto Material 3/Water/Textures/T_Sea_foam_02_M.png
  artifactKey: Guid(260202455969102428741c7c01226a7d) Importer(2089858483,0ecaa5967403d082aa24f35e1b516d23)
Start importing Assets/NatureManufacture Assets/River Auto Material 3/Water/Textures/T_Sea_foam_02_M.png using Guid(260202455969102428741c7c01226a7d) Importer(2089858483,0ecaa5967403d082aa24f35e1b516d23) [PhysX] Initialized MultithreadedTaskDispatcher with 16 workers.
 -> (artifact id: 'f28bd11ea978158333a1aac02f132796') in 0.049219 seconds
Number of updated asset objects reloaded before import = 0
Number of asset objects unloaded after import = 1
========================================================================
Received Import Request.
  Time since last request: 0.000071 seconds.
  path: Assets/NatureManufacture Assets/River Auto Material 3/Water/Materials Mobile/M_R3_Sea_Normal_Mobile.mat
  artifactKey: Guid(57c8a54344cab234dbf9eb26be5fe6db) Importer(2089858483,0ecaa5967403d082aa24f35e1b516d23)
Start importing Assets/NatureManufacture Assets/River Auto Material 3/Water/Materials Mobile/M_R3_Sea_Normal_Mobile.mat using Guid(57c8a54344cab234dbf9eb26be5fe6db) Importer(2089858483,0ecaa5967403d082aa24f35e1b516d23) [PhysX] Initialized MultithreadedTaskDispatcher with 16 workers.
 -> (artifact id: 'e0cb8252a44f5da7b3b04e74d160b4d6') in 0.080649 seconds
Number of updated asset objects reloaded before import = 0
Number of asset objects unloaded after import = 6
========================================================================
Received Import Request.
  Time since last request: 0.000060 seconds.
  path: Assets/NatureManufacture Assets/River Auto Material 3/Profiles/Waterfall Profiles/R3_Waterfall_01_long.asset
  artifactKey: Guid(8433d6eef0d35214eab7f1743e93be6b) Importer(2089858483,0ecaa5967403d082aa24f35e1b516d23)
Start importing Assets/NatureManufacture Assets/River Auto Material 3/Profiles/Waterfall Profiles/R3_Waterfall_01_long.asset using Guid(8433d6eef0d35214eab7f1743e93be6b) Importer(2089858483,0ecaa5967403d082aa24f35e1b516d23) [PhysX] Initialized MultithreadedTaskDispatcher with 16 workers.
 -> (artifact id: '5307928b54cc510145fe91b7ca2ed02e') in 0.032019 seconds
Number of updated asset objects reloaded before import = 0
Number of asset objects unloaded after import = 1
========================================================================
Received Import Request.
  Time since last request: 0.000044 seconds.
  path: Assets/NatureManufacture Assets/Spline System/Scripts/Triangulation/TriangleDotNet/Triangle/Geometry/IEdge.cs
  artifactKey: Guid(59758d8a41e3ef74c9ff3bd88c552ed2) Importer(2089858483,0ecaa5967403d082aa24f35e1b516d23)
Start importing Assets/NatureManufacture Assets/Spline System/Scripts/Triangulation/TriangleDotNet/Triangle/Geometry/IEdge.cs using Guid(59758d8a41e3ef74c9ff3bd88c552ed2) Importer(2089858483,0ecaa5967403d082aa24f35e1b516d23) [PhysX] Initialized MultithreadedTaskDispatcher with 16 workers.
 -> (artifact id: 'd5606b28fbc86e3714c98f0ff1cd1703') in 0.025251 seconds
Number of updated asset objects reloaded before import = 0
Number of asset objects unloaded after import = 1
========================================================================
Received Import Request.
  Time since last request: 0.000046 seconds.
  path: Assets/NatureManufacture Assets/River Auto Material 3/Built_In_Particles/NON_PBR/Materials/Waterfall_Noise.mat
  artifactKey: Guid(09ed50709e0b4d64b9749cac07032fd8) Importer(2089858483,0ecaa5967403d082aa24f35e1b516d23)
Start importing Assets/NatureManufacture Assets/River Auto Material 3/Built_In_Particles/NON_PBR/Materials/Waterfall_Noise.mat using Guid(09ed50709e0b4d64b9749cac07032fd8) Importer(2089858483,0ecaa5967403d082aa24f35e1b516d23) [PhysX] Initialized MultithreadedTaskDispatcher with 16 workers.
 -> (artifact id: '0e2a70c8e7db613fcf8ce9fe0c3a8f66') in 0.033160 seconds
Number of updated asset objects reloaded before import = 0
Number of asset objects unloaded after import = 2
========================================================================
Received Import Request.
  Time since last request: 0.000047 seconds.
  path: Assets/NatureManufacture Assets/River Auto Material 3/Profiles/Terrain Painter
  artifactKey: Guid(6c77ff597a1a35e479dc996cd541d3a5) Importer(2089858483,0ecaa5967403d082aa24f35e1b516d23)
Start importing Assets/NatureManufacture Assets/River Auto Material 3/Profiles/Terrain Painter using Guid(6c77ff597a1a35e479dc996cd541d3a5) Importer(2089858483,0ecaa5967403d082aa24f35e1b516d23) [PhysX] Initialized MultithreadedTaskDispatcher with 16 workers.
 -> (artifact id: '299dfbce9be39f054a42f812d5bc9f15') in 0.024357 seconds
Number of updated asset objects reloaded before import = 0
Number of asset objects unloaded after import = 1
========================================================================
Received Import Request.
  Time since last request: 0.000047 seconds.
  path: Assets/NatureManufacture Assets/River Auto Material 3/Demo/RAM 3 Demo Mobile/Lightmap-0_comp_dir.png
  artifactKey: Guid(0388a90a78a7c654b8ee7c25c144bbf6) Importer(2089858483,0ecaa5967403d082aa24f35e1b516d23)
Start importing Assets/NatureManufacture Assets/River Auto Material 3/Demo/RAM 3 Demo Mobile/Lightmap-0_comp_dir.png using Guid(0388a90a78a7c654b8ee7c25c144bbf6) Importer(2089858483,0ecaa5967403d082aa24f35e1b516d23) [PhysX] Initialized MultithreadedTaskDispatcher with 16 workers.
 -> (artifact id: 'b2e4e34664f22fa3c1b3d16b286592e5') in 0.063623 seconds
Number of updated asset objects reloaded before import = 0
Number of asset objects unloaded after import = 1
========================================================================
Received Import Request.
  Time since last request: 0.000036 seconds.
  path: Assets/NatureManufacture Assets/Spline System/Scripts/Triangulation/TriangleDotNet/Triangle/Meshing/QualityOptions.cs
  artifactKey: Guid(c72ba9436ba8e3e4985fa2e5c7fe4cbc) Importer(2089858483,0ecaa5967403d082aa24f35e1b516d23)
Start importing Assets/NatureManufacture Assets/Spline System/Scripts/Triangulation/TriangleDotNet/Triangle/Meshing/QualityOptions.cs using Guid(c72ba9436ba8e3e4985fa2e5c7fe4cbc) Importer(2089858483,0ecaa5967403d082aa24f35e1b516d23) [PhysX] Initialized MultithreadedTaskDispatcher with 16 workers.
 -> (artifact id: '09975f91a458b044d6ac94b282d057ae') in 0.020621 seconds
Number of updated asset objects reloaded before import = 0
Number of asset objects unloaded after import = 1
========================================================================
Received Import Request.
  Time since last request: 0.000058 seconds.
  path: Assets/NatureManufacture Assets/River Auto Material 3/Ground Textures/Materials/T_Ground_Pebbles_01_Path.mat
  artifactKey: Guid(3c40b2b35c958174b9cb8ae359d8d361) Importer(2089858483,0ecaa5967403d082aa24f35e1b516d23)
Start importing Assets/NatureManufacture Assets/River Auto Material 3/Ground Textures/Materials/T_Ground_Pebbles_01_Path.mat using Guid(3c40b2b35c958174b9cb8ae359d8d361) Importer(2089858483,0ecaa5967403d082aa24f35e1b516d23) [PhysX] Initialized MultithreadedTaskDispatcher with 16 workers.
 -> (artifact id: '0d18cb8ae7d5087dcf04a274912c18b8') in 0.150599 seconds
Number of updated asset objects reloaded before import = 0
Number of asset objects unloaded after import = 5
========================================================================
Received Import Request.
  Time since last request: 0.000075 seconds.
  path: Assets/NatureManufacture Assets/River Auto Material 3/Water/Textures/T_River_Waterfall_01_M.png
  artifactKey: Guid(8cd15420f875de94d957a3e4bedd4cec) Importer(2089858483,0ecaa5967403d082aa24f35e1b516d23)
Start importing Assets/NatureManufacture Assets/River Auto Material 3/Water/Textures/T_River_Waterfall_01_M.png using Guid(8cd15420f875de94d957a3e4bedd4cec) Importer(2089858483,0ecaa5967403d082aa24f35e1b516d23) [PhysX] Initialized MultithreadedTaskDispatcher with 16 workers.
 -> (artifact id: '14c5636c8aa336b248dfbbe34c48b57b') in 0.081687 seconds
Number of updated asset objects reloaded before import = 0
Number of asset objects unloaded after import = 1
========================================================================
Received Import Request.
  Time since last request: 0.000052 seconds.
  path: Assets/NatureManufacture Assets/Spline System/Scripts/Triangulation/TriangleDotNet/Triangle/Topology/DCEL
  artifactKey: Guid(8de98cdbafc8fe14a8aea8805eacd240) Importer(2089858483,0ecaa5967403d082aa24f35e1b516d23)
Start importing Assets/NatureManufacture Assets/Spline System/Scripts/Triangulation/TriangleDotNet/Triangle/Topology/DCEL using Guid(8de98cdbafc8fe14a8aea8805eacd240) Importer(2089858483,0ecaa5967403d082aa24f35e1b516d23) [PhysX] Initialized MultithreadedTaskDispatcher with 16 workers.
 -> (artifact id: '3011fa4495e51a2cf44d45134ea45511') in 0.025207 seconds
Number of updated asset objects reloaded before import = 0
Number of asset objects unloaded after import = 1
========================================================================
Received Import Request.
  Time since last request: 0.000048 seconds.
  path: Assets/NatureManufacture Assets/Spline System/Scripts/Terrain/TerrainManager.cs
  artifactKey: Guid(6f18746e5e94438eae2368b8a5a25d75) Importer(2089858483,0ecaa5967403d082aa24f35e1b516d23)
Start importing Assets/NatureManufacture Assets/Spline System/Scripts/Terrain/TerrainManager.cs using Guid(6f18746e5e94438eae2368b8a5a25d75) Importer(2089858483,0ecaa5967403d082aa24f35e1b516d23) [PhysX] Initialized MultithreadedTaskDispatcher with 16 workers.
 -> (artifact id: 'ec887299049c5d86c21d1718c8792a00') in 0.022929 seconds
Number of updated asset objects reloaded before import = 0
Number of asset objects unloaded after import = 1
========================================================================
Received Import Request.
  Time since last request: 0.000046 seconds.
  path: Assets/NatureManufacture Assets/Additional Tools/Debug/Debug Materials/Debug Flowmap.mat
  artifactKey: Guid(6351e748f397ace48bb514af9daee63b) Importer(2089858483,0ecaa5967403d082aa24f35e1b516d23)
Start importing Assets/NatureManufacture Assets/Additional Tools/Debug/Debug Materials/Debug Flowmap.mat using Guid(6351e748f397ace48bb514af9daee63b) Importer(2089858483,0ecaa5967403d082aa24f35e1b516d23) [PhysX] Initialized MultithreadedTaskDispatcher with 16 workers.
 -> (artifact id: 'a5a6581b4fe34440e1f334ba5852d377') in 0.065246 seconds
Number of updated asset objects reloaded before import = 0
Number of asset objects unloaded after import = 3
========================================================================
Received Import Request.
  Time since last request: 0.000047 seconds.
  path: Assets/NatureManufacture Assets/Spline System/Scripts/Lake/LakePolygon.cs
  artifactKey: Guid(972fcd29bf9fe274087ba3a700bac4d2) Importer(2089858483,0ecaa5967403d082aa24f35e1b516d23)
Start importing Assets/NatureManufacture Assets/Spline System/Scripts/Lake/LakePolygon.cs using Guid(972fcd29bf9fe274087ba3a700bac4d2) Importer(2089858483,0ecaa5967403d082aa24f35e1b516d23) [PhysX] Initialized MultithreadedTaskDispatcher with 16 workers.
 -> (artifact id: 'cbe89bc26468123d2244ca58df86fda5') in 0.022172 seconds
Number of updated asset objects reloaded before import = 0
Number of asset objects unloaded after import = 1
========================================================================
Received Import Request.
  Time since last request: 0.000043 seconds.
  path: Assets/NatureManufacture Assets/Spline System/Scripts/Triangulation/TriangleDotNet/Triangle/IO/TriangleReader.cs
  artifactKey: Guid(ed1157b0c7cf3114c860bcf4dedca48e) Importer(2089858483,0ecaa5967403d082aa24f35e1b516d23)
Start importing Assets/NatureManufacture Assets/Spline System/Scripts/Triangulation/TriangleDotNet/Triangle/IO/TriangleReader.cs using Guid(ed1157b0c7cf3114c860bcf4dedca48e) Importer(2089858483,0ecaa5967403d082aa24f35e1b516d23) [PhysX] Initialized MultithreadedTaskDispatcher with 16 workers.
 -> (artifact id: '68117641ee17fc7ec3e545b9ae776061') in 0.025790 seconds
Number of updated asset objects reloaded before import = 0
Number of asset objects unloaded after import = 1
========================================================================
Received Import Request.
  Time since last request: 0.000042 seconds.
  path: Assets/NatureManufacture Assets/River Auto Material 3/Floating Island/Textures/T_flying_land_AO.tga
  artifactKey: Guid(45e05f6b4859a5f49927bd34b7ae6996) Importer(2089858483,0ecaa5967403d082aa24f35e1b516d23)
Start importing Assets/NatureManufacture Assets/River Auto Material 3/Floating Island/Textures/T_flying_land_AO.tga using Guid(45e05f6b4859a5f49927bd34b7ae6996) Importer(2089858483,0ecaa5967403d082aa24f35e1b516d23) [PhysX] Initialized MultithreadedTaskDispatcher with 16 workers.
 -> (artifact id: '6e0b78ea074daa48cb382e264a66cc84') in 0.045321 seconds
Number of updated asset objects reloaded before import = 0
Number of asset objects unloaded after import = 1
========================================================================
Received Import Request.
  Time since last request: 0.000036 seconds.
  path: Assets/NatureManufacture Assets/Spline System/Scripts/Triangulation/TriangleDotNet/Triangle/Voronoi/Legacy/VoronoiRegion.cs
  artifactKey: Guid(aa253ee84b4f3c94fab834a16116893f) Importer(2089858483,0ecaa5967403d082aa24f35e1b516d23)
Start importing Assets/NatureManufacture Assets/Spline System/Scripts/Triangulation/TriangleDotNet/Triangle/Voronoi/Legacy/VoronoiRegion.cs using Guid(aa253ee84b4f3c94fab834a16116893f) Importer(2089858483,0ecaa5967403d082aa24f35e1b516d23) [PhysX] Initialized MultithreadedTaskDispatcher with 16 workers.
 -> (artifact id: 'eb9a607b64e47e5313a564e6398baef4') in 0.021231 seconds
Number of updated asset objects reloaded before import = 0
Number of asset objects unloaded after import = 1
========================================================================
Received Import Request.
  Time since last request: 0.000040 seconds.
  path: Assets/NatureManufacture Assets/River Auto Material 3/Demo/RAM 3 Demo/ReflectionProbe-0.exr
  artifactKey: Guid(37c2240dd03555a40bf238d7c5af7099) Importer(2089858483,0ecaa5967403d082aa24f35e1b516d23)
Start importing Assets/NatureManufacture Assets/River Auto Material 3/Demo/RAM 3 Demo/ReflectionProbe-0.exr using Guid(37c2240dd03555a40bf238d7c5af7099) Importer(2089858483,0ecaa5967403d082aa24f35e1b516d23) [PhysX] Initialized MultithreadedTaskDispatcher with 16 workers.
 -> (artifact id: '9d2564638a9c64ebd0203415567ae5a9') in 0.055413 seconds
Number of updated asset objects reloaded before import = 0
Number of asset objects unloaded after import = 1
========================================================================
Received Import Request.
  Time since last request: 0.000080 seconds.
  path: Assets/NatureManufacture Assets/River Auto Material 3/Stone Wall/Textures/T_rock_dirt_detail_02_N.TGA
  artifactKey: Guid(74de88d52b5a89e41af9785f1b07f960) Importer(2089858483,0ecaa5967403d082aa24f35e1b516d23)
Start importing Assets/NatureManufacture Assets/River Auto Material 3/Stone Wall/Textures/T_rock_dirt_detail_02_N.TGA using Guid(74de88d52b5a89e41af9785f1b07f960) Importer(2089858483,0ecaa5967403d082aa24f35e1b516d23) [PhysX] Initialized MultithreadedTaskDispatcher with 16 workers.
 -> (artifact id: '1f6919a4ccfb202ae0bb029323820502') in 0.045722 seconds
Number of updated asset objects reloaded before import = 0
Number of asset objects unloaded after import = 1
========================================================================
Received Import Request.
  Time since last request: 0.000053 seconds.
  path: Assets/NatureManufacture Assets/Spline System/Scripts/Utilities
  artifactKey: Guid(dfae1270e0039654caf0bdd76d77d2f5) Importer(2089858483,0ecaa5967403d082aa24f35e1b516d23)
Start importing Assets/NatureManufacture Assets/Spline System/Scripts/Utilities using Guid(dfae1270e0039654caf0bdd76d77d2f5) Importer(2089858483,0ecaa5967403d082aa24f35e1b516d23) [PhysX] Initialized MultithreadedTaskDispatcher with 16 workers.
 -> (artifact id: 'fcd446cc69c7d39eb40ecdd8e4a53897') in 0.022251 seconds
Number of updated asset objects reloaded before import = 0
Number of asset objects unloaded after import = 1
========================================================================
Received Import Request.
  Time since last request: 0.000052 seconds.
  path: Assets/NatureManufacture Assets/Spline System/Scripts/Triangulation/TriangleDotNet/Triangle/Meshing/GenericMesher.cs
  artifactKey: Guid(4246633bbc9581f4e907ed8eb94e3f4e) Importer(2089858483,0ecaa5967403d082aa24f35e1b516d23)
Start importing Assets/NatureManufacture Assets/Spline System/Scripts/Triangulation/TriangleDotNet/Triangle/Meshing/GenericMesher.cs using Guid(4246633bbc9581f4e907ed8eb94e3f4e) Importer(2089858483,0ecaa5967403d082aa24f35e1b516d23) [PhysX] Initialized MultithreadedTaskDispatcher with 16 workers.
 -> (artifact id: '701a276fcad91da888c83b81431ac37c') in 0.028918 seconds
Number of updated asset objects reloaded before import = 0
Number of asset objects unloaded after import = 1
========================================================================
Received Import Request.
  Time since last request: 0.000045 seconds.
  path: Assets/NatureManufacture Assets/Spline System/Scripts/River/IProfile.cs
  artifactKey: Guid(6d223d7563e2413a8aa7f879b038ce93) Importer(2089858483,0ecaa5967403d082aa24f35e1b516d23)
Start importing Assets/NatureManufacture Assets/Spline System/Scripts/River/IProfile.cs using Guid(6d223d7563e2413a8aa7f879b038ce93) Importer(2089858483,0ecaa5967403d082aa24f35e1b516d23) [PhysX] Initialized MultithreadedTaskDispatcher with 16 workers.
 -> (artifact id: 'a7ac45721d4cb248c6214bef843a3ff5') in 0.028624 seconds
Number of updated asset objects reloaded before import = 0
Number of asset objects unloaded after import = 1
========================================================================
Received Import Request.
  Time since last request: 0.000050 seconds.
  path: Assets/NatureManufacture Assets/Spline System/Scripts/Terrain/CarveData.cs
  artifactKey: Guid(34eb825444ff4369adc3c507ea17de8d) Importer(2089858483,0ecaa5967403d082aa24f35e1b516d23)
Start importing Assets/NatureManufacture Assets/Spline System/Scripts/Terrain/CarveData.cs using Guid(34eb825444ff4369adc3c507ea17de8d) Importer(2089858483,0ecaa5967403d082aa24f35e1b516d23) [PhysX] Initialized MultithreadedTaskDispatcher with 16 workers.
 -> (artifact id: 'f75cea813e47b3e766c84542b1df421f') in 0.022695 seconds
Number of updated asset objects reloaded before import = 0
Number of asset objects unloaded after import = 1
========================================================================
Received Import Request.
  Time since last request: 0.000052 seconds.
  path: Assets/NatureManufacture Assets/Coast & Dunes Environment Trial/Textures/T_beach_cliff_02_N.png
  artifactKey: Guid(e5501e79b5fdb8a4fad56e388882c792) Importer(2089858483,0ecaa5967403d082aa24f35e1b516d23)
Start importing Assets/NatureManufacture Assets/Coast & Dunes Environment Trial/Textures/T_beach_cliff_02_N.png using Guid(e5501e79b5fdb8a4fad56e388882c792) Importer(2089858483,0ecaa5967403d082aa24f35e1b516d23) [PhysX] Initialized MultithreadedTaskDispatcher with 16 workers.
 -> (artifact id: '8655715ef928f1c38d8160dca5e3627b') in 0.080477 seconds
Number of updated asset objects reloaded before import = 0
Number of asset objects unloaded after import = 1
========================================================================
Received Import Request.
  Time since last request: 0.000041 seconds.
  path: Assets/NatureManufacture Assets/Spline System/Scripts/Triangulation/TriangleDotNet/Triangle/Tools/Statistic.cs
  artifactKey: Guid(dc812c0bd4735924389b71949f9ceb43) Importer(2089858483,0ecaa5967403d082aa24f35e1b516d23)
Start importing Assets/NatureManufacture Assets/Spline System/Scripts/Triangulation/TriangleDotNet/Triangle/Tools/Statistic.cs using Guid(dc812c0bd4735924389b71949f9ceb43) Importer(2089858483,0ecaa5967403d082aa24f35e1b516d23) [PhysX] Initialized MultithreadedTaskDispatcher with 16 workers.
 -> (artifact id: 'f814cfaa4c368f99be32a7180a24bd14') in 0.029768 seconds
Number of updated asset objects reloaded before import = 0
Number of asset objects unloaded after import = 1
========================================================================
Received Import Request.
  Time since last request: 0.000048 seconds.
  path: Assets/DA/Forest_Tree/Texture_And_Materials/Bilboard/Bilboard_Summer.mat
  artifactKey: Guid(72280e382042b554897504c0327b23fc) Importer(2089858483,0ecaa5967403d082aa24f35e1b516d23)
Start importing Assets/DA/Forest_Tree/Texture_And_Materials/Bilboard/Bilboard_Summer.mat using Guid(72280e382042b554897504c0327b23fc) Importer(2089858483,0ecaa5967403d082aa24f35e1b516d23) [PhysX] Initialized MultithreadedTaskDispatcher with 16 workers.
 -> (artifact id: '74696412e1a84744ba57a17dac8e1229') in 0.054244 seconds
Number of updated asset objects reloaded before import = 0
Number of asset objects unloaded after import = 2
========================================================================
Received Import Request.
  Time since last request: 0.000100 seconds.
  path: Assets/NatureManufacture Assets/River Auto Material 3/Demo/RAM 3 Demo Tesseled/ProbeVolumeData-Default.CellData.bytes
  artifactKey: Guid(fbc2810685bfa804ab4154fd5dc0dc82) Importer(2089858483,0ecaa5967403d082aa24f35e1b516d23)
Start importing Assets/NatureManufacture Assets/River Auto Material 3/Demo/RAM 3 Demo Tesseled/ProbeVolumeData-Default.CellData.bytes using Guid(fbc2810685bfa804ab4154fd5dc0dc82) Importer(2089858483,0ecaa5967403d082aa24f35e1b516d23) [PhysX] Initialized MultithreadedTaskDispatcher with 16 workers.
 -> (artifact id: 'a1fd84a8e2242114e06ac3cfec4a5c05') in 0.052790 seconds
Number of updated asset objects reloaded before import = 0
Number of asset objects unloaded after import = 1
========================================================================
Received Import Request.
  Time since last request: 0.000070 seconds.
  path: Assets/NatureManufacture Assets/Water Shaders/Water River Tesselation.shader
  artifactKey: Guid(631091912f010314889fdf577695b365) Importer(2089858483,0ecaa5967403d082aa24f35e1b516d23)
Start importing Assets/NatureManufacture Assets/Water Shaders/Water River Tesselation.shader using Guid(631091912f010314889fdf577695b365) Importer(2089858483,0ecaa5967403d082aa24f35e1b516d23) [PhysX] Initialized MultithreadedTaskDispatcher with 16 workers.
 -> (artifact id: '64ff94895d02f7eee4966e5f861aa341') in 0.047623 seconds
Number of updated asset objects reloaded before import = 0
Number of asset objects unloaded after import = 1
========================================================================
Received Import Request.
  Time since last request: 0.000053 seconds.
  path: Assets/NatureManufacture Assets/River Auto Material 3/Water/Textures/T_River_Noise_3.png
  artifactKey: Guid(3dafeeba18173a04f804015cc7ce069c) Importer(2089858483,0ecaa5967403d082aa24f35e1b516d23)
Start importing Assets/NatureManufacture Assets/River Auto Material 3/Water/Textures/T_River_Noise_3.png using Guid(3dafeeba18173a04f804015cc7ce069c) Importer(2089858483,0ecaa5967403d082aa24f35e1b516d23) [PhysX] Initialized MultithreadedTaskDispatcher with 16 workers.
 -> (artifact id: 'c73f4982c65101b8bb74b7edaf7e1c8a') in 0.047287 seconds
Number of updated asset objects reloaded before import = 0
Number of asset objects unloaded after import = 1
========================================================================
Received Import Request.
  Time since last request: 0.000044 seconds.
  path: Assets/NatureManufacture Assets/River Auto Material 3/Ground Textures/T_Ground_Moss_01_Mt_AO_H_SM.tga
  artifactKey: Guid(7c2b62dc9ac220648a6b43507965331e) Importer(2089858483,0ecaa5967403d082aa24f35e1b516d23)
Start importing Assets/NatureManufacture Assets/River Auto Material 3/Ground Textures/T_Ground_Moss_01_Mt_AO_H_SM.tga using Guid(7c2b62dc9ac220648a6b43507965331e) Importer(2089858483,0ecaa5967403d082aa24f35e1b516d23) [PhysX] Initialized MultithreadedTaskDispatcher with 16 workers.
 -> (artifact id: '08d480251348dfe8828c96cd799bfb58') in 0.068548 seconds
Number of updated asset objects reloaded before import = 0
Number of asset objects unloaded after import = 1
========================================================================
Received Import Request.
  Time since last request: 0.000104 seconds.
  path: Assets/NatureManufacture Assets/River Auto Material 3/Water/Materials Mobile/M_R3_Sea_Flat_Mobile.mat
  artifactKey: Guid(ee8282651e913a240a55c08dd12676bf) Importer(2089858483,0ecaa5967403d082aa24f35e1b516d23)
Start importing Assets/NatureManufacture Assets/River Auto Material 3/Water/Materials Mobile/M_R3_Sea_Flat_Mobile.mat using Guid(ee8282651e913a240a55c08dd12676bf) Importer(2089858483,0ecaa5967403d082aa24f35e1b516d23) [PhysX] Initialized MultithreadedTaskDispatcher with 16 workers.
 -> (artifact id: '1e05e922e7d5664a827bb351aaa3d8f5') in 0.081785 seconds
Number of updated asset objects reloaded before import = 0
Number of asset objects unloaded after import = 6
========================================================================
Received Import Request.
  Time since last request: 0.000046 seconds.
  path: Assets/NatureManufacture Assets/Spline System/Scripts/Editor
  artifactKey: Guid(724b4c9f9a52f304f86e9a6c13c9043c) Importer(2089858483,0ecaa5967403d082aa24f35e1b516d23)
Start importing Assets/NatureManufacture Assets/Spline System/Scripts/Editor using Guid(724b4c9f9a52f304f86e9a6c13c9043c) Importer(2089858483,0ecaa5967403d082aa24f35e1b516d23) [PhysX] Initialized MultithreadedTaskDispatcher with 16 workers.
 -> (artifact id: 'dcc81c2cd59435b212119e5b107c7065') in 0.023719 seconds
Number of updated asset objects reloaded before import = 0
Number of asset objects unloaded after import = 1
========================================================================
Received Import Request.
  Time since last request: 0.000068 seconds.
  path: Assets/NatureManufacture Assets/River Auto Material 3/Water/Textures/T_River_Side_Foam_03_N.png
  artifactKey: Guid(5a20c6d22004a134e8695c71fb8d0d43) Importer(2089858483,0ecaa5967403d082aa24f35e1b516d23)
Start importing Assets/NatureManufacture Assets/River Auto Material 3/Water/Textures/T_River_Side_Foam_03_N.png using Guid(5a20c6d22004a134e8695c71fb8d0d43) Importer(2089858483,0ecaa5967403d082aa24f35e1b516d23) [PhysX] Initialized MultithreadedTaskDispatcher with 16 workers.
 -> (artifact id: 'fe86e0074488fb5b633230b3dc970e23') in 0.066338 seconds
Number of updated asset objects reloaded before import = 0
Number of asset objects unloaded after import = 1
========================================================================
Received Import Request.
  Time since last request: 0.000074 seconds.
  path: Assets/NatureManufacture Assets/River Auto Material 3/Demo/M_Text.mat
  artifactKey: Guid(e0cc07138144c0649b8e7d2f4556978c) Importer(2089858483,0ecaa5967403d082aa24f35e1b516d23)
Start importing Assets/NatureManufacture Assets/River Auto Material 3/Demo/M_Text.mat using Guid(e0cc07138144c0649b8e7d2f4556978c) Importer(2089858483,0ecaa5967403d082aa24f35e1b516d23) [PhysX] Initialized MultithreadedTaskDispatcher with 16 workers.
 -> (artifact id: '6247326fb92a31b9c89a4068aa3c114a') in 0.050524 seconds
Number of updated asset objects reloaded before import = 0
Number of asset objects unloaded after import = 1
========================================================================
Received Import Request.
  Time since last request: 0.000046 seconds.
  path: Assets/NatureManufacture Assets/River Auto Material 3/Roads/Materials
  artifactKey: Guid(35e282f19dd246044b51feb440578bca) Importer(2089858483,0ecaa5967403d082aa24f35e1b516d23)
Start importing Assets/NatureManufacture Assets/River Auto Material 3/Roads/Materials using Guid(35e282f19dd246044b51feb440578bca) Importer(2089858483,0ecaa5967403d082aa24f35e1b516d23) [PhysX] Initialized MultithreadedTaskDispatcher with 16 workers.
 -> (artifact id: '32dacbee88c8ae30aaa15e89dc9533a9') in 0.026390 seconds
Number of updated asset objects reloaded before import = 0
Number of asset objects unloaded after import = 1
========================================================================
Received Import Request.
  Time since last request: 0.000069 seconds.
  path: Assets/NatureManufacture Assets/River Auto Material 3/Ground Textures/T_Ground_Rocks_02_stylized_A_SM.tga
  artifactKey: Guid(fe8ddaa3b61d91c4c815d61d752e6764) Importer(2089858483,0ecaa5967403d082aa24f35e1b516d23)
Start importing Assets/NatureManufacture Assets/River Auto Material 3/Ground Textures/T_Ground_Rocks_02_stylized_A_SM.tga using Guid(fe8ddaa3b61d91c4c815d61d752e6764) Importer(2089858483,0ecaa5967403d082aa24f35e1b516d23) [PhysX] Initialized MultithreadedTaskDispatcher with 16 workers.
 -> (artifact id: '929bfc7aa607b7fea0340b87bb402789') in 0.057768 seconds
Number of updated asset objects reloaded before import = 0
Number of asset objects unloaded after import = 1
========================================================================
Received Import Request.
  Time since last request: 0.000035 seconds.
  path: Assets/NatureManufacture Assets/River Auto Material 3/Stone Wall/Textures/T_water_wall_stones_BC.TGA
  artifactKey: Guid(6f71521dcdb19034492754a6e70da54f) Importer(2089858483,0ecaa5967403d082aa24f35e1b516d23)
Start importing Assets/NatureManufacture Assets/River Auto Material 3/Stone Wall/Textures/T_water_wall_stones_BC.TGA using Guid(6f71521dcdb19034492754a6e70da54f) Importer(2089858483,0ecaa5967403d082aa24f35e1b516d23) [PhysX] Initialized MultithreadedTaskDispatcher with 16 workers.
 -> (artifact id: 'f499cfd4648e1e0ec6b56aaf607bbca2') in 0.050892 seconds
Number of updated asset objects reloaded before import = 0
Number of asset objects unloaded after import = 1
========================================================================
Received Import Request.
  Time since last request: 0.000043 seconds.
  path: Assets/NatureManufacture Assets/River Auto Material 3/Built_In_Particles/PBR/Materials
  artifactKey: Guid(3b121a406fa0ba54c9a6b0d3717bd465) Importer(2089858483,0ecaa5967403d082aa24f35e1b516d23)
Start importing Assets/NatureManufacture Assets/River Auto Material 3/Built_In_Particles/PBR/Materials using Guid(3b121a406fa0ba54c9a6b0d3717bd465) Importer(2089858483,0ecaa5967403d082aa24f35e1b516d23) [PhysX] Initialized MultithreadedTaskDispatcher with 16 workers.
 -> (artifact id: 'ec4193d207ac1bccc3d0d0a075faae3b') in 0.017652 seconds
Number of updated asset objects reloaded before import = 0
Number of asset objects unloaded after import = 1
========================================================================
Received Import Request.
  Time since last request: 0.000050 seconds.
  path: Assets/NatureManufacture Assets/Spline System/Scripts/Triangulation/TriangleDotNet/Triangle/Meshing/Converter.cs
  artifactKey: Guid(ae73eea1a97929842acd2584127ba471) Importer(2089858483,0ecaa5967403d082aa24f35e1b516d23)
Start importing Assets/NatureManufacture Assets/Spline System/Scripts/Triangulation/TriangleDotNet/Triangle/Meshing/Converter.cs using Guid(ae73eea1a97929842acd2584127ba471) Importer(2089858483,0ecaa5967403d082aa24f35e1b516d23) [PhysX] Initialized MultithreadedTaskDispatcher with 16 workers.
 -> (artifact id: 'f271721597fe2eb8f697ac6157d72f50') in 0.022315 seconds
Number of updated asset objects reloaded before import = 0
Number of asset objects unloaded after import = 1
========================================================================
Received Import Request.
  Time since last request: 0.000074 seconds.
  path: Assets/NatureManufacture Assets/River Auto Material 3/Demo/Demo Physics/Prefab arcade boat sea.prefab
  artifactKey: Guid(db9c45d19623cdf47b6009d697e5a6a5) Importer(2089858483,0ecaa5967403d082aa24f35e1b516d23)
Start importing Assets/NatureManufacture Assets/River Auto Material 3/Demo/Demo Physics/Prefab arcade boat sea.prefab using Guid(db9c45d19623cdf47b6009d697e5a6a5) Importer(2089858483,0ecaa5967403d082aa24f35e1b516d23) [PhysX] Initialized MultithreadedTaskDispatcher with 16 workers.
 -> (artifact id: '715cc978fceb5b34c3cfae8e576bad48') in 0.054235 seconds
Number of updated asset objects reloaded before import = 0
Number of asset objects unloaded after import = 17
========================================================================
Received Import Request.
  Time since last request: 0.001129 seconds.
  path: Assets/NatureManufacture Assets/River Auto Material 3/Demo/RAM 3 Demo/ReflectionProbe-20.exr
  artifactKey: Guid(7207eb672696d8345abbd6a72f02de82) Importer(2089858483,0ecaa5967403d082aa24f35e1b516d23)
Start importing Assets/NatureManufacture Assets/River Auto Material 3/Demo/RAM 3 Demo/ReflectionProbe-20.exr using Guid(7207eb672696d8345abbd6a72f02de82) Importer(2089858483,0ecaa5967403d082aa24f35e1b516d23) [PhysX] Initialized MultithreadedTaskDispatcher with 16 workers.
 -> (artifact id: '45d32a3233f62629bc0f63fdefdc4f03') in 0.046190 seconds
Number of updated asset objects reloaded before import = 0
Number of asset objects unloaded after import = 1
========================================================================
Received Import Request.
  Time since last request: 0.000043 seconds.
  path: Assets/NatureManufacture Assets/Spline System/Scripts/Spline/NmSpline.cs
  artifactKey: Guid(178cbc0d599b414d8ee6fc19efe7bdbb) Importer(2089858483,0ecaa5967403d082aa24f35e1b516d23)
Start importing Assets/NatureManufacture Assets/Spline System/Scripts/Spline/NmSpline.cs using Guid(178cbc0d599b414d8ee6fc19efe7bdbb) Importer(2089858483,0ecaa5967403d082aa24f35e1b516d23) [PhysX] Initialized MultithreadedTaskDispatcher with 16 workers.
 -> (artifact id: 'b5e25ecf27915ab50a6131da4cc7cd5e') in 0.023660 seconds
Number of updated asset objects reloaded before import = 0
Number of asset objects unloaded after import = 1
========================================================================
Received Import Request.
  Time since last request: 0.000042 seconds.
  path: Assets/NatureManufacture Assets/Spline System/Scripts/Editor/Utilities/LayerMaskField.cs
  artifactKey: Guid(db53831b27d84cdbb284d6e11b09fa25) Importer(2089858483,0ecaa5967403d082aa24f35e1b516d23)
Start importing Assets/NatureManufacture Assets/Spline System/Scripts/Editor/Utilities/LayerMaskField.cs using Guid(db53831b27d84cdbb284d6e11b09fa25) Importer(2089858483,0ecaa5967403d082aa24f35e1b516d23) [PhysX] Initialized MultithreadedTaskDispatcher with 16 workers.
 -> (artifact id: '2b2daa074987552a9a40bac0928c5ed2') in 0.021059 seconds
Number of updated asset objects reloaded before import = 0
Number of asset objects unloaded after import = 1
========================================================================
Received Import Request.
  Time since last request: 0.000051 seconds.
  path: Assets/NatureManufacture Assets/River Auto Material 3/Floating Island
  artifactKey: Guid(670a3d688074bb94aaaa0c934487c2e7) Importer(2089858483,0ecaa5967403d082aa24f35e1b516d23)
Start importing Assets/NatureManufacture Assets/River Auto Material 3/Floating Island using Guid(670a3d688074bb94aaaa0c934487c2e7) Importer(2089858483,0ecaa5967403d082aa24f35e1b516d23) [PhysX] Initialized MultithreadedTaskDispatcher with 16 workers.
 -> (artifact id: 'c92696981773aa112319dc765d72150c') in 0.020454 seconds
Number of updated asset objects reloaded before import = 0
Number of asset objects unloaded after import = 1
========================================================================
Received Import Request.
  Time since last request: 0.000056 seconds.
  path: Assets/NatureManufacture Assets/River Auto Material 3/Roads/Materials/M_Additional_Texture.mat
  artifactKey: Guid(e8be8133cce6e0d449201f3603133936) Importer(2089858483,0ecaa5967403d082aa24f35e1b516d23)
Start importing Assets/NatureManufacture Assets/River Auto Material 3/Roads/Materials/M_Additional_Texture.mat using Guid(e8be8133cce6e0d449201f3603133936) Importer(2089858483,0ecaa5967403d082aa24f35e1b516d23) [PhysX] Initialized MultithreadedTaskDispatcher with 16 workers.
 -> (artifact id: '38b23224584aa59aaf605566096bfc97') in 0.083756 seconds
Number of updated asset objects reloaded before import = 0
Number of asset objects unloaded after import = 7
========================================================================
Received Import Request.
  Time since last request: 0.000051 seconds.
  path: Assets/NatureManufacture Assets/Spline System/Manual
  artifactKey: Guid(5f39a5d7dc5d328438164c8d68fa4761) Importer(2089858483,0ecaa5967403d082aa24f35e1b516d23)
Start importing Assets/NatureManufacture Assets/Spline System/Manual using Guid(5f39a5d7dc5d328438164c8d68fa4761) Importer(2089858483,0ecaa5967403d082aa24f35e1b516d23) [PhysX] Initialized MultithreadedTaskDispatcher with 16 workers.
 -> (artifact id: '9e1206e2b8fbb9ca4c8d89764e1a7bdf') in 0.019173 seconds
Number of updated asset objects reloaded before import = 0
Number of asset objects unloaded after import = 1
========================================================================
Received Import Request.
  Time since last request: 0.000036 seconds.
  path: Assets/NatureManufacture Assets/River Auto Material 3/Water/Materials Offset/M_R3_Sea_Lake_Windy_No_swash_Offset.mat
  artifactKey: Guid(fb74ef15dffac7e409a64e2bb322e4c4) Importer(2089858483,0ecaa5967403d082aa24f35e1b516d23)
Start importing Assets/NatureManufacture Assets/River Auto Material 3/Water/Materials Offset/M_R3_Sea_Lake_Windy_No_swash_Offset.mat using Guid(fb74ef15dffac7e409a64e2bb322e4c4) Importer(2089858483,0ecaa5967403d082aa24f35e1b516d23) [PhysX] Initialized MultithreadedTaskDispatcher with 16 workers.
 -> (artifact id: 'b9c0059f506b8b2de78fcfe8fef9732a') in 0.108542 seconds
Number of updated asset objects reloaded before import = 0
Number of asset objects unloaded after import = 10
========================================================================
Received Import Request.
  Time since last request: 0.000074 seconds.
  path: Assets/NatureManufacture Assets/River Auto Material 3/Rock/Test_River_stone_01.fbx
  artifactKey: Guid(8c5a50d961aacff49aca689427773f93) Importer(2089858483,0ecaa5967403d082aa24f35e1b516d23)
Start importing Assets/NatureManufacture Assets/River Auto Material 3/Rock/Test_River_stone_01.fbx using Guid(8c5a50d961aacff49aca689427773f93) Importer(2089858483,0ecaa5967403d082aa24f35e1b516d23) [PhysX] Initialized MultithreadedTaskDispatcher with 16 workers.
 -> (artifact id: '493ce9617339130a7f0aa2c4b2e8f019') in 0.061798 seconds
Number of updated asset objects reloaded before import = 0
Number of asset objects unloaded after import = 25
========================================================================
Received Import Request.
  Time since last request: 0.000089 seconds.
  path: Assets/NatureManufacture Assets/River Auto Material 3/Pipes/Materials
  artifactKey: Guid(3267903ed594a93448feb48c2a3e05c6) Importer(2089858483,0ecaa5967403d082aa24f35e1b516d23)
Start importing Assets/NatureManufacture Assets/River Auto Material 3/Pipes/Materials using Guid(3267903ed594a93448feb48c2a3e05c6) Importer(2089858483,0ecaa5967403d082aa24f35e1b516d23) [PhysX] Initialized MultithreadedTaskDispatcher with 16 workers.
 -> (artifact id: '896983a404eef3775229e1b9793a643b') in 0.017347 seconds
Number of updated asset objects reloaded before import = 0
Number of asset objects unloaded after import = 1
========================================================================
Received Import Request.
  Time since last request: 0.000034 seconds.
  path: Assets/NatureManufacture Assets/Spline System/Scripts/Triangulation/TriangleDotNet/Triangle/Topology/SubSegment.cs
  artifactKey: Guid(aa492fa12e3e5704ebfb14f6d9744560) Importer(2089858483,0ecaa5967403d082aa24f35e1b516d23)
Start importing Assets/NatureManufacture Assets/Spline System/Scripts/Triangulation/TriangleDotNet/Triangle/Topology/SubSegment.cs using Guid(aa492fa12e3e5704ebfb14f6d9744560) Importer(2089858483,0ecaa5967403d082aa24f35e1b516d23) [PhysX] Initialized MultithreadedTaskDispatcher with 16 workers.
 -> (artifact id: '56cf6e40af05c0c50273812a02486fc6') in 0.025716 seconds
Number of updated asset objects reloaded before import = 0
Number of asset objects unloaded after import = 1
========================================================================
Received Import Request.
  Time since last request: 0.000059 seconds.
  path: Assets/NatureManufacture Assets/River Auto Material 3/Profiles/Waterfall Profiles
  artifactKey: Guid(a2ddd4631230d8d4b8672be726d27fb3) Importer(2089858483,0ecaa5967403d082aa24f35e1b516d23)
Start importing Assets/NatureManufacture Assets/River Auto Material 3/Profiles/Waterfall Profiles using Guid(a2ddd4631230d8d4b8672be726d27fb3) Importer(2089858483,0ecaa5967403d082aa24f35e1b516d23) [PhysX] Initialized MultithreadedTaskDispatcher with 16 workers.
 -> (artifact id: '84953036e4494c9e2b28bfffb82fc186') in 0.022620 seconds
Number of updated asset objects reloaded before import = 0
Number of asset objects unloaded after import = 1
========================================================================
Received Import Request.
  Time since last request: 0.000054 seconds.
  path: Assets/NatureManufacture Assets/River Auto Material 3/Ground Textures/T_Ground_Pebbles_01_Mt_AO_H_SM.tga
  artifactKey: Guid(6fa60608e8fc1c846930a2db5f9607fb) Importer(2089858483,0ecaa5967403d082aa24f35e1b516d23)
Start importing Assets/NatureManufacture Assets/River Auto Material 3/Ground Textures/T_Ground_Pebbles_01_Mt_AO_H_SM.tga using Guid(6fa60608e8fc1c846930a2db5f9607fb) Importer(2089858483,0ecaa5967403d082aa24f35e1b516d23) [PhysX] Initialized MultithreadedTaskDispatcher with 16 workers.
 -> (artifact id: 'a2bf0cd2ed06e4b58e33d7266f2ff171') in 0.067342 seconds
Number of updated asset objects reloaded before import = 0
Number of asset objects unloaded after import = 1
========================================================================
Received Import Request.
  Time since last request: 0.000056 seconds.
  path: Assets/NatureManufacture Assets/River Auto Material 3/Water/Materials Tesseled/M_R3_Waterfall_Tesseled.mat
  artifactKey: Guid(0cce53f12dc9cba4aa9ac396a2bbc445) Importer(2089858483,0ecaa5967403d082aa24f35e1b516d23)
Start importing Assets/NatureManufacture Assets/River Auto Material 3/Water/Materials Tesseled/M_R3_Waterfall_Tesseled.mat using Guid(0cce53f12dc9cba4aa9ac396a2bbc445) Importer(2089858483,0ecaa5967403d082aa24f35e1b516d23) [PhysX] Initialized MultithreadedTaskDispatcher with 16 workers.
 -> (artifact id: 'a39580a00c846ab72958d00e8a955b76') in 0.116037 seconds
Number of updated asset objects reloaded before import = 0
Number of asset objects unloaded after import = 11
========================================================================
Received Import Request.
  Time since last request: 0.000050 seconds.
  path: Assets/NatureManufacture Assets/River Auto Material 3/Profiles/Road Profiles
  artifactKey: Guid(5f7b2c91ced0cfa409973bb3a25d995c) Importer(2089858483,0ecaa5967403d082aa24f35e1b516d23)
Start importing Assets/NatureManufacture Assets/River Auto Material 3/Profiles/Road Profiles using Guid(5f7b2c91ced0cfa409973bb3a25d995c) Importer(2089858483,0ecaa5967403d082aa24f35e1b516d23) [PhysX] Initialized MultithreadedTaskDispatcher with 16 workers.
 -> (artifact id: '8d9806c5a25509c99ff0d5889d71b5ed') in 0.023096 seconds
Number of updated asset objects reloaded before import = 0
Number of asset objects unloaded after import = 1
========================================================================
Received Import Request.
  Time since last request: 0.000036 seconds.
  path: Assets/NatureManufacture Assets/River Auto Material 3/Profiles/Sea and Lake Profiles
  artifactKey: Guid(93b881dd27247994bb96085cecd751e3) Importer(2089858483,0ecaa5967403d082aa24f35e1b516d23)
Start importing Assets/NatureManufacture Assets/River Auto Material 3/Profiles/Sea and Lake Profiles using Guid(93b881dd27247994bb96085cecd751e3) Importer(2089858483,0ecaa5967403d082aa24f35e1b516d23) [PhysX] Initialized MultithreadedTaskDispatcher with 16 workers.
 -> (artifact id: '1475cad37fb20d1fd7b5e9d04335bc4a') in 0.018906 seconds
Number of updated asset objects reloaded before import = 0
Number of asset objects unloaded after import = 1
========================================================================
Received Import Request.
  Time since last request: 0.000051 seconds.
  path: Assets/NatureManufacture Assets/River Auto Material 3/Pipes
  artifactKey: Guid(30761aa1321023146aa9c574a9913c2d) Importer(2089858483,0ecaa5967403d082aa24f35e1b516d23)
Start importing Assets/NatureManufacture Assets/River Auto Material 3/Pipes using Guid(30761aa1321023146aa9c574a9913c2d) Importer(2089858483,0ecaa5967403d082aa24f35e1b516d23) [PhysX] Initialized MultithreadedTaskDispatcher with 16 workers.
 -> (artifact id: 'b3b738ceabbd519ba991bba0b1849dee') in 0.016095 seconds
Number of updated asset objects reloaded before import = 0
Number of asset objects unloaded after import = 1
========================================================================
Received Import Request.
  Time since last request: 0.000039 seconds.
  path: Assets/NatureManufacture Assets/River Auto Material 3/Water/Textures/T_Water_01_N.png
  artifactKey: Guid(53b00ac4b7ee2fb4681d46ce396bde98) Importer(2089858483,0ecaa5967403d082aa24f35e1b516d23)
Start importing Assets/NatureManufacture Assets/River Auto Material 3/Water/Textures/T_Water_01_N.png using Guid(53b00ac4b7ee2fb4681d46ce396bde98) Importer(2089858483,0ecaa5967403d082aa24f35e1b516d23) [PhysX] Initialized MultithreadedTaskDispatcher with 16 workers.
 -> (artifact id: '94d4798457675fec160b83c58e73d093') in 0.046306 seconds
Number of updated asset objects reloaded before import = 0
Number of asset objects unloaded after import = 1
========================================================================
Received Import Request.
  Time since last request: 0.000048 seconds.
  path: Assets/NatureManufacture Assets/Additional Tools/Debug/Debug Shaders/Debug Terrain Carve.shader
  artifactKey: Guid(04f08d5a2e56925429391921ee9d4435) Importer(2089858483,0ecaa5967403d082aa24f35e1b516d23)
Start importing Assets/NatureManufacture Assets/Additional Tools/Debug/Debug Shaders/Debug Terrain Carve.shader using Guid(04f08d5a2e56925429391921ee9d4435) Importer(2089858483,0ecaa5967403d082aa24f35e1b516d23) [PhysX] Initialized MultithreadedTaskDispatcher with 16 workers.
 -> (artifact id: '18f70cacc53679950c28955cb1af1976') in 0.025215 seconds
Number of updated asset objects reloaded before import = 0
Number of asset objects unloaded after import = 1
========================================================================
Received Import Request.
  Time since last request: 0.000058 seconds.
  path: Assets/NatureManufacture Assets/River Auto Material 3/Demo/RAM 3 Demo/Lightmap-1_comp_light.exr
  artifactKey: Guid(4d8581c8ca9753a4db4e5e2585107cf8) Importer(2089858483,0ecaa5967403d082aa24f35e1b516d23)
Start importing Assets/NatureManufacture Assets/River Auto Material 3/Demo/RAM 3 Demo/Lightmap-1_comp_light.exr using Guid(4d8581c8ca9753a4db4e5e2585107cf8) Importer(2089858483,0ecaa5967403d082aa24f35e1b516d23) [PhysX] Initialized MultithreadedTaskDispatcher with 16 workers.
 -> (artifact id: 'f7be31d0ac2b4c12c1fda248731c78da') in 0.064293 seconds
Number of updated asset objects reloaded before import = 0
Number of asset objects unloaded after import = 1
========================================================================
Received Import Request.
  Time since last request: 0.000057 seconds.
  path: Assets/NatureManufacture Assets/River Auto Material 3/Pipes/Textures/T_Pipe_N.png
  artifactKey: Guid(4bedaae7f78d46543a55571561584554) Importer(2089858483,0ecaa5967403d082aa24f35e1b516d23)
Start importing Assets/NatureManufacture Assets/River Auto Material 3/Pipes/Textures/T_Pipe_N.png using Guid(4bedaae7f78d46543a55571561584554) Importer(2089858483,0ecaa5967403d082aa24f35e1b516d23) [PhysX] Initialized MultithreadedTaskDispatcher with 16 workers.
 -> (artifact id: '0e1ff0aa5c270f65d42397d314692f66') in 0.046464 seconds
Number of updated asset objects reloaded before import = 0
Number of asset objects unloaded after import = 1
========================================================================
Received Import Request.
  Time since last request: 0.000056 seconds.
  path: Assets/NatureManufacture Assets/River Auto Material 3/Water/Textures/T_River_Waterfall_02_N.png
  artifactKey: Guid(28ff5c4c2f5954e4c97a652d5df3a9c0) Importer(2089858483,0ecaa5967403d082aa24f35e1b516d23)
Start importing Assets/NatureManufacture Assets/River Auto Material 3/Water/Textures/T_River_Waterfall_02_N.png using Guid(28ff5c4c2f5954e4c97a652d5df3a9c0) Importer(2089858483,0ecaa5967403d082aa24f35e1b516d23) [PhysX] Initialized MultithreadedTaskDispatcher with 16 workers.
 -> (artifact id: '3d4022d240fd07b999aaf078ea86be40') in 0.063114 seconds
Number of updated asset objects reloaded before import = 0
Number of asset objects unloaded after import = 1
========================================================================
Received Import Request.
  Time since last request: 0.000041 seconds.
  path: Assets/NatureManufacture Assets/River Auto Material 3/Demo/RAM 3 Demo Mobile/ReflectionProbe-0.exr
  artifactKey: Guid(d1392b74e8a608d469304f96fa8b1bde) Importer(2089858483,0ecaa5967403d082aa24f35e1b516d23)
Start importing Assets/NatureManufacture Assets/River Auto Material 3/Demo/RAM 3 Demo Mobile/ReflectionProbe-0.exr using Guid(d1392b74e8a608d469304f96fa8b1bde) Importer(2089858483,0ecaa5967403d082aa24f35e1b516d23) [PhysX] Initialized MultithreadedTaskDispatcher with 16 workers.
 -> (artifact id: '7f791655ce0c554c4dff863745780477') in 0.048485 seconds
Number of updated asset objects reloaded before import = 0
Number of asset objects unloaded after import = 1
========================================================================
Received Import Request.
  Time since last request: 0.000048 seconds.
  path: Assets/NatureManufacture Assets/Spline System/Scripts/Editor/Terrain/TerrainConvexParametersDrawer.cs
  artifactKey: Guid(13b9dedb82a5b5748b827a39e59ceaa2) Importer(2089858483,0ecaa5967403d082aa24f35e1b516d23)
Start importing Assets/NatureManufacture Assets/Spline System/Scripts/Editor/Terrain/TerrainConvexParametersDrawer.cs using Guid(13b9dedb82a5b5748b827a39e59ceaa2) Importer(2089858483,0ecaa5967403d082aa24f35e1b516d23) [PhysX] Initialized MultithreadedTaskDispatcher with 16 workers.
 -> (artifact id: '81f8a7176c146275ddc5e720e00b4773') in 0.029578 seconds
Number of updated asset objects reloaded before import = 0
Number of asset objects unloaded after import = 1
========================================================================
Received Import Request.
  Time since last request: 0.000049 seconds.
  path: Assets/NatureManufacture Assets/Advanced Foliage Pack/Demo/HD RP Demo with Unity Grass.unity
  artifactKey: Guid(5e705a999048bec42b3c8b587bfa87f6) Importer(2089858483,0ecaa5967403d082aa24f35e1b516d23)
Start importing Assets/NatureManufacture Assets/Advanced Foliage Pack/Demo/HD RP Demo with Unity Grass.unity using Guid(5e705a999048bec42b3c8b587bfa87f6) Importer(2089858483,0ecaa5967403d082aa24f35e1b516d23) [PhysX] Initialized MultithreadedTaskDispatcher with 16 workers.
 -> (artifact id: '9e49d4b98b0a60a7209dd111105ebfc2') in 0.030114 seconds
Number of updated asset objects reloaded before import = 0
Number of asset objects unloaded after import = 1
========================================================================
Received Import Request.
  Time since last request: 0.000053 seconds.
  path: Assets/NatureManufacture Assets/Coast Environment/Ground/Textures/T_cliff_clay_03_N.png
  artifactKey: Guid(f40c800f07786c343bd8c7258125b8e8) Importer(2089858483,0ecaa5967403d082aa24f35e1b516d23)
Start importing Assets/NatureManufacture Assets/Coast Environment/Ground/Textures/T_cliff_clay_03_N.png using Guid(f40c800f07786c343bd8c7258125b8e8) Importer(2089858483,0ecaa5967403d082aa24f35e1b516d23) [PhysX] Initialized MultithreadedTaskDispatcher with 16 workers.
 -> (artifact id: 'f05479aa21a4025f346caad961db952d') in 0.089953 seconds
Number of updated asset objects reloaded before import = 0
Number of asset objects unloaded after import = 1
========================================================================
Received Import Request.
  Time since last request: 0.000047 seconds.
  path: Assets/NatureManufacture Assets/Coast Environment/Details/Meshes/shells_01_A.fbx
  artifactKey: Guid(6243368ea1bccd049af1c368072c439e) Importer(2089858483,0ecaa5967403d082aa24f35e1b516d23)
Start importing Assets/NatureManufacture Assets/Coast Environment/Details/Meshes/shells_01_A.fbx using Guid(6243368ea1bccd049af1c368072c439e) Importer(2089858483,0ecaa5967403d082aa24f35e1b516d23) [PhysX] Initialized MultithreadedTaskDispatcher with 16 workers.
 -> (artifact id: '814dc16d9576abd7874e1e304cdefbba') in 0.092322 seconds
Number of updated asset objects reloaded before import = 0
Number of asset objects unloaded after import = 7
========================================================================
Received Import Request.
  Time since last request: 0.000081 seconds.
  path: Assets/NatureManufacture Assets/Coast & Dunes Environment Trial/Materials
  artifactKey: Guid(70e1c3549d74a734987a8af84b3e3f2f) Importer(2089858483,0ecaa5967403d082aa24f35e1b516d23)
Start importing Assets/NatureManufacture Assets/Coast & Dunes Environment Trial/Materials using Guid(70e1c3549d74a734987a8af84b3e3f2f) Importer(2089858483,0ecaa5967403d082aa24f35e1b516d23) [PhysX] Initialized MultithreadedTaskDispatcher with 16 workers.
 -> (artifact id: 'd96443b560e0ad5b333ce75ef2c750a8') in 0.025881 seconds
Number of updated asset objects reloaded before import = 0
Number of asset objects unloaded after import = 1
========================================================================
Received Import Request.
  Time since last request: 0.000061 seconds.
  path: Assets/NatureManufacture Assets/Coast Environment/Wooden Fence/Models/wooden_fence_pole_A.fbx
  artifactKey: Guid(4a5d11987a271b04ab8cb551844e67b1) Importer(2089858483,0ecaa5967403d082aa24f35e1b516d23)
Start importing Assets/NatureManufacture Assets/Coast Environment/Wooden Fence/Models/wooden_fence_pole_A.fbx using Guid(4a5d11987a271b04ab8cb551844e67b1) Importer(2089858483,0ecaa5967403d082aa24f35e1b516d23) [PhysX] Initialized MultithreadedTaskDispatcher with 16 workers.
 -> (artifact id: 'da3f3c556021d18e33f9d9f93d2f4067') in 0.061846 seconds
Number of updated asset objects reloaded before import = 0
Number of asset objects unloaded after import = 20
========================================================================
Received Import Request.
  Time since last request: 0.000048 seconds.
  path: Assets/NatureManufacture Assets/Advanced Foliage Pack/Trunks/Prefabs/Prefab_trunk_02.prefab
  artifactKey: Guid(66a70fd43d0eae0469933a1ed2328ddb) Importer(2089858483,0ecaa5967403d082aa24f35e1b516d23)
Start importing Assets/NatureManufacture Assets/Advanced Foliage Pack/Trunks/Prefabs/Prefab_trunk_02.prefab using Guid(66a70fd43d0eae0469933a1ed2328ddb) Importer(2089858483,0ecaa5967403d082aa24f35e1b516d23) [PhysX] Initialized MultithreadedTaskDispatcher with 16 workers.
 -> (artifact id: 'f527e7e83f98a880b0c0a151ccfd527e') in 0.062062 seconds
Number of updated asset objects reloaded before import = 0
Number of asset objects unloaded after import = 26
========================================================================
Received Import Request.
  Time since last request: 0.000073 seconds.
  path: Assets/NatureManufacture Assets/Coast Environment/Cliffs/Prefabs Layered Grass Clay
  artifactKey: Guid(d202b37a9d5777245bf4ac54284fbc07) Importer(2089858483,0ecaa5967403d082aa24f35e1b516d23)
Start importing Assets/NatureManufacture Assets/Coast Environment/Cliffs/Prefabs Layered Grass Clay using Guid(d202b37a9d5777245bf4ac54284fbc07) Importer(2089858483,0ecaa5967403d082aa24f35e1b516d23) [PhysX] Initialized MultithreadedTaskDispatcher with 16 workers.
 -> (artifact id: '374360242fbf506474d0240329b6d302') in 0.028404 seconds
Number of updated asset objects reloaded before import = 0
Number of asset objects unloaded after import = 1
========================================================================
Received Import Request.
  Time since last request: 0.000038 seconds.
  path: Assets/NatureManufacture Assets/Spline System/Scripts/Triangulation/TriangleDotNet/Triangle/IO/FileProcessor.cs
  artifactKey: Guid(bd2bf02f8df7b0f4ca0b79d41256c169) Importer(2089858483,0ecaa5967403d082aa24f35e1b516d23)
Start importing Assets/NatureManufacture Assets/Spline System/Scripts/Triangulation/TriangleDotNet/Triangle/IO/FileProcessor.cs using Guid(bd2bf02f8df7b0f4ca0b79d41256c169) Importer(2089858483,0ecaa5967403d082aa24f35e1b516d23) [PhysX] Initialized MultithreadedTaskDispatcher with 16 workers.
 -> (artifact id: 'cde2de00752fb8723a09390ba5f21c17') in 0.027479 seconds
Number of updated asset objects reloaded before import = 0
Number of asset objects unloaded after import = 1
========================================================================
Received Import Request.
  Time since last request: 0.000062 seconds.
  path: Assets/NatureManufacture Assets/River Auto Material 3/Water/Materials Mobile/M_R3_Swamp_River_Mobile.mat
  artifactKey: Guid(7dcd5a2dcda62b548bb754cd0478a7d4) Importer(2089858483,0ecaa5967403d082aa24f35e1b516d23)
Start importing Assets/NatureManufacture Assets/River Auto Material 3/Water/Materials Mobile/M_R3_Swamp_River_Mobile.mat using Guid(7dcd5a2dcda62b548bb754cd0478a7d4) Importer(2089858483,0ecaa5967403d082aa24f35e1b516d23) [PhysX] Initialized MultithreadedTaskDispatcher with 16 workers.
 -> (artifact id: '7b96ce5a9df1f5d17c1bc735b196ec3a') in 0.132478 seconds
Number of updated asset objects reloaded before import = 0
Number of asset objects unloaded after import = 12
========================================================================
Received Import Request.
  Time since last request: 0.000048 seconds.
  path: Assets/NatureManufacture Assets/Coast Environment/Ground/Ground Layers/Terrain_Layer_Sand_08.terrainlayer
  artifactKey: Guid(b483d13cc434a9e41a3f9e36f8a76f0a) Importer(2089858483,0ecaa5967403d082aa24f35e1b516d23)
Start importing Assets/NatureManufacture Assets/Coast Environment/Ground/Ground Layers/Terrain_Layer_Sand_08.terrainlayer using Guid(b483d13cc434a9e41a3f9e36f8a76f0a) Importer(2089858483,0ecaa5967403d082aa24f35e1b516d23) [PhysX] Initialized MultithreadedTaskDispatcher with 16 workers.
 -> (artifact id: '5ad8b5244977b8dca2b2b30611128992') in 0.053545 seconds
Number of updated asset objects reloaded before import = 0
Number of asset objects unloaded after import = 4
========================================================================
Received Import Request.
  Time since last request: 0.000046 seconds.
  path: Assets/NatureManufacture Assets/River Auto Material 3/Decals/T_Decal_Wet_02_AO_H_SM.tga
  artifactKey: Guid(716cf134542669f43882e1b571a24feb) Importer(2089858483,0ecaa5967403d082aa24f35e1b516d23)
Start importing Assets/NatureManufacture Assets/River Auto Material 3/Decals/T_Decal_Wet_02_AO_H_SM.tga using Guid(716cf134542669f43882e1b571a24feb) Importer(2089858483,0ecaa5967403d082aa24f35e1b516d23) [PhysX] Initialized MultithreadedTaskDispatcher with 16 workers.
 -> (artifact id: 'd08ac5715efd075de5940e23247bb047') in 0.129960 seconds
Number of updated asset objects reloaded before import = 0
Number of asset objects unloaded after import = 1
========================================================================
Received Import Request.
  Time since last request: 0.000041 seconds.
  path: Assets/NatureManufacture Assets/Coast Environment/Pine Trees/Materials/M_pine_beach_03_A_Cross.mat
  artifactKey: Guid(46300604a23d0774dac4d8df6ba93d11) Importer(2089858483,0ecaa5967403d082aa24f35e1b516d23)
Start importing Assets/NatureManufacture Assets/Coast Environment/Pine Trees/Materials/M_pine_beach_03_A_Cross.mat using Guid(46300604a23d0774dac4d8df6ba93d11) Importer(2089858483,0ecaa5967403d082aa24f35e1b516d23) [PhysX] Initialized MultithreadedTaskDispatcher with 16 workers.
 -> (artifact id: '711cc2dd5a890811867e34fde2f8abab') in 0.054553 seconds
Number of updated asset objects reloaded before import = 0
Number of asset objects unloaded after import = 4
========================================================================
Received Import Request.
  Time since last request: 0.000200 seconds.
  path: Assets/NatureManufacture Assets/Coast Environment/Pine Trees/Materials/M_pine_beach_02_A_Cross.mat
  artifactKey: Guid(dcd3cbed29a49c046bd469e718a4b476) Importer(2089858483,0ecaa5967403d082aa24f35e1b516d23)
Start importing Assets/NatureManufacture Assets/Coast Environment/Pine Trees/Materials/M_pine_beach_02_A_Cross.mat using Guid(dcd3cbed29a49c046bd469e718a4b476) Importer(2089858483,0ecaa5967403d082aa24f35e1b516d23) [PhysX] Initialized MultithreadedTaskDispatcher with 16 workers.
 -> (artifact id: '8937e13c39cffc73e00d43b8b56c07f4') in 0.048631 seconds
Number of updated asset objects reloaded before import = 0
Number of asset objects unloaded after import = 4
========================================================================
Received Import Request.
  Time since last request: 0.000062 seconds.
  path: Assets/NatureManufacture Assets/Coast Environment/Pine Trees/Textures/T_pine_beach_01_B_BC.png
  artifactKey: Guid(524a2e72e5748fc48aefc5aab7befbcc) Importer(2089858483,0ecaa5967403d082aa24f35e1b516d23)
Start importing Assets/NatureManufacture Assets/Coast Environment/Pine Trees/Textures/T_pine_beach_01_B_BC.png using Guid(524a2e72e5748fc48aefc5aab7befbcc) Importer(2089858483,0ecaa5967403d082aa24f35e1b516d23) [PhysX] Initialized MultithreadedTaskDispatcher with 16 workers.
 -> (artifact id: 'da8ca8b5a54290d091f49c8ce7d85606') in 0.068025 seconds
Number of updated asset objects reloaded before import = 0
Number of asset objects unloaded after import = 1
========================================================================
Received Import Request.
  Time since last request: 0.000057 seconds.
  path: Assets/NatureManufacture Assets/Coast Environment/Cliffs/Models/beach_escarpment_01_C.fbx
  artifactKey: Guid(bc98fa4c54151e2409a2ad23e5d6b0f4) Importer(2089858483,0ecaa5967403d082aa24f35e1b516d23)
Start importing Assets/NatureManufacture Assets/Coast Environment/Cliffs/Models/beach_escarpment_01_C.fbx using Guid(bc98fa4c54151e2409a2ad23e5d6b0f4) Importer(2089858483,0ecaa5967403d082aa24f35e1b516d23) [PhysX] Initialized MultithreadedTaskDispatcher with 16 workers.
 -> (artifact id: 'e2d07c4c6929834e96844b6e4dba2501') in 0.078227 seconds
Number of updated asset objects reloaded before import = 0
Number of asset objects unloaded after import = 25
========================================================================
Received Import Request.
  Time since last request: 0.000077 seconds.
  path: Assets/NatureManufacture Assets/Coast Environment/Foliage and Grass/Unity Terrain Prefabs/Prefab_petasites_spurius_02_Unity_Terrain.prefab
  artifactKey: Guid(eb2cbe79606470f479bc39481ea2a8ff) Importer(2089858483,0ecaa5967403d082aa24f35e1b516d23)
Start importing Assets/NatureManufacture Assets/Coast Environment/Foliage and Grass/Unity Terrain Prefabs/Prefab_petasites_spurius_02_Unity_Terrain.prefab using Guid(eb2cbe79606470f479bc39481ea2a8ff) Importer(2089858483,0ecaa5967403d082aa24f35e1b516d23) [PhysX] Initialized MultithreadedTaskDispatcher with 16 workers.
 -> (artifact id: '2e0e6cc0b4564778c69922126a465602') in 0.034832 seconds
Number of updated asset objects reloaded before import = 0
Number of asset objects unloaded after import = 7
========================================================================
Received Import Request.
  Time since last request: 0.000055 seconds.
  path: Assets/NatureManufacture Assets/Coast Environment/Ground/Textures/T_ground_sand_15_a_N.png
  artifactKey: Guid(56f19fdbbe6fa5a4c95263fffad283ec) Importer(2089858483,0ecaa5967403d082aa24f35e1b516d23)
Start importing Assets/NatureManufacture Assets/Coast Environment/Ground/Textures/T_ground_sand_15_a_N.png using Guid(56f19fdbbe6fa5a4c95263fffad283ec) Importer(2089858483,0ecaa5967403d082aa24f35e1b516d23) [PhysX] Initialized MultithreadedTaskDispatcher with 16 workers.
 -> (artifact id: '096fb5b7202ec1da77e5d8808988c731') in 0.052556 seconds
Number of updated asset objects reloaded before import = 0
Number of asset objects unloaded after import = 1
========================================================================
Received Import Request.
  Time since last request: 0.000070 seconds.
  path: Assets/NatureManufacture Assets/Spline System/Scripts/Triangulation/TriangleDotNet/Triangle/Triangle.csproj
  artifactKey: Guid(8413a72ac53b3f547b2ce7dda6bd41d4) Importer(2089858483,0ecaa5967403d082aa24f35e1b516d23)
Start importing Assets/NatureManufacture Assets/Spline System/Scripts/Triangulation/TriangleDotNet/Triangle/Triangle.csproj using Guid(8413a72ac53b3f547b2ce7dda6bd41d4) Importer(2089858483,0ecaa5967403d082aa24f35e1b516d23) [PhysX] Initialized MultithreadedTaskDispatcher with 16 workers.
 -> (artifact id: '30355bf56046e1f8fdee2c020d434a79') in 0.022214 seconds
Number of updated asset objects reloaded before import = 0
Number of asset objects unloaded after import = 1
========================================================================
Received Import Request.
  Time since last request: 0.000052 seconds.
  path: Assets/NatureManufacture Assets/Coast Environment/Foliage and Grass/Unity Terrain Prefabs/Prefab_beach_rose_04_Unity_Terrain.prefab
  artifactKey: Guid(d30bea3565ef245449932ea0a52a9fe4) Importer(2089858483,0ecaa5967403d082aa24f35e1b516d23)
Start importing Assets/NatureManufacture Assets/Coast Environment/Foliage and Grass/Unity Terrain Prefabs/Prefab_beach_rose_04_Unity_Terrain.prefab using Guid(d30bea3565ef245449932ea0a52a9fe4) Importer(2089858483,0ecaa5967403d082aa24f35e1b516d23) [PhysX] Initialized MultithreadedTaskDispatcher with 16 workers.
 -> (artifact id: 'f6473406dfd05da13cc2451f4e90d032') in 0.032306 seconds
Number of updated asset objects reloaded before import = 0
Number of asset objects unloaded after import = 7
========================================================================
Received Import Request.
  Time since last request: 0.000039 seconds.
  path: Assets/NatureManufacture Assets/Coast Environment/Cliffs/Prefabs Sand 2/Prefab_beach_escarpment_01_B_Sand_2.prefab
  artifactKey: Guid(94d5392a4c116434fa49af5d6e4a0119) Importer(2089858483,0ecaa5967403d082aa24f35e1b516d23)
Start importing Assets/NatureManufacture Assets/Coast Environment/Cliffs/Prefabs Sand 2/Prefab_beach_escarpment_01_B_Sand_2.prefab using Guid(94d5392a4c116434fa49af5d6e4a0119) Importer(2089858483,0ecaa5967403d082aa24f35e1b516d23) [PhysX] Initialized MultithreadedTaskDispatcher with 16 workers.
 -> (artifact id: '73e7d3a741cd154fcb280b925a49be5d') in 0.025444 seconds
Number of updated asset objects reloaded before import = 0
Number of asset objects unloaded after import = 26
========================================================================
Received Import Request.
  Time since last request: 0.000035 seconds.
  path: Assets/NatureManufacture Assets/Coast Environment/Ground/Textures/T_ground_sand_02_BC.png
  artifactKey: Guid(8a7b27ef2282c004cac18f199c17656d) Importer(2089858483,0ecaa5967403d082aa24f35e1b516d23)
Start importing Assets/NatureManufacture Assets/Coast Environment/Ground/Textures/T_ground_sand_02_BC.png using Guid(8a7b27ef2282c004cac18f199c17656d) Importer(2089858483,0ecaa5967403d082aa24f35e1b516d23) [PhysX] Initialized MultithreadedTaskDispatcher with 16 workers.
 -> (artifact id: 'ba345f9d940e21b02a8a82ab4ca300f6') in 0.048566 seconds
Number of updated asset objects reloaded before import = 0
Number of asset objects unloaded after import = 1
========================================================================
Received Import Request.
  Time since last request: 0.000051 seconds.
  path: Assets/NatureManufacture Assets/Coast Environment/Pine Trees/Materials/M_pine_beach_medium_03_Cross.mat
  artifactKey: Guid(3ae4ced744064f047baec7727d700770) Importer(2089858483,0ecaa5967403d082aa24f35e1b516d23)
Start importing Assets/NatureManufacture Assets/Coast Environment/Pine Trees/Materials/M_pine_beach_medium_03_Cross.mat using Guid(3ae4ced744064f047baec7727d700770) Importer(2089858483,0ecaa5967403d082aa24f35e1b516d23) [PhysX] Initialized MultithreadedTaskDispatcher with 16 workers.
 -> (artifact id: '4a8ff2e67bd3a679f6cdb02e721d12d9') in 0.049591 seconds
Number of updated asset objects reloaded before import = 0
Number of asset objects unloaded after import = 4
========================================================================
Received Import Request.
  Time since last request: 0.000075 seconds.
  path: Assets/NatureManufacture Assets/Coast Environment/Wooden Pales/Prefabs/Prefab_wooden_pales_1_02.prefab
  artifactKey: Guid(55da1e590717a184c847b61de951898a) Importer(2089858483,0ecaa5967403d082aa24f35e1b516d23)
Start importing Assets/NatureManufacture Assets/Coast Environment/Wooden Pales/Prefabs/Prefab_wooden_pales_1_02.prefab using Guid(55da1e590717a184c847b61de951898a) Importer(2089858483,0ecaa5967403d082aa24f35e1b516d23) [PhysX] Initialized MultithreadedTaskDispatcher with 16 workers.
 -> (artifact id: '337d352356eb319c61921af910730584') in 0.030459 seconds
Number of updated asset objects reloaded before import = 0
Number of asset objects unloaded after import = 26
========================================================================
Received Import Request.
  Time since last request: 0.000038 seconds.
  path: Assets/NatureManufacture Assets/Coast Environment/Ground/Textures/T_ground_sand_12_BC.png
  artifactKey: Guid(5d1819e353bd4894cba85295686e6b16) Importer(2089858483,0ecaa5967403d082aa24f35e1b516d23)
Start importing Assets/NatureManufacture Assets/Coast Environment/Ground/Textures/T_ground_sand_12_BC.png using Guid(5d1819e353bd4894cba85295686e6b16) Importer(2089858483,0ecaa5967403d082aa24f35e1b516d23) [PhysX] Initialized MultithreadedTaskDispatcher with 16 workers.
 -> (artifact id: '72a94fbb0ec5e914577ec4a77e0baea8') in 0.047726 seconds
Number of updated asset objects reloaded before import = 0
Number of asset objects unloaded after import = 1
========================================================================
Received Import Request.
  Time since last request: 0.000057 seconds.
  path: Assets/NatureManufacture Assets/Coast Environment/Wooden Fence/Models/wooden_fence_D.fbx
  artifactKey: Guid(ccdc5442caca1144bb08b748aa4c423c) Importer(2089858483,0ecaa5967403d082aa24f35e1b516d23)
Start importing Assets/NatureManufacture Assets/Coast Environment/Wooden Fence/Models/wooden_fence_D.fbx using Guid(ccdc5442caca1144bb08b748aa4c423c) Importer(2089858483,0ecaa5967403d082aa24f35e1b516d23) [PhysX] Initialized MultithreadedTaskDispatcher with 16 workers.
 -> (artifact id: 'ccf401e410102a6cd0bcf43a53be843d') in 0.052253 seconds
Number of updated asset objects reloaded before import = 0
Number of asset objects unloaded after import = 20
========================================================================
Received Import Request.
  Time since last request: 0.000152 seconds.
  path: Assets/NatureManufacture Assets/Coast Environment/Foliage and Grass/Prefabs/Prefab_beach_grass_03_2.prefab
  artifactKey: Guid(2ad80c4d4a086a64ba59a90ca7740d91) Importer(2089858483,0ecaa5967403d082aa24f35e1b516d23)
Start importing Assets/NatureManufacture Assets/Coast Environment/Foliage and Grass/Prefabs/Prefab_beach_grass_03_2.prefab using Guid(2ad80c4d4a086a64ba59a90ca7740d91) Importer(2089858483,0ecaa5967403d082aa24f35e1b516d23) [PhysX] Initialized MultithreadedTaskDispatcher with 16 workers.
 -> (artifact id: 'a556ecdfeb059ba1c485e7f07bf55363') in 0.034165 seconds
Number of updated asset objects reloaded before import = 0
Number of asset objects unloaded after import = 8
========================================================================
Received Import Request.
  Time since last request: 0.000052 seconds.
  path: Assets/NatureManufacture Assets/Coast Environment/Ground/Textures/T_ground_sand_02_AO_H_SM.png
  artifactKey: Guid(4fd83c7b4f47f95429b46eaaa949efc6) Importer(2089858483,0ecaa5967403d082aa24f35e1b516d23)
Start importing Assets/NatureManufacture Assets/Coast Environment/Ground/Textures/T_ground_sand_02_AO_H_SM.png using Guid(4fd83c7b4f47f95429b46eaaa949efc6) Importer(2089858483,0ecaa5967403d082aa24f35e1b516d23) [PhysX] Initialized MultithreadedTaskDispatcher with 16 workers.
 -> (artifact id: '74f3cf0a030d09c606028751ba14f90d') in 0.056080 seconds
Number of updated asset objects reloaded before import = 0
Number of asset objects unloaded after import = 1
========================================================================
Received Import Request.
  Time since last request: 0.000044 seconds.
  path: Assets/NatureManufacture Assets/Coast Environment/Wooden Pales/Meshes/wooden_pales_3_02.fbx
  artifactKey: Guid(0c3415f1bbf971244a1c2b6a53362764) Importer(2089858483,0ecaa5967403d082aa24f35e1b516d23)
Start importing Assets/NatureManufacture Assets/Coast Environment/Wooden Pales/Meshes/wooden_pales_3_02.fbx using Guid(0c3415f1bbf971244a1c2b6a53362764) Importer(2089858483,0ecaa5967403d082aa24f35e1b516d23) [PhysX] Initialized MultithreadedTaskDispatcher with 16 workers.
 -> (artifact id: 'd6485a80dc08571de81d59afccd49f0f') in 0.057440 seconds
Number of updated asset objects reloaded before import = 0
Number of asset objects unloaded after import = 25
========================================================================
Received Import Request.
  Time since last request: 0.000059 seconds.
  path: Assets/NatureManufacture Assets/Coast Environment/Bushes/Prefabs/Prefab_beach_rose_01_flowers_white.prefab
  artifactKey: Guid(2502b792a7cf682428a4d080be8ffcaa) Importer(2089858483,0ecaa5967403d082aa24f35e1b516d23)
Start importing Assets/NatureManufacture Assets/Coast Environment/Bushes/Prefabs/Prefab_beach_rose_01_flowers_white.prefab using Guid(2502b792a7cf682428a4d080be8ffcaa) Importer(2089858483,0ecaa5967403d082aa24f35e1b516d23) [PhysX] Initialized MultithreadedTaskDispatcher with 16 workers.
 -> (artifact id: '2abc1130316a7159b719901e4bfad5f7') in 0.032176 seconds
Number of updated asset objects reloaded before import = 0
Number of asset objects unloaded after import = 25
========================================================================
Received Import Request.
  Time since last request: 0.000037 seconds.
  path: Assets/NatureManufacture Assets/Coast Environment/Decals/Prefabs/Prefab_Decal_Wet.prefab
  artifactKey: Guid(8324fc758301b5e49a6e42b963269778) Importer(2089858483,0ecaa5967403d082aa24f35e1b516d23)
Start importing Assets/NatureManufacture Assets/Coast Environment/Decals/Prefabs/Prefab_Decal_Wet.prefab using Guid(8324fc758301b5e49a6e42b963269778) Importer(2089858483,0ecaa5967403d082aa24f35e1b516d23) [PhysX] Initialized MultithreadedTaskDispatcher with 16 workers.
 -> (artifact id: '258f7129d1840c1c00c0537f11a76aba') in 0.041790 seconds
Number of updated asset objects reloaded before import = 0
Number of asset objects unloaded after import = 6
========================================================================
Received Import Request.
  Time since last request: 0.000055 seconds.
  path: Assets/NatureManufacture Assets/Coast Environment/Cliffs
  artifactKey: Guid(86a949835f04ffa4e9e0e91eb6c4e079) Importer(2089858483,0ecaa5967403d082aa24f35e1b516d23)
Start importing Assets/NatureManufacture Assets/Coast Environment/Cliffs using Guid(86a949835f04ffa4e9e0e91eb6c4e079) Importer(2089858483,0ecaa5967403d082aa24f35e1b516d23) [PhysX] Initialized MultithreadedTaskDispatcher with 16 workers.
 -> (artifact id: 'd76b56fdfd3e4745635c42183839289e') in 0.023658 seconds
Number of updated asset objects reloaded before import = 0
Number of asset objects unloaded after import = 1
========================================================================
Received Import Request.
  Time since last request: 0.000077 seconds.
  path: Assets/NatureManufacture Assets/Coast Environment/Oak Trees/Textures/T_dry_oak_branches_01_AO_SM.png
  artifactKey: Guid(1d27cc0174e645240a685d59389f8da8) Importer(2089858483,0ecaa5967403d082aa24f35e1b516d23)
Start importing Assets/NatureManufacture Assets/Coast Environment/Oak Trees/Textures/T_dry_oak_branches_01_AO_SM.png using Guid(1d27cc0174e645240a685d59389f8da8) Importer(2089858483,0ecaa5967403d082aa24f35e1b516d23) [PhysX] Initialized MultithreadedTaskDispatcher with 16 workers.
 -> (artifact id: 'b0ad9a352822b695a918ae3c56e8fee7') in 0.059717 seconds
Number of updated asset objects reloaded before import = 0
Number of asset objects unloaded after import = 1
========================================================================
Received Import Request.
  Time since last request: 0.000038 seconds.
  path: Assets/NatureManufacture Assets/Coast Environment/Demo Scene/Coast Overview/Lightmap-0_comp_dir.png
  artifactKey: Guid(2c12d2ba5ef095a4abc54b7eda68a276) Importer(2089858483,0ecaa5967403d082aa24f35e1b516d23)
Start importing Assets/NatureManufacture Assets/Coast Environment/Demo Scene/Coast Overview/Lightmap-0_comp_dir.png using Guid(2c12d2ba5ef095a4abc54b7eda68a276) Importer(2089858483,0ecaa5967403d082aa24f35e1b516d23) [PhysX] Initialized MultithreadedTaskDispatcher with 16 workers.
 -> (artifact id: '3903eaca58c6b98633bb5efc6ca828ae') in 0.057191 seconds
Number of updated asset objects reloaded before import = 0
Number of asset objects unloaded after import = 1
========================================================================
Received Import Request.
  Time since last request: 0.000037 seconds.
  path: Assets/NatureManufacture Assets/Coast Environment/Pine Trees/Materials/M_Pine_beach_01_02_m1.mat
  artifactKey: Guid(34e67480af6d5f546b04a18dfcebe81f) Importer(2089858483,0ecaa5967403d082aa24f35e1b516d23)
Start importing Assets/NatureManufacture Assets/Coast Environment/Pine Trees/Materials/M_Pine_beach_01_02_m1.mat using Guid(34e67480af6d5f546b04a18dfcebe81f) Importer(2089858483,0ecaa5967403d082aa24f35e1b516d23) [PhysX] Initialized MultithreadedTaskDispatcher with 16 workers.
 -> (artifact id: '1e362c6616f536c6fb1a86a2ba9bae47') in 0.654312 seconds
Number of updated asset objects reloaded before import = 0
Number of asset objects unloaded after import = 8
========================================================================
Received Import Request.
  Time since last request: 0.000084 seconds.
  path: Assets/NatureManufacture Assets/Coast Environment/Cliffs/Prefabs/Prefab_beach_cliff_02_B.prefab
  artifactKey: Guid(49f1e0870fe2a044086209f9e88ba0c4) Importer(2089858483,0ecaa5967403d082aa24f35e1b516d23)
Start importing Assets/NatureManufacture Assets/Coast Environment/Cliffs/Prefabs/Prefab_beach_cliff_02_B.prefab using Guid(49f1e0870fe2a044086209f9e88ba0c4) Importer(2089858483,0ecaa5967403d082aa24f35e1b516d23) [PhysX] Initialized MultithreadedTaskDispatcher with 16 workers.
 -> (artifact id: 'f5c3cad0e5b04db01f869e296b28de69') in 0.028703 seconds
Number of updated asset objects reloaded before import = 0
Number of asset objects unloaded after import = 26
========================================================================
Received Import Request.
  Time since last request: 0.000045 seconds.
  path: Assets/NatureManufacture Assets/Coast Environment/Pine Trees/Materials/M_pine_beach_short_01_Cross_No_Wind.mat
  artifactKey: Guid(ed155674705f4f747be9222f3850ef54) Importer(2089858483,0ecaa5967403d082aa24f35e1b516d23)
Start importing Assets/NatureManufacture Assets/Coast Environment/Pine Trees/Materials/M_pine_beach_short_01_Cross_No_Wind.mat using Guid(ed155674705f4f747be9222f3850ef54) Importer(2089858483,0ecaa5967403d082aa24f35e1b516d23) [PhysX] Initialized MultithreadedTaskDispatcher with 16 workers.
 -> (artifact id: '3ac7f90177054e364065326028af0d4f') in 0.065997 seconds
Number of updated asset objects reloaded before import = 0
Number of asset objects unloaded after import = 4
========================================================================
Received Import Request.
  Time since last request: 0.000041 seconds.
  path: Assets/NatureManufacture Assets/Coast Environment/Cliffs/Prefabs Layered Sand 2 Clay/Prefab_beach_escarpment_01_C_Sand_2_Clay.prefab
  artifactKey: Guid(18386ad5c7f8c8b488872c10ab0f2af1) Importer(2089858483,0ecaa5967403d082aa24f35e1b516d23)
Start importing Assets/NatureManufacture Assets/Coast Environment/Cliffs/Prefabs Layered Sand 2 Clay/Prefab_beach_escarpment_01_C_Sand_2_Clay.prefab using Guid(18386ad5c7f8c8b488872c10ab0f2af1) Importer(2089858483,0ecaa5967403d082aa24f35e1b516d23) [PhysX] Initialized MultithreadedTaskDispatcher with 16 workers.
 -> (artifact id: 'b2665d5374b2dc9cbb2d50253459ced0') in 0.024546 seconds
Number of updated asset objects reloaded before import = 0
Number of asset objects unloaded after import = 26
========================================================================
Received Import Request.
  Time since last request: 0.000073 seconds.
  path: Assets/NatureManufacture Assets/Coast Environment/Cliffs/Prefabs Grass 1/Prefab_beach_escarpment_02_A_Grass_1.prefab
  artifactKey: Guid(7710f361d64c61f4c9141119f7662660) Importer(2089858483,0ecaa5967403d082aa24f35e1b516d23)
Start importing Assets/NatureManufacture Assets/Coast Environment/Cliffs/Prefabs Grass 1/Prefab_beach_escarpment_02_A_Grass_1.prefab using Guid(7710f361d64c61f4c9141119f7662660) Importer(2089858483,0ecaa5967403d082aa24f35e1b516d23) [PhysX] Initialized MultithreadedTaskDispatcher with 16 workers.
 -> (artifact id: '66a1e1c057fd30c56046157370211e8d') in 0.025399 seconds
Number of updated asset objects reloaded before import = 0
Number of asset objects unloaded after import = 26
========================================================================
Received Import Request.
  Time since last request: 0.000035 seconds.
  path: Assets/NatureManufacture Assets/Coast Environment/Ground/Materials/T_cliff_sand_02.mat
  artifactKey: Guid(a0b8f8d7a5b457a43b4cd44c73365c11) Importer(2089858483,0ecaa5967403d082aa24f35e1b516d23)
Start importing Assets/NatureManufacture Assets/Coast Environment/Ground/Materials/T_cliff_sand_02.mat using Guid(a0b8f8d7a5b457a43b4cd44c73365c11) Importer(2089858483,0ecaa5967403d082aa24f35e1b516d23) [PhysX] Initialized MultithreadedTaskDispatcher with 16 workers.
 -> (artifact id: 'e6e99de4aae99e581bc538b1118300e1') in 0.054151 seconds
Number of updated asset objects reloaded before import = 0
Number of asset objects unloaded after import = 5
========================================================================
Received Import Request.
  Time since last request: 0.000097 seconds.
  path: Assets/NatureManufacture Assets/Coast Environment/Ground/Textures/T_ground_sand_12_AO_H_SM.png
  artifactKey: Guid(4f954952d5037694e9d52737cdc29946) Importer(2089858483,0ecaa5967403d082aa24f35e1b516d23)
Start importing Assets/NatureManufacture Assets/Coast Environment/Ground/Textures/T_ground_sand_12_AO_H_SM.png using Guid(4f954952d5037694e9d52737cdc29946) Importer(2089858483,0ecaa5967403d082aa24f35e1b516d23) [PhysX] Initialized MultithreadedTaskDispatcher with 16 workers.
 -> (artifact id: '663c32d60c2bfc46f90d4810414d1900') in 0.059390 seconds
Number of updated asset objects reloaded before import = 0
Number of asset objects unloaded after import = 1
========================================================================
Received Import Request.
  Time since last request: 0.000046 seconds.
  path: Assets/NatureManufacture Assets/Spline System/Scripts/Editor/Terrain/TerrainNoiseParametersDrawer.cs
  artifactKey: Guid(1f4aac705bf778d4083ec322163070a2) Importer(2089858483,0ecaa5967403d082aa24f35e1b516d23)
Start importing Assets/NatureManufacture Assets/Spline System/Scripts/Editor/Terrain/TerrainNoiseParametersDrawer.cs using Guid(1f4aac705bf778d4083ec322163070a2) Importer(2089858483,0ecaa5967403d082aa24f35e1b516d23) [PhysX] Initialized MultithreadedTaskDispatcher with 16 workers.
 -> (artifact id: 'be0e60a3d97cc3af25d021c7e9b9d4cd') in 0.021440 seconds
Number of updated asset objects reloaded before import = 0
Number of asset objects unloaded after import = 1
========================================================================
Received Import Request.
  Time since last request: 0.000045 seconds.
  path: Assets/NatureManufacture Assets/Coast Environment/Foliage and Grass/Materials/M_beach_grass_02_dry.mat
  artifactKey: Guid(a64d9d0bb309de94cb481d0481e74018) Importer(2089858483,0ecaa5967403d082aa24f35e1b516d23)
Start importing Assets/NatureManufacture Assets/Coast Environment/Foliage and Grass/Materials/M_beach_grass_02_dry.mat using Guid(a64d9d0bb309de94cb481d0481e74018) Importer(2089858483,0ecaa5967403d082aa24f35e1b516d23) [PhysX] Initialized MultithreadedTaskDispatcher with 16 workers.
 -> (artifact id: '977e9cfd191f437f7018f99ef5ff25ba') in 0.081865 seconds
Number of updated asset objects reloaded before import = 0
Number of asset objects unloaded after import = 5
========================================================================
Received Import Request.
  Time since last request: 0.000069 seconds.
  path: Assets/NatureManufacture Assets/Coast Environment/Oak Trees/Textures/T_dry_oak_01_E_N.png
  artifactKey: Guid(071bcd0ad893225469b37f5afc3094f7) Importer(2089858483,0ecaa5967403d082aa24f35e1b516d23)
Start importing Assets/NatureManufacture Assets/Coast Environment/Oak Trees/Textures/T_dry_oak_01_E_N.png using Guid(071bcd0ad893225469b37f5afc3094f7) Importer(2089858483,0ecaa5967403d082aa24f35e1b516d23) [PhysX] Initialized MultithreadedTaskDispatcher with 16 workers.
 -> (artifact id: '54a4a2ae3eff2725b0d4c0bb40ee66ff') in 0.043035 seconds
Number of updated asset objects reloaded before import = 0
Number of asset objects unloaded after import = 1
========================================================================
Received Import Request.
  Time since last request: 0.000049 seconds.
  path: Assets/NatureManufacture Assets/Coast Environment/Foliage and Grass/Unity Terrain Prefabs/Prefab_beach_grass_03_2_Unity_Terrain.prefab
  artifactKey: Guid(42c6dad000d341f4bbd4c21f5c58f445) Importer(2089858483,0ecaa5967403d082aa24f35e1b516d23)
Start importing Assets/NatureManufacture Assets/Coast Environment/Foliage and Grass/Unity Terrain Prefabs/Prefab_beach_grass_03_2_Unity_Terrain.prefab using Guid(42c6dad000d341f4bbd4c21f5c58f445) Importer(2089858483,0ecaa5967403d082aa24f35e1b516d23) [PhysX] Initialized MultithreadedTaskDispatcher with 16 workers.
 -> (artifact id: 'dcde16ea9c773c7a51263fad5dcf8e0f') in 0.033413 seconds
Number of updated asset objects reloaded before import = 0
Number of asset objects unloaded after import = 7
========================================================================
Received Import Request.
  Time since last request: 0.000034 seconds.
  path: Assets/NatureManufacture Assets/Coast Environment/Ground/Textures/T_ground_sand_03_AO_H_SM.png
  artifactKey: Guid(bd620a0b83e4793438d7b7e1b15ca6dc) Importer(2089858483,0ecaa5967403d082aa24f35e1b516d23)
Start importing Assets/NatureManufacture Assets/Coast Environment/Ground/Textures/T_ground_sand_03_AO_H_SM.png using Guid(bd620a0b83e4793438d7b7e1b15ca6dc) Importer(2089858483,0ecaa5967403d082aa24f35e1b516d23) [PhysX] Initialized MultithreadedTaskDispatcher with 16 workers.
 -> (artifact id: 'a04afbae4ffad347f25de15af0176cd8') in 0.046473 seconds
Number of updated asset objects reloaded before import = 0
Number of asset objects unloaded after import = 1
========================================================================
Received Import Request.
  Time since last request: 0.000051 seconds.
  path: Assets/NatureManufacture Assets/Coast Environment/Cliffs/Prefabs/Prefab_beach_escarpment_02_D.prefab
  artifactKey: Guid(6bad58bfde77fa642ba28d4738c00d41) Importer(2089858483,0ecaa5967403d082aa24f35e1b516d23)
Start importing Assets/NatureManufacture Assets/Coast Environment/Cliffs/Prefabs/Prefab_beach_escarpment_02_D.prefab using Guid(6bad58bfde77fa642ba28d4738c00d41) Importer(2089858483,0ecaa5967403d082aa24f35e1b516d23) [PhysX] Initialized MultithreadedTaskDispatcher with 16 workers.
 -> (artifact id: 'c3d2c3e9ccbc5d22958e5d642583e98d') in 0.031047 seconds
Number of updated asset objects reloaded before import = 0
Number of asset objects unloaded after import = 26
========================================================================
Received Import Request.
  Time since last request: 0.000049 seconds.
  path: Assets/NatureManufacture Assets/Coast Environment/VFX/Prefabs/Prefab_particle_sand_gust_horizontal.prefab
  artifactKey: Guid(d8b5c21bcfbc6bd45a6c6388a530fa6c) Importer(2089858483,0ecaa5967403d082aa24f35e1b516d23)
Start importing Assets/NatureManufacture Assets/Coast Environment/VFX/Prefabs/Prefab_particle_sand_gust_horizontal.prefab using Guid(d8b5c21bcfbc6bd45a6c6388a530fa6c) Importer(2089858483,0ecaa5967403d082aa24f35e1b516d23) [PhysX] Initialized MultithreadedTaskDispatcher with 16 workers.
 -> (artifact id: '18247a999324768b723b7e41c62559fc') in 0.080872 seconds
Number of updated asset objects reloaded before import = 0
Number of asset objects unloaded after import = 14
========================================================================
Received Import Request.
  Time since last request: 0.000047 seconds.
  path: Assets/NatureManufacture Assets/Coast Environment/Oak Trees/Textures/T_dry_oak_02_B_N.png
  artifactKey: Guid(6042309789011f24685fbdd7655ffea2) Importer(2089858483,0ecaa5967403d082aa24f35e1b516d23)
Start importing Assets/NatureManufacture Assets/Coast Environment/Oak Trees/Textures/T_dry_oak_02_B_N.png using Guid(6042309789011f24685fbdd7655ffea2) Importer(2089858483,0ecaa5967403d082aa24f35e1b516d23) [PhysX] Initialized MultithreadedTaskDispatcher with 16 workers.
 -> (artifact id: '635678c51ab263f380a237a67ec80819') in 0.049912 seconds
Number of updated asset objects reloaded before import = 0
Number of asset objects unloaded after import = 1
========================================================================
Received Import Request.
  Time since last request: 0.000045 seconds.
  path: Assets/NatureManufacture Assets/Coast Environment/Bushes/Textures/T_beach_rose_T.png
  artifactKey: Guid(5f30183df63e4f54b9a3d79a9ea2c268) Importer(2089858483,0ecaa5967403d082aa24f35e1b516d23)
Start importing Assets/NatureManufacture Assets/Coast Environment/Bushes/Textures/T_beach_rose_T.png using Guid(5f30183df63e4f54b9a3d79a9ea2c268) Importer(2089858483,0ecaa5967403d082aa24f35e1b516d23) [PhysX] Initialized MultithreadedTaskDispatcher with 16 workers.
 -> (artifact id: 'a7aa10f5e907c587d1d9844d56d22707') in 0.045096 seconds
Number of updated asset objects reloaded before import = 0
Number of asset objects unloaded after import = 1
========================================================================
Received Import Request.
  Time since last request: 0.000047 seconds.
  path: Assets/NatureManufacture Assets/Coast Environment/Oak Trees/Meshes/dry_oak_02_C_LOD3_Cross.asset
  artifactKey: Guid(73879332c30e460489721332b2bce246) Importer(2089858483,0ecaa5967403d082aa24f35e1b516d23)
Start importing Assets/NatureManufacture Assets/Coast Environment/Oak Trees/Meshes/dry_oak_02_C_LOD3_Cross.asset using Guid(73879332c30e460489721332b2bce246) Importer(2089858483,0ecaa5967403d082aa24f35e1b516d23) [PhysX] Initialized MultithreadedTaskDispatcher with 16 workers.
 -> (artifact id: '294174326516932bdd53de1398239444') in 0.021251 seconds
Number of updated asset objects reloaded before import = 0
Number of asset objects unloaded after import = 1
========================================================================
Received Import Request.
  Time since last request: 0.000034 seconds.
  path: Assets/NatureManufacture Assets/Coast Environment/Foliage and Grass/Unity Terrain Prefabs/Prefab_rough_horsetail_02_Unity_Terrain.prefab
  artifactKey: Guid(a0f741b199338c140bbec3ddf0d0f5c8) Importer(2089858483,0ecaa5967403d082aa24f35e1b516d23)
Start importing Assets/NatureManufacture Assets/Coast Environment/Foliage and Grass/Unity Terrain Prefabs/Prefab_rough_horsetail_02_Unity_Terrain.prefab using Guid(a0f741b199338c140bbec3ddf0d0f5c8) Importer(2089858483,0ecaa5967403d082aa24f35e1b516d23) [PhysX] Initialized MultithreadedTaskDispatcher with 16 workers.
 -> (artifact id: '845c6ff6474e6b8e09df56c2c36f336a') in 0.036435 seconds
Number of updated asset objects reloaded before import = 0
Number of asset objects unloaded after import = 7
========================================================================
Received Import Request.
  Time since last request: 0.000064 seconds.
  path: Assets/NatureManufacture Assets/Spline System/Gizmos/LakePolygonProfile Icon.png
  artifactKey: Guid(5951edc6fd17e564a901a0cf5c6532cd) Importer(2089858483,0ecaa5967403d082aa24f35e1b516d23)
Start importing Assets/NatureManufacture Assets/Spline System/Gizmos/LakePolygonProfile Icon.png using Guid(5951edc6fd17e564a901a0cf5c6532cd) Importer(2089858483,0ecaa5967403d082aa24f35e1b516d23) [PhysX] Initialized MultithreadedTaskDispatcher with 16 workers.
 -> (artifact id: 'a21b3ef4c11377cdb5859ac2e919a118') in 0.066242 seconds
Number of updated asset objects reloaded before import = 0
Number of asset objects unloaded after import = 3
========================================================================
Received Import Request.
  Time since last request: 0.000067 seconds.
  path: Assets/NatureManufacture Assets/Coast Environment/Demo Scene/PostProcessingSettings Coast.asset
  artifactKey: Guid(0ef7a97edb586304496bf778b8f503f5) Importer(2089858483,0ecaa5967403d082aa24f35e1b516d23)
Start importing Assets/NatureManufacture Assets/Coast Environment/Demo Scene/PostProcessingSettings Coast.asset using Guid(0ef7a97edb586304496bf778b8f503f5) Importer(2089858483,0ecaa5967403d082aa24f35e1b516d23) [PhysX] Initialized MultithreadedTaskDispatcher with 16 workers.
 -> (artifact id: 'aa2161d1bbbed3e3a52b3a4019351872') in 0.028304 seconds
Number of updated asset objects reloaded before import = 0
Number of asset objects unloaded after import = 7
========================================================================
Received Import Request.
  Time since last request: 0.000058 seconds.
  path: Assets/NatureManufacture Assets/Coast Environment/Pine Trees/Prefabs/Prefab_Pine_beach_small_04.prefab
  artifactKey: Guid(5db63d2935cc4c74ca769a8f11f0f844) Importer(2089858483,0ecaa5967403d082aa24f35e1b516d23)
Start importing Assets/NatureManufacture Assets/Coast Environment/Pine Trees/Prefabs/Prefab_Pine_beach_small_04.prefab using Guid(5db63d2935cc4c74ca769a8f11f0f844) Importer(2089858483,0ecaa5967403d082aa24f35e1b516d23) [PhysX] Initialized MultithreadedTaskDispatcher with 16 workers.
 -> (artifact id: '4eec14f2ccc54f4b53648ec67c952f28') in 0.037459 seconds
Number of updated asset objects reloaded before import = 0
Number of asset objects unloaded after import = 34
========================================================================
Received Import Request.
  Time since last request: 0.000076 seconds.
  path: Assets/NatureManufacture Assets/Coast Environment/Bushes/Models/beach_rose_04_with_pink_flowers.fbx
  artifactKey: Guid(7e0f5b2ac70120d41a4e739edcbf27cf) Importer(2089858483,0ecaa5967403d082aa24f35e1b516d23)
Start importing Assets/NatureManufacture Assets/Coast Environment/Bushes/Models/beach_rose_04_with_pink_flowers.fbx using Guid(7e0f5b2ac70120d41a4e739edcbf27cf) Importer(2089858483,0ecaa5967403d082aa24f35e1b516d23) [PhysX] Initialized MultithreadedTaskDispatcher with 16 workers.
 -> (artifact id: 'e4988b59b09e48005322232ac9806446') in 0.065712 seconds
Number of updated asset objects reloaded before import = 0
Number of asset objects unloaded after import = 25
========================================================================
Received Import Request.
  Time since last request: 0.000061 seconds.
  path: Assets/NatureManufacture Assets/Coast Environment/Cliffs/Models/beach_cliff_02_ending_right.fbx
  artifactKey: Guid(b594634c349839e47a640c4b72828131) Importer(2089858483,0ecaa5967403d082aa24f35e1b516d23)
Start importing Assets/NatureManufacture Assets/Coast Environment/Cliffs/Models/beach_cliff_02_ending_right.fbx using Guid(b594634c349839e47a640c4b72828131) Importer(2089858483,0ecaa5967403d082aa24f35e1b516d23) [PhysX] Initialized MultithreadedTaskDispatcher with 16 workers.
 -> (artifact id: '5f57a3b71009099b50eb6b8bf7315bb0') in 0.070146 seconds
Number of updated asset objects reloaded before import = 0
Number of asset objects unloaded after import = 25
========================================================================
Received Import Request.
  Time since last request: 0.000046 seconds.
  path: Assets/NatureManufacture Assets/Coast Environment/Details
  artifactKey: Guid(da8f6092a91c96d4c8ad6826eecd1013) Importer(2089858483,0ecaa5967403d082aa24f35e1b516d23)
Start importing Assets/NatureManufacture Assets/Coast Environment/Details using Guid(da8f6092a91c96d4c8ad6826eecd1013) Importer(2089858483,0ecaa5967403d082aa24f35e1b516d23) [PhysX] Initialized MultithreadedTaskDispatcher with 16 workers.
 -> (artifact id: '2221ef2ec95dc49cbad4235e41ab7629') in 0.021976 seconds
Number of updated asset objects reloaded before import = 0
Number of asset objects unloaded after import = 1
========================================================================
Received Import Request.
  Time since last request: 0.000088 seconds.
  path: Assets/NatureManufacture Assets/Coast Environment/Oak Trees/Materials/M_dry_oak_01_E_Cross.mat
  artifactKey: Guid(fda7b93fb97974b47baadbc1f8e1da28) Importer(2089858483,0ecaa5967403d082aa24f35e1b516d23)
Start importing Assets/NatureManufacture Assets/Coast Environment/Oak Trees/Materials/M_dry_oak_01_E_Cross.mat using Guid(fda7b93fb97974b47baadbc1f8e1da28) Importer(2089858483,0ecaa5967403d082aa24f35e1b516d23) [PhysX] Initialized MultithreadedTaskDispatcher with 16 workers.
 -> (artifact id: '52445837a9d08f255d3819c49b64a623') in 0.046991 seconds
Number of updated asset objects reloaded before import = 0
Number of asset objects unloaded after import = 4
========================================================================
Received Import Request.
  Time since last request: 0.000039 seconds.
  path: Assets/NatureManufacture Assets/Coast Environment/Demo Scene/README Demo Scene Construction.txt
  artifactKey: Guid(ba0c971fb35eab94b9a745af60af1a93) Importer(2089858483,0ecaa5967403d082aa24f35e1b516d23)
Start importing Assets/NatureManufacture Assets/Coast Environment/Demo Scene/README Demo Scene Construction.txt using Guid(ba0c971fb35eab94b9a745af60af1a93) Importer(2089858483,0ecaa5967403d082aa24f35e1b516d23) [PhysX] Initialized MultithreadedTaskDispatcher with 16 workers.
 -> (artifact id: '9b3c8e3cd54a7062b9d6ce0893a82efa') in 0.023507 seconds
Number of updated asset objects reloaded before import = 0
Number of asset objects unloaded after import = 1
========================================================================
Received Import Request.
  Time since last request: 0.000041 seconds.
  path: Assets/NatureManufacture Assets/Coast Environment/Details/Prefabs/Prefab_shells_01_A.prefab
  artifactKey: Guid(c54a650e8996f754297af683fdacef76) Importer(2089858483,0ecaa5967403d082aa24f35e1b516d23)
Start importing Assets/NatureManufacture Assets/Coast Environment/Details/Prefabs/Prefab_shells_01_A.prefab using Guid(c54a650e8996f754297af683fdacef76) Importer(2089858483,0ecaa5967403d082aa24f35e1b516d23) [PhysX] Initialized MultithreadedTaskDispatcher with 16 workers.
 -> (artifact id: '0d82a7e0e4a902d288e856d79264717b') in 0.036605 seconds
Number of updated asset objects reloaded before import = 0
Number of asset objects unloaded after import = 8
========================================================================
Received Import Request.
  Time since last request: 0.000053 seconds.
  path: Assets/NatureManufacture Assets/Coast Environment/Decals/Prefabs/Prefab_Decal_Sand_Dirt.prefab
  artifactKey: Guid(3e9488f4f82a7654ba666db1f7c91987) Importer(2089858483,0ecaa5967403d082aa24f35e1b516d23)
Start importing Assets/NatureManufacture Assets/Coast Environment/Decals/Prefabs/Prefab_Decal_Sand_Dirt.prefab using Guid(3e9488f4f82a7654ba666db1f7c91987) Importer(2089858483,0ecaa5967403d082aa24f35e1b516d23) [PhysX] Initialized MultithreadedTaskDispatcher with 16 workers.
 -> (artifact id: '6187a2b9dbf8de0381adb5f1aa43db9e') in 0.035971 seconds
Number of updated asset objects reloaded before import = 0
Number of asset objects unloaded after import = 6
========================================================================
Received Import Request.
  Time since last request: 0.000039 seconds.
  path: Assets/NatureManufacture Assets/Coast Environment/Foliage and Grass/Unity Terrain Prefabs/Prefab_beach_grass_02_4_Unity_Terrain.prefab
  artifactKey: Guid(1831d7c6108279049b8fc410bda0d098) Importer(2089858483,0ecaa5967403d082aa24f35e1b516d23)
Start importing Assets/NatureManufacture Assets/Coast Environment/Foliage and Grass/Unity Terrain Prefabs/Prefab_beach_grass_02_4_Unity_Terrain.prefab using Guid(1831d7c6108279049b8fc410bda0d098) Importer(2089858483,0ecaa5967403d082aa24f35e1b516d23) [PhysX] Initialized MultithreadedTaskDispatcher with 16 workers.
 -> (artifact id: 'a553341d2e3dd050425119881a941321') in 0.033688 seconds
Number of updated asset objects reloaded before import = 0
Number of asset objects unloaded after import = 7
========================================================================
Received Import Request.
  Time since last request: 0.000037 seconds.
  path: Assets/NatureManufacture Assets/Coast Environment/Details/Prefabs/Prefab_beach_driftwood_01.prefab
  artifactKey: Guid(077247862d63c3744aad12b87182eea2) Importer(2089858483,0ecaa5967403d082aa24f35e1b516d23)
Start importing Assets/NatureManufacture Assets/Coast Environment/Details/Prefabs/Prefab_beach_driftwood_01.prefab using Guid(077247862d63c3744aad12b87182eea2) Importer(2089858483,0ecaa5967403d082aa24f35e1b516d23) [PhysX] Initialized MultithreadedTaskDispatcher with 16 workers.
 -> (artifact id: '9afd4c328a6a026fe2a1084912c7b01e') in 0.030207 seconds
Number of updated asset objects reloaded before import = 0
Number of asset objects unloaded after import = 26
========================================================================
Received Import Request.
  Time since last request: 0.000075 seconds.
  path: Assets/NatureManufacture Assets/Coast Environment/Oak Trees/Textures/T_dry_oak_trunks_01_BC.png
  artifactKey: Guid(e9438553478df3c409b5e21eedb0fdc7) Importer(2089858483,0ecaa5967403d082aa24f35e1b516d23)
Start importing Assets/NatureManufacture Assets/Coast Environment/Oak Trees/Textures/T_dry_oak_trunks_01_BC.png using Guid(e9438553478df3c409b5e21eedb0fdc7) Importer(2089858483,0ecaa5967403d082aa24f35e1b516d23) [PhysX] Initialized MultithreadedTaskDispatcher with 16 workers.
 -> (artifact id: '35d521ee1006d61f7ce7da994157b0f7') in 0.095295 seconds
Number of updated asset objects reloaded before import = 0
Number of asset objects unloaded after import = 1
========================================================================
Received Import Request.
  Time since last request: 0.000041 seconds.
  path: Assets/NatureManufacture Assets/Coast Environment/Cliffs/Prefabs/Prefab_beach_cliff_02_C.prefab
  artifactKey: Guid(161ef6ef01819894690bab2100a8a2a6) Importer(2089858483,0ecaa5967403d082aa24f35e1b516d23)
Start importing Assets/NatureManufacture Assets/Coast Environment/Cliffs/Prefabs/Prefab_beach_cliff_02_C.prefab using Guid(161ef6ef01819894690bab2100a8a2a6) Importer(2089858483,0ecaa5967403d082aa24f35e1b516d23) [PhysX] Initialized MultithreadedTaskDispatcher with 16 workers.
 -> (artifact id: '2a0d2b5efa1fca97a3ed84608ca02f45') in 0.029455 seconds
Number of updated asset objects reloaded before import = 0
Number of asset objects unloaded after import = 26
========================================================================
Received Import Request.
  Time since last request: 0.000044 seconds.
  path: Assets/NatureManufacture Assets/Coast Environment/Bushes/Models/beach_rose_04_flowers_pink.fbx
  artifactKey: Guid(4e155f1db89026440837396e8d77ed55) Importer(2089858483,0ecaa5967403d082aa24f35e1b516d23)
Start importing Assets/NatureManufacture Assets/Coast Environment/Bushes/Models/beach_rose_04_flowers_pink.fbx using Guid(4e155f1db89026440837396e8d77ed55) Importer(2089858483,0ecaa5967403d082aa24f35e1b516d23) [PhysX] Initialized MultithreadedTaskDispatcher with 16 workers.
 -> (artifact id: '533d9d0cf727ebd1b58869c965bec33e') in 0.076015 seconds
Number of updated asset objects reloaded before import = 0
Number of asset objects unloaded after import = 25
========================================================================
Received Import Request.
  Time since last request: 0.000047 seconds.
  path: Assets/NatureManufacture Assets/Coast Environment/Cliffs/Textures/T_beach_cliff_02_BC.png
  artifactKey: Guid(4f1a66a5b5662bc4fb4520220b84cbff) Importer(2089858483,0ecaa5967403d082aa24f35e1b516d23)
Start importing Assets/NatureManufacture Assets/Coast Environment/Cliffs/Textures/T_beach_cliff_02_BC.png using Guid(4f1a66a5b5662bc4fb4520220b84cbff) Importer(2089858483,0ecaa5967403d082aa24f35e1b516d23) [PhysX] Initialized MultithreadedTaskDispatcher with 16 workers.
 -> (artifact id: 'ab4d77ecdf310d8459c551bc483bf7e3') in 0.052171 seconds
Number of updated asset objects reloaded before import = 0
Number of asset objects unloaded after import = 1
========================================================================
Received Import Request.
  Time since last request: 0.000037 seconds.
  path: Assets/NatureManufacture Assets/Coast Environment/Ground/Materials/T_ground_sand_08.mat
  artifactKey: Guid(5c8a3799b9368b14eb47ce74af8581cc) Importer(2089858483,0ecaa5967403d082aa24f35e1b516d23)
Start importing Assets/NatureManufacture Assets/Coast Environment/Ground/Materials/T_ground_sand_08.mat using Guid(5c8a3799b9368b14eb47ce74af8581cc) Importer(2089858483,0ecaa5967403d082aa24f35e1b516d23) [PhysX] Initialized MultithreadedTaskDispatcher with 16 workers.
 -> (artifact id: 'ff02e32e95661127eb5065a6c739d3dd') in 0.052177 seconds
Number of updated asset objects reloaded before import = 0
Number of asset objects unloaded after import = 5
========================================================================
Received Import Request.
  Time since last request: 0.000051 seconds.
  path: Assets/NatureManufacture Assets/Coast Environment/Cliffs/Prefabs Sand 1/Prefab_beach_cliff_02_ending_left_Sand_1.prefab
  artifactKey: Guid(50d26623270ed034d95662cf37c12f3a) Importer(2089858483,0ecaa5967403d082aa24f35e1b516d23)
Start importing Assets/NatureManufacture Assets/Coast Environment/Cliffs/Prefabs Sand 1/Prefab_beach_cliff_02_ending_left_Sand_1.prefab using Guid(50d26623270ed034d95662cf37c12f3a) Importer(2089858483,0ecaa5967403d082aa24f35e1b516d23) [PhysX] Initialized MultithreadedTaskDispatcher with 16 workers.
 -> (artifact id: '953144129caa9f786267d8cac01cb230') in 0.027674 seconds
Number of updated asset objects reloaded before import = 0
Number of asset objects unloaded after import = 26
========================================================================
Received Import Request.
  Time since last request: 0.000059 seconds.
  path: Assets/NatureManufacture Assets/Coast Environment/Ground/Textures/T_ground_sand_17_b_AO_H_SM.png
  artifactKey: Guid(34f7046d383dc1b42a54ee0ecdb48fee) Importer(2089858483,0ecaa5967403d082aa24f35e1b516d23)
Start importing Assets/NatureManufacture Assets/Coast Environment/Ground/Textures/T_ground_sand_17_b_AO_H_SM.png using Guid(34f7046d383dc1b42a54ee0ecdb48fee) Importer(2089858483,0ecaa5967403d082aa24f35e1b516d23) [PhysX] Initialized MultithreadedTaskDispatcher with 16 workers.
 -> (artifact id: 'a44f6b58d003157b5d1d69d9d20ef402') in 0.044503 seconds
Number of updated asset objects reloaded before import = 0
Number of asset objects unloaded after import = 1
========================================================================
Received Import Request.
  Time since last request: 0.000036 seconds.
  path: Assets/NatureManufacture Assets/Coast Environment/Demo Scene/Coast Demo Terrain.asset
  artifactKey: Guid(7ab4256cf55d156469bd9d281f7dc44b) Importer(2089858483,0ecaa5967403d082aa24f35e1b516d23)
Start importing Assets/NatureManufacture Assets/Coast Environment/Demo Scene/Coast Demo Terrain.asset using Guid(7ab4256cf55d156469bd9d281f7dc44b) Importer(2089858483,0ecaa5967403d082aa24f35e1b516d23) [PhysX] Initialized MultithreadedTaskDispatcher with 16 workers.
 -> (artifact id: '3724cc1f47aec588dcd7f0855f824852') in 0.413810 seconds
Number of updated asset objects reloaded before import = 0
Number of asset objects unloaded after import = 1028
========================================================================
Received Import Request.
  Time since last request: 0.000051 seconds.
  path: Assets/NatureManufacture Assets/Coast Environment/Oak Trees/Textures/T_dry_oak_02_C_BC.png
  artifactKey: Guid(d61a2218298487c41b9269736571f6d0) Importer(2089858483,0ecaa5967403d082aa24f35e1b516d23)
Start importing Assets/NatureManufacture Assets/Coast Environment/Oak Trees/Textures/T_dry_oak_02_C_BC.png using Guid(d61a2218298487c41b9269736571f6d0) Importer(2089858483,0ecaa5967403d082aa24f35e1b516d23) [PhysX] Initialized MultithreadedTaskDispatcher with 16 workers.
 -> (artifact id: '1f85558ff6510eda2f38948068d75a1b') in 0.059213 seconds
Number of updated asset objects reloaded before import = 0
Number of asset objects unloaded after import = 1
========================================================================
Received Import Request.
  Time since last request: 0.000073 seconds.
  path: Assets/NatureManufacture Assets/Coast Environment/Pine Trees/Prefabs/Prefab_Pine_beach_01_B.prefab
  artifactKey: Guid(289dad7a89beccd4e9d3a3b0b39aa14e) Importer(2089858483,0ecaa5967403d082aa24f35e1b516d23)
Start importing Assets/NatureManufacture Assets/Coast Environment/Pine Trees/Prefabs/Prefab_Pine_beach_01_B.prefab using Guid(289dad7a89beccd4e9d3a3b0b39aa14e) Importer(2089858483,0ecaa5967403d082aa24f35e1b516d23) [PhysX] Initialized MultithreadedTaskDispatcher with 16 workers.
 -> (artifact id: '75678077ad0a88990767327bbfae931d') in 0.034758 seconds
Number of updated asset objects reloaded before import = 0
Number of asset objects unloaded after import = 43
========================================================================
Received Import Request.
  Time since last request: 0.000046 seconds.
  path: Assets/NatureManufacture Assets/Coast Environment/Cliffs/Models/beach_cliff_02_A.fbx
  artifactKey: Guid(048506b5a75e8e141a00bf496f71acc0) Importer(2089858483,0ecaa5967403d082aa24f35e1b516d23)
Start importing Assets/NatureManufacture Assets/Coast Environment/Cliffs/Models/beach_cliff_02_A.fbx using Guid(048506b5a75e8e141a00bf496f71acc0) Importer(2089858483,0ecaa5967403d082aa24f35e1b516d23) [PhysX] Initialized MultithreadedTaskDispatcher with 16 workers.
 -> (artifact id: '9a8d4cebdc70b7fd8e22be22dcd40981') in 0.055506 seconds
Number of updated asset objects reloaded before import = 0
Number of asset objects unloaded after import = 25
========================================================================
Received Import Request.
  Time since last request: 0.000045 seconds.
  path: Assets/NatureManufacture Assets/River Auto Material 3/VFX/Prefabs/Prefab_VFX_RAM_Waterfall_Cloud.prefab
  artifactKey: Guid(d8ba99bd2619ac54fb203b7bcd0019f5) Importer(2089858483,0ecaa5967403d082aa24f35e1b516d23)
Start importing Assets/NatureManufacture Assets/River Auto Material 3/VFX/Prefabs/Prefab_VFX_RAM_Waterfall_Cloud.prefab using Guid(d8ba99bd2619ac54fb203b7bcd0019f5) Importer(2089858483,0ecaa5967403d082aa24f35e1b516d23) [PhysX] Initialized MultithreadedTaskDispatcher with 16 workers.
 -> (artifact id: 'f20670616fb07d5e79f85e3e22d32b2e') in 0.041481 seconds
Number of updated asset objects reloaded before import = 0
Number of asset objects unloaded after import = 9
========================================================================
Received Import Request.
  Time since last request: 0.000050 seconds.
  path: Assets/NatureManufacture Assets/Coast Environment/README URP 2022.3.txt
  artifactKey: Guid(18d42e1eb3a7be347af001f9b1405417) Importer(2089858483,0ecaa5967403d082aa24f35e1b516d23)
Start importing Assets/NatureManufacture Assets/Coast Environment/README URP 2022.3.txt using Guid(18d42e1eb3a7be347af001f9b1405417) Importer(2089858483,0ecaa5967403d082aa24f35e1b516d23) [PhysX] Initialized MultithreadedTaskDispatcher with 16 workers.
 -> (artifact id: '053e5fea829be0fff3363c14552602c9') in 0.023513 seconds
Number of updated asset objects reloaded before import = 0
Number of asset objects unloaded after import = 1
========================================================================
Received Import Request.
  Time since last request: 0.000034 seconds.
  path: Assets/NatureManufacture Assets/Coast Environment/Wooden Fence/Models/wooden_fence_rope_span_A.fbx
  artifactKey: Guid(665d220180eb9f24e8da691f9a082c26) Importer(2089858483,0ecaa5967403d082aa24f35e1b516d23)
Start importing Assets/NatureManufacture Assets/Coast Environment/Wooden Fence/Models/wooden_fence_rope_span_A.fbx using Guid(665d220180eb9f24e8da691f9a082c26) Importer(2089858483,0ecaa5967403d082aa24f35e1b516d23) [PhysX] Initialized MultithreadedTaskDispatcher with 16 workers.
 -> (artifact id: 'b3301237eec264b6b340d9b81c398b1e') in 0.066119 seconds
Number of updated asset objects reloaded before import = 0
Number of asset objects unloaded after import = 20
========================================================================
Received Import Request.
  Time since last request: 0.000049 seconds.
  path: Assets/NatureManufacture Assets/Coast Environment/Details/Meshes/beach_driftwood_01.fbx
  artifactKey: Guid(9957227e8b7b9614f8292390d08a91ca) Importer(2089858483,0ecaa5967403d082aa24f35e1b516d23)
Start importing Assets/NatureManufacture Assets/Coast Environment/Details/Meshes/beach_driftwood_01.fbx using Guid(9957227e8b7b9614f8292390d08a91ca) Importer(2089858483,0ecaa5967403d082aa24f35e1b516d23) [PhysX] Initialized MultithreadedTaskDispatcher with 16 workers.
 -> (artifact id: '7e946ba8460c8ef32039221e0a9ab109') in 0.056986 seconds
Number of updated asset objects reloaded before import = 0
Number of asset objects unloaded after import = 25
========================================================================
Received Import Request.
  Time since last request: 0.000049 seconds.
  path: Assets/NatureManufacture Assets/Coast Environment/Foliage and Grass/Prefabs/Prefab_beach_grass_01_2.prefab
  artifactKey: Guid(9458747edbf9ae64898654e53aff33cf) Importer(2089858483,0ecaa5967403d082aa24f35e1b516d23)
Start importing Assets/NatureManufacture Assets/Coast Environment/Foliage and Grass/Prefabs/Prefab_beach_grass_01_2.prefab using Guid(9458747edbf9ae64898654e53aff33cf) Importer(2089858483,0ecaa5967403d082aa24f35e1b516d23) [PhysX] Initialized MultithreadedTaskDispatcher with 16 workers.
 -> (artifact id: 'd957ebf2c828e6f1687b5cfc38175615') in 0.024259 seconds
Number of updated asset objects reloaded before import = 0
Number of asset objects unloaded after import = 15
========================================================================
Received Import Request.
  Time since last request: 0.000034 seconds.
  path: Assets/NatureManufacture Assets/Coast Environment/VFX/Prefabs/Textures/T_particle_litter_01_MT_AO_SM.png
  artifactKey: Guid(6d969ac78ee5837499b5d874602d1ff0) Importer(2089858483,0ecaa5967403d082aa24f35e1b516d23)
Start importing Assets/NatureManufacture Assets/Coast Environment/VFX/Prefabs/Textures/T_particle_litter_01_MT_AO_SM.png using Guid(6d969ac78ee5837499b5d874602d1ff0) Importer(2089858483,0ecaa5967403d082aa24f35e1b516d23) [PhysX] Initialized MultithreadedTaskDispatcher with 16 workers.
 -> (artifact id: '4c6c268074c35aeb5596c2193969999f') in 0.072055 seconds
Number of updated asset objects reloaded before import = 0
Number of asset objects unloaded after import = 1
========================================================================
Received Import Request.
  Time since last request: 0.000043 seconds.
  path: Assets/NatureManufacture Assets/Coast Environment/Decals/Textures/T_spline_ground_sand_03_BC_M.png
  artifactKey: Guid(4714eda708cb36f4eb7aa4cc5b71187a) Importer(2089858483,0ecaa5967403d082aa24f35e1b516d23)
Start importing Assets/NatureManufacture Assets/Coast Environment/Decals/Textures/T_spline_ground_sand_03_BC_M.png using Guid(4714eda708cb36f4eb7aa4cc5b71187a) Importer(2089858483,0ecaa5967403d082aa24f35e1b516d23) [PhysX] Initialized MultithreadedTaskDispatcher with 16 workers.
 -> (artifact id: 'ab932940582b824dc221e9146820345d') in 0.049643 seconds
Number of updated asset objects reloaded before import = 0
Number of asset objects unloaded after import = 1
========================================================================
Received Import Request.
  Time since last request: 0.000063 seconds.
  path: Assets/NatureManufacture Assets/Coast Environment/Decals/Textures/T_Decal_Algae_BC_M.png
  artifactKey: Guid(ceff500a9dd446242a69953094451d0c) Importer(2089858483,0ecaa5967403d082aa24f35e1b516d23)
Start importing Assets/NatureManufacture Assets/Coast Environment/Decals/Textures/T_Decal_Algae_BC_M.png using Guid(ceff500a9dd446242a69953094451d0c) Importer(2089858483,0ecaa5967403d082aa24f35e1b516d23) [PhysX] Initialized MultithreadedTaskDispatcher with 16 workers.
 -> (artifact id: 'f64a7b55683d35a1effb11fbc4e23662') in 0.072507 seconds
Number of updated asset objects reloaded before import = 0
Number of asset objects unloaded after import = 1
========================================================================
Received Import Request.
  Time since last request: 0.000044 seconds.
  path: Assets/NatureManufacture Assets/Coast Environment/Pine Trees/Prefabs/Prefab_Pine_beach_crooked_02.prefab
  artifactKey: Guid(b3c657baffbca9e41bed7d1c9d67cfe4) Importer(2089858483,0ecaa5967403d082aa24f35e1b516d23)
Start importing Assets/NatureManufacture Assets/Coast Environment/Pine Trees/Prefabs/Prefab_Pine_beach_crooked_02.prefab using Guid(b3c657baffbca9e41bed7d1c9d67cfe4) Importer(2089858483,0ecaa5967403d082aa24f35e1b516d23) [PhysX] Initialized MultithreadedTaskDispatcher with 16 workers.
 -> (artifact id: 'f5ac2bdaeac714aadf81864513baf09e') in 0.028576 seconds
Number of updated asset objects reloaded before import = 0
Number of asset objects unloaded after import = 33
========================================================================
Received Import Request.
  Time since last request: 0.000046 seconds.
  path: Assets/NatureManufacture Assets/Coast Environment/Pine Trees/Textures/T_pine_beach_crooked_02_BC.png
  artifactKey: Guid(a748a6905f1540148b162c75333f8d9e) Importer(2089858483,0ecaa5967403d082aa24f35e1b516d23)
Start importing Assets/NatureManufacture Assets/Coast Environment/Pine Trees/Textures/T_pine_beach_crooked_02_BC.png using Guid(a748a6905f1540148b162c75333f8d9e) Importer(2089858483,0ecaa5967403d082aa24f35e1b516d23) [PhysX] Initialized MultithreadedTaskDispatcher with 16 workers.
 -> (artifact id: '525b4d9d0923212919b1042fe41d59c3') in 0.047709 seconds
Number of updated asset objects reloaded before import = 0
Number of asset objects unloaded after import = 1
========================================================================
Received Import Request.
  Time since last request: 0.000061 seconds.
  path: Assets/NatureManufacture Assets/Coast Environment/Oak Trees/Materials
  artifactKey: Guid(4d7404479c3c7194ba5e4ab86902b517) Importer(2089858483,0ecaa5967403d082aa24f35e1b516d23)
Start importing Assets/NatureManufacture Assets/Coast Environment/Oak Trees/Materials using Guid(4d7404479c3c7194ba5e4ab86902b517) Importer(2089858483,0ecaa5967403d082aa24f35e1b516d23) [PhysX] Initialized MultithreadedTaskDispatcher with 16 workers.
 -> (artifact id: 'ecb74844e3e93eb42c8af54ee7ca28c9') in 0.021372 seconds
Number of updated asset objects reloaded before import = 0
Number of asset objects unloaded after import = 1
========================================================================
Received Import Request.
  Time since last request: 0.000063 seconds.
  path: Assets/NatureManufacture Assets/Coast Environment/Foliage and Grass/Textures/T_sea_wormwood_BC_O.png
  artifactKey: Guid(f923922497491454695ef9a7f13a5ca6) Importer(2089858483,0ecaa5967403d082aa24f35e1b516d23)
Start importing Assets/NatureManufacture Assets/Coast Environment/Foliage and Grass/Textures/T_sea_wormwood_BC_O.png using Guid(f923922497491454695ef9a7f13a5ca6) Importer(2089858483,0ecaa5967403d082aa24f35e1b516d23) [PhysX] Initialized MultithreadedTaskDispatcher with 16 workers.
 -> (artifact id: '4be2d55b00f5cda9b0d83f6bba0ceb6f') in 0.049088 seconds
Number of updated asset objects reloaded before import = 0
Number of asset objects unloaded after import = 1
========================================================================
Received Import Request.
  Time since last request: 0.000040 seconds.
  path: Assets/NatureManufacture Assets/Coast Environment/Pine Trees/Textures/T_pine_beach_small_03_BC.png
  artifactKey: Guid(51f28c13aebbb2f42b1ef417d13ca439) Importer(2089858483,0ecaa5967403d082aa24f35e1b516d23)
Start importing Assets/NatureManufacture Assets/Coast Environment/Pine Trees/Textures/T_pine_beach_small_03_BC.png using Guid(51f28c13aebbb2f42b1ef417d13ca439) Importer(2089858483,0ecaa5967403d082aa24f35e1b516d23) [PhysX] Initialized MultithreadedTaskDispatcher with 16 workers.
 -> (artifact id: 'be5a573185c58c1a2cf8147ce08b5f03') in 0.051805 seconds
Number of updated asset objects reloaded before import = 0
Number of asset objects unloaded after import = 1
========================================================================
Received Import Request.
  Time since last request: 0.000049 seconds.
  path: Assets/NatureManufacture Assets/Coast Environment/Cliffs/Prefabs/Prefab_beach_cliff_01_C.prefab
  artifactKey: Guid(4f7ae21c7a448094a8ec6d65de00393e) Importer(2089858483,0ecaa5967403d082aa24f35e1b516d23)
Start importing Assets/NatureManufacture Assets/Coast Environment/Cliffs/Prefabs/Prefab_beach_cliff_01_C.prefab using Guid(4f7ae21c7a448094a8ec6d65de00393e) Importer(2089858483,0ecaa5967403d082aa24f35e1b516d23) [PhysX] Initialized MultithreadedTaskDispatcher with 16 workers.
 -> (artifact id: 'f99d3df9b2c999602efaa8312ca42467') in 0.022630 seconds
Number of updated asset objects reloaded before import = 0
Number of asset objects unloaded after import = 26
========================================================================
Received Import Request.
  Time since last request: 0.000042 seconds.
  path: Assets/NatureManufacture Assets/Coast Environment/Pine Trees/Textures/T_pine_beach_crooked_01_BC.png
  artifactKey: Guid(673f920eb0a28ec45bf8fd5a51529d36) Importer(2089858483,0ecaa5967403d082aa24f35e1b516d23)
Start importing Assets/NatureManufacture Assets/Coast Environment/Pine Trees/Textures/T_pine_beach_crooked_01_BC.png using Guid(673f920eb0a28ec45bf8fd5a51529d36) Importer(2089858483,0ecaa5967403d082aa24f35e1b516d23) [PhysX] Initialized MultithreadedTaskDispatcher with 16 workers.
 -> (artifact id: 'd18870478559197b1c146e6d5ffb7cc8') in 0.051077 seconds
Number of updated asset objects reloaded before import = 0
Number of asset objects unloaded after import = 1
========================================================================
Received Import Request.
  Time since last request: 0.000054 seconds.
  path: Assets/NatureManufacture Assets/Coast Environment/Foliage and Grass/Prefabs/Prefab_beach_grass_03_3.prefab
  artifactKey: Guid(872c26f07750a464b9a850d6d93b0b5f) Importer(2089858483,0ecaa5967403d082aa24f35e1b516d23)
Start importing Assets/NatureManufacture Assets/Coast Environment/Foliage and Grass/Prefabs/Prefab_beach_grass_03_3.prefab using Guid(872c26f07750a464b9a850d6d93b0b5f) Importer(2089858483,0ecaa5967403d082aa24f35e1b516d23) [PhysX] Initialized MultithreadedTaskDispatcher with 16 workers.
 -> (artifact id: '6d99001aa44ce8bfb0a92207308d1a4d') in 0.040132 seconds
Number of updated asset objects reloaded before import = 0
Number of asset objects unloaded after import = 8
========================================================================
Received Import Request.
  Time since last request: 0.000053 seconds.
  path: Assets/NatureManufacture Assets/Coast Environment/VFX/Prefabs/Textures/T_particle_litter_01_N.png
  artifactKey: Guid(838bc377e7452b2479418ac2ce8f9709) Importer(2089858483,0ecaa5967403d082aa24f35e1b516d23)
Start importing Assets/NatureManufacture Assets/Coast Environment/VFX/Prefabs/Textures/T_particle_litter_01_N.png using Guid(838bc377e7452b2479418ac2ce8f9709) Importer(2089858483,0ecaa5967403d082aa24f35e1b516d23) [PhysX] Initialized MultithreadedTaskDispatcher with 16 workers.
 -> (artifact id: 'e7eb07e5364a0c566e851c70a869364d') in 0.041048 seconds
Number of updated asset objects reloaded before import = 0
Number of asset objects unloaded after import = 1
========================================================================
Received Import Request.
  Time since last request: 0.000037 seconds.
  path: Assets/NatureManufacture Assets/Coast Environment/Foliage and Grass/Textures/T_beach_grass_02_BC_O.png
  artifactKey: Guid(37416c6bd63541442913599f97fb1ca6) Importer(2089858483,0ecaa5967403d082aa24f35e1b516d23)
Start importing Assets/NatureManufacture Assets/Coast Environment/Foliage and Grass/Textures/T_beach_grass_02_BC_O.png using Guid(37416c6bd63541442913599f97fb1ca6) Importer(2089858483,0ecaa5967403d082aa24f35e1b516d23) [PhysX] Initialized MultithreadedTaskDispatcher with 16 workers.
 -> (artifact id: '84bc6b9a867cac5f679c6090a03fb9d3') in 0.054347 seconds
Number of updated asset objects reloaded before import = 0
Number of asset objects unloaded after import = 1
========================================================================
Received Import Request.
  Time since last request: 0.000039 seconds.
  path: Assets/NatureManufacture Assets/Coast Environment/Pine Trees/Textures/T_Pine_beach_03_04_MT_AO_SM.png
  artifactKey: Guid(63b6e1f160b4720489741df61b598593) Importer(2089858483,0ecaa5967403d082aa24f35e1b516d23)
Start importing Assets/NatureManufacture Assets/Coast Environment/Pine Trees/Textures/T_Pine_beach_03_04_MT_AO_SM.png using Guid(63b6e1f160b4720489741df61b598593) Importer(2089858483,0ecaa5967403d082aa24f35e1b516d23) [PhysX] Initialized MultithreadedTaskDispatcher with 16 workers.
 -> (artifact id: '55855ada0518b3120c016c3e41bfdcd9') in 0.050889 seconds
Number of updated asset objects reloaded before import = 0
Number of asset objects unloaded after import = 1
========================================================================
Received Import Request.
  Time since last request: 0.000050 seconds.
  path: Assets/NatureManufacture Assets/Coast Environment/Demo Scene/NM_Polycount_Flare_Coast.asset
  artifactKey: Guid(ec22f62c3a53321479f23b425557e8a7) Importer(2089858483,0ecaa5967403d082aa24f35e1b516d23)
Start importing Assets/NatureManufacture Assets/Coast Environment/Demo Scene/NM_Polycount_Flare_Coast.asset using Guid(ec22f62c3a53321479f23b425557e8a7) Importer(2089858483,0ecaa5967403d082aa24f35e1b516d23) [PhysX] Initialized MultithreadedTaskDispatcher with 16 workers.
 -> (artifact id: 'afd5dc4079dc530b3e604829a3553248') in 0.033701 seconds
Number of updated asset objects reloaded before import = 0
Number of asset objects unloaded after import = 2
========================================================================
Received Import Request.
  Time since last request: 0.000034 seconds.
  path: Assets/NatureManufacture Assets/Coast Environment/Decals/Textures/T_decal_flat_normal_N.png
  artifactKey: Guid(6fc9d19b44a6deb418ee4162fee5e48d) Importer(2089858483,0ecaa5967403d082aa24f35e1b516d23)
Start importing Assets/NatureManufacture Assets/Coast Environment/Decals/Textures/T_decal_flat_normal_N.png using Guid(6fc9d19b44a6deb418ee4162fee5e48d) Importer(2089858483,0ecaa5967403d082aa24f35e1b516d23) [PhysX] Initialized MultithreadedTaskDispatcher with 16 workers.
 -> (artifact id: 'd670c45626a1216e1de9c567fd7c97a0') in 0.044588 seconds
Number of updated asset objects reloaded before import = 0
Number of asset objects unloaded after import = 1
========================================================================
Received Import Request.
  Time since last request: 0.000053 seconds.
  path: Assets/NatureManufacture Assets/Coast Environment/Pine Trees/Prefabs
  artifactKey: Guid(2a471a3b985c6794caa7d012ec33792c) Importer(2089858483,0ecaa5967403d082aa24f35e1b516d23)
Start importing Assets/NatureManufacture Assets/Coast Environment/Pine Trees/Prefabs using Guid(2a471a3b985c6794caa7d012ec33792c) Importer(2089858483,0ecaa5967403d082aa24f35e1b516d23) [PhysX] Initialized MultithreadedTaskDispatcher with 16 workers.
 -> (artifact id: 'd76fd6b7d095b2da40384167d2be00ab') in 0.017957 seconds
Number of updated asset objects reloaded before import = 0
Number of asset objects unloaded after import = 1
========================================================================
Received Import Request.
  Time since last request: 0.000063 seconds.
  path: Assets/NatureManufacture Assets/Coast Environment/Wooden Pales/Meshes/wooden_pales_1_01.fbx
  artifactKey: Guid(0ee602f218a4dfd4182a2350ecef1404) Importer(2089858483,0ecaa5967403d082aa24f35e1b516d23)
Start importing Assets/NatureManufacture Assets/Coast Environment/Wooden Pales/Meshes/wooden_pales_1_01.fbx using Guid(0ee602f218a4dfd4182a2350ecef1404) Importer(2089858483,0ecaa5967403d082aa24f35e1b516d23) [PhysX] Initialized MultithreadedTaskDispatcher with 16 workers.
 -> (artifact id: 'd232146b4823bd59e49a93b929d1833e') in 0.071874 seconds
Number of updated asset objects reloaded before import = 0
Number of asset objects unloaded after import = 25
========================================================================
Received Import Request.
  Time since last request: 0.000047 seconds.
  path: Assets/NatureManufacture Assets/Coast Environment/Foliage and Grass/Unity Terrain Prefabs/Prefab_eastern_groundsel_04_Unity_Terrain.prefab
  artifactKey: Guid(3fb3cc9ad37a0504ba8e832e69f19912) Importer(2089858483,0ecaa5967403d082aa24f35e1b516d23)
Start importing Assets/NatureManufacture Assets/Coast Environment/Foliage and Grass/Unity Terrain Prefabs/Prefab_eastern_groundsel_04_Unity_Terrain.prefab using Guid(3fb3cc9ad37a0504ba8e832e69f19912) Importer(2089858483,0ecaa5967403d082aa24f35e1b516d23) [PhysX] Initialized MultithreadedTaskDispatcher with 16 workers.
 -> (artifact id: 'f0cdbde2261eb756537aa8caa5300ce1') in 0.029184 seconds
Number of updated asset objects reloaded before import = 0
Number of asset objects unloaded after import = 7
========================================================================
Received Import Request.
  Time since last request: 0.000049 seconds.
  path: Assets/NatureManufacture Assets/Coast Environment/Foliage and Grass/Textures/T_dune_plants_misc_N.png
  artifactKey: Guid(d2c289fb101fe2f42ba207591627a47e) Importer(2089858483,0ecaa5967403d082aa24f35e1b516d23)
Start importing Assets/NatureManufacture Assets/Coast Environment/Foliage and Grass/Textures/T_dune_plants_misc_N.png using Guid(d2c289fb101fe2f42ba207591627a47e) Importer(2089858483,0ecaa5967403d082aa24f35e1b516d23) [PhysX] Initialized MultithreadedTaskDispatcher with 16 workers.
 -> (artifact id: 'f36ab3464adccad87fe2c410b8c05673') in 0.078163 seconds
Number of updated asset objects reloaded before import = 0
Number of asset objects unloaded after import = 1
========================================================================
Received Import Request.
  Time since last request: 0.000052 seconds.
  path: Assets/NatureManufacture Assets/Coast Environment/Decals/Prefabs/Prefab_Decal_Shore_Sand.prefab
  artifactKey: Guid(1fd4c2e239c12f448beebff75cf962bc) Importer(2089858483,0ecaa5967403d082aa24f35e1b516d23)
Start importing Assets/NatureManufacture Assets/Coast Environment/Decals/Prefabs/Prefab_Decal_Shore_Sand.prefab using Guid(1fd4c2e239c12f448beebff75cf962bc) Importer(2089858483,0ecaa5967403d082aa24f35e1b516d23) [PhysX] Initialized MultithreadedTaskDispatcher with 16 workers.
 -> (artifact id: 'a149b9426114a32da4d433825ff17e71') in 0.031125 seconds
Number of updated asset objects reloaded before import = 0
Number of asset objects unloaded after import = 6
========================================================================
Received Import Request.
  Time since last request: 0.000051 seconds.
  path: Assets/NatureManufacture Assets/Coast Environment/Pine Trees/Prefabs/Prefab_Pine_beach_04_A.prefab
  artifactKey: Guid(3d28bf9145f8b724181204d9109d2c4f) Importer(2089858483,0ecaa5967403d082aa24f35e1b516d23)
Start importing Assets/NatureManufacture Assets/Coast Environment/Pine Trees/Prefabs/Prefab_Pine_beach_04_A.prefab using Guid(3d28bf9145f8b724181204d9109d2c4f) Importer(2089858483,0ecaa5967403d082aa24f35e1b516d23) [PhysX] Initialized MultithreadedTaskDispatcher with 16 workers.
 -> (artifact id: '718caaad87195bb6f76de8dfc1b9c5b6') in 0.027417 seconds
Number of updated asset objects reloaded before import = 0
Number of asset objects unloaded after import = 43
========================================================================
Received Import Request.
  Time since last request: 0.000046 seconds.
  path: Assets/NatureManufacture Assets/Coast Environment/Cliffs/Materials/M_escarpement_01_Sand_2_Clay.mat
  artifactKey: Guid(71e14c561ef74e44386ce02624f62d14) Importer(2089858483,0ecaa5967403d082aa24f35e1b516d23)
Start importing Assets/NatureManufacture Assets/Coast Environment/Cliffs/Materials/M_escarpement_01_Sand_2_Clay.mat using Guid(71e14c561ef74e44386ce02624f62d14) Importer(2089858483,0ecaa5967403d082aa24f35e1b516d23) [PhysX] Initialized MultithreadedTaskDispatcher with 16 workers.
 -> (artifact id: 'daa30acafd10a71c6b1a98478c1ccb6f') in 0.666518 seconds
Number of updated asset objects reloaded before import = 0
Number of asset objects unloaded after import = 11
========================================================================
Received Import Request.
  Time since last request: 0.000071 seconds.
  path: Assets/NatureManufacture Assets/Coast Environment/VFX/Prefabs/VFX_particle_sand_gust.vfx
  artifactKey: Guid(9072ede7054969e4fa398d6edd14568d) Importer(2089858483,0ecaa5967403d082aa24f35e1b516d23)
Start importing Assets/NatureManufacture Assets/Coast Environment/VFX/Prefabs/VFX_particle_sand_gust.vfx using Guid(9072ede7054969e4fa398d6edd14568d) Importer(2089858483,0ecaa5967403d082aa24f35e1b516d23) [PhysX] Initialized MultithreadedTaskDispatcher with 16 workers.
 -> (artifact id: '3d759d9692be39f4f516dd883a8ab2cb') in 0.073781 seconds
Number of updated asset objects reloaded before import = 0
Number of asset objects unloaded after import = 6
========================================================================
Received Import Request.
  Time since last request: 0.000064 seconds.
  path: Assets/NatureManufacture Assets/Coast Environment/Cliffs/Prefabs Layered Sand 1 Clay/Prefab_beach_escarpment_01_C_Sand_1_Clay.prefab
  artifactKey: Guid(2add86e53c87934488deb53f06b47202) Importer(2089858483,0ecaa5967403d082aa24f35e1b516d23)
Start importing Assets/NatureManufacture Assets/Coast Environment/Cliffs/Prefabs Layered Sand 1 Clay/Prefab_beach_escarpment_01_C_Sand_1_Clay.prefab using Guid(2add86e53c87934488deb53f06b47202) Importer(2089858483,0ecaa5967403d082aa24f35e1b516d23) [PhysX] Initialized MultithreadedTaskDispatcher with 16 workers.
 -> (artifact id: 'b2bb1dfa32072e7fdf4d8c9af5033257') in 0.028473 seconds
Number of updated asset objects reloaded before import = 0
Number of asset objects unloaded after import = 26
========================================================================
Received Import Request.
  Time since last request: 0.000039 seconds.
  path: Assets/NatureManufacture Assets/Coast Environment/Pine Trees/Meshes/Pine_beach_short_01.fbx
  artifactKey: Guid(7f99f88fec6ec7d44a7e29701450e473) Importer(2089858483,0ecaa5967403d082aa24f35e1b516d23)
Start importing Assets/NatureManufacture Assets/Coast Environment/Pine Trees/Meshes/Pine_beach_short_01.fbx using Guid(7f99f88fec6ec7d44a7e29701450e473) Importer(2089858483,0ecaa5967403d082aa24f35e1b516d23) [PhysX] Initialized MultithreadedTaskDispatcher with 16 workers.
 -> (artifact id: '0a30592e678e8e612ae771aa38527421') in 0.055584 seconds
Number of updated asset objects reloaded before import = 0
Number of asset objects unloaded after import = 15
========================================================================
Received Import Request.
  Time since last request: 0.000057 seconds.
  path: Assets/NatureManufacture Assets/Coast Environment/Wooden Fence/Models/wooden_fence_C.fbx
  artifactKey: Guid(886a52bd350aae744844bc937b2c3208) Importer(2089858483,0ecaa5967403d082aa24f35e1b516d23)
Start importing Assets/NatureManufacture Assets/Coast Environment/Wooden Fence/Models/wooden_fence_C.fbx using Guid(886a52bd350aae744844bc937b2c3208) Importer(2089858483,0ecaa5967403d082aa24f35e1b516d23) [PhysX] Initialized MultithreadedTaskDispatcher with 16 workers.
 -> (artifact id: '5933428bf613ac49bd696a5b10e6bd04') in 0.085594 seconds
Number of updated asset objects reloaded before import = 0
Number of asset objects unloaded after import = 20
========================================================================
Received Import Request.
  Time since last request: 0.000111 seconds.
  path: Assets/NatureManufacture Assets/Coast Environment/Cliffs/Prefabs Layered Sand 2 Clay/Prefab_beach_escarpment_02_D_Sand_2_Clay.prefab
  artifactKey: Guid(1c61fa7cd2d6c4a498af6032b367228a) Importer(2089858483,0ecaa5967403d082aa24f35e1b516d23)
Start importing Assets/NatureManufacture Assets/Coast Environment/Cliffs/Prefabs Layered Sand 2 Clay/Prefab_beach_escarpment_02_D_Sand_2_Clay.prefab using Guid(1c61fa7cd2d6c4a498af6032b367228a) Importer(2089858483,0ecaa5967403d082aa24f35e1b516d23) [PhysX] Initialized MultithreadedTaskDispatcher with 16 workers.
 -> (artifact id: 'f01d2135bfd496eb0afed729a0ec0159') in 0.041197 seconds
Number of updated asset objects reloaded before import = 0
Number of asset objects unloaded after import = 26
========================================================================
Received Import Request.
  Time since last request: 0.000037 seconds.
  path: Assets/NatureManufacture Assets/Coast Environment/Oak Trees/Meshes/dry_oak_02_B_LOD3_Cross.asset
  artifactKey: Guid(ec8b7d763e699374ea901208f2d78e49) Importer(2089858483,0ecaa5967403d082aa24f35e1b516d23)
Start importing Assets/NatureManufacture Assets/Coast Environment/Oak Trees/Meshes/dry_oak_02_B_LOD3_Cross.asset using Guid(ec8b7d763e699374ea901208f2d78e49) Importer(2089858483,0ecaa5967403d082aa24f35e1b516d23) [PhysX] Initialized MultithreadedTaskDispatcher with 16 workers.
 -> (artifact id: '905f2e52845aebacea5a2569de7345fa') in 0.022571 seconds
Number of updated asset objects reloaded before import = 0
Number of asset objects unloaded after import = 1
========================================================================
Received Import Request.
  Time since last request: 0.000060 seconds.
  path: Assets/NatureManufacture Assets/Coast Environment/Pine Trees/Materials/M_pine_beach_short_01_Cross.mat
  artifactKey: Guid(27ce2ae4062766a4daf340c081674507) Importer(2089858483,0ecaa5967403d082aa24f35e1b516d23)
Start importing Assets/NatureManufacture Assets/Coast Environment/Pine Trees/Materials/M_pine_beach_short_01_Cross.mat using Guid(27ce2ae4062766a4daf340c081674507) Importer(2089858483,0ecaa5967403d082aa24f35e1b516d23) [PhysX] Initialized MultithreadedTaskDispatcher with 16 workers.
 -> (artifact id: '711ec620d0bd52538746b1a53aed769d') in 0.048640 seconds
Number of updated asset objects reloaded before import = 0
Number of asset objects unloaded after import = 4
========================================================================
Received Import Request.
  Time since last request: 0.000052 seconds.
  path: Assets/NatureManufacture Assets/Coast Environment/Cliffs/Prefabs Layered Grass Clay/Prefab_beach_cliff_02_B_Grass_Clay.prefab
  artifactKey: Guid(0e8fb66c5b7b09143adfd89b601c39ec) Importer(2089858483,0ecaa5967403d082aa24f35e1b516d23)
Start importing Assets/NatureManufacture Assets/Coast Environment/Cliffs/Prefabs Layered Grass Clay/Prefab_beach_cliff_02_B_Grass_Clay.prefab using Guid(0e8fb66c5b7b09143adfd89b601c39ec) Importer(2089858483,0ecaa5967403d082aa24f35e1b516d23) [PhysX] Initialized MultithreadedTaskDispatcher with 16 workers.
 -> (artifact id: '633cb1341e4195935cb2478c4f9537be') in 0.037232 seconds
Number of updated asset objects reloaded before import = 0
Number of asset objects unloaded after import = 26
========================================================================
Received Import Request.
  Time since last request: 0.000062 seconds.
  path: Assets/NatureManufacture Assets/Coast Environment/Oak Trees/Textures/T_dry_oak_01_A_T.png
  artifactKey: Guid(c0dd4d08bb33d1d408a601b0e6e7e5a7) Importer(2089858483,0ecaa5967403d082aa24f35e1b516d23)
Start importing Assets/NatureManufacture Assets/Coast Environment/Oak Trees/Textures/T_dry_oak_01_A_T.png using Guid(c0dd4d08bb33d1d408a601b0e6e7e5a7) Importer(2089858483,0ecaa5967403d082aa24f35e1b516d23) [PhysX] Initialized MultithreadedTaskDispatcher with 16 workers.
 -> (artifact id: '8824c963b8036586207416bb845f4709') in 0.043185 seconds
Number of updated asset objects reloaded before import = 0
Number of asset objects unloaded after import = 1
========================================================================
Received Import Request.
  Time since last request: 0.000046 seconds.
  path: Assets/NatureManufacture Assets/Coast Environment/Pine Trees/Textures/T_pine_beach_short_02_BC.png
  artifactKey: Guid(b88660bbb6be3f843a8539df5b039e4b) Importer(2089858483,0ecaa5967403d082aa24f35e1b516d23)
Start importing Assets/NatureManufacture Assets/Coast Environment/Pine Trees/Textures/T_pine_beach_short_02_BC.png using Guid(b88660bbb6be3f843a8539df5b039e4b) Importer(2089858483,0ecaa5967403d082aa24f35e1b516d23) [PhysX] Initialized MultithreadedTaskDispatcher with 16 workers.
 -> (artifact id: 'cde04668b5eacb1444ce9853cd32106f') in 0.050476 seconds
Number of updated asset objects reloaded before import = 0
Number of asset objects unloaded after import = 1
========================================================================
Received Import Request.
  Time since last request: 0.000044 seconds.
  path: Assets/NatureManufacture Assets/Coast Environment/Cliffs/Prefabs Grass 1/Prefab_beach_escarpment_02_C_Grass_1.prefab
  artifactKey: Guid(34d30863cbc935e4eb60fbf2f3a30e44) Importer(2089858483,0ecaa5967403d082aa24f35e1b516d23)
Start importing Assets/NatureManufacture Assets/Coast Environment/Cliffs/Prefabs Grass 1/Prefab_beach_escarpment_02_C_Grass_1.prefab using Guid(34d30863cbc935e4eb60fbf2f3a30e44) Importer(2089858483,0ecaa5967403d082aa24f35e1b516d23) [PhysX] Initialized MultithreadedTaskDispatcher with 16 workers.
 -> (artifact id: 'af5be475e29225e12c28a2139df601b4') in 0.031918 seconds
Number of updated asset objects reloaded before import = 0
Number of asset objects unloaded after import = 26
========================================================================
Received Import Request.
  Time since last request: 0.000064 seconds.
  path: Assets/NatureManufacture Assets/Coast Environment/Foliage and Grass/Meshes/sea_pea_01.fbx
  artifactKey: Guid(d0484fddab98bfd45b5b27ea541ee9df) Importer(2089858483,0ecaa5967403d082aa24f35e1b516d23)
Start importing Assets/NatureManufacture Assets/Coast Environment/Foliage and Grass/Meshes/sea_pea_01.fbx using Guid(d0484fddab98bfd45b5b27ea541ee9df) Importer(2089858483,0ecaa5967403d082aa24f35e1b516d23) [PhysX] Initialized MultithreadedTaskDispatcher with 16 workers.
 -> (artifact id: '431355263e6e2b702f348ca49ff45924') in 0.049052 seconds
Number of updated asset objects reloaded before import = 0
Number of asset objects unloaded after import = 7
========================================================================
Received Import Request.
  Time since last request: 0.000071 seconds.
  path: Assets/NatureManufacture Assets/Coast Environment/Oak Trees/Textures/T_dry_oak_02_A_T.png
  artifactKey: Guid(1ee24b2723ceb3f499bcbe54d2def850) Importer(2089858483,0ecaa5967403d082aa24f35e1b516d23)
Start importing Assets/NatureManufacture Assets/Coast Environment/Oak Trees/Textures/T_dry_oak_02_A_T.png using Guid(1ee24b2723ceb3f499bcbe54d2def850) Importer(2089858483,0ecaa5967403d082aa24f35e1b516d23) [PhysX] Initialized MultithreadedTaskDispatcher with 16 workers.
 -> (artifact id: 'ebd98002b58c9609cfeb59375f71c2ca') in 0.039805 seconds
Number of updated asset objects reloaded before import = 0
Number of asset objects unloaded after import = 1
========================================================================
Received Import Request.
  Time since last request: 0.000054 seconds.
  path: Assets/NatureManufacture Assets/Coast Environment/Bushes/Prefabs/Prefab_beach_rose_03_flowers_pink.prefab
  artifactKey: Guid(a78febb8d304c7940a02dee202d57860) Importer(2089858483,0ecaa5967403d082aa24f35e1b516d23)
Start importing Assets/NatureManufacture Assets/Coast Environment/Bushes/Prefabs/Prefab_beach_rose_03_flowers_pink.prefab using Guid(a78febb8d304c7940a02dee202d57860) Importer(2089858483,0ecaa5967403d082aa24f35e1b516d23) [PhysX] Initialized MultithreadedTaskDispatcher with 16 workers.
 -> (artifact id: '0e1f9a125fe13e5bb5d30c49938b0e6d') in 0.028906 seconds
Number of updated asset objects reloaded before import = 0
Number of asset objects unloaded after import = 25
========================================================================
Received Import Request.
  Time since last request: 0.000047 seconds.
  path: Assets/NatureManufacture Assets/Coast Environment/Pine Trees/Textures/T_pine_beach_medium_01_BC.png
  artifactKey: Guid(20e211a400be3f848a6d8f028a65bc95) Importer(2089858483,0ecaa5967403d082aa24f35e1b516d23)
Start importing Assets/NatureManufacture Assets/Coast Environment/Pine Trees/Textures/T_pine_beach_medium_01_BC.png using Guid(20e211a400be3f848a6d8f028a65bc95) Importer(2089858483,0ecaa5967403d082aa24f35e1b516d23) [PhysX] Initialized MultithreadedTaskDispatcher with 16 workers.
 -> (artifact id: '56f9a952c8c5a247ef82f1302032d9ee') in 0.055867 seconds
Number of updated asset objects reloaded before import = 0
Number of asset objects unloaded after import = 1
========================================================================
Received Import Request.
  Time since last request: 0.000056 seconds.
  path: Assets/NatureManufacture Assets/Coast Environment/Ground/Materials/T_spline_ground_sand_04.mat
  artifactKey: Guid(50bfa4d35e8ffac46a7270ed0ad3af8a) Importer(2089858483,0ecaa5967403d082aa24f35e1b516d23)
Start importing Assets/NatureManufacture Assets/Coast Environment/Ground/Materials/T_spline_ground_sand_04.mat using Guid(50bfa4d35e8ffac46a7270ed0ad3af8a) Importer(2089858483,0ecaa5967403d082aa24f35e1b516d23) [PhysX] Initialized MultithreadedTaskDispatcher with 16 workers.
 -> (artifact id: 'ec1889be9b8f806191b9d4cf570c56a8') in 0.059020 seconds
Number of updated asset objects reloaded before import = 0
Number of asset objects unloaded after import = 5
========================================================================
Received Import Request.
  Time since last request: 0.000043 seconds.
  path: Assets/NatureManufacture Assets/Coast Environment/Decals/Textures/T_spline_ground_sand_02_AO_H_SM.png
  artifactKey: Guid(89b3150c65195e548acd056cce7fba67) Importer(2089858483,0ecaa5967403d082aa24f35e1b516d23)
Start importing Assets/NatureManufacture Assets/Coast Environment/Decals/Textures/T_spline_ground_sand_02_AO_H_SM.png using Guid(89b3150c65195e548acd056cce7fba67) Importer(2089858483,0ecaa5967403d082aa24f35e1b516d23) [PhysX] Initialized MultithreadedTaskDispatcher with 16 workers.
 -> (artifact id: 'ee4dda6a46317c664bf2c3a16e26c9e8') in 0.051452 seconds
Number of updated asset objects reloaded before import = 0
Number of asset objects unloaded after import = 1
========================================================================
Received Import Request.
  Time since last request: 0.000047 seconds.
  path: Assets/NatureManufacture Assets/Coast Environment/Pine Trees/Materials/M_pine_beach_medium_02_Cross.mat
  artifactKey: Guid(b48b76afa78c74643bb7ec14e01f0eb8) Importer(2089858483,0ecaa5967403d082aa24f35e1b516d23)
Start importing Assets/NatureManufacture Assets/Coast Environment/Pine Trees/Materials/M_pine_beach_medium_02_Cross.mat using Guid(b48b76afa78c74643bb7ec14e01f0eb8) Importer(2089858483,0ecaa5967403d082aa24f35e1b516d23) [PhysX] Initialized MultithreadedTaskDispatcher with 16 workers.
 -> (artifact id: '580b6ab03d51638da4a64d70a86388e6') in 0.036582 seconds
Number of updated asset objects reloaded before import = 0
Number of asset objects unloaded after import = 4
========================================================================
Received Import Request.
  Time since last request: 0.000034 seconds.
  path: Assets/NatureManufacture Assets/Coast Environment/Cliffs/Prefabs Sand 2/Prefab_beach_cliff_01_C_Sand_2.prefab
  artifactKey: Guid(6c4c83d5c710a4c49b78a02d4f382ba3) Importer(2089858483,0ecaa5967403d082aa24f35e1b516d23)
Start importing Assets/NatureManufacture Assets/Coast Environment/Cliffs/Prefabs Sand 2/Prefab_beach_cliff_01_C_Sand_2.prefab using Guid(6c4c83d5c710a4c49b78a02d4f382ba3) Importer(2089858483,0ecaa5967403d082aa24f35e1b516d23) [PhysX] Initialized MultithreadedTaskDispatcher with 16 workers.
 -> (artifact id: '24bbaacf07f3af9baff6b1609eda7e20') in 0.027810 seconds
Number of updated asset objects reloaded before import = 0
Number of asset objects unloaded after import = 26
========================================================================
Received Import Request.
  Time since last request: 0.000033 seconds.
  path: Assets/NatureManufacture Assets/Coast Environment/Pine Trees/Textures/T_pine_beach_01_A_T.png
  artifactKey: Guid(d432b94621e46f041978f8978730e0ae) Importer(2089858483,0ecaa5967403d082aa24f35e1b516d23)
Start importing Assets/NatureManufacture Assets/Coast Environment/Pine Trees/Textures/T_pine_beach_01_A_T.png using Guid(d432b94621e46f041978f8978730e0ae) Importer(2089858483,0ecaa5967403d082aa24f35e1b516d23) [PhysX] Initialized MultithreadedTaskDispatcher with 16 workers.
 -> (artifact id: 'd13a0cf6998e10693fd270f8707259e8') in 0.043518 seconds
Number of updated asset objects reloaded before import = 0
Number of asset objects unloaded after import = 1
========================================================================
Received Import Request.
  Time since last request: 0.000058 seconds.
  path: Assets/NatureManufacture Assets/Coast Environment/Ground/Textures/T_ground_sand_13_H.png
  artifactKey: Guid(47f3d85d87c602f44b005c2736e1b25a) Importer(2089858483,0ecaa5967403d082aa24f35e1b516d23)
Start importing Assets/NatureManufacture Assets/Coast Environment/Ground/Textures/T_ground_sand_13_H.png using Guid(47f3d85d87c602f44b005c2736e1b25a) Importer(2089858483,0ecaa5967403d082aa24f35e1b516d23) [PhysX] Initialized MultithreadedTaskDispatcher with 16 workers.
 -> (artifact id: '386f9845ee5a66022ad04f64de22421e') in 0.050209 seconds
Number of updated asset objects reloaded before import = 0
Number of asset objects unloaded after import = 1
========================================================================
Received Import Request.
  Time since last request: 0.000058 seconds.
  path: Assets/NatureManufacture Assets/Coast Environment/Cliffs/Prefabs Sand 1/Prefab_beach_cliff_01_C_Sand_1.prefab
  artifactKey: Guid(099fc232870e1d647a72c505e55ebffd) Importer(2089858483,0ecaa5967403d082aa24f35e1b516d23)
Start importing Assets/NatureManufacture Assets/Coast Environment/Cliffs/Prefabs Sand 1/Prefab_beach_cliff_01_C_Sand_1.prefab using Guid(099fc232870e1d647a72c505e55ebffd) Importer(2089858483,0ecaa5967403d082aa24f35e1b516d23) [PhysX] Initialized MultithreadedTaskDispatcher with 16 workers.
 -> (artifact id: '233317ed3440b48fb635fe1540b1ab9a') in 0.032471 seconds
Number of updated asset objects reloaded before import = 0
Number of asset objects unloaded after import = 26
========================================================================
Received Import Request.
  Time since last request: 0.000037 seconds.
  path: Assets/NatureManufacture Assets/Coast Environment/Oak Trees/Prefabs/Prefab_dry_oak_02_A.prefab
  artifactKey: Guid(ea2d06060d476ff40a2a6c9a914d4ab8) Importer(2089858483,0ecaa5967403d082aa24f35e1b516d23)
Start importing Assets/NatureManufacture Assets/Coast Environment/Oak Trees/Prefabs/Prefab_dry_oak_02_A.prefab using Guid(ea2d06060d476ff40a2a6c9a914d4ab8) Importer(2089858483,0ecaa5967403d082aa24f35e1b516d23) [PhysX] Initialized MultithreadedTaskDispatcher with 16 workers.
 -> (artifact id: '885b71785a86e7eb7b2e3705f9e09732') in 0.028668 seconds
Number of updated asset objects reloaded before import = 0
Number of asset objects unloaded after import = 43
========================================================================
Received Import Request.
  Time since last request: 0.000064 seconds.
  path: Assets/NatureManufacture Assets/Coast Environment/Wooden Pales/Textures
  artifactKey: Guid(61175d3e47146e04ab787a0a8b37c2d9) Importer(2089858483,0ecaa5967403d082aa24f35e1b516d23)
Start importing Assets/NatureManufacture Assets/Coast Environment/Wooden Pales/Textures using Guid(61175d3e47146e04ab787a0a8b37c2d9) Importer(2089858483,0ecaa5967403d082aa24f35e1b516d23) [PhysX] Initialized MultithreadedTaskDispatcher with 16 workers.
 -> (artifact id: '55727d986938216ffe81a57c435fc380') in 0.019950 seconds
Number of updated asset objects reloaded before import = 0
Number of asset objects unloaded after import = 1
========================================================================
Received Import Request.
  Time since last request: 0.000059 seconds.
  path: Assets/NatureManufacture Assets/Coast Environment/Pine Trees/Textures/T_pine_beach_01_A_BC.png
  artifactKey: Guid(469f9fd7ef7b2da44ab172d75712b0bd) Importer(2089858483,0ecaa5967403d082aa24f35e1b516d23)
Start importing Assets/NatureManufacture Assets/Coast Environment/Pine Trees/Textures/T_pine_beach_01_A_BC.png using Guid(469f9fd7ef7b2da44ab172d75712b0bd) Importer(2089858483,0ecaa5967403d082aa24f35e1b516d23) [PhysX] Initialized MultithreadedTaskDispatcher with 16 workers.
 -> (artifact id: 'cd362d25b9ab2c2cf74a7b821452bdee') in 0.047344 seconds
Number of updated asset objects reloaded before import = 0
Number of asset objects unloaded after import = 1
========================================================================
Received Import Request.
  Time since last request: 0.000038 seconds.
  path: Assets/NatureManufacture Assets/River Auto Material 3/VFX/Prefabs
  artifactKey: Guid(f217f83b189f526408519f24a562c4ef) Importer(2089858483,0ecaa5967403d082aa24f35e1b516d23)
Start importing Assets/NatureManufacture Assets/River Auto Material 3/VFX/Prefabs using Guid(f217f83b189f526408519f24a562c4ef) Importer(2089858483,0ecaa5967403d082aa24f35e1b516d23) [PhysX] Initialized MultithreadedTaskDispatcher with 16 workers.
 -> (artifact id: 'c6f87d00c0d705e92f8aa2895850e935') in 0.019212 seconds
Number of updated asset objects reloaded before import = 0
Number of asset objects unloaded after import = 1
========================================================================
Received Import Request.
  Time since last request: 0.000044 seconds.
  path: Assets/NatureManufacture Assets/Coast Environment/Bushes/Prefabs/Prefab_sea_buckthorn_01.prefab
  artifactKey: Guid(e06d8f04c70aed44896ff1e3ed3aaf1b) Importer(2089858483,0ecaa5967403d082aa24f35e1b516d23)
Start importing Assets/NatureManufacture Assets/Coast Environment/Bushes/Prefabs/Prefab_sea_buckthorn_01.prefab using Guid(e06d8f04c70aed44896ff1e3ed3aaf1b) Importer(2089858483,0ecaa5967403d082aa24f35e1b516d23) [PhysX] Initialized MultithreadedTaskDispatcher with 16 workers.
 -> (artifact id: 'a10442e3aa8d9fcea80550f4a425ae00') in 0.026141 seconds
Number of updated asset objects reloaded before import = 0
Number of asset objects unloaded after import = 15
========================================================================
Received Import Request.
  Time since last request: 0.000050 seconds.
  path: Assets/NatureManufacture Assets/Coast Environment/Ground/Materials/T_ground_sand_13.mat
  artifactKey: Guid(4657a09bd3552914989ef0d59b91f32c) Importer(2089858483,0ecaa5967403d082aa24f35e1b516d23)
Start importing Assets/NatureManufacture Assets/Coast Environment/Ground/Materials/T_ground_sand_13.mat using Guid(4657a09bd3552914989ef0d59b91f32c) Importer(2089858483,0ecaa5967403d082aa24f35e1b516d23) [PhysX] Initialized MultithreadedTaskDispatcher with 16 workers.
 -> (artifact id: 'ec184bae954631e478a689f90183293c') in 0.052472 seconds
Number of updated asset objects reloaded before import = 0
Number of asset objects unloaded after import = 5
========================================================================
Received Import Request.
  Time since last request: 0.000067 seconds.
  path: Assets/NatureManufacture Assets/Coast Environment/Decals
  artifactKey: Guid(191ec94b852be7f42bfab9db6b87c048) Importer(2089858483,0ecaa5967403d082aa24f35e1b516d23)
Start importing Assets/NatureManufacture Assets/Coast Environment/Decals using Guid(191ec94b852be7f42bfab9db6b87c048) Importer(2089858483,0ecaa5967403d082aa24f35e1b516d23) [PhysX] Initialized MultithreadedTaskDispatcher with 16 workers.
 -> (artifact id: '5951b2337a0504cf87fd7fcd916b69f9') in 0.021008 seconds
Number of updated asset objects reloaded before import = 0
Number of asset objects unloaded after import = 1
========================================================================
Received Import Request.
  Time since last request: 0.000062 seconds.
  path: Assets/NatureManufacture Assets/Coast Environment/Ground/Textures/T_ground_sand_03_BC.png
  artifactKey: Guid(8dc58dc31e9d40b46a1dba836fcd4282) Importer(2089858483,0ecaa5967403d082aa24f35e1b516d23)
Start importing Assets/NatureManufacture Assets/Coast Environment/Ground/Textures/T_ground_sand_03_BC.png using Guid(8dc58dc31e9d40b46a1dba836fcd4282) Importer(2089858483,0ecaa5967403d082aa24f35e1b516d23) [PhysX] Initialized MultithreadedTaskDispatcher with 16 workers.
 -> (artifact id: '1a987f4888a8199042e10d53c88ae8ae') in 0.047666 seconds
Number of updated asset objects reloaded before import = 0
Number of asset objects unloaded after import = 1
========================================================================
Received Import Request.
  Time since last request: 0.000041 seconds.
  path: Assets/NatureManufacture Assets/Coast Environment/Cliffs/Models/beach_escarpment_02_B.fbx
  artifactKey: Guid(c158e091171efd94eb295c010db0f9de) Importer(2089858483,0ecaa5967403d082aa24f35e1b516d23)
Start importing Assets/NatureManufacture Assets/Coast Environment/Cliffs/Models/beach_escarpment_02_B.fbx using Guid(c158e091171efd94eb295c010db0f9de) Importer(2089858483,0ecaa5967403d082aa24f35e1b516d23) [PhysX] Initialized MultithreadedTaskDispatcher with 16 workers.
 -> (artifact id: '0f91788634e3b2913e8e38f906a02270') in 0.071935 seconds
Number of updated asset objects reloaded before import = 0
Number of asset objects unloaded after import = 25
========================================================================
Received Import Request.
  Time since last request: 0.000047 seconds.
  path: Assets/NatureManufacture Assets/Coast Environment/Water Materials
  artifactKey: Guid(b34d48f3bcaa9c04ca08e2399345e848) Importer(2089858483,0ecaa5967403d082aa24f35e1b516d23)
Start importing Assets/NatureManufacture Assets/Coast Environment/Water Materials using Guid(b34d48f3bcaa9c04ca08e2399345e848) Importer(2089858483,0ecaa5967403d082aa24f35e1b516d23) [PhysX] Initialized MultithreadedTaskDispatcher with 16 workers.
 -> (artifact id: '0bf2515db788971d6a23b25dbdf58813') in 0.020594 seconds
Number of updated asset objects reloaded before import = 0
Number of asset objects unloaded after import = 1
========================================================================
Received Import Request.
  Time since last request: 0.000037 seconds.
  path: Assets/NatureManufacture Assets/Coast Environment/Oak Trees/Textures/T_dry_oak_01_B_T.png
  artifactKey: Guid(94f836fe4ea670a4e91cb2e487cc7f03) Importer(2089858483,0ecaa5967403d082aa24f35e1b516d23)
Start importing Assets/NatureManufacture Assets/Coast Environment/Oak Trees/Textures/T_dry_oak_01_B_T.png using Guid(94f836fe4ea670a4e91cb2e487cc7f03) Importer(2089858483,0ecaa5967403d082aa24f35e1b516d23) [PhysX] Initialized MultithreadedTaskDispatcher with 16 workers.
 -> (artifact id: '853f30b1c8bfe583f5c40b0ab31062aa') in 0.046418 seconds
Number of updated asset objects reloaded before import = 0
Number of asset objects unloaded after import = 1
========================================================================
Received Import Request.
  Time since last request: 0.000062 seconds.
  path: Assets/NatureManufacture Assets/Coast Environment/Wooden Pales/Meshes
  artifactKey: Guid(f3d2def371d03314f86b0bc7cf6e5325) Importer(2089858483,0ecaa5967403d082aa24f35e1b516d23)
Start importing Assets/NatureManufacture Assets/Coast Environment/Wooden Pales/Meshes using Guid(f3d2def371d03314f86b0bc7cf6e5325) Importer(2089858483,0ecaa5967403d082aa24f35e1b516d23) [PhysX] Initialized MultithreadedTaskDispatcher with 16 workers.
 -> (artifact id: '6360d25d2aafae38d823820780dbd9b6') in 0.022591 seconds
Number of updated asset objects reloaded before import = 0
Number of asset objects unloaded after import = 1
========================================================================
Received Import Request.
  Time since last request: 0.000069 seconds.
  path: Assets/NatureManufacture Assets/Coast Environment/Pine Trees/Materials/M_pine_beach_crooked_01_Cross.mat
  artifactKey: Guid(73174e1a7ea21794c8a0aa52a219deda) Importer(2089858483,0ecaa5967403d082aa24f35e1b516d23)
Start importing Assets/NatureManufacture Assets/Coast Environment/Pine Trees/Materials/M_pine_beach_crooked_01_Cross.mat using Guid(73174e1a7ea21794c8a0aa52a219deda) Importer(2089858483,0ecaa5967403d082aa24f35e1b516d23) [PhysX] Initialized MultithreadedTaskDispatcher with 16 workers.
 -> (artifact id: 'f5c8eda9f3390c3a3e2dcce16c2ba986') in 0.039102 seconds
Number of updated asset objects reloaded before import = 0
Number of asset objects unloaded after import = 4
========================================================================
Received Import Request.
  Time since last request: 0.000082 seconds.
  path: Assets/NatureManufacture Assets/Coast Environment/Pine Trees/Meshes/pine_beach_medium_02_LOD3_Cross.asset
  artifactKey: Guid(83e52ba14f7f59b46a5807141d004b59) Importer(2089858483,0ecaa5967403d082aa24f35e1b516d23)
Start importing Assets/NatureManufacture Assets/Coast Environment/Pine Trees/Meshes/pine_beach_medium_02_LOD3_Cross.asset using Guid(83e52ba14f7f59b46a5807141d004b59) Importer(2089858483,0ecaa5967403d082aa24f35e1b516d23) [PhysX] Initialized MultithreadedTaskDispatcher with 16 workers.
 -> (artifact id: 'f00256079d9c16f317ffd9af59ad7e3a') in 0.020167 seconds
Number of updated asset objects reloaded before import = 0
Number of asset objects unloaded after import = 1
========================================================================
Received Import Request.
  Time since last request: 0.000036 seconds.
  path: Assets/NatureManufacture Assets/Coast Environment/Decals/Textures
  artifactKey: Guid(948acfee55eb0db45885f501cdaa431f) Importer(2089858483,0ecaa5967403d082aa24f35e1b516d23)
Start importing Assets/NatureManufacture Assets/Coast Environment/Decals/Textures using Guid(948acfee55eb0db45885f501cdaa431f) Importer(2089858483,0ecaa5967403d082aa24f35e1b516d23) [PhysX] Initialized MultithreadedTaskDispatcher with 16 workers.
 -> (artifact id: 'ff26b799a97f70b752f8b68d201dc157') in 0.018707 seconds
Number of updated asset objects reloaded before import = 0
Number of asset objects unloaded after import = 1
========================================================================
Received Import Request.
  Time since last request: 0.000036 seconds.
  path: Assets/NatureManufacture Assets/Coast Environment/Ground/Textures/T_Detail_02_Ny_SM_BC_Nx.png
  artifactKey: Guid(b2d870ca8f480274c8d512cd4a87afa2) Importer(2089858483,0ecaa5967403d082aa24f35e1b516d23)
Start importing Assets/NatureManufacture Assets/Coast Environment/Ground/Textures/T_Detail_02_Ny_SM_BC_Nx.png using Guid(b2d870ca8f480274c8d512cd4a87afa2) Importer(2089858483,0ecaa5967403d082aa24f35e1b516d23) [PhysX] Initialized MultithreadedTaskDispatcher with 16 workers.
 -> (artifact id: '408361c2d747319dfb549ef81b7681c5') in 0.059507 seconds
Number of updated asset objects reloaded before import = 0
Number of asset objects unloaded after import = 1
========================================================================
Received Import Request.
  Time since last request: 0.000062 seconds.
  path: Assets/NatureManufacture Assets/Coast Environment/Decals/Materials/M_Decal_Rocks_Small.mat
  artifactKey: Guid(598dad33fc152f94e99ca065efdc71e8) Importer(2089858483,0ecaa5967403d082aa24f35e1b516d23)
Start importing Assets/NatureManufacture Assets/Coast Environment/Decals/Materials/M_Decal_Rocks_Small.mat using Guid(598dad33fc152f94e99ca065efdc71e8) Importer(2089858483,0ecaa5967403d082aa24f35e1b516d23) [PhysX] Initialized MultithreadedTaskDispatcher with 16 workers.
 -> (artifact id: '697f51146fd18e6f5bd5ad2419085e58') in 0.052015 seconds
Number of updated asset objects reloaded before import = 0
Number of asset objects unloaded after import = 4
========================================================================
Received Import Request.
  Time since last request: 0.000043 seconds.
  path: Assets/NatureManufacture Assets/Coast Environment/Pine Trees/Materials/M_pine_beach_02_A_Cross_No_Wind.mat
  artifactKey: Guid(ea957a994b8dd0b4281d79ac06c5fb23) Importer(2089858483,0ecaa5967403d082aa24f35e1b516d23)
Start importing Assets/NatureManufacture Assets/Coast Environment/Pine Trees/Materials/M_pine_beach_02_A_Cross_No_Wind.mat using Guid(ea957a994b8dd0b4281d79ac06c5fb23) Importer(2089858483,0ecaa5967403d082aa24f35e1b516d23) [PhysX] Initialized MultithreadedTaskDispatcher with 16 workers.
 -> (artifact id: 'eb8a536294eadd44a82c9a331b77180d') in 0.052913 seconds
Number of updated asset objects reloaded before import = 0
Number of asset objects unloaded after import = 4
========================================================================
Received Import Request.
  Time since last request: 0.000042 seconds.
  path: Assets/NatureManufacture Assets/Coast Environment/Cliffs/Materials/M_beach_cliffs_01_grass_1.mat
  artifactKey: Guid(ca19e2706684369408c26f1612384bd4) Importer(2089858483,0ecaa5967403d082aa24f35e1b516d23)
Start importing Assets/NatureManufacture Assets/Coast Environment/Cliffs/Materials/M_beach_cliffs_01_grass_1.mat using Guid(ca19e2706684369408c26f1612384bd4) Importer(2089858483,0ecaa5967403d082aa24f35e1b516d23) [PhysX] Initialized MultithreadedTaskDispatcher with 16 workers.
 -> (artifact id: '81bc946a3e0033b845fe11d594d26eec') in 0.578187 seconds
Number of updated asset objects reloaded before import = 0
Number of asset objects unloaded after import = 9
========================================================================
Received Import Request.
  Time since last request: 0.000103 seconds.
  path: Assets/NatureManufacture Assets/Coast Environment/Ground/Textures/T_ground_sand_15_a_AO_H_SM.png
  artifactKey: Guid(645e99654dd70774fabe11a2b6f787d6) Importer(2089858483,0ecaa5967403d082aa24f35e1b516d23)
Start importing Assets/NatureManufacture Assets/Coast Environment/Ground/Textures/T_ground_sand_15_a_AO_H_SM.png using Guid(645e99654dd70774fabe11a2b6f787d6) Importer(2089858483,0ecaa5967403d082aa24f35e1b516d23) [PhysX] Initialized MultithreadedTaskDispatcher with 16 workers.
 -> (artifact id: '10bce4f6c9ba4cc1cbfaa02390aa11c9') in 0.046254 seconds
Number of updated asset objects reloaded before import = 0
Number of asset objects unloaded after import = 1
========================================================================
Received Import Request.
  Time since last request: 0.000040 seconds.
  path: Assets/NatureManufacture Assets/River Auto Material 3/VFX/Prefabs/RAM_Waterfall_Top_Clouds.vfx
  artifactKey: Guid(d71405cc5be404449a2eb6f10890997d) Importer(2089858483,0ecaa5967403d082aa24f35e1b516d23)
Start importing Assets/NatureManufacture Assets/River Auto Material 3/VFX/Prefabs/RAM_Waterfall_Top_Clouds.vfx using Guid(d71405cc5be404449a2eb6f10890997d) Importer(2089858483,0ecaa5967403d082aa24f35e1b516d23) [PhysX] Initialized MultithreadedTaskDispatcher with 16 workers.
 -> (artifact id: '3ca1726218794caa201fc0a5d19de298') in 0.038581 seconds
Number of updated asset objects reloaded before import = 0
Number of asset objects unloaded after import = 6
========================================================================
Received Import Request.
  Time since last request: 0.000061 seconds.
  path: Assets/NatureManufacture Assets/Coast Environment/Bushes/Models/beach_rose_05.fbx
  artifactKey: Guid(50760c8f4fbc1bc4a99904225d6cb9ba) Importer(2089858483,0ecaa5967403d082aa24f35e1b516d23)
Start importing Assets/NatureManufacture Assets/Coast Environment/Bushes/Models/beach_rose_05.fbx using Guid(50760c8f4fbc1bc4a99904225d6cb9ba) Importer(2089858483,0ecaa5967403d082aa24f35e1b516d23) [PhysX] Initialized MultithreadedTaskDispatcher with 16 workers.
 -> (artifact id: 'a287c37193c73aca64f1663483164878') in 0.060991 seconds
Number of updated asset objects reloaded before import = 0
Number of asset objects unloaded after import = 20
========================================================================
Received Import Request.
  Time since last request: 0.000081 seconds.
  path: Assets/NatureManufacture Assets/Coast Environment/Cliffs/Prefabs Layered Grass Clay/Prefab_beach_escarpment_02_A_Grass_Clay.prefab
  artifactKey: Guid(94f80b81ba50219499a8d62f5f37f29e) Importer(2089858483,0ecaa5967403d082aa24f35e1b516d23)
Start importing Assets/NatureManufacture Assets/Coast Environment/Cliffs/Prefabs Layered Grass Clay/Prefab_beach_escarpment_02_A_Grass_Clay.prefab using Guid(94f80b81ba50219499a8d62f5f37f29e) Importer(2089858483,0ecaa5967403d082aa24f35e1b516d23) [PhysX] Initialized MultithreadedTaskDispatcher with 16 workers.
 -> (artifact id: '5077ab20165ec835644e6d1f89983bb6') in 0.029536 seconds
Number of updated asset objects reloaded before import = 0
Number of asset objects unloaded after import = 26
========================================================================
Received Import Request.
  Time since last request: 0.000068 seconds.
  path: Assets/NatureManufacture Assets/Coast Environment/Pine Trees/Textures/T_pine_beach_small_02_N.png
  artifactKey: Guid(3a4fde1ecaf41d54fbcec9e10635601b) Importer(2089858483,0ecaa5967403d082aa24f35e1b516d23)
Start importing Assets/NatureManufacture Assets/Coast Environment/Pine Trees/Textures/T_pine_beach_small_02_N.png using Guid(3a4fde1ecaf41d54fbcec9e10635601b) Importer(2089858483,0ecaa5967403d082aa24f35e1b516d23) [PhysX] Initialized MultithreadedTaskDispatcher with 16 workers.
 -> (artifact id: 'c283ea596b0fdc0553f77313cf6f917e') in 0.048150 seconds
Number of updated asset objects reloaded before import = 0
Number of asset objects unloaded after import = 1
========================================================================
Received Import Request.
  Time since last request: 0.000088 seconds.
  path: Assets/NatureManufacture Assets/Coast Environment/Decals/Prefabs/Prefab_Decal_Clay_03.prefab
  artifactKey: Guid(9b5b237d182d66c48a6222163512f772) Importer(2089858483,0ecaa5967403d082aa24f35e1b516d23)
Start importing Assets/NatureManufacture Assets/Coast Environment/Decals/Prefabs/Prefab_Decal_Clay_03.prefab using Guid(9b5b237d182d66c48a6222163512f772) Importer(2089858483,0ecaa5967403d082aa24f35e1b516d23) [PhysX] Initialized MultithreadedTaskDispatcher with 16 workers.
 -> (artifact id: '2a26c178c8e24eece3be5c7613e35f3b') in 0.031454 seconds
Number of updated asset objects reloaded before import = 6
Number of asset objects unloaded after import = 6
========================================================================
Received Import Request.
  Time since last request: 0.984263 seconds.
  path: Assets/NatureManufacture Assets/Spline System/Scripts/Lake/LakePolygonFactory.cs
  artifactKey: Guid(c60c55dfb71b4c6983319b5106d220ff) Importer(2089858483,0ecaa5967403d082aa24f35e1b516d23)
Start importing Assets/NatureManufacture Assets/Spline System/Scripts/Lake/LakePolygonFactory.cs using Guid(c60c55dfb71b4c6983319b5106d220ff) Importer(2089858483,0ecaa5967403d082aa24f35e1b516d23) [PhysX] Initialized MultithreadedTaskDispatcher with 16 workers.
 -> (artifact id: 'b904df9c519c0dce8fff91d3a74339b9') in 0.025636 seconds
Number of updated asset objects reloaded before import = 0
Number of asset objects unloaded after import = 1
========================================================================
Received Import Request.
  Time since last request: 0.000060 seconds.
  path: Assets/NatureManufacture Assets/Coast Environment/Oak Trees/Meshes/dry_oak_02_C.fbx
  artifactKey: Guid(2a366a8072070f34da3e10567768fd15) Importer(2089858483,0ecaa5967403d082aa24f35e1b516d23)
Start importing Assets/NatureManufacture Assets/Coast Environment/Oak Trees/Meshes/dry_oak_02_C.fbx using Guid(2a366a8072070f34da3e10567768fd15) Importer(2089858483,0ecaa5967403d082aa24f35e1b516d23) [PhysX] Initialized MultithreadedTaskDispatcher with 16 workers.
 -> (artifact id: '1368e76cba338bb3ba5490e84c609b52') in 0.052077 seconds
Number of updated asset objects reloaded before import = 0
Number of asset objects unloaded after import = 20
========================================================================
Received Import Request.
  Time since last request: 0.000054 seconds.
  path: Assets/NatureManufacture Assets/Coast Environment/Cliffs/Materials/M_beach_cliffs_02_sand_2.mat
  artifactKey: Guid(bae4e2b999972374ca1e9f5e6119e424) Importer(2089858483,0ecaa5967403d082aa24f35e1b516d23)
Start importing Assets/NatureManufacture Assets/Coast Environment/Cliffs/Materials/M_beach_cliffs_02_sand_2.mat using Guid(bae4e2b999972374ca1e9f5e6119e424) Importer(2089858483,0ecaa5967403d082aa24f35e1b516d23) [PhysX] Initialized MultithreadedTaskDispatcher with 16 workers.
 -> (artifact id: 'a0c962ea10e9e0a97bdc197fe712b5a8') in 0.554623 seconds
Number of updated asset objects reloaded before import = 0
Number of asset objects unloaded after import = 9
========================================================================
Received Import Request.
  Time since last request: 0.000041 seconds.
  path: Assets/NatureManufacture Assets/Coast Environment/Wooden Fence/Models/wooden_fence_pole_B.fbx
  artifactKey: Guid(c808b122a29264d47a8b76508531ce75) Importer(2089858483,0ecaa5967403d082aa24f35e1b516d23)
Start importing Assets/NatureManufacture Assets/Coast Environment/Wooden Fence/Models/wooden_fence_pole_B.fbx using Guid(c808b122a29264d47a8b76508531ce75) Importer(2089858483,0ecaa5967403d082aa24f35e1b516d23) [PhysX] Initialized MultithreadedTaskDispatcher with 16 workers.
 -> (artifact id: 'f3be65b96d816b97bcfa582c8007d9cf') in 0.065589 seconds
Number of updated asset objects reloaded before import = 0
Number of asset objects unloaded after import = 20
========================================================================
Received Import Request.
  Time since last request: 0.000061 seconds.
  path: Assets/NatureManufacture Assets/Coast Environment/Pine Trees/Textures/T_Pine_atlas_02_BC_dds.dds
  artifactKey: Guid(9dc08ff2eb7b1a34580e4b30028c2681) Importer(2089858483,0ecaa5967403d082aa24f35e1b516d23)
Start importing Assets/NatureManufacture Assets/Coast Environment/Pine Trees/Textures/T_Pine_atlas_02_BC_dds.dds using Guid(9dc08ff2eb7b1a34580e4b30028c2681) Importer(2089858483,0ecaa5967403d082aa24f35e1b516d23) [PhysX] Initialized MultithreadedTaskDispatcher with 16 workers.
 -> (artifact id: 'ec2bc7a70513c42d42d5bb5a4a2a46ff') in 0.058580 seconds
Number of updated asset objects reloaded before import = 0
Number of asset objects unloaded after import = 1
========================================================================
Received Import Request.
  Time since last request: 0.000064 seconds.
  path: Assets/NatureManufacture Assets/Coast Environment/Cliffs/Prefabs Layered Sand 2 Clay/Prefab_beach_cliff_01_ending_right_Sand_2_Clay.prefab
  artifactKey: Guid(90d809595f17add4983d3dc2ad9d850c) Importer(2089858483,0ecaa5967403d082aa24f35e1b516d23)
Start importing Assets/NatureManufacture Assets/Coast Environment/Cliffs/Prefabs Layered Sand 2 Clay/Prefab_beach_cliff_01_ending_right_Sand_2_Clay.prefab using Guid(90d809595f17add4983d3dc2ad9d850c) Importer(2089858483,0ecaa5967403d082aa24f35e1b516d23) [PhysX] Initialized MultithreadedTaskDispatcher with 16 workers.
 -> (artifact id: '8850d3bbadafa26680850e8178bd6877') in 0.031532 seconds
Number of updated asset objects reloaded before import = 0
Number of asset objects unloaded after import = 26
========================================================================
Received Import Request.
  Time since last request: 0.000035 seconds.
  path: Assets/NatureManufacture Assets/Coast Environment/Oak Trees/Textures/T_dry_oak_02_C_T.png
  artifactKey: Guid(c37dfe06db923b844b37b2bf0ddd7af9) Importer(2089858483,0ecaa5967403d082aa24f35e1b516d23)
Start importing Assets/NatureManufacture Assets/Coast Environment/Oak Trees/Textures/T_dry_oak_02_C_T.png using Guid(c37dfe06db923b844b37b2bf0ddd7af9) Importer(2089858483,0ecaa5967403d082aa24f35e1b516d23) [PhysX] Initialized MultithreadedTaskDispatcher with 16 workers.
 -> (artifact id: '18be154473f33c626bd6995ef3566988') in 0.045760 seconds
Number of updated asset objects reloaded before import = 0
Number of asset objects unloaded after import = 1
========================================================================
Received Import Request.
  Time since last request: 0.000044 seconds.
  path: Assets/NatureManufacture Assets/Coast Environment/Bushes/Prefabs/Prefab_sea_buckthorn_06.prefab
  artifactKey: Guid(bb8721a4d4efc354d870f7caa59417ec) Importer(2089858483,0ecaa5967403d082aa24f35e1b516d23)
Start importing Assets/NatureManufacture Assets/Coast Environment/Bushes/Prefabs/Prefab_sea_buckthorn_06.prefab using Guid(bb8721a4d4efc354d870f7caa59417ec) Importer(2089858483,0ecaa5967403d082aa24f35e1b516d23) [PhysX] Initialized MultithreadedTaskDispatcher with 16 workers.
 -> (artifact id: 'fa290aad3e5bc112e7ce717cbe1a0862') in 0.027619 seconds
Number of updated asset objects reloaded before import = 0
Number of asset objects unloaded after import = 15
========================================================================
Received Import Request.
  Time since last request: 0.000045 seconds.
  path: Assets/NatureManufacture Assets/Coast Environment/Oak Trees/Textures/T_dry_oak_01_D_N.png
  artifactKey: Guid(b224490db86b2fb488b1e633ab9ac632) Importer(2089858483,0ecaa5967403d082aa24f35e1b516d23)
Start importing Assets/NatureManufacture Assets/Coast Environment/Oak Trees/Textures/T_dry_oak_01_D_N.png using Guid(b224490db86b2fb488b1e633ab9ac632) Importer(2089858483,0ecaa5967403d082aa24f35e1b516d23) [PhysX] Initialized MultithreadedTaskDispatcher with 16 workers.
 -> (artifact id: 'acb68c910d57d086d35673474cd3400e') in 0.053548 seconds
Number of updated asset objects reloaded before import = 0
Number of asset objects unloaded after import = 1
========================================================================
Received Import Request.
  Time since last request: 0.000050 seconds.
  path: Assets/NatureManufacture Assets/Coast Environment/Pine Trees/Textures/T_Pine_beach_03_04_N.png
  artifactKey: Guid(4a0560b0028d67d439a215a7f2d5439a) Importer(2089858483,0ecaa5967403d082aa24f35e1b516d23)
Start importing Assets/NatureManufacture Assets/Coast Environment/Pine Trees/Textures/T_Pine_beach_03_04_N.png using Guid(4a0560b0028d67d439a215a7f2d5439a) Importer(2089858483,0ecaa5967403d082aa24f35e1b516d23) [PhysX] Initialized MultithreadedTaskDispatcher with 16 workers.
 -> (artifact id: '59f0ad78d3886d602616e66d332c93c8') in 0.049889 seconds
Number of updated asset objects reloaded before import = 0
Number of asset objects unloaded after import = 1
========================================================================
Received Import Request.
  Time since last request: 0.000049 seconds.
  path: Assets/NatureManufacture Assets/Coast Environment/Oak Trees/Meshes/dry_oak_01_C_LOD3_Cross.asset
  artifactKey: Guid(e8f9be01ad5484e4e825a04fa8429981) Importer(2089858483,0ecaa5967403d082aa24f35e1b516d23)
Start importing Assets/NatureManufacture Assets/Coast Environment/Oak Trees/Meshes/dry_oak_01_C_LOD3_Cross.asset using Guid(e8f9be01ad5484e4e825a04fa8429981) Importer(2089858483,0ecaa5967403d082aa24f35e1b516d23) [PhysX] Initialized MultithreadedTaskDispatcher with 16 workers.
 -> (artifact id: 'd2761f03f1d16a9c198ca5bc1c514731') in 0.023109 seconds
Number of updated asset objects reloaded before import = 0
Number of asset objects unloaded after import = 1
========================================================================
Received Import Request.
  Time since last request: 0.000037 seconds.
  path: Assets/NatureManufacture Assets/Coast Environment/Foliage and Grass/Unity Terrain Prefabs/Prefab_beach_grass_02_1_dry_Unity_Terrain.prefab
  artifactKey: Guid(37231d8ddaf88364f9b931e9c394cb63) Importer(2089858483,0ecaa5967403d082aa24f35e1b516d23)
Start importing Assets/NatureManufacture Assets/Coast Environment/Foliage and Grass/Unity Terrain Prefabs/Prefab_beach_grass_02_1_dry_Unity_Terrain.prefab using Guid(37231d8ddaf88364f9b931e9c394cb63) Importer(2089858483,0ecaa5967403d082aa24f35e1b516d23) [PhysX] Initialized MultithreadedTaskDispatcher with 16 workers.
 -> (artifact id: '9a7da551a072418ab2b8db29f49a3a54') in 0.032200 seconds
Number of updated asset objects reloaded before import = 0
Number of asset objects unloaded after import = 7
========================================================================
Received Import Request.
  Time since last request: 0.000032 seconds.
  path: Assets/NatureManufacture Assets/Coast Environment/Bushes/Materials
  artifactKey: Guid(a4aeb922e55a6ee4fb337972f40019ae) Importer(2089858483,0ecaa5967403d082aa24f35e1b516d23)
Start importing Assets/NatureManufacture Assets/Coast Environment/Bushes/Materials using Guid(a4aeb922e55a6ee4fb337972f40019ae) Importer(2089858483,0ecaa5967403d082aa24f35e1b516d23) [PhysX] Initialized MultithreadedTaskDispatcher with 16 workers.
 -> (artifact id: 'd74e9bc48fd2420ff2d28414755344e3') in 0.017574 seconds
Number of updated asset objects reloaded before import = 0
Number of asset objects unloaded after import = 1
========================================================================
Received Import Request.
  Time since last request: 0.000062 seconds.
  path: Assets/NatureManufacture Assets/Coast Environment/Bushes/Prefabs/Prefab_beach_rose_02.prefab
  artifactKey: Guid(92b0516421816ff4f9da1221edf4b19c) Importer(2089858483,0ecaa5967403d082aa24f35e1b516d23)
Start importing Assets/NatureManufacture Assets/Coast Environment/Bushes/Prefabs/Prefab_beach_rose_02.prefab using Guid(92b0516421816ff4f9da1221edf4b19c) Importer(2089858483,0ecaa5967403d082aa24f35e1b516d23) [PhysX] Initialized MultithreadedTaskDispatcher with 16 workers.
 -> (artifact id: 'beed858114fbee0f0a88769ed2c076bc') in 0.032273 seconds
Number of updated asset objects reloaded before import = 0
Number of asset objects unloaded after import = 20
========================================================================
Received Import Request.
  Time since last request: 0.000056 seconds.
  path: Assets/NatureManufacture Assets/Coast Environment/Foliage and Grass/Textures/T_sea_holly_N.png
  artifactKey: Guid(ee3a3a71451f3984fb99df6142ed5e86) Importer(2089858483,0ecaa5967403d082aa24f35e1b516d23)
Start importing Assets/NatureManufacture Assets/Coast Environment/Foliage and Grass/Textures/T_sea_holly_N.png using Guid(ee3a3a71451f3984fb99df6142ed5e86) Importer(2089858483,0ecaa5967403d082aa24f35e1b516d23) [PhysX] Initialized MultithreadedTaskDispatcher with 16 workers.
 -> (artifact id: '31eb19518f25ceae26de481be4cc985d') in 0.044739 seconds
Number of updated asset objects reloaded before import = 0
Number of asset objects unloaded after import = 1
========================================================================
Received Import Request.
  Time since last request: 0.000046 seconds.
  path: Assets/NatureManufacture Assets/Coast Environment/Cliffs/Prefabs Sand 2/Prefab_beach_cliff_01_ending_left_Sand_2.prefab
  artifactKey: Guid(a5959d937d21b7f49af12a98020d545b) Importer(2089858483,0ecaa5967403d082aa24f35e1b516d23)
Start importing Assets/NatureManufacture Assets/Coast Environment/Cliffs/Prefabs Sand 2/Prefab_beach_cliff_01_ending_left_Sand_2.prefab using Guid(a5959d937d21b7f49af12a98020d545b) Importer(2089858483,0ecaa5967403d082aa24f35e1b516d23) [PhysX] Initialized MultithreadedTaskDispatcher with 16 workers.
 -> (artifact id: '30d42ceadba7520f19fc48cc11c9602c') in 0.030820 seconds
Number of updated asset objects reloaded before import = 0
Number of asset objects unloaded after import = 26
========================================================================
Received Import Request.
  Time since last request: 0.000058 seconds.
  path: Assets/NatureManufacture Assets/Coast Environment/Foliage and Grass/Textures/T_sea_holly_BC_O.png
  artifactKey: Guid(938432be050511046b03c18ee72bbbc3) Importer(2089858483,0ecaa5967403d082aa24f35e1b516d23)
Start importing Assets/NatureManufacture Assets/Coast Environment/Foliage and Grass/Textures/T_sea_holly_BC_O.png using Guid(938432be050511046b03c18ee72bbbc3) Importer(2089858483,0ecaa5967403d082aa24f35e1b516d23) [PhysX] Initialized MultithreadedTaskDispatcher with 16 workers.
 -> (artifact id: '2b173468c2a3d053ae6d04e709078b16') in 0.044245 seconds
Number of updated asset objects reloaded before import = 0
Number of asset objects unloaded after import = 1
========================================================================
Received Import Request.
  Time since last request: 0.000046 seconds.
  path: Assets/NatureManufacture Assets/River Auto Material 3/Built_In_Particles/PBR/Waterfall_Middle PBR.prefab
  artifactKey: Guid(2af1d8e09d18037439ba6a382522459a) Importer(2089858483,0ecaa5967403d082aa24f35e1b516d23)
Start importing Assets/NatureManufacture Assets/River Auto Material 3/Built_In_Particles/PBR/Waterfall_Middle PBR.prefab using Guid(2af1d8e09d18037439ba6a382522459a) Importer(2089858483,0ecaa5967403d082aa24f35e1b516d23) [PhysX] Initialized MultithreadedTaskDispatcher with 16 workers.
 -> (artifact id: '3f8bcd0152c81b5ef9ea5da49b8bacc1') in 0.117922 seconds
Number of updated asset objects reloaded before import = 0
Number of asset objects unloaded after import = 6
========================================================================
Received Import Request.
  Time since last request: 0.000046 seconds.
  path: Assets/NatureManufacture Assets/Coast Environment/Oak Trees/Meshes/dry_oak_01_B_LOD3_Cross.asset
  artifactKey: Guid(9b49eb2e387f7984c8ef3a089ad87d36) Importer(2089858483,0ecaa5967403d082aa24f35e1b516d23)
Start importing Assets/NatureManufacture Assets/Coast Environment/Oak Trees/Meshes/dry_oak_01_B_LOD3_Cross.asset using Guid(9b49eb2e387f7984c8ef3a089ad87d36) Importer(2089858483,0ecaa5967403d082aa24f35e1b516d23) [PhysX] Initialized MultithreadedTaskDispatcher with 16 workers.
 -> (artifact id: 'bd1e2ad57d15f41c308f3e39a8301b08') in 0.026063 seconds
Number of updated asset objects reloaded before import = 0
Number of asset objects unloaded after import = 1
========================================================================
Received Import Request.
  Time since last request: 0.000044 seconds.
  path: Assets/NatureManufacture Assets/Coast Environment/Pine Trees/Meshes/Pine_beach_01_A.fbx
  artifactKey: Guid(e6874fab478f618448041be020801761) Importer(2089858483,0ecaa5967403d082aa24f35e1b516d23)
Start importing Assets/NatureManufacture Assets/Coast Environment/Pine Trees/Meshes/Pine_beach_01_A.fbx using Guid(e6874fab478f618448041be020801761) Importer(2089858483,0ecaa5967403d082aa24f35e1b516d23) [PhysX] Initialized MultithreadedTaskDispatcher with 16 workers.
 -> (artifact id: '9f395a0e8d58d31d368dcc36541a3b1a') in 0.051671 seconds
Number of updated asset objects reloaded before import = 0
Number of asset objects unloaded after import = 20
========================================================================
Received Import Request.
  Time since last request: 0.000049 seconds.
  path: Assets/NatureManufacture Assets/Coast Environment/Foliage and Grass/Materials/M_dune_plants_misc.mat
  artifactKey: Guid(b2b1e19d5fa8a0948bc6b5d0f8c7bee2) Importer(2089858483,0ecaa5967403d082aa24f35e1b516d23)
Start importing Assets/NatureManufacture Assets/Coast Environment/Foliage and Grass/Materials/M_dune_plants_misc.mat using Guid(b2b1e19d5fa8a0948bc6b5d0f8c7bee2) Importer(2089858483,0ecaa5967403d082aa24f35e1b516d23) [PhysX] Initialized MultithreadedTaskDispatcher with 16 workers.
 -> (artifact id: '3a60d454d26fe3e57a986e622b25e879') in 0.120533 seconds
Number of updated asset objects reloaded before import = 0
Number of asset objects unloaded after import = 5
========================================================================
Received Import Request.
  Time since last request: 0.000057 seconds.
  path: Assets/NatureManufacture Assets/Coast Environment/Bushes/Prefabs/Prefab_beach_rose_07.prefab
  artifactKey: Guid(51e425a57f02eec42965a8fdaea0cbac) Importer(2089858483,0ecaa5967403d082aa24f35e1b516d23)
Start importing Assets/NatureManufacture Assets/Coast Environment/Bushes/Prefabs/Prefab_beach_rose_07.prefab using Guid(51e425a57f02eec42965a8fdaea0cbac) Importer(2089858483,0ecaa5967403d082aa24f35e1b516d23) [PhysX] Initialized MultithreadedTaskDispatcher with 16 workers.
 -> (artifact id: 'ff6d1633b77ff1707bae224fd2ae28cc') in 0.030825 seconds
Number of updated asset objects reloaded before import = 0
Number of asset objects unloaded after import = 20
========================================================================
Received Import Request.
  Time since last request: 0.000045 seconds.
  path: Assets/NatureManufacture Assets/Coast Environment/Wooden Fence/Models/wooden_fence_end_left.fbx
  artifactKey: Guid(931b9c8b9aa47034e9f8686b4cfbbe0c) Importer(2089858483,0ecaa5967403d082aa24f35e1b516d23)
Start importing Assets/NatureManufacture Assets/Coast Environment/Wooden Fence/Models/wooden_fence_end_left.fbx using Guid(931b9c8b9aa47034e9f8686b4cfbbe0c) Importer(2089858483,0ecaa5967403d082aa24f35e1b516d23) [PhysX] Initialized MultithreadedTaskDispatcher with 16 workers.
 -> (artifact id: 'd2a19a8a02e81f580f47e5b6bffcfdb3') in 0.064336 seconds
Number of updated asset objects reloaded before import = 0
Number of asset objects unloaded after import = 20
========================================================================
Received Import Request.
  Time since last request: 0.000041 seconds.
  path: Assets/NatureManufacture Assets/Coast Environment/Foliage and Grass/Unity Terrain Prefabs/Prefab_sea_pea_01_Unity_Terrain.prefab
  artifactKey: Guid(a373ff9ef811d69458307b309f98f1f7) Importer(2089858483,0ecaa5967403d082aa24f35e1b516d23)
Start importing Assets/NatureManufacture Assets/Coast Environment/Foliage and Grass/Unity Terrain Prefabs/Prefab_sea_pea_01_Unity_Terrain.prefab using Guid(a373ff9ef811d69458307b309f98f1f7) Importer(2089858483,0ecaa5967403d082aa24f35e1b516d23) [PhysX] Initialized MultithreadedTaskDispatcher with 16 workers.
 -> (artifact id: '03f0be432d279b38379bd300a37d50cf') in 0.036193 seconds
Number of updated asset objects reloaded before import = 0
Number of asset objects unloaded after import = 7
========================================================================
Received Import Request.
  Time since last request: 0.000044 seconds.
  path: Assets/NatureManufacture Assets/Coast Environment/Foliage and Grass/Unity Terrain Prefabs/Prefab_eastern_groundsel_02_Unity_Terrain.prefab
  artifactKey: Guid(04c99c2feb755ec44936ae9856c5760a) Importer(2089858483,0ecaa5967403d082aa24f35e1b516d23)
Start importing Assets/NatureManufacture Assets/Coast Environment/Foliage and Grass/Unity Terrain Prefabs/Prefab_eastern_groundsel_02_Unity_Terrain.prefab using Guid(04c99c2feb755ec44936ae9856c5760a) Importer(2089858483,0ecaa5967403d082aa24f35e1b516d23) [PhysX] Initialized MultithreadedTaskDispatcher with 16 workers.
 -> (artifact id: 'ef3838eec01f4a35848473745b0c10f7') in 0.032680 seconds
Number of updated asset objects reloaded before import = 0
Number of asset objects unloaded after import = 7
========================================================================
Received Import Request.
  Time since last request: 0.000032 seconds.
  path: Assets/NatureManufacture Assets/Coast Environment/VFX
  artifactKey: Guid(4e5e0c395c34dff42bfca9bf132abe9a) Importer(2089858483,0ecaa5967403d082aa24f35e1b516d23)
Start importing Assets/NatureManufacture Assets/Coast Environment/VFX using Guid(4e5e0c395c34dff42bfca9bf132abe9a) Importer(2089858483,0ecaa5967403d082aa24f35e1b516d23) [PhysX] Initialized MultithreadedTaskDispatcher with 16 workers.
 -> (artifact id: '76e7f02f9245276845c5c126cdad0701') in 0.023157 seconds
Number of updated asset objects reloaded before import = 0
Number of asset objects unloaded after import = 1
========================================================================
Received Import Request.
  Time since last request: 0.000036 seconds.
  path: Assets/NatureManufacture Assets/Coast Environment/Ground/Ground Layers/Terrain_Layer_Sand_17.terrainlayer
  artifactKey: Guid(d8fd11d7ff0ea234f82d1f28e4f20fee) Importer(2089858483,0ecaa5967403d082aa24f35e1b516d23)
Start importing Assets/NatureManufacture Assets/Coast Environment/Ground/Ground Layers/Terrain_Layer_Sand_17.terrainlayer using Guid(d8fd11d7ff0ea234f82d1f28e4f20fee) Importer(2089858483,0ecaa5967403d082aa24f35e1b516d23) [PhysX] Initialized MultithreadedTaskDispatcher with 16 workers.
 -> (artifact id: '6ebbd12c0ac7d294398547159a13a374') in 0.040011 seconds
Number of updated asset objects reloaded before import = 0
Number of asset objects unloaded after import = 4
========================================================================
Received Import Request.
  Time since last request: 0.000038 seconds.
  path: Assets/NatureManufacture Assets/Coast Environment/Bushes/Prefabs/Prefab_beach_rose_01_with_white_flowers.prefab
  artifactKey: Guid(aa290d015d6fea94c9a26bb6545cea3a) Importer(2089858483,0ecaa5967403d082aa24f35e1b516d23)
Start importing Assets/NatureManufacture Assets/Coast Environment/Bushes/Prefabs/Prefab_beach_rose_01_with_white_flowers.prefab using Guid(aa290d015d6fea94c9a26bb6545cea3a) Importer(2089858483,0ecaa5967403d082aa24f35e1b516d23) [PhysX] Initialized MultithreadedTaskDispatcher with 16 workers.
 -> (artifact id: '4dc4448717fa0f9d1b8489069d8d03b2') in 0.029351 seconds
Number of updated asset objects reloaded before import = 0
Number of asset objects unloaded after import = 25
========================================================================
Received Import Request.
  Time since last request: 0.000047 seconds.
  path: Assets/NatureManufacture Assets/Coast Environment/Ground/Ground Layers/Terrain_Layer_Cliff_Sand_01.terrainlayer
  artifactKey: Guid(261688d6e0389e94eaa8ddf23b546688) Importer(2089858483,0ecaa5967403d082aa24f35e1b516d23)
Start importing Assets/NatureManufacture Assets/Coast Environment/Ground/Ground Layers/Terrain_Layer_Cliff_Sand_01.terrainlayer using Guid(261688d6e0389e94eaa8ddf23b546688) Importer(2089858483,0ecaa5967403d082aa24f35e1b516d23) [PhysX] Initialized MultithreadedTaskDispatcher with 16 workers.
 -> (artifact id: '80d1b35ba78dd80f924f98260f6340dc') in 0.042531 seconds
Number of updated asset objects reloaded before import = 0
Number of asset objects unloaded after import = 4
========================================================================
Received Import Request.
  Time since last request: 0.000041 seconds.
  path: Assets/NatureManufacture Assets/Coast Environment/Pine Trees/Textures/T_pine_beach_02_A_BC.png
  artifactKey: Guid(58548e96318b6984d827fe4aeb2810af) Importer(2089858483,0ecaa5967403d082aa24f35e1b516d23)
Start importing Assets/NatureManufacture Assets/Coast Environment/Pine Trees/Textures/T_pine_beach_02_A_BC.png using Guid(58548e96318b6984d827fe4aeb2810af) Importer(2089858483,0ecaa5967403d082aa24f35e1b516d23) [PhysX] Initialized MultithreadedTaskDispatcher with 16 workers.
 -> (artifact id: '922b8ac0d3365e17f312cc75ea6ffcf9') in 0.044631 seconds
Number of updated asset objects reloaded before import = 0
Number of asset objects unloaded after import = 1
========================================================================
Received Import Request.
  Time since last request: 0.000045 seconds.
  path: Assets/NatureManufacture Assets/River Auto Material 3/Demo/RAM 3 Demo Mobile/ReflectionProbe-6.exr
  artifactKey: Guid(43f25c9eb14de3a4da51bdf8ecb9db6f) Importer(2089858483,0ecaa5967403d082aa24f35e1b516d23)
Start importing Assets/NatureManufacture Assets/River Auto Material 3/Demo/RAM 3 Demo Mobile/ReflectionProbe-6.exr using Guid(43f25c9eb14de3a4da51bdf8ecb9db6f) Importer(2089858483,0ecaa5967403d082aa24f35e1b516d23) [PhysX] Initialized MultithreadedTaskDispatcher with 16 workers.
 -> (artifact id: '16f1641c434b5834fee3b97c0c212c5d') in 0.056948 seconds
Number of updated asset objects reloaded before import = 0
Number of asset objects unloaded after import = 1
========================================================================
Received Import Request.
  Time since last request: 0.000048 seconds.
  path: Assets/NatureManufacture Assets/Coast Environment/Wooden Fence/Prefabs/Prefab_wooden_fence_end_right.prefab
  artifactKey: Guid(78d8137d4811758468937c31440378f6) Importer(2089858483,0ecaa5967403d082aa24f35e1b516d23)
Start importing Assets/NatureManufacture Assets/Coast Environment/Wooden Fence/Prefabs/Prefab_wooden_fence_end_right.prefab using Guid(78d8137d4811758468937c31440378f6) Importer(2089858483,0ecaa5967403d082aa24f35e1b516d23) [PhysX] Initialized MultithreadedTaskDispatcher with 16 workers.
 -> (artifact id: '2adbdae797508e1b64d91a072830d0ba') in 0.030038 seconds
Number of updated asset objects reloaded before import = 0
Number of asset objects unloaded after import = 20
========================================================================
Received Import Request.
  Time since last request: 0.000037 seconds.
  path: Assets/NatureManufacture Assets/Coast Environment/Foliage and Grass/Unity Terrain Prefabs/Prefab_beach_rose_06_Unity_Terrain.prefab
  artifactKey: Guid(6e9a904cf2684234c9edf5589d6babe5) Importer(2089858483,0ecaa5967403d082aa24f35e1b516d23)
Start importing Assets/NatureManufacture Assets/Coast Environment/Foliage and Grass/Unity Terrain Prefabs/Prefab_beach_rose_06_Unity_Terrain.prefab using Guid(6e9a904cf2684234c9edf5589d6babe5) Importer(2089858483,0ecaa5967403d082aa24f35e1b516d23) [PhysX] Initialized MultithreadedTaskDispatcher with 16 workers.
 -> (artifact id: 'cb3e135831ca9b6763c083d31d225df1') in 0.032742 seconds
Number of updated asset objects reloaded before import = 0
Number of asset objects unloaded after import = 7
========================================================================
Received Import Request.
  Time since last request: 0.000042 seconds.
  path: Assets/NatureManufacture Assets/Coast Environment/Pine Trees/Textures/T_pine_beach_small_03_N.png
  artifactKey: Guid(df80f8392054a3f4a937935079cf2426) Importer(2089858483,0ecaa5967403d082aa24f35e1b516d23)
Start importing Assets/NatureManufacture Assets/Coast Environment/Pine Trees/Textures/T_pine_beach_small_03_N.png using Guid(df80f8392054a3f4a937935079cf2426) Importer(2089858483,0ecaa5967403d082aa24f35e1b516d23) [PhysX] Initialized MultithreadedTaskDispatcher with 16 workers.
 -> (artifact id: 'b46737792b86f80723c5d1a7bd634fc8') in 0.051349 seconds
Number of updated asset objects reloaded before import = 0
Number of asset objects unloaded after import = 1
========================================================================
Received Import Request.
  Time since last request: 0.000066 seconds.
  path: Assets/NatureManufacture Assets/Coast Environment/Foliage and Grass/Meshes/stonecrop_02.fbx
  artifactKey: Guid(797f5012441123d4088c4e59b59e18dc) Importer(2089858483,0ecaa5967403d082aa24f35e1b516d23)
Start importing Assets/NatureManufacture Assets/Coast Environment/Foliage and Grass/Meshes/stonecrop_02.fbx using Guid(797f5012441123d4088c4e59b59e18dc) Importer(2089858483,0ecaa5967403d082aa24f35e1b516d23) [PhysX] Initialized MultithreadedTaskDispatcher with 16 workers.
 -> (artifact id: '1109ebec2092a8ca5d1bf3d299c3de73') in 0.042361 seconds
Number of updated asset objects reloaded before import = 0
Number of asset objects unloaded after import = 7
========================================================================
Received Import Request.
  Time since last request: 0.000058 seconds.
  path: Assets/NatureManufacture Assets/Coast Environment/Pine Trees/Textures/T_beach_pine_bark_04_H.png
  artifactKey: Guid(d4b4d71a9ff47674f88ff185c49da446) Importer(2089858483,0ecaa5967403d082aa24f35e1b516d23)
Start importing Assets/NatureManufacture Assets/Coast Environment/Pine Trees/Textures/T_beach_pine_bark_04_H.png using Guid(d4b4d71a9ff47674f88ff185c49da446) Importer(2089858483,0ecaa5967403d082aa24f35e1b516d23) [PhysX] Initialized MultithreadedTaskDispatcher with 16 workers.
 -> (artifact id: '34b9e973d278e79b8bf223928fde2a2f') in 0.052978 seconds
Number of updated asset objects reloaded before import = 0
Number of asset objects unloaded after import = 1
========================================================================
Received Import Request.
  Time since last request: 0.000038 seconds.
  path: Assets/NatureManufacture Assets/Coast Environment/Foliage and Grass/Prefabs/Prefab_petasites_spurius_01.prefab
  artifactKey: Guid(8e6a212f177bdd54e9bd3ed8695d1961) Importer(2089858483,0ecaa5967403d082aa24f35e1b516d23)
Start importing Assets/NatureManufacture Assets/Coast Environment/Foliage and Grass/Prefabs/Prefab_petasites_spurius_01.prefab using Guid(8e6a212f177bdd54e9bd3ed8695d1961) Importer(2089858483,0ecaa5967403d082aa24f35e1b516d23) [PhysX] Initialized MultithreadedTaskDispatcher with 16 workers.
 -> (artifact id: '5c033a57a6964eb97473ed883510fcdd') in 0.027079 seconds
Number of updated asset objects reloaded before import = 0
Number of asset objects unloaded after import = 20
========================================================================
Received Import Request.
  Time since last request: 0.000048 seconds.
  path: Assets/NatureManufacture Assets/Coast Environment/Ground/Textures/T_ground_sand_11_H.png
  artifactKey: Guid(8a4d0245e4b16fe4dbcb035a0952d0d7) Importer(2089858483,0ecaa5967403d082aa24f35e1b516d23)
Start importing Assets/NatureManufacture Assets/Coast Environment/Ground/Textures/T_ground_sand_11_H.png using Guid(8a4d0245e4b16fe4dbcb035a0952d0d7) Importer(2089858483,0ecaa5967403d082aa24f35e1b516d23) [PhysX] Initialized MultithreadedTaskDispatcher with 16 workers.
 -> (artifact id: '019c833279f711c969285322e9efd3aa') in 0.051466 seconds
Number of updated asset objects reloaded before import = 0
Number of asset objects unloaded after import = 1
========================================================================
Received Import Request.
  Time since last request: 0.000034 seconds.
  path: Assets/NatureManufacture Assets/Coast Environment/Ground/Textures/T_cliff_clay_02_MT_AO_H_SM.png
  artifactKey: Guid(bae00faa309e8fb43873f45b8461eda9) Importer(2089858483,0ecaa5967403d082aa24f35e1b516d23)
Start importing Assets/NatureManufacture Assets/Coast Environment/Ground/Textures/T_cliff_clay_02_MT_AO_H_SM.png using Guid(bae00faa309e8fb43873f45b8461eda9) Importer(2089858483,0ecaa5967403d082aa24f35e1b516d23) [PhysX] Initialized MultithreadedTaskDispatcher with 16 workers.
 -> (artifact id: 'af298262d6a4b91ea93377061400e667') in 0.053221 seconds
Number of updated asset objects reloaded before import = 0
Number of asset objects unloaded after import = 1
========================================================================
Received Import Request.
  Time since last request: 0.000040 seconds.
  path: Assets/NatureManufacture Assets/Coast Environment/Ground/Textures/T_algae_04_BC.png
  artifactKey: Guid(402cda5ab6cea334ea73c8e96d19ac8b) Importer(2089858483,0ecaa5967403d082aa24f35e1b516d23)
Start importing Assets/NatureManufacture Assets/Coast Environment/Ground/Textures/T_algae_04_BC.png using Guid(402cda5ab6cea334ea73c8e96d19ac8b) Importer(2089858483,0ecaa5967403d082aa24f35e1b516d23) [PhysX] Initialized MultithreadedTaskDispatcher with 16 workers.
 -> (artifact id: '68af44296c751bc05b16271e5d217433') in 0.052714 seconds
Number of updated asset objects reloaded before import = 0
Number of asset objects unloaded after import = 1
========================================================================
Received Import Request.
  Time since last request: 0.000060 seconds.
  path: Assets/NatureManufacture Assets/Coast Environment/Ground/Textures/T_ground_sand_07_H.png
  artifactKey: Guid(6cc90abf6b6ab724bb6650be8384d5cb) Importer(2089858483,0ecaa5967403d082aa24f35e1b516d23)
Start importing Assets/NatureManufacture Assets/Coast Environment/Ground/Textures/T_ground_sand_07_H.png using Guid(6cc90abf6b6ab724bb6650be8384d5cb) Importer(2089858483,0ecaa5967403d082aa24f35e1b516d23) [PhysX] Initialized MultithreadedTaskDispatcher with 16 workers.
 -> (artifact id: '729a047b0463845843466d0eae4ba321') in 0.050464 seconds
Number of updated asset objects reloaded before import = 0
Number of asset objects unloaded after import = 1
========================================================================
Received Import Request.
  Time since last request: 0.000066 seconds.
  path: Assets/NatureManufacture Assets/Coast Environment/Pine Trees/Materials/M_Pine_beach_01_02_m2.mat
  artifactKey: Guid(4fc6019dcf88d494c9d7d67e5c2c2813) Importer(2089858483,0ecaa5967403d082aa24f35e1b516d23)
Start importing Assets/NatureManufacture Assets/Coast Environment/Pine Trees/Materials/M_Pine_beach_01_02_m2.mat using Guid(4fc6019dcf88d494c9d7d67e5c2c2813) Importer(2089858483,0ecaa5967403d082aa24f35e1b516d23) [PhysX] Initialized MultithreadedTaskDispatcher with 16 workers.
 -> (artifact id: 'b5908caf58526ae8ecaf4ebbff7d5328') in 0.096861 seconds
Number of updated asset objects reloaded before import = 0
Number of asset objects unloaded after import = 8
========================================================================
Received Import Request.
  Time since last request: 0.000043 seconds.
  path: Assets/NatureManufacture Assets/Coast Environment/Ground/Materials/T_ground_sand_10.mat
  artifactKey: Guid(ff9635db2fd625240a0c3c4ec27f855a) Importer(2089858483,0ecaa5967403d082aa24f35e1b516d23)
Start importing Assets/NatureManufacture Assets/Coast Environment/Ground/Materials/T_ground_sand_10.mat using Guid(ff9635db2fd625240a0c3c4ec27f855a) Importer(2089858483,0ecaa5967403d082aa24f35e1b516d23) [PhysX] Initialized MultithreadedTaskDispatcher with 16 workers.
 -> (artifact id: 'd937a9df7c9c5edeeb5983e78aa4e4eb') in 0.059780 seconds
Number of updated asset objects reloaded before import = 0
Number of asset objects unloaded after import = 5
========================================================================
Received Import Request.
  Time since last request: 0.000052 seconds.
  path: Assets/NatureManufacture Assets/Coast Environment/Oak Trees/Textures/T_dry_oak_01_D_T.png
  artifactKey: Guid(7d69e1d67e69df04fb7507fce20c75fa) Importer(2089858483,0ecaa5967403d082aa24f35e1b516d23)
Start importing Assets/NatureManufacture Assets/Coast Environment/Oak Trees/Textures/T_dry_oak_01_D_T.png using Guid(7d69e1d67e69df04fb7507fce20c75fa) Importer(2089858483,0ecaa5967403d082aa24f35e1b516d23) [PhysX] Initialized MultithreadedTaskDispatcher with 16 workers.
 -> (artifact id: '20da13faa2d5eb44ba0281167ab285bb') in 0.043510 seconds
Number of updated asset objects reloaded before import = 0
Number of asset objects unloaded after import = 1
========================================================================
Received Import Request.
  Time since last request: 0.000036 seconds.
  path: Assets/NatureManufacture Assets/Coast Environment/Decals/Prefabs/Prefab_Decal_Wet_Shore.prefab
  artifactKey: Guid(521dc89b4cce286468cf9c45e110a2dc) Importer(2089858483,0ecaa5967403d082aa24f35e1b516d23)
Start importing Assets/NatureManufacture Assets/Coast Environment/Decals/Prefabs/Prefab_Decal_Wet_Shore.prefab using Guid(521dc89b4cce286468cf9c45e110a2dc) Importer(2089858483,0ecaa5967403d082aa24f35e1b516d23) [PhysX] Initialized MultithreadedTaskDispatcher with 16 workers.
 -> (artifact id: '84f2d77e3dc3235f343582c3edc44c33') in 0.037737 seconds
Number of updated asset objects reloaded before import = 0
Number of asset objects unloaded after import = 6
========================================================================
Received Import Request.
  Time since last request: 0.000039 seconds.
  path: Assets/NatureManufacture Assets/Coast Environment/Decals/Textures/T_spline_ground_sand_01_N.png
  artifactKey: Guid(fa967efd694863346aca0cf01265b8aa) Importer(2089858483,0ecaa5967403d082aa24f35e1b516d23)
Start importing Assets/NatureManufacture Assets/Coast Environment/Decals/Textures/T_spline_ground_sand_01_N.png using Guid(fa967efd694863346aca0cf01265b8aa) Importer(2089858483,0ecaa5967403d082aa24f35e1b516d23) [PhysX] Initialized MultithreadedTaskDispatcher with 16 workers.
 -> (artifact id: '308280c9f7510f501bcc98f54870f13e') in 0.056308 seconds
Number of updated asset objects reloaded before import = 0
Number of asset objects unloaded after import = 1
========================================================================
Received Import Request.
  Time since last request: 0.000068 seconds.
  path: Assets/NatureManufacture Assets/Coast Environment/Foliage and Grass/Unity Terrain Prefabs/Prefab_petasites_spurius_03_Unity_Terrain.prefab
  artifactKey: Guid(e83691f99d1716a43bab1a8037547bb2) Importer(2089858483,0ecaa5967403d082aa24f35e1b516d23)
Start importing Assets/NatureManufacture Assets/Coast Environment/Foliage and Grass/Unity Terrain Prefabs/Prefab_petasites_spurius_03_Unity_Terrain.prefab using Guid(e83691f99d1716a43bab1a8037547bb2) Importer(2089858483,0ecaa5967403d082aa24f35e1b516d23) [PhysX] Initialized MultithreadedTaskDispatcher with 16 workers.
 -> (artifact id: '6fb79dafd54b344ae0f8843a751639e2') in 0.032195 seconds
Number of updated asset objects reloaded before import = 0
Number of asset objects unloaded after import = 7
========================================================================
Received Import Request.
  Time since last request: 0.000056 seconds.
  path: Assets/NatureManufacture Assets/Coast Environment/Details/Prefabs/Prefab_beach_driftwood_08.prefab
  artifactKey: Guid(6f637b461c97651428eeebf1c28032fe) Importer(2089858483,0ecaa5967403d082aa24f35e1b516d23)
Start importing Assets/NatureManufacture Assets/Coast Environment/Details/Prefabs/Prefab_beach_driftwood_08.prefab using Guid(6f637b461c97651428eeebf1c28032fe) Importer(2089858483,0ecaa5967403d082aa24f35e1b516d23) [PhysX] Initialized MultithreadedTaskDispatcher with 16 workers.
 -> (artifact id: 'a65ec6ba4ae861e80103daef4e8866b6') in 0.026611 seconds
Number of updated asset objects reloaded before import = 0
Number of asset objects unloaded after import = 26
========================================================================
Received Import Request.
  Time since last request: 0.000049 seconds.
  path: Assets/NatureManufacture Assets/Coast Environment/Cliffs/Models/beach_escarpment_02_C.fbx
  artifactKey: Guid(24fe18547ec487e4990aa21677b7eb41) Importer(2089858483,0ecaa5967403d082aa24f35e1b516d23)
Start importing Assets/NatureManufacture Assets/Coast Environment/Cliffs/Models/beach_escarpment_02_C.fbx using Guid(24fe18547ec487e4990aa21677b7eb41) Importer(2089858483,0ecaa5967403d082aa24f35e1b516d23) [PhysX] Initialized MultithreadedTaskDispatcher with 16 workers.
 -> (artifact id: 'd6746710e35680effaeaba7a659b28bb') in 0.060769 seconds
Number of updated asset objects reloaded before import = 0
Number of asset objects unloaded after import = 25
========================================================================
Received Import Request.
  Time since last request: 0.000053 seconds.
  path: Assets/NatureManufacture Assets/Coast Environment/Pine Trees/Prefabs/Prefab_Pine_beach_medium_02.prefab
  artifactKey: Guid(5031e5459f30c494e8a89f19b222a4ba) Importer(2089858483,0ecaa5967403d082aa24f35e1b516d23)
Start importing Assets/NatureManufacture Assets/Coast Environment/Pine Trees/Prefabs/Prefab_Pine_beach_medium_02.prefab using Guid(5031e5459f30c494e8a89f19b222a4ba) Importer(2089858483,0ecaa5967403d082aa24f35e1b516d23) [PhysX] Initialized MultithreadedTaskDispatcher with 16 workers.
 -> (artifact id: 'e81d06c1ed68187e8cb7c16d79004c06') in 0.030519 seconds
Number of updated asset objects reloaded before import = 0
Number of asset objects unloaded after import = 42
========================================================================
Received Import Request.
  Time since last request: 0.000056 seconds.
  path: Assets/NatureManufacture Assets/Coast Environment/Foliage and Grass/Prefabs/Prefab_eastern_groundsel_01.prefab
  artifactKey: Guid(7ed8d6b1d8473f94193bc583d9f651c4) Importer(2089858483,0ecaa5967403d082aa24f35e1b516d23)
Start importing Assets/NatureManufacture Assets/Coast Environment/Foliage and Grass/Prefabs/Prefab_eastern_groundsel_01.prefab using Guid(7ed8d6b1d8473f94193bc583d9f651c4) Importer(2089858483,0ecaa5967403d082aa24f35e1b516d23) [PhysX] Initialized MultithreadedTaskDispatcher with 16 workers.
 -> (artifact id: '676dd20010c95014ab52276b1bea65f9') in 0.039308 seconds
Number of updated asset objects reloaded before import = 0
Number of asset objects unloaded after import = 8
========================================================================
Received Import Request.
  Time since last request: 0.000037 seconds.
  path: Assets/NatureManufacture Assets/Coast Environment/Bushes/Prefabs/Prefab_beach_rose_04_with_pink_flowers.prefab
  artifactKey: Guid(8253155801a29214f8398c80aae9e768) Importer(2089858483,0ecaa5967403d082aa24f35e1b516d23)
Start importing Assets/NatureManufacture Assets/Coast Environment/Bushes/Prefabs/Prefab_beach_rose_04_with_pink_flowers.prefab using Guid(8253155801a29214f8398c80aae9e768) Importer(2089858483,0ecaa5967403d082aa24f35e1b516d23) [PhysX] Initialized MultithreadedTaskDispatcher with 16 workers.
 -> (artifact id: '0dc1b60222508af72b2782af6858c43f') in 0.032923 seconds
Number of updated asset objects reloaded before import = 0
Number of asset objects unloaded after import = 25
========================================================================
Received Import Request.
  Time since last request: 0.000050 seconds.
  path: Assets/NatureManufacture Assets/Coast Environment/Cliffs/Textures/T_beach_escarpements_01_AO_H_SM.png
  artifactKey: Guid(a7d2cf8510573c34bb7a8a2f05cb53a7) Importer(2089858483,0ecaa5967403d082aa24f35e1b516d23)
Start importing Assets/NatureManufacture Assets/Coast Environment/Cliffs/Textures/T_beach_escarpements_01_AO_H_SM.png using Guid(a7d2cf8510573c34bb7a8a2f05cb53a7) Importer(2089858483,0ecaa5967403d082aa24f35e1b516d23) [PhysX] Initialized MultithreadedTaskDispatcher with 16 workers.
 -> (artifact id: '7eac453a0591344d8ad7a0460814a7c0') in 0.085289 seconds
Number of updated asset objects reloaded before import = 0
Number of asset objects unloaded after import = 1
========================================================================
Received Import Request.
  Time since last request: 0.000057 seconds.
  path: Assets/NatureManufacture Assets/Coast Environment/Pine Trees/Textures/T_Pine_atlas_02_N.png
  artifactKey: Guid(ca4962536cb60534ba4f077309dd72b6) Importer(2089858483,0ecaa5967403d082aa24f35e1b516d23)
Start importing Assets/NatureManufacture Assets/Coast Environment/Pine Trees/Textures/T_Pine_atlas_02_N.png using Guid(ca4962536cb60534ba4f077309dd72b6) Importer(2089858483,0ecaa5967403d082aa24f35e1b516d23) [PhysX] Initialized MultithreadedTaskDispatcher with 16 workers.
 -> (artifact id: '9516c04f51eee06b4150bca01a0fa9fd') in 0.055592 seconds
Number of updated asset objects reloaded before import = 0
Number of asset objects unloaded after import = 1
========================================================================
Received Import Request.
  Time since last request: 0.336269 seconds.
  path: Assets/NatureManufacture Assets/Coast Environment/Cliffs/Materials/M_escarpement_01_sand_2.mat
  artifactKey: Guid(d100a9c554b7916429fb34dbcd1217cd) Importer(2089858483,0ecaa5967403d082aa24f35e1b516d23)
Start importing Assets/NatureManufacture Assets/Coast Environment/Cliffs/Materials/M_escarpement_01_sand_2.mat using Guid(d100a9c554b7916429fb34dbcd1217cd) Importer(2089858483,0ecaa5967403d082aa24f35e1b516d23) [PhysX] Initialized MultithreadedTaskDispatcher with 16 workers.
 -> (artifact id: 'ddd8e331a947293be2b0cb5f01ade9ab') in 0.122034 seconds
Number of updated asset objects reloaded before import = 0
Number of asset objects unloaded after import = 9
========================================================================
Received Import Request.
  Time since last request: 0.000044 seconds.
  path: Assets/NatureManufacture Assets/Coast Environment/Decals/Prefabs/Prefab_Decal_Algae.prefab
  artifactKey: Guid(74fb343fbc9abcf4698d4d8808f2e278) Importer(2089858483,0ecaa5967403d082aa24f35e1b516d23)
Start importing Assets/NatureManufacture Assets/Coast Environment/Decals/Prefabs/Prefab_Decal_Algae.prefab using Guid(74fb343fbc9abcf4698d4d8808f2e278) Importer(2089858483,0ecaa5967403d082aa24f35e1b516d23) [PhysX] Initialized MultithreadedTaskDispatcher with 16 workers.
 -> (artifact id: '96107f2b822c202d796f04abdda7f840') in 0.034431 seconds
Number of updated asset objects reloaded before import = 0
Number of asset objects unloaded after import = 6
========================================================================
Received Import Request.
  Time since last request: 0.000050 seconds.
  path: Assets/NatureManufacture Assets/Coast Environment/Ground/Materials/T_ground_sand_12.mat
  artifactKey: Guid(06bec4db2a493f24d9d6ae9d6f0b4acb) Importer(2089858483,0ecaa5967403d082aa24f35e1b516d23)
Start importing Assets/NatureManufacture Assets/Coast Environment/Ground/Materials/T_ground_sand_12.mat using Guid(06bec4db2a493f24d9d6ae9d6f0b4acb) Importer(2089858483,0ecaa5967403d082aa24f35e1b516d23) [PhysX] Initialized MultithreadedTaskDispatcher with 16 workers.
 -> (artifact id: 'c06bfa6e2c962f913db53b17b4dba85c') in 0.050184 seconds
Number of updated asset objects reloaded before import = 0
Number of asset objects unloaded after import = 5
========================================================================
Received Import Request.
  Time since last request: 0.000045 seconds.
  path: Assets/NatureManufacture Assets/Coast Environment/Oak Trees/Textures/T_dry_oak_trunks_01_N.png
  artifactKey: Guid(facf5d72c920e3845ac5fd53cc406f0f) Importer(2089858483,0ecaa5967403d082aa24f35e1b516d23)
Start importing Assets/NatureManufacture Assets/Coast Environment/Oak Trees/Textures/T_dry_oak_trunks_01_N.png using Guid(facf5d72c920e3845ac5fd53cc406f0f) Importer(2089858483,0ecaa5967403d082aa24f35e1b516d23) [PhysX] Initialized MultithreadedTaskDispatcher with 16 workers.
 -> (artifact id: '81251147e671e0f6a08057c40e72b3b9') in 0.079203 seconds
Number of updated asset objects reloaded before import = 0
Number of asset objects unloaded after import = 1
========================================================================
Received Import Request.
  Time since last request: 0.000040 seconds.
  path: Assets/NatureManufacture Assets/Coast Environment/Pine Trees/Textures/T_Pine_beach_01_02_M2.png
  artifactKey: Guid(8729ed12b11befa469633ebe71399a2d) Importer(2089858483,0ecaa5967403d082aa24f35e1b516d23)
Start importing Assets/NatureManufacture Assets/Coast Environment/Pine Trees/Textures/T_Pine_beach_01_02_M2.png using Guid(8729ed12b11befa469633ebe71399a2d) Importer(2089858483,0ecaa5967403d082aa24f35e1b516d23) [PhysX] Initialized MultithreadedTaskDispatcher with 16 workers.
 -> (artifact id: '9875a931172f5aead1ab8295a4918a3d') in 0.057084 seconds
Number of updated asset objects reloaded before import = 0
Number of asset objects unloaded after import = 1
========================================================================
Received Import Request.
  Time since last request: 0.000068 seconds.
  path: Assets/NatureManufacture Assets/Coast Environment/Ground/Textures/T_ground_sand_08_N.png
  artifactKey: Guid(ff485786de621334094a7140e278f9fc) Importer(2089858483,0ecaa5967403d082aa24f35e1b516d23)
Start importing Assets/NatureManufacture Assets/Coast Environment/Ground/Textures/T_ground_sand_08_N.png using Guid(ff485786de621334094a7140e278f9fc) Importer(2089858483,0ecaa5967403d082aa24f35e1b516d23) [PhysX] Initialized MultithreadedTaskDispatcher with 16 workers.
 -> (artifact id: '078e2b4765d11e92fbba5ca91e190d55') in 0.047790 seconds
Number of updated asset objects reloaded before import = 0
Number of asset objects unloaded after import = 1
========================================================================
Received Import Request.
  Time since last request: 0.000035 seconds.
  path: Assets/NatureManufacture Assets/Coast Environment/Oak Trees/Meshes/dry_oak_02_D_LOD3_Cross.prefab
  artifactKey: Guid(f5d3c51215ca82a4f998ecff9745de72) Importer(2089858483,0ecaa5967403d082aa24f35e1b516d23)
Start importing Assets/NatureManufacture Assets/Coast Environment/Oak Trees/Meshes/dry_oak_02_D_LOD3_Cross.prefab using Guid(f5d3c51215ca82a4f998ecff9745de72) Importer(2089858483,0ecaa5967403d082aa24f35e1b516d23) [PhysX] Initialized MultithreadedTaskDispatcher with 16 workers.
 -> (artifact id: '534dacfbdb185aa036b53901fb5d24d1') in 0.029656 seconds
Number of updated asset objects reloaded before import = 0
Number of asset objects unloaded after import = 7
========================================================================
Received Import Request.
  Time since last request: 0.000072 seconds.
  path: Assets/NatureManufacture Assets/Coast Environment/Wooden Pales/Prefabs/Prefab_wooden_pales_2_01.prefab
  artifactKey: Guid(2e8a010b328216544b6d10da06a94fb0) Importer(2089858483,0ecaa5967403d082aa24f35e1b516d23)
Start importing Assets/NatureManufacture Assets/Coast Environment/Wooden Pales/Prefabs/Prefab_wooden_pales_2_01.prefab using Guid(2e8a010b328216544b6d10da06a94fb0) Importer(2089858483,0ecaa5967403d082aa24f35e1b516d23) [PhysX] Initialized MultithreadedTaskDispatcher with 16 workers.
 -> (artifact id: '23b234154d23dceef7a65b20f11e6b9d') in 0.034942 seconds
Number of updated asset objects reloaded before import = 0
Number of asset objects unloaded after import = 26
========================================================================
Received Import Request.
  Time since last request: 0.000050 seconds.
  path: Assets/NatureManufacture Assets/Coast Environment/Pine Trees/Textures/T_pine_beach_02_A_T.png
  artifactKey: Guid(e7adba3a9a58d4e4c9a5d4de64863e29) Importer(2089858483,0ecaa5967403d082aa24f35e1b516d23)
Start importing Assets/NatureManufacture Assets/Coast Environment/Pine Trees/Textures/T_pine_beach_02_A_T.png using Guid(e7adba3a9a58d4e4c9a5d4de64863e29) Importer(2089858483,0ecaa5967403d082aa24f35e1b516d23) [PhysX] Initialized MultithreadedTaskDispatcher with 16 workers.
 -> (artifact id: 'a3d634733492ba39f69e017eee9d5327') in 0.040491 seconds
Number of updated asset objects reloaded before import = 0
Number of asset objects unloaded after import = 1
========================================================================
Received Import Request.
  Time since last request: 0.000048 seconds.
  path: Assets/NatureManufacture Assets/Coast Environment/Cliffs/Prefabs Sand 1/Prefab_beach_cliff_01_B_Sand_1.prefab
  artifactKey: Guid(11273c088ef04394d951defdf90496f9) Importer(2089858483,0ecaa5967403d082aa24f35e1b516d23)
Start importing Assets/NatureManufacture Assets/Coast Environment/Cliffs/Prefabs Sand 1/Prefab_beach_cliff_01_B_Sand_1.prefab using Guid(11273c088ef04394d951defdf90496f9) Importer(2089858483,0ecaa5967403d082aa24f35e1b516d23) [PhysX] Initialized MultithreadedTaskDispatcher with 16 workers.
 -> (artifact id: '30e07037dbf70a2885921050ad7c878f') in 0.030809 seconds
Number of updated asset objects reloaded before import = 0
Number of asset objects unloaded after import = 26
========================================================================
Received Import Request.
  Time since last request: 0.000058 seconds.
  path: Assets/NatureManufacture Assets/Coast Environment/Cliffs/Prefabs Layered Sand 1 Clay/Prefab_beach_cliff_02_A_Sand_1_Clay.prefab
  artifactKey: Guid(89e1bb26d81ab664f8b8b8891ed9e18e) Importer(2089858483,0ecaa5967403d082aa24f35e1b516d23)
Start importing Assets/NatureManufacture Assets/Coast Environment/Cliffs/Prefabs Layered Sand 1 Clay/Prefab_beach_cliff_02_A_Sand_1_Clay.prefab using Guid(89e1bb26d81ab664f8b8b8891ed9e18e) Importer(2089858483,0ecaa5967403d082aa24f35e1b516d23) [PhysX] Initialized MultithreadedTaskDispatcher with 16 workers.
 -> (artifact id: 'ee4ada9c05dd1bdba07a4eececdd2588') in 0.025986 seconds
Number of updated asset objects reloaded before import = 0
Number of asset objects unloaded after import = 26
========================================================================
Received Import Request.
  Time since last request: 0.000044 seconds.
  path: Assets/NatureManufacture Assets/River Auto Material 3/Demo/Demo Physics/Materials/M_Physics_Box_Heavy.mat
  artifactKey: Guid(abe312a97a012dd4a8fe87c0e4fd021e) Importer(2089858483,0ecaa5967403d082aa24f35e1b516d23)
Start importing Assets/NatureManufacture Assets/River Auto Material 3/Demo/Demo Physics/Materials/M_Physics_Box_Heavy.mat using Guid(abe312a97a012dd4a8fe87c0e4fd021e) Importer(2089858483,0ecaa5967403d082aa24f35e1b516d23) [PhysX] Initialized MultithreadedTaskDispatcher with 16 workers.
 -> (artifact id: 'd4499d74052c1c99a155c392751a7dfc') in 0.047032 seconds
Number of updated asset objects reloaded before import = 0
Number of asset objects unloaded after import = 1
