Using pre-set license
Built from '2022.3/staging' branch; Version is '2022.3.62f1 (4af31df58517) revision 4911901'; Using compiler version '192829333'; Build Type 'Release'
OS: 'Windows 10  (10.0.19045) 64bit Professional' Language: 'de' Physical Memory: 32700 MB
BatchMode: 1, IsHumanControllingUs: 0, StartBugReporterOnCrash: 0, Is64bit: 1, IsPro: 1

COMMAND LINE ARGUMENTS:
C:\Program Files\Unity\Hub\Editor\2022.3.62f1\Editor\Unity.exe
-adb2
-batchMode
-noUpm
-name
AssetImportWorker22
-projectPath
C:/StudentProjects/Serious game group 18/My project
-logFile
Logs/AssetImportWorker22.log
-srvPort
58467
Successfully changed project path to: C:/StudentProjects/Serious game group 18/My project
C:/StudentProjects/Serious game group 18/My project
[UnityMemory] Configuration Parameters - Can be set up in boot.config
    "memorysetup-bucket-allocator-granularity=16"
    "memorysetup-bucket-allocator-bucket-count=8"
    "memorysetup-bucket-allocator-block-size=33554432"
    "memorysetup-bucket-allocator-block-count=8"
    "memorysetup-main-allocator-block-size=16777216"
    "memorysetup-thread-allocator-block-size=16777216"
    "memorysetup-gfx-main-allocator-block-size=16777216"
    "memorysetup-gfx-thread-allocator-block-size=16777216"
    "memorysetup-cache-allocator-block-size=4194304"
    "memorysetup-typetree-allocator-block-size=2097152"
    "memorysetup-profiler-bucket-allocator-granularity=16"
    "memorysetup-profiler-bucket-allocator-bucket-count=8"
    "memorysetup-profiler-bucket-allocator-block-size=33554432"
    "memorysetup-profiler-bucket-allocator-block-count=8"
    "memorysetup-profiler-allocator-block-size=16777216"
    "memorysetup-profiler-editor-allocator-block-size=1048576"
    "memorysetup-temp-allocator-size-main=16777216"
    "memorysetup-job-temp-allocator-block-size=2097152"
    "memorysetup-job-temp-allocator-block-size-background=1048576"
    "memorysetup-job-temp-allocator-reduction-small-platforms=262144"
    "memorysetup-allocator-temp-initial-block-size-main=262144"
    "memorysetup-allocator-temp-initial-block-size-worker=262144"
    "memorysetup-temp-allocator-size-background-worker=32768"
    "memorysetup-temp-allocator-size-job-worker=262144"
    "memorysetup-temp-allocator-size-preload-manager=33554432"
    "memorysetup-temp-allocator-size-nav-mesh-worker=65536"
    "memorysetup-temp-allocator-size-audio-worker=65536"
    "memorysetup-temp-allocator-size-cloud-worker=32768"
    "memorysetup-temp-allocator-size-gi-baking-worker=262144"
    "memorysetup-temp-allocator-size-gfx=262144"
Player connection [3148]  Target information:

Player connection [3148]  * "[IP] 192.168.253.171 [Port] 0 [Flags] 2 [Guid] 579475862 [EditorId] 579475862 [Version] 1048832 [Id] WindowsEditor(7,DESKTOP-66DGGND) [Debug] 1 [PackageName] WindowsEditor [ProjectName] Editor" 

Player connection [3148] Host joined multi-casting on [225.0.0.222:54997]...
Player connection [3148] Host joined alternative multi-casting on [225.0.0.222:34997]...
Input System module state changed to: Initialized.
[PhysX] Initialized MultithreadedTaskDispatcher with 16 workers.
Refreshing native plugins compatible for Editor in 60.84 ms, found 12 plugins.
Preloading 0 native plugins for Editor in 0.00 ms.
Initialize engine version: 2022.3.62f1 (4af31df58517)
[Subsystems] Discovering subsystems at path C:/Program Files/Unity/Hub/Editor/2022.3.62f1/Editor/Data/Resources/UnitySubsystems
[Subsystems] Discovering subsystems at path C:/StudentProjects/Serious game group 18/My project/Assets
GfxDevice: creating device client; threaded=0; jobified=0
Direct3D:
    Version:  Direct3D 11.0 [level 11.1]
    Renderer: Radeon RX Vega (ID=0x687f)
    Vendor:   ATI
    VRAM:     8119 MB
    Driver:   31.0.12027.9001
Shader 'Fristy/Nature/Leaves': fallback shader 'TransparentCutout' not found
Shader 'Fristy/Nature/Leaves 2': fallback shader 'TransparentCutout' not found
Shader 'Fristy/Nature/Leaves 2': fallback shader 'TransparentCutout' not found
Shader 'Fristy/Nature/Leaves': fallback shader 'TransparentCutout' not found
Initialize mono
Mono path[0] = 'C:/Program Files/Unity/Hub/Editor/2022.3.62f1/Editor/Data/Managed'
Mono path[1] = 'C:/Program Files/Unity/Hub/Editor/2022.3.62f1/Editor/Data/MonoBleedingEdge/lib/mono/unityjit-win32'
Mono config path = 'C:/Program Files/Unity/Hub/Editor/2022.3.62f1/Editor/Data/MonoBleedingEdge/etc'
Using monoOptions --debugger-agent=transport=dt_socket,embedding=1,server=y,suspend=n,address=127.0.0.1:56972
Begin MonoManager ReloadAssembly
Registering precompiled unity dll's ...
Register platform support module: C:/Program Files/Unity/Hub/Editor/2022.3.62f1/Editor/Data/PlaybackEngines/WindowsStandaloneSupport/UnityEditor.WindowsStandalone.Extensions.dll
Registered in 0.019375 seconds.
- Loaded All Assemblies, in  0.563 seconds
Native extension for WindowsStandalone target not found
Mono: successfully reloaded assembly
- Finished resetting the current domain, in  0.411 seconds
Domain Reload Profiling: 971ms
	BeginReloadAssembly (174ms)
		ExecutionOrderSort (0ms)
		DisableScriptedObjects (0ms)
		BackupInstance (0ms)
		ReleaseScriptingObjects (0ms)
		CreateAndSetChildDomain (1ms)
	RebuildCommonClasses (56ms)
	RebuildNativeTypeToScriptingClass (17ms)
	initialDomainReloadingComplete (99ms)
	LoadAllAssembliesAndSetupDomain (214ms)
		LoadAssemblies (169ms)
		RebuildTransferFunctionScriptingTraits (0ms)
		AnalyzeDomain (211ms)
			TypeCache.Refresh (209ms)
				TypeCache.ScanAssembly (192ms)
			ScanForSourceGeneratedMonoScriptInfo (0ms)
			ResolveRequiredComponents (1ms)
	FinalizeReload (412ms)
		ReleaseScriptCaches (0ms)
		RebuildScriptCaches (0ms)
		SetupLoadedEditorAssemblies (341ms)
			LogAssemblyErrors (0ms)
			InitializePlatformSupportModulesInManaged (16ms)
			SetLoadedEditorAssemblies (9ms)
			RefreshPlugins (0ms)
			BeforeProcessingInitializeOnLoad (3ms)
			ProcessInitializeOnLoadAttributes (228ms)
			ProcessInitializeOnLoadMethodAttributes (85ms)
			AfterProcessingInitializeOnLoad (0ms)
			EditorAssembliesLoaded (0ms)
		ExecutionOrderSort2 (0ms)
		AwakeInstancesAfterBackupRestoration (0ms)
========================================================================
Worker process is ready to serve import requests
Caller must complete domain reload
Begin MonoManager ReloadAssembly
- Loaded All Assemblies, in  1.461 seconds
Native extension for WindowsStandalone target not found
Package Manager log level set to [2]
[Package Manager] Server::EnsureServerProcessIsRunning -- launch failed, reason: Unity was launched with the -noUpm command-line argument
[Package Manager] UpmClient::Send -- Unable to send message (not connected to UPM process).
[Package Manager] Cannot connect to Unity Package Manager local server
Mono: successfully reloaded assembly
[Package Manager] Server::EnsureServerProcessIsRunning -- launch failed, reason: Unity was launched with the -noUpm command-line argument
[Package Manager] UpmClient::Send -- Unable to send message (not connected to UPM process).
[Package Manager] Cannot connect to Unity Package Manager local server
[Package Manager] Server::EnsureServerProcessIsRunning -- launch failed, reason: Unity was launched with the -noUpm command-line argument
[Package Manager] UpmClient::Send -- Unable to send message (not connected to UPM process).
[Package Manager] Cannot connect to Unity Package Manager local server
- Finished resetting the current domain, in  1.727 seconds
Domain Reload Profiling: 3178ms
	BeginReloadAssembly (247ms)
		ExecutionOrderSort (0ms)
		DisableScriptedObjects (8ms)
		BackupInstance (0ms)
		ReleaseScriptingObjects (0ms)
		CreateAndSetChildDomain (33ms)
	RebuildCommonClasses (50ms)
	RebuildNativeTypeToScriptingClass (15ms)
	initialDomainReloadingComplete (66ms)
	LoadAllAssembliesAndSetupDomain (1073ms)
		LoadAssemblies (699ms)
		RebuildTransferFunctionScriptingTraits (0ms)
		AnalyzeDomain (523ms)
			TypeCache.Refresh (433ms)
				TypeCache.ScanAssembly (404ms)
			ScanForSourceGeneratedMonoScriptInfo (63ms)
			ResolveRequiredComponents (24ms)
	FinalizeReload (1728ms)
		ReleaseScriptCaches (0ms)
		RebuildScriptCaches (0ms)
		SetupLoadedEditorAssemblies (1398ms)
			LogAssemblyErrors (0ms)
			InitializePlatformSupportModulesInManaged (10ms)
			SetLoadedEditorAssemblies (7ms)
			RefreshPlugins (0ms)
			BeforeProcessingInitializeOnLoad (173ms)
			ProcessInitializeOnLoadAttributes (799ms)
			ProcessInitializeOnLoadMethodAttributes (395ms)
			AfterProcessingInitializeOnLoad (14ms)
			EditorAssembliesLoaded (0ms)
		ExecutionOrderSort2 (0ms)
		AwakeInstancesAfterBackupRestoration (11ms)
WARNING: Shader Unsupported: 'Toby Fredson/The Toby Foliage Engine/(TTFE) Terrain Snow BasePass' - All subshaders removed
WARNING: Shader Did you use #pragma only_renderers and omit this platform?
WARNING: Shader If subshaders removal was intentional, you may have forgotten turning Fallback off?
WARNING: Shader Unsupported: 'Toby Fredson/The Toby Foliage Engine/(TTFE) Terrain Snow BasePass' - All subshaders removed
WARNING: Shader Did you use #pragma only_renderers and omit this platform?
WARNING: Shader If subshaders removal was intentional, you may have forgotten turning Fallback off?
WARNING: Shader Unsupported: 'Toby Fredson/The Toby Foliage Engine/(TTFE) Terrain Snow AddPass' - All subshaders removed
WARNING: Shader Did you use #pragma only_renderers and omit this platform?
WARNING: Shader If subshaders removal was intentional, you may have forgotten turning Fallback off?
WARNING: Shader Unsupported: 'Toby Fredson/The Toby Foliage Engine/(TTFE) Terrain Snow AddPass' - All subshaders removed
WARNING: Shader Did you use #pragma only_renderers and omit this platform?
WARNING: Shader If subshaders removal was intentional, you may have forgotten turning Fallback off?
WARNING: Shader Unsupported: 'Toby Fredson/The Toby Foliage Engine/(TTFE) Terrain Snow' - All subshaders removed
WARNING: Shader Did you use #pragma only_renderers and omit this platform?
WARNING: Shader If subshaders removal was intentional, you may have forgotten turning Fallback off?
WARNING: Shader Unsupported: 'Toby Fredson/The Toby Foliage Engine/(TTFE) Terrain Snow' - All subshaders removed
WARNING: Shader Did you use #pragma only_renderers and omit this platform?
WARNING: Shader If subshaders removal was intentional, you may have forgotten turning Fallback off?
WARNING: Shader Unsupported: 'Hidden/Builtin_TerrainVisualization' - All subshaders removed
WARNING: Shader Did you use #pragma only_renderers and omit this platform?
WARNING: Shader If subshaders removal was intentional, you may have forgotten turning Fallback off?
WARNING: Shader Unsupported: 'Hidden/Builtin_TerrainVisualization' - All subshaders removed
WARNING: Shader Did you use #pragma only_renderers and omit this platform?
WARNING: Shader If subshaders removal was intentional, you may have forgotten turning Fallback off?
WARNING: Shader Unsupported: 'Hidden/Universal Render Pipeline/Terrain/Lit (Base Pass)' - All subshaders removed
WARNING: Shader Did you use #pragma only_renderers and omit this platform?
WARNING: Shader If subshaders removal was intentional, you may have forgotten turning Fallback off?
WARNING: Shader Unsupported: 'Hidden/Universal Render Pipeline/Terrain/Lit (Base Pass)' - All subshaders removed
WARNING: Shader Did you use #pragma only_renderers and omit this platform?
WARNING: Shader If subshaders removal was intentional, you may have forgotten turning Fallback off?
WARNING: Shader Unsupported: 'Universal Render Pipeline/Terrain/Lit' - All subshaders removed
WARNING: Shader Did you use #pragma only_renderers and omit this platform?
WARNING: Shader If subshaders removal was intentional, you may have forgotten turning Fallback off?
WARNING: Shader Unsupported: 'Universal Render Pipeline/Terrain/Lit' - All subshaders removed
WARNING: Shader Did you use #pragma only_renderers and omit this platform?
WARNING: Shader If subshaders removal was intentional, you may have forgotten turning Fallback off?
Shader 'Fristy/Nature/Leaves': fallback shader 'TransparentCutout' not found
Shader 'Fristy/Nature/Leaves 2': fallback shader 'TransparentCutout' not found
Shader 'Fristy/Nature/Leaves': fallback shader 'TransparentCutout' not found
Shader 'Fristy/Nature/Leaves 2': fallback shader 'TransparentCutout' not found
Launched and connected shader compiler UnityShaderCompiler.exe after 0.06 seconds
Refreshing native plugins compatible for Editor in 34.52 ms, found 12 plugins.
Preloading 0 native plugins for Editor in 0.00 ms.
Unloading 9308 Unused Serialized files (Serialized files now loaded: 0)
Unloading 169 unused Assets / (26.2 MB). Loaded Objects now: 9846.
Memory consumption went from 0.51 GB to 492.5 MB.
Total: 13.040800 ms (FindLiveObjects: 1.240000 ms CreateObjectMapping: 1.269500 ms MarkObjects: 7.175600 ms  DeleteObjects: 3.353600 ms)

AssetImportParameters requested are different than current active one (requested -> active):
  custom:container-demuxer-ogg: 62fdf1f143b41e24485cea50d1cbac27 -> 
  custom:framework-win-MediaFoundation: 216162199b28c13a410421893ffa2e32 -> 
  custom:container-muxer-webm: aa71ff27fc2769a1b78a27578f13a17b -> 
  custom:video-decoder-webm-vp8: 9c59270c3fd7afecdb556c50c9e8de78 -> 
  custom:SearchIndexIgnoredProperties: e643bd26f0fe6173181afceb89e7c659 -> 
  custom:AudioImporter_EditorPlatform: d09bf68614088b80899f8185d706f6e7 -> 
  custom:audio-decoder-ogg-vorbis: bf7c407c2cedff20999df2af8eb42d56 -> 
  custom:audio-encoder-webm-vorbis: bf7c407c2cedff20999df2af8eb42d56 -> 
  custom:video-codec-MediaFoundation-h265: 746d11721c4dcdbdad8f713fa42b33f4 -> 
  custom:video-decoder-ogg-theora: a1e56fd34408186e4bbccfd4996cb3dc -> 
  custom:CustomObjectIndexerAttribute: 3ead1caaecf1c488f20bcfeb224b6af5 -> 
  custom:container-demuxer-webm: 4f35f7cbe854078d1ac9338744f61a02 -> 
  custom:video-encoder-webm-vp8: eb34c28f22e8b96e1ab97ce403110664 -> 
========================================================================
Received Import Request.
  Time since last request: 976106.130588 seconds.
  path: Assets/Toby Fredson/The Toby Foliage Engine/2. ChangeLog.txt
  artifactKey: Guid(1bd905052d61c934ab52eea84b9c1620) Importer(815301076,1909f56bfc062723c751e8b465ee728b)
Start importing Assets/Toby Fredson/The Toby Foliage Engine/2. ChangeLog.txt using Guid(1bd905052d61c934ab52eea84b9c1620) Importer(815301076,1909f56bfc062723c751e8b465ee728b) [PhysX] Initialized MultithreadedTaskDispatcher with 16 workers.
 -> (artifact id: 'abd40931896c52dc9437dd3964171446') in 0.050307 seconds
Number of updated asset objects reloaded before import = 0
Number of asset objects unloaded after import = 1
========================================================================
Received Import Request.
  Time since last request: 5.263272 seconds.
  path: Assets/Toby Fredson/The Toby Foliage Engine/3. (SRP) Install Instructions.txt
  artifactKey: Guid(dc2ac1c423be1c8438e31d8260970f61) Importer(815301076,1909f56bfc062723c751e8b465ee728b)
Start importing Assets/Toby Fredson/The Toby Foliage Engine/3. (SRP) Install Instructions.txt using Guid(dc2ac1c423be1c8438e31d8260970f61) Importer(815301076,1909f56bfc062723c751e8b465ee728b) [PhysX] Initialized MultithreadedTaskDispatcher with 16 workers.
 -> (artifact id: '66ea374ac6cf8be97f7ca725ad89c6f6') in 0.001325 seconds
Number of updated asset objects reloaded before import = 0
Number of asset objects unloaded after import = 1
========================================================================
Received Import Request.
  Time since last request: 22.221224 seconds.
  path: Assets/HDRPDefaultResources/New HDRenderPipelineAsset.asset
  artifactKey: Guid(e1d4c0288da01ed47b839c6a0f2c05a7) Importer(2089858483,0ecaa5967403d082aa24f35e1b516d23)
Start importing Assets/HDRPDefaultResources/New HDRenderPipelineAsset.asset using Guid(e1d4c0288da01ed47b839c6a0f2c05a7) Importer(2089858483,0ecaa5967403d082aa24f35e1b516d23) [PhysX] Initialized MultithreadedTaskDispatcher with 16 workers.

=================================================================
	Native Crash Reporting
=================================================================
Got a UNKNOWN while executing native code. This usually indicates
a fatal error in the mono runtime or one of the native libraries 
used by your application.
=================================================================

=================================================================
	Managed Stacktrace:
=================================================================
	  at <unknown> <0xffffffff>
	  at System.Object:__icall_wrapper_ves_icall_array_new_specific <0x0006d>
	  at System.RuntimeType:GetPropertiesByName <0x00112>
	  at System.RuntimeType:GetPropertyCandidates <0x000aa>
	  at System.RuntimeType:GetProperties <0x00052>
	  at System.Type:GetProperties <0x0001c>
	  at <>c:<GetMaterialReferenceLookup>b__2_0 <0x00022>
	  at WhereEnumerableIterator`1:MoveNext <0x000ea>
	  at UnityEditor.Rendering.Universal.MaterialReferenceBuilder:GetMaterialReferenceLookup <0x00458>
	  at UnityEditor.Rendering.Universal.MaterialReferenceBuilder:.cctor <0x00032>
	  at System.Object:runtime_invoke_void <0x00084>
	  at <unknown> <0xffffffff>
	  at System.Object:__icall_wrapper_mono_generic_class_init <0x0006a>
	  at UnityEditor.Rendering.Universal.ConversionIndexers:ConversionIndexer <0x0006a>
	  at <Module>:invoke_void_CustomObjectIndexerTarget_ObjectIndexer <0x00113>
	  at UnityEditor.Search.ObjectIndexer:CallCustomIndexers <0x004c9>
	  at UnityEditor.Search.ObjectIndexer:IndexCustomProperties <0x00122>
	  at UnityEditor.Search.AssetIndexer:IndexProperties <0x000ea>
	  at UnityEditor.Search.AssetIndexer:IndexDocument <0x00e22>
	  at UnityEditor.Search.SearchIndexEntryImporter:OnImportAsset <0x00141>
	  at UnityEditor.AssetImporters.ScriptedImporter:GenerateAssetData <0x00018>
	  at <Module>:runtime_invoke_void__this___object <0x00092>
=================================================================
 -> (artifact id: 'e888a08e5b182ad87fa5c949cf65e65c') in 0.468058 seconds
Number of updated asset objects reloaded before import = 0
Number of asset objects unloaded after import = 1
========================================================================
Received Import Request.
  Time since last request: 0.000027 seconds.
  path: Assets/Realistic Tree/Demo Scene/Demo_Scene_URP.unity
  artifactKey: Guid(2ec7779e62935c541abc872a0344f28a) Importer(2089858483,0ecaa5967403d082aa24f35e1b516d23)
Start importing Assets/Realistic Tree/Demo Scene/Demo_Scene_URP.unity using Guid(2ec7779e62935c541abc872a0344f28a) Importer(2089858483,0ecaa5967403d082aa24f35e1b516d23) [PhysX] Initialized MultithreadedTaskDispatcher with 16 workers.
 -> (artifact id: 'e4f4fe4ae82ef3ba26c28bb524859a8a') in 0.025123 seconds
Number of updated asset objects reloaded before import = 0
Number of asset objects unloaded after import = 1
========================================================================
Received Import Request.
  Time since last request: 0.000042 seconds.
  path: Assets/Realistic Tree/Documentation.pdf
  artifactKey: Guid(30d3a39fcd7ad8f428b5a320d261308f) Importer(2089858483,0ecaa5967403d082aa24f35e1b516d23)
Start importing Assets/Realistic Tree/Documentation.pdf using Guid(30d3a39fcd7ad8f428b5a320d261308f) Importer(2089858483,0ecaa5967403d082aa24f35e1b516d23) [PhysX] Initialized MultithreadedTaskDispatcher with 16 workers.
 -> (artifact id: '91c3b57f0aa7be8b66f4e22de23a3478') in 0.019333 seconds
Number of updated asset objects reloaded before import = 0
Number of asset objects unloaded after import = 1
========================================================================
Received Import Request.
  Time since last request: 0.000024 seconds.
  path: Assets/seaShell/textures/urpMaps/seaShell_ambient_occlusion.tga
  artifactKey: Guid(672fc95b4f42cc041884356e91ec2208) Importer(2089858483,0ecaa5967403d082aa24f35e1b516d23)
Start importing Assets/seaShell/textures/urpMaps/seaShell_ambient_occlusion.tga using Guid(672fc95b4f42cc041884356e91ec2208) Importer(2089858483,0ecaa5967403d082aa24f35e1b516d23) [PhysX] Initialized MultithreadedTaskDispatcher with 16 workers.
 -> (artifact id: '57cd9120e4e3ce8f84c802504c754815') in 0.068075 seconds
Number of updated asset objects reloaded before import = 0
Number of asset objects unloaded after import = 1
========================================================================
Received Import Request.
  Time since last request: 0.000023 seconds.
  path: Assets/Realistic Tree/Source/Models/Chestnut/Chestnut_5.fbx
  artifactKey: Guid(1a59981b9b4445c469b74964f678852b) Importer(2089858483,0ecaa5967403d082aa24f35e1b516d23)
Start importing Assets/Realistic Tree/Source/Models/Chestnut/Chestnut_5.fbx using Guid(1a59981b9b4445c469b74964f678852b) Importer(2089858483,0ecaa5967403d082aa24f35e1b516d23) [PhysX] Initialized MultithreadedTaskDispatcher with 16 workers.
 -> (artifact id: '8e7cfffcb896676b68acbc377d9fb765') in 0.131478 seconds
Number of updated asset objects reloaded before import = 0
Number of asset objects unloaded after import = 105
========================================================================
Received Import Request.
  Time since last request: 0.000035 seconds.
  path: Assets/Realistic Tree/Source/Materials/HDRP/Leaves/Ash
  artifactKey: Guid(fdeebafd17515b94d90f00876d837e09) Importer(2089858483,0ecaa5967403d082aa24f35e1b516d23)
Start importing Assets/Realistic Tree/Source/Materials/HDRP/Leaves/Ash using Guid(fdeebafd17515b94d90f00876d837e09) Importer(2089858483,0ecaa5967403d082aa24f35e1b516d23) [PhysX] Initialized MultithreadedTaskDispatcher with 16 workers.
 -> (artifact id: 'b4e420b9f50a56b3c81b5b1874b8fb40') in 0.019878 seconds
Number of updated asset objects reloaded before import = 0
Number of asset objects unloaded after import = 1
========================================================================
Received Import Request.
  Time since last request: 0.000037 seconds.
  path: Assets/Realistic Tree/Prefabs/Standard/Chestnut/Chestnut 1.prefab
  artifactKey: Guid(31ba5c3a1b4ba5545a78485c6672365e) Importer(2089858483,0ecaa5967403d082aa24f35e1b516d23)
Start importing Assets/Realistic Tree/Prefabs/Standard/Chestnut/Chestnut 1.prefab using Guid(31ba5c3a1b4ba5545a78485c6672365e) Importer(2089858483,0ecaa5967403d082aa24f35e1b516d23) [PhysX] Initialized MultithreadedTaskDispatcher with 16 workers.
 -> (artifact id: '46c53ff887b008d6b39aa2849ea0297c') in 0.199391 seconds
Number of updated asset objects reloaded before import = 0
Number of asset objects unloaded after import = 89
========================================================================
Received Import Request.
  Time since last request: 0.000035 seconds.
  path: Assets/Realistic Tree/Source/Materials/URP/Falling Leaves/Ash_Single.mat
  artifactKey: Guid(01a9c562a49f8fd4ba033f6d23b086ef) Importer(2089858483,0ecaa5967403d082aa24f35e1b516d23)
Start importing Assets/Realistic Tree/Source/Materials/URP/Falling Leaves/Ash_Single.mat using Guid(01a9c562a49f8fd4ba033f6d23b086ef) Importer(2089858483,0ecaa5967403d082aa24f35e1b516d23) [PhysX] Initialized MultithreadedTaskDispatcher with 16 workers.
 -> (artifact id: '16f60522d20d42071f3b93637cfb84bc') in 0.073830 seconds
Number of updated asset objects reloaded before import = 0
Number of asset objects unloaded after import = 2
========================================================================
Received Import Request.
  Time since last request: 0.000037 seconds.
  path: Assets/Realistic Tree/Source/Materials/URP/Leaves/Ash/Ash_Leaves_1.mat
  artifactKey: Guid(4477e1a4280ef5448920085148e2bfc3) Importer(2089858483,0ecaa5967403d082aa24f35e1b516d23)
Start importing Assets/Realistic Tree/Source/Materials/URP/Leaves/Ash/Ash_Leaves_1.mat using Guid(4477e1a4280ef5448920085148e2bfc3) Importer(2089858483,0ecaa5967403d082aa24f35e1b516d23) [PhysX] Initialized MultithreadedTaskDispatcher with 16 workers.
 -> (artifact id: 'a98e1815c639670c63c68d337b0c2f5d') in 0.045463 seconds
Number of updated asset objects reloaded before import = 0
Number of asset objects unloaded after import = 3
========================================================================
Received Import Request.
  Time since last request: 0.000026 seconds.
  path: Assets/seaShell/seaShell Variant 1.prefab
  artifactKey: Guid(ced4adf0e23ea9a4f8b71e70d0e1047d) Importer(2089858483,0ecaa5967403d082aa24f35e1b516d23)
Start importing Assets/seaShell/seaShell Variant 1.prefab using Guid(ced4adf0e23ea9a4f8b71e70d0e1047d) Importer(2089858483,0ecaa5967403d082aa24f35e1b516d23) [PhysX] Initialized MultithreadedTaskDispatcher with 16 workers.
 -> (artifact id: '3db88e25b0c93a131998b1e520b5af29') in 0.037499 seconds
Number of updated asset objects reloaded before import = 0
Number of asset objects unloaded after import = 49
========================================================================
Received Import Request.
  Time since last request: 0.000024 seconds.
  path: Assets/seaShell/seaShell Variant.prefab
  artifactKey: Guid(2d141a6a383b7e448a7ccf492f3881f0) Importer(2089858483,0ecaa5967403d082aa24f35e1b516d23)
Start importing Assets/seaShell/seaShell Variant.prefab using Guid(2d141a6a383b7e448a7ccf492f3881f0) Importer(2089858483,0ecaa5967403d082aa24f35e1b516d23) [PhysX] Initialized MultithreadedTaskDispatcher with 16 workers.
 -> (artifact id: 'b1c10b0672e12e1734146277a2552a71') in 0.030547 seconds
Number of updated asset objects reloaded before import = 0
Number of asset objects unloaded after import = 27
========================================================================
Received Import Request.
  Time since last request: 0.000029 seconds.
  path: Assets/Realistic Tree/Prefabs/Standard/Weeping Willow/Weeping_Willow 8.prefab
  artifactKey: Guid(1b52bae7d0bbb564da85b5fcdcc5b3da) Importer(2089858483,0ecaa5967403d082aa24f35e1b516d23)
Start importing Assets/Realistic Tree/Prefabs/Standard/Weeping Willow/Weeping_Willow 8.prefab using Guid(1b52bae7d0bbb564da85b5fcdcc5b3da) Importer(2089858483,0ecaa5967403d082aa24f35e1b516d23) [PhysX] Initialized MultithreadedTaskDispatcher with 16 workers.
 -> (artifact id: '5f8804b4b9d2d5dcf4c7228b6e6127db') in 0.094433 seconds
Number of updated asset objects reloaded before import = 0
Number of asset objects unloaded after import = 49
========================================================================
Received Import Request.
  Time since last request: 0.000039 seconds.
  path: Assets/Realistic Tree/Prefabs/Standard/Spruce/Spruce Group 2.prefab
  artifactKey: Guid(050388e419c7ce5448a238b470cedaba) Importer(2089858483,0ecaa5967403d082aa24f35e1b516d23)
Start importing Assets/Realistic Tree/Prefabs/Standard/Spruce/Spruce Group 2.prefab using Guid(050388e419c7ce5448a238b470cedaba) Importer(2089858483,0ecaa5967403d082aa24f35e1b516d23) [PhysX] Initialized MultithreadedTaskDispatcher with 16 workers.
 -> (artifact id: '7bc18e9752c7be6eb0124b742e10d07d') in 0.054231 seconds
Number of updated asset objects reloaded before import = 0
Number of asset objects unloaded after import = 67
========================================================================
Received Import Request.
  Time since last request: 0.000027 seconds.
  path: Assets/Realistic Tree/Source/Models/Weeping Willow/Willow_7.fbx
  artifactKey: Guid(19af98a7c25b18b4a9f4c1226167e0e1) Importer(2089858483,0ecaa5967403d082aa24f35e1b516d23)
Start importing Assets/Realistic Tree/Source/Models/Weeping Willow/Willow_7.fbx using Guid(19af98a7c25b18b4a9f4c1226167e0e1) Importer(2089858483,0ecaa5967403d082aa24f35e1b516d23) [PhysX] Initialized MultithreadedTaskDispatcher with 16 workers.
 -> (artifact id: 'e6c6b75dbabd1c57381d879790c7c584') in 0.048616 seconds
Number of updated asset objects reloaded before import = 0
Number of asset objects unloaded after import = 45
========================================================================
Received Import Request.
  Time since last request: 0.000527 seconds.
  path: Assets/Realistic Tree/Prefabs/HDRP/Birch/Birch 7.prefab
  artifactKey: Guid(02ee852280231ad40857931e325cff7d) Importer(2089858483,0ecaa5967403d082aa24f35e1b516d23)
Start importing Assets/Realistic Tree/Prefabs/HDRP/Birch/Birch 7.prefab using Guid(02ee852280231ad40857931e325cff7d) Importer(2089858483,0ecaa5967403d082aa24f35e1b516d23) [PhysX] Initialized MultithreadedTaskDispatcher with 16 workers.
 -> (artifact id: '33db4be0659ae48d8d59dbe84817d10a') in 0.198783 seconds
Number of updated asset objects reloaded before import = 0
Number of asset objects unloaded after import = 49
========================================================================
Received Import Request.
  Time since last request: 0.000039 seconds.
  path: Assets/Realistic Tree/Prefabs/HDRP/Spruce/Spruce Group 2.prefab
  artifactKey: Guid(d8c9371ee445d56488b0433582d6420e) Importer(2089858483,0ecaa5967403d082aa24f35e1b516d23)
Start importing Assets/Realistic Tree/Prefabs/HDRP/Spruce/Spruce Group 2.prefab using Guid(d8c9371ee445d56488b0433582d6420e) Importer(2089858483,0ecaa5967403d082aa24f35e1b516d23) [PhysX] Initialized MultithreadedTaskDispatcher with 16 workers.
 -> (artifact id: '6ae9fc50809c6e8a97e28b8ec2220d12') in 0.039203 seconds
Number of updated asset objects reloaded before import = 0
Number of asset objects unloaded after import = 67
========================================================================
Received Import Request.
  Time since last request: 0.000034 seconds.
  path: Assets/Realistic Tree/Source/Materials/Standard/Leaves/Ash
  artifactKey: Guid(0a897e94fa16cd94e94bfb6779e61a8a) Importer(2089858483,0ecaa5967403d082aa24f35e1b516d23)
Start importing Assets/Realistic Tree/Source/Materials/Standard/Leaves/Ash using Guid(0a897e94fa16cd94e94bfb6779e61a8a) Importer(2089858483,0ecaa5967403d082aa24f35e1b516d23) [PhysX] Initialized MultithreadedTaskDispatcher with 16 workers.
 -> (artifact id: 'd381749dfb079dd2e8ca083a93aa9974') in 0.020043 seconds
Number of updated asset objects reloaded before import = 0
Number of asset objects unloaded after import = 1
========================================================================
Received Import Request.
  Time since last request: 0.000026 seconds.
  path: Assets/SteamVR/InteractionSystem/Hints/Materials/URPControllerTextHintLine.mat
  artifactKey: Guid(d51c2116441c31e408cfcd6e44b1ff93) Importer(2089858483,0ecaa5967403d082aa24f35e1b516d23)
Start importing Assets/SteamVR/InteractionSystem/Hints/Materials/URPControllerTextHintLine.mat using Guid(d51c2116441c31e408cfcd6e44b1ff93) Importer(2089858483,0ecaa5967403d082aa24f35e1b516d23) [PhysX] Initialized MultithreadedTaskDispatcher with 16 workers.
 -> (artifact id: '6cfb57f8624a3c6072a40ff4cc316cbc') in 0.024993 seconds
Number of updated asset objects reloaded before import = 0
Number of asset objects unloaded after import = 1
========================================================================
Received Import Request.
  Time since last request: 0.000030 seconds.
  path: Assets/Realistic Tree/Prefabs/URP/Chestnut/Chestnut 1.prefab
  artifactKey: Guid(733e0985fe2f8674981f217143ec930a) Importer(2089858483,0ecaa5967403d082aa24f35e1b516d23)
Start importing Assets/Realistic Tree/Prefabs/URP/Chestnut/Chestnut 1.prefab using Guid(733e0985fe2f8674981f217143ec930a) Importer(2089858483,0ecaa5967403d082aa24f35e1b516d23) [PhysX] Initialized MultithreadedTaskDispatcher with 16 workers.
 -> (artifact id: '2083b9beadde57a210b237892a4b8ee9') in 0.075483 seconds
Number of updated asset objects reloaded before import = 0
Number of asset objects unloaded after import = 89
========================================================================
Received Import Request.
  Time since last request: 0.000041 seconds.
  path: Assets/Realistic Tree/Source/Materials/HDRP/Falling Leaves/Birch_Single.png
  artifactKey: Guid(d11f31635d26b984aa2d5bfb6876348b) Importer(2089858483,0ecaa5967403d082aa24f35e1b516d23)
Start importing Assets/Realistic Tree/Source/Materials/HDRP/Falling Leaves/Birch_Single.png using Guid(d11f31635d26b984aa2d5bfb6876348b) Importer(2089858483,0ecaa5967403d082aa24f35e1b516d23) [PhysX] Initialized MultithreadedTaskDispatcher with 16 workers.
 -> (artifact id: 'f327118bb070d2bd87d519d5a9618d84') in 0.081688 seconds
Number of updated asset objects reloaded before import = 0
Number of asset objects unloaded after import = 1
========================================================================
Received Import Request.
  Time since last request: 0.000033 seconds.
  path: Assets/Realistic Tree/Prefabs/HDRP/Weeping Willow/Weeping_Willow 1.prefab
  artifactKey: Guid(cf7d9b545839bde4a90b33e15e43da34) Importer(2089858483,0ecaa5967403d082aa24f35e1b516d23)
Start importing Assets/Realistic Tree/Prefabs/HDRP/Weeping Willow/Weeping_Willow 1.prefab using Guid(cf7d9b545839bde4a90b33e15e43da34) Importer(2089858483,0ecaa5967403d082aa24f35e1b516d23) [PhysX] Initialized MultithreadedTaskDispatcher with 16 workers.
 -> (artifact id: '09a2d86ae651a5ee9592627c28231f70') in 0.093595 seconds
Number of updated asset objects reloaded before import = 0
Number of asset objects unloaded after import = 49
========================================================================
Received Import Request.
  Time since last request: 0.000031 seconds.
  path: Assets/Realistic Tree/Source/Materials/Standard/Falling Leaves/URP/Chestnut_Single.mat
  artifactKey: Guid(fedb23d41c9426e4d96cefb0af55ef0d) Importer(2089858483,0ecaa5967403d082aa24f35e1b516d23)
Start importing Assets/Realistic Tree/Source/Materials/Standard/Falling Leaves/URP/Chestnut_Single.mat using Guid(fedb23d41c9426e4d96cefb0af55ef0d) Importer(2089858483,0ecaa5967403d082aa24f35e1b516d23) [PhysX] Initialized MultithreadedTaskDispatcher with 16 workers.
 -> (artifact id: '67317e64e2863ccdd9d4b2738eac54aa') in 0.095225 seconds
Number of updated asset objects reloaded before import = 0
Number of asset objects unloaded after import = 2
========================================================================
Received Import Request.
  Time since last request: 0.000041 seconds.
  path: Assets/Realistic Tree/Prefabs/URP/Weeping Willow/Weeping_Willow 2.prefab
  artifactKey: Guid(0bd944d7ec2d7e14d897ddb1e56c4d88) Importer(2089858483,0ecaa5967403d082aa24f35e1b516d23)
Start importing Assets/Realistic Tree/Prefabs/URP/Weeping Willow/Weeping_Willow 2.prefab using Guid(0bd944d7ec2d7e14d897ddb1e56c4d88) Importer(2089858483,0ecaa5967403d082aa24f35e1b516d23) [PhysX] Initialized MultithreadedTaskDispatcher with 16 workers.
 -> (artifact id: '82a97719619ed44c4f7a6ce397cb3156') in 0.082684 seconds
Number of updated asset objects reloaded before import = 0
Number of asset objects unloaded after import = 49
========================================================================
Received Import Request.
  Time since last request: 0.000032 seconds.
  path: Assets/Realistic Tree/Source/Materials/URP/Bark/Moss.png
  artifactKey: Guid(809f2512a6b0062439806f743fe20667) Importer(2089858483,0ecaa5967403d082aa24f35e1b516d23)
Start importing Assets/Realistic Tree/Source/Materials/URP/Bark/Moss.png using Guid(809f2512a6b0062439806f743fe20667) Importer(2089858483,0ecaa5967403d082aa24f35e1b516d23) [PhysX] Initialized MultithreadedTaskDispatcher with 16 workers.
 -> (artifact id: '24d2fcae913102fd0c1241075952b940') in 0.034402 seconds
Number of updated asset objects reloaded before import = 0
Number of asset objects unloaded after import = 1
========================================================================
Received Import Request.
  Time since last request: 0.000028 seconds.
  path: Assets/Realistic Tree/Source/Models/Birch/Birch_Group_2.fbx
  artifactKey: Guid(70002cc14af499342bb12a7dde74bf83) Importer(2089858483,0ecaa5967403d082aa24f35e1b516d23)
Start importing Assets/Realistic Tree/Source/Models/Birch/Birch_Group_2.fbx using Guid(70002cc14af499342bb12a7dde74bf83) Importer(2089858483,0ecaa5967403d082aa24f35e1b516d23) [PhysX] Initialized MultithreadedTaskDispatcher with 16 workers.
 -> (artifact id: '09b5f9d01504022f9d17cd524044367c') in 0.083120 seconds
Number of updated asset objects reloaded before import = 0
Number of asset objects unloaded after import = 65
========================================================================
Received Import Request.
  Time since last request: 0.000034 seconds.
  path: Assets/Realistic Tree/Prefabs/URP/Birch/Birch Group 3.prefab
  artifactKey: Guid(78fc3123f026cf0448f524c06cfcdf95) Importer(2089858483,0ecaa5967403d082aa24f35e1b516d23)
Start importing Assets/Realistic Tree/Prefabs/URP/Birch/Birch Group 3.prefab using Guid(78fc3123f026cf0448f524c06cfcdf95) Importer(2089858483,0ecaa5967403d082aa24f35e1b516d23) [PhysX] Initialized MultithreadedTaskDispatcher with 16 workers.
 -> (artifact id: '37201b6849e58bb03f038f56cb3bd181') in 0.081144 seconds
Number of updated asset objects reloaded before import = 0
Number of asset objects unloaded after import = 69
========================================================================
Received Import Request.
  Time since last request: 0.000023 seconds.
  path: Assets/Realistic Tree/Prefabs/URP/Birch/Birch 2.prefab
  artifactKey: Guid(d84fef165871de449b201d71418260b4) Importer(2089858483,0ecaa5967403d082aa24f35e1b516d23)
Start importing Assets/Realistic Tree/Prefabs/URP/Birch/Birch 2.prefab using Guid(d84fef165871de449b201d71418260b4) Importer(2089858483,0ecaa5967403d082aa24f35e1b516d23) [PhysX] Initialized MultithreadedTaskDispatcher with 16 workers.
 -> (artifact id: 'fc86a7c197bec531b0c51b041ca28833') in 0.069080 seconds
Number of updated asset objects reloaded before import = 0
Number of asset objects unloaded after import = 69
========================================================================
Received Import Request.
  Time since last request: 0.000027 seconds.
  path: Assets/Realistic Tree/Prefabs/HDRP/Ash/Ash 3.prefab
  artifactKey: Guid(82da597bc81c78d4fb8b54d163b5a162) Importer(2089858483,0ecaa5967403d082aa24f35e1b516d23)
Start importing Assets/Realistic Tree/Prefabs/HDRP/Ash/Ash 3.prefab using Guid(82da597bc81c78d4fb8b54d163b5a162) Importer(2089858483,0ecaa5967403d082aa24f35e1b516d23) [PhysX] Initialized MultithreadedTaskDispatcher with 16 workers.
 -> (artifact id: '8977bb8d0959a621e156e1fb58b589ac') in 0.100069 seconds
Number of updated asset objects reloaded before import = 0
Number of asset objects unloaded after import = 69
========================================================================
Received Import Request.
  Time since last request: 0.000041 seconds.
  path: Assets/Realistic Tree/Source/Materials/URP/Leaves/Weeping Willow/Weeping_Willow.mat
  artifactKey: Guid(af2d8571842dbb3429992538cf47c681) Importer(2089858483,0ecaa5967403d082aa24f35e1b516d23)
Start importing Assets/Realistic Tree/Source/Materials/URP/Leaves/Weeping Willow/Weeping_Willow.mat using Guid(af2d8571842dbb3429992538cf47c681) Importer(2089858483,0ecaa5967403d082aa24f35e1b516d23) [PhysX] Initialized MultithreadedTaskDispatcher with 16 workers.
 -> (artifact id: 'e71718eb77552e8e25e8d07ed7eafd9b') in 0.029443 seconds
Number of updated asset objects reloaded before import = 0
Number of asset objects unloaded after import = 3
========================================================================
Received Import Request.
  Time since last request: 0.000023 seconds.
  path: Assets/Realistic Tree/Source/Models/Birch/Birch_10.fbx
  artifactKey: Guid(5a1fdcac918e0dd4188d2338a8256c4f) Importer(2089858483,0ecaa5967403d082aa24f35e1b516d23)
Start importing Assets/Realistic Tree/Source/Models/Birch/Birch_10.fbx using Guid(5a1fdcac918e0dd4188d2338a8256c4f) Importer(2089858483,0ecaa5967403d082aa24f35e1b516d23) [PhysX] Initialized MultithreadedTaskDispatcher with 16 workers.
 -> (artifact id: '3716798e9a7e9170ed6b573b08a06a19') in 0.051156 seconds
Number of updated asset objects reloaded before import = 0
Number of asset objects unloaded after import = 45
========================================================================
Received Import Request.
  Time since last request: 0.000035 seconds.
  path: Assets/Realistic Tree/Prefabs/URP/Weeping Willow
  artifactKey: Guid(ed90228c9f9b3c843998f99346171e22) Importer(2089858483,0ecaa5967403d082aa24f35e1b516d23)
Start importing Assets/Realistic Tree/Prefabs/URP/Weeping Willow using Guid(ed90228c9f9b3c843998f99346171e22) Importer(2089858483,0ecaa5967403d082aa24f35e1b516d23) [PhysX] Initialized MultithreadedTaskDispatcher with 16 workers.
 -> (artifact id: '5ff61f2cc0f519508bef1bf8669661c1') in 0.018175 seconds
Number of updated asset objects reloaded before import = 0
Number of asset objects unloaded after import = 1
========================================================================
Received Import Request.
  Time since last request: 0.000029 seconds.
  path: Assets/seaShell/textures/urpMaps/seaShell_Height.tga
  artifactKey: Guid(a935e251b7a87c9479d21a4abd278e27) Importer(2089858483,0ecaa5967403d082aa24f35e1b516d23)
Start importing Assets/seaShell/textures/urpMaps/seaShell_Height.tga using Guid(a935e251b7a87c9479d21a4abd278e27) Importer(2089858483,0ecaa5967403d082aa24f35e1b516d23) [PhysX] Initialized MultithreadedTaskDispatcher with 16 workers.
 -> (artifact id: '5283b0978fb4077f389fa0154af3db2a') in 0.026958 seconds
Number of updated asset objects reloaded before import = 0
Number of asset objects unloaded after import = 1
========================================================================
Received Import Request.
  Time since last request: 0.000045 seconds.
  path: Assets/seaShell/Solitary_Stone_003.prefab
  artifactKey: Guid(f82d2586452fc814ea0daba77156f013) Importer(2089858483,0ecaa5967403d082aa24f35e1b516d23)
Start importing Assets/seaShell/Solitary_Stone_003.prefab using Guid(f82d2586452fc814ea0daba77156f013) Importer(2089858483,0ecaa5967403d082aa24f35e1b516d23) [PhysX] Initialized MultithreadedTaskDispatcher with 16 workers.
 -> (artifact id: 'f2b0d3e2b6a1520b1ff3b44d6b232d02') in 0.032981 seconds
Number of updated asset objects reloaded before import = 0
Number of asset objects unloaded after import = 20
========================================================================
Received Import Request.
  Time since last request: 0.000023 seconds.
  path: Assets/Realistic Tree/Source/Materials/Standard/Bark/Chestnut.mat
  artifactKey: Guid(f2f40c5e5a8bf9b4bb822d2f8e3de973) Importer(2089858483,0ecaa5967403d082aa24f35e1b516d23)
Start importing Assets/Realistic Tree/Source/Materials/Standard/Bark/Chestnut.mat using Guid(f2f40c5e5a8bf9b4bb822d2f8e3de973) Importer(2089858483,0ecaa5967403d082aa24f35e1b516d23) [PhysX] Initialized MultithreadedTaskDispatcher with 16 workers.
 -> (artifact id: 'e201010739bf222b68e50c59c913dd5f') in 0.035898 seconds
Number of updated asset objects reloaded before import = 0
Number of asset objects unloaded after import = 3
========================================================================
Received Import Request.
  Time since last request: 0.000024 seconds.
  path: Assets/Realistic Tree/Prefabs/Standard/Weeping Willow/Weeping_Willow 7.prefab
  artifactKey: Guid(14a2444a931a5fb4695aee62a78dc2c9) Importer(2089858483,0ecaa5967403d082aa24f35e1b516d23)
Start importing Assets/Realistic Tree/Prefabs/Standard/Weeping Willow/Weeping_Willow 7.prefab using Guid(14a2444a931a5fb4695aee62a78dc2c9) Importer(2089858483,0ecaa5967403d082aa24f35e1b516d23) [PhysX] Initialized MultithreadedTaskDispatcher with 16 workers.
 -> (artifact id: 'b325874a3c38d060251bbeee215618fd') in 0.068846 seconds
Number of updated asset objects reloaded before import = 0
Number of asset objects unloaded after import = 49
========================================================================
Received Import Request.
  Time since last request: 0.000033 seconds.
  path: Assets/Realistic Tree/Source/Models/Birch/Birch_9.fbx
  artifactKey: Guid(9cb9c5a2081942a4c9b50717a1def510) Importer(2089858483,0ecaa5967403d082aa24f35e1b516d23)
Start importing Assets/Realistic Tree/Source/Models/Birch/Birch_9.fbx using Guid(9cb9c5a2081942a4c9b50717a1def510) Importer(2089858483,0ecaa5967403d082aa24f35e1b516d23) [PhysX] Initialized MultithreadedTaskDispatcher with 16 workers.
 -> (artifact id: '595af85eb7adbb5f87fe59be5848b89c') in 0.044965 seconds
Number of updated asset objects reloaded before import = 0
Number of asset objects unloaded after import = 65
========================================================================
Received Import Request.
  Time since last request: 0.000044 seconds.
  path: Assets/Realistic Tree/Source/Materials/URP
  artifactKey: Guid(517627eb8918add409b78f956c31c747) Importer(2089858483,0ecaa5967403d082aa24f35e1b516d23)
Start importing Assets/Realistic Tree/Source/Materials/URP using Guid(517627eb8918add409b78f956c31c747) Importer(2089858483,0ecaa5967403d082aa24f35e1b516d23) [PhysX] Initialized MultithreadedTaskDispatcher with 16 workers.
 -> (artifact id: 'c6241a19097b00ec00a64f99c4bfc127') in 0.019234 seconds
Number of updated asset objects reloaded before import = 0
Number of asset objects unloaded after import = 1
========================================================================
Received Import Request.
  Time since last request: 0.000028 seconds.
  path: Assets/Realistic Tree/Source/Materials/URP/Falling Leaves
  artifactKey: Guid(de1fed752a1a90844a985892f65ef830) Importer(2089858483,0ecaa5967403d082aa24f35e1b516d23)
Start importing Assets/Realistic Tree/Source/Materials/URP/Falling Leaves using Guid(de1fed752a1a90844a985892f65ef830) Importer(2089858483,0ecaa5967403d082aa24f35e1b516d23) [PhysX] Initialized MultithreadedTaskDispatcher with 16 workers.
 -> (artifact id: '86b025ab4b232245f461d64f2cb9e76a') in 0.018680 seconds
Number of updated asset objects reloaded before import = 0
Number of asset objects unloaded after import = 1
========================================================================
Received Import Request.
  Time since last request: 0.000023 seconds.
  path: Assets/Realistic Tree/Source/Materials/Standard/Falling Leaves/Chestnut_Single.png
  artifactKey: Guid(e43275fa30631b646b829a075d3a21de) Importer(2089858483,0ecaa5967403d082aa24f35e1b516d23)
Start importing Assets/Realistic Tree/Source/Materials/Standard/Falling Leaves/Chestnut_Single.png using Guid(e43275fa30631b646b829a075d3a21de) Importer(2089858483,0ecaa5967403d082aa24f35e1b516d23) [PhysX] Initialized MultithreadedTaskDispatcher with 16 workers.
 -> (artifact id: 'ad94a85e6cb87db4ab9d911b0fc7b36e') in 0.036213 seconds
Number of updated asset objects reloaded before import = 0
Number of asset objects unloaded after import = 1
========================================================================
Received Import Request.
  Time since last request: 0.000031 seconds.
  path: Assets/Realistic Tree/Prefabs/Standard/Birch/Birch 4.prefab
  artifactKey: Guid(c43898afeed675445b686aca1f9fe2c6) Importer(2089858483,0ecaa5967403d082aa24f35e1b516d23)
Start importing Assets/Realistic Tree/Prefabs/Standard/Birch/Birch 4.prefab using Guid(c43898afeed675445b686aca1f9fe2c6) Importer(2089858483,0ecaa5967403d082aa24f35e1b516d23) [PhysX] Initialized MultithreadedTaskDispatcher with 16 workers.
 -> (artifact id: '050bf2388fedc7db6abfa92ec46d20e2') in 0.075434 seconds
Number of updated asset objects reloaded before import = 0
Number of asset objects unloaded after import = 69
========================================================================
Received Import Request.
  Time since last request: 0.000050 seconds.
  path: Assets/Realistic Tree/Prefabs/Standard/Birch/Birch Group 1.prefab
  artifactKey: Guid(fd9c010c779652042aae3bf9c3e09e84) Importer(2089858483,0ecaa5967403d082aa24f35e1b516d23)
Start importing Assets/Realistic Tree/Prefabs/Standard/Birch/Birch Group 1.prefab using Guid(fd9c010c779652042aae3bf9c3e09e84) Importer(2089858483,0ecaa5967403d082aa24f35e1b516d23) [PhysX] Initialized MultithreadedTaskDispatcher with 16 workers.
 -> (artifact id: '9c6d790c4226ad250c15f7dbc3a0cd22') in 0.080093 seconds
Number of updated asset objects reloaded before import = 0
Number of asset objects unloaded after import = 69
========================================================================
Received Import Request.
  Time since last request: 0.000027 seconds.
  path: Assets/Realistic Tree/Prefabs/Standard/Spruce/Spruce 3.prefab
  artifactKey: Guid(b895889bc90eb7f4a90da34b8a763bc1) Importer(2089858483,0ecaa5967403d082aa24f35e1b516d23)
Start importing Assets/Realistic Tree/Prefabs/Standard/Spruce/Spruce 3.prefab using Guid(b895889bc90eb7f4a90da34b8a763bc1) Importer(2089858483,0ecaa5967403d082aa24f35e1b516d23) [PhysX] Initialized MultithreadedTaskDispatcher with 16 workers.
 -> (artifact id: '36fdd11d41e8d1e503f21393752eaa50') in 0.035494 seconds
Number of updated asset objects reloaded before import = 0
Number of asset objects unloaded after import = 67
========================================================================
Received Import Request.
  Time since last request: 0.000033 seconds.
  path: Assets/Realistic Tree/Source/Materials/Standard/Leaves/Birch
  artifactKey: Guid(aeda0c402cc2fea4eaf1d01f7204a6fb) Importer(2089858483,0ecaa5967403d082aa24f35e1b516d23)
Start importing Assets/Realistic Tree/Source/Materials/Standard/Leaves/Birch using Guid(aeda0c402cc2fea4eaf1d01f7204a6fb) Importer(2089858483,0ecaa5967403d082aa24f35e1b516d23) [PhysX] Initialized MultithreadedTaskDispatcher with 16 workers.
 -> (artifact id: 'db230b0c1c968051b08f9e4ccbe9ffcc') in 0.021039 seconds
Number of updated asset objects reloaded before import = 0
Number of asset objects unloaded after import = 1
========================================================================
Received Import Request.
  Time since last request: 0.000045 seconds.
  path: Assets/Realistic Tree/Prefabs/URP/Chestnut/Chestnut 8.prefab
  artifactKey: Guid(c4b1d2c471aaff04898b4c566e7d08f2) Importer(2089858483,0ecaa5967403d082aa24f35e1b516d23)
Start importing Assets/Realistic Tree/Prefabs/URP/Chestnut/Chestnut 8.prefab using Guid(c4b1d2c471aaff04898b4c566e7d08f2) Importer(2089858483,0ecaa5967403d082aa24f35e1b516d23) [PhysX] Initialized MultithreadedTaskDispatcher with 16 workers.
 -> (artifact id: '208581bfc290f51a23cf160ff3a20241') in 0.078112 seconds
Number of updated asset objects reloaded before import = 0
Number of asset objects unloaded after import = 109
========================================================================
Received Import Request.
  Time since last request: 0.000025 seconds.
  path: Assets/Realistic Tree/Prefabs/URP/Weeping Willow/Weeping_Willow 5.prefab
  artifactKey: Guid(5c12347a16d26c54581c374aee9a306f) Importer(2089858483,0ecaa5967403d082aa24f35e1b516d23)
Start importing Assets/Realistic Tree/Prefabs/URP/Weeping Willow/Weeping_Willow 5.prefab using Guid(5c12347a16d26c54581c374aee9a306f) Importer(2089858483,0ecaa5967403d082aa24f35e1b516d23) [PhysX] Initialized MultithreadedTaskDispatcher with 16 workers.
 -> (artifact id: 'b5aa7f214641d4e9bb4ee14b89b5e8cf') in 0.076257 seconds
Number of updated asset objects reloaded before import = 0
Number of asset objects unloaded after import = 49
========================================================================
Received Import Request.
  Time since last request: 0.000029 seconds.
  path: Assets/Realistic Tree/Prefabs/HDRP/Weeping Willow
  artifactKey: Guid(8efb674d3b92b1a49b32256163118158) Importer(2089858483,0ecaa5967403d082aa24f35e1b516d23)
Start importing Assets/Realistic Tree/Prefabs/HDRP/Weeping Willow using Guid(8efb674d3b92b1a49b32256163118158) Importer(2089858483,0ecaa5967403d082aa24f35e1b516d23) [PhysX] Initialized MultithreadedTaskDispatcher with 16 workers.
 -> (artifact id: 'a230113a1c06ea56e4235e1a4369a3ef') in 0.018274 seconds
Number of updated asset objects reloaded before import = 0
Number of asset objects unloaded after import = 1
========================================================================
Received Import Request.
  Time since last request: 0.000039 seconds.
  path: Assets/Realistic Tree/Source/Models/Weeping Willow
  artifactKey: Guid(d5a4c109299949042ac928bbd52fbaa6) Importer(2089858483,0ecaa5967403d082aa24f35e1b516d23)
Start importing Assets/Realistic Tree/Source/Models/Weeping Willow using Guid(d5a4c109299949042ac928bbd52fbaa6) Importer(2089858483,0ecaa5967403d082aa24f35e1b516d23) [PhysX] Initialized MultithreadedTaskDispatcher with 16 workers.
 -> (artifact id: '13a6e71fe106dffd638eeded6f6437d8') in 0.024876 seconds
Number of updated asset objects reloaded before import = 0
Number of asset objects unloaded after import = 1
========================================================================
Received Import Request.
  Time since last request: 0.000048 seconds.
  path: Assets/Realistic Tree/Prefabs/Standard/Ash/Ash 1.prefab
  artifactKey: Guid(b705299bf721f4a4083e5c4f318c85f7) Importer(2089858483,0ecaa5967403d082aa24f35e1b516d23)
Start importing Assets/Realistic Tree/Prefabs/Standard/Ash/Ash 1.prefab using Guid(b705299bf721f4a4083e5c4f318c85f7) Importer(2089858483,0ecaa5967403d082aa24f35e1b516d23) [PhysX] Initialized MultithreadedTaskDispatcher with 16 workers.
 -> (artifact id: '75a104d235b552a2e76d95ee0ca628b3') in 0.073487 seconds
Number of updated asset objects reloaded before import = 0
Number of asset objects unloaded after import = 69
========================================================================
Received Import Request.
  Time since last request: 0.000041 seconds.
  path: Assets/Realistic Tree/Prefabs/URP/Birch/Birch 8.prefab
  artifactKey: Guid(b4b2a6f205b7d064f87f3566a03e10a9) Importer(2089858483,0ecaa5967403d082aa24f35e1b516d23)
Start importing Assets/Realistic Tree/Prefabs/URP/Birch/Birch 8.prefab using Guid(b4b2a6f205b7d064f87f3566a03e10a9) Importer(2089858483,0ecaa5967403d082aa24f35e1b516d23) [PhysX] Initialized MultithreadedTaskDispatcher with 16 workers.
 -> (artifact id: '4e3a025a6e1800c7270055b0c02dac0c') in 0.077850 seconds
Number of updated asset objects reloaded before import = 0
Number of asset objects unloaded after import = 69
========================================================================
Received Import Request.
  Time since last request: 0.000037 seconds.
  path: Assets/Realistic Tree/Prefabs/URP/Chestnut/Chestnut 5.prefab
  artifactKey: Guid(0a37a79028ba9924a819af7ab8357711) Importer(2089858483,0ecaa5967403d082aa24f35e1b516d23)
Start importing Assets/Realistic Tree/Prefabs/URP/Chestnut/Chestnut 5.prefab using Guid(0a37a79028ba9924a819af7ab8357711) Importer(2089858483,0ecaa5967403d082aa24f35e1b516d23) [PhysX] Initialized MultithreadedTaskDispatcher with 16 workers.
 -> (artifact id: 'e8f8a9df524539c70176124f2c4e896a') in 0.081811 seconds
Number of updated asset objects reloaded before import = 0
Number of asset objects unloaded after import = 109
========================================================================
Received Import Request.
  Time since last request: 0.000033 seconds.
  path: Assets/Realistic Tree/Source/Materials/Standard/Leaves/Chestnut/Chestnut_Small_Leaves.mat
  artifactKey: Guid(9cba35e6062e0a44ebeb1b9177080d53) Importer(2089858483,0ecaa5967403d082aa24f35e1b516d23)
Start importing Assets/Realistic Tree/Source/Materials/Standard/Leaves/Chestnut/Chestnut_Small_Leaves.mat using Guid(9cba35e6062e0a44ebeb1b9177080d53) Importer(2089858483,0ecaa5967403d082aa24f35e1b516d23) [PhysX] Initialized MultithreadedTaskDispatcher with 16 workers.
 -> (artifact id: '1e4ec1dbe118ab53a8be82f2f4be0b49') in 0.030004 seconds
Number of updated asset objects reloaded before import = 0
Number of asset objects unloaded after import = 2
========================================================================
Received Import Request.
  Time since last request: 0.000027 seconds.
  path: Assets/Realistic Tree/Prefabs/URP/Weeping Willow/Weeping_Willow 1.prefab
  artifactKey: Guid(00504f464b42d1d45a2dc24ba9eade1e) Importer(2089858483,0ecaa5967403d082aa24f35e1b516d23)
Start importing Assets/Realistic Tree/Prefabs/URP/Weeping Willow/Weeping_Willow 1.prefab using Guid(00504f464b42d1d45a2dc24ba9eade1e) Importer(2089858483,0ecaa5967403d082aa24f35e1b516d23) [PhysX] Initialized MultithreadedTaskDispatcher with 16 workers.
 -> (artifact id: '5a54fa2e9fa5897d00d2d0574c21befc') in 0.075428 seconds
Number of updated asset objects reloaded before import = 0
Number of asset objects unloaded after import = 49
========================================================================
Received Import Request.
  Time since last request: 0.000041 seconds.
  path: Assets/Realistic Tree/Prefabs/Standard/Ash/Ash 8.prefab
  artifactKey: Guid(886e7c2dac95cff449facd13d0775147) Importer(2089858483,0ecaa5967403d082aa24f35e1b516d23)
Start importing Assets/Realistic Tree/Prefabs/Standard/Ash/Ash 8.prefab using Guid(886e7c2dac95cff449facd13d0775147) Importer(2089858483,0ecaa5967403d082aa24f35e1b516d23) [PhysX] Initialized MultithreadedTaskDispatcher with 16 workers.
 -> (artifact id: '84c104dce419b280da35e4d58142d9d1') in 0.114024 seconds
Number of updated asset objects reloaded before import = 0
Number of asset objects unloaded after import = 69
========================================================================
Received Import Request.
  Time since last request: 0.000027 seconds.
  path: Assets/Realistic Tree/Prefabs/HDRP/Chestnut
  artifactKey: Guid(649f3ca53fc535740a7ed8a406b3dd21) Importer(2089858483,0ecaa5967403d082aa24f35e1b516d23)
Start importing Assets/Realistic Tree/Prefabs/HDRP/Chestnut using Guid(649f3ca53fc535740a7ed8a406b3dd21) Importer(2089858483,0ecaa5967403d082aa24f35e1b516d23) [PhysX] Initialized MultithreadedTaskDispatcher with 16 workers.
 -> (artifact id: '4b734e169c8f5ce23b45e1f8712960b1') in 0.017661 seconds
Number of updated asset objects reloaded before import = 0
Number of asset objects unloaded after import = 1
========================================================================
Received Import Request.
  Time since last request: 0.000029 seconds.
  path: Assets/Realistic Tree/Source/Textures/Chestnut/Chestnut_Normal.png
  artifactKey: Guid(3a25842b279d606418b7b55ca974fc1e) Importer(2089858483,0ecaa5967403d082aa24f35e1b516d23)
Start importing Assets/Realistic Tree/Source/Textures/Chestnut/Chestnut_Normal.png using Guid(3a25842b279d606418b7b55ca974fc1e) Importer(2089858483,0ecaa5967403d082aa24f35e1b516d23) [PhysX] Initialized MultithreadedTaskDispatcher with 16 workers.
 -> (artifact id: '7f463d7a60b8ff62c77621d546e07d28') in 0.031306 seconds
Number of updated asset objects reloaded before import = 0
Number of asset objects unloaded after import = 1
========================================================================
Received Import Request.
  Time since last request: 0.000046 seconds.
  path: Assets/Realistic Tree/Source/Models/Birch/Birch_4.fbx
  artifactKey: Guid(db85388c38d20b347a37269ae5fe253a) Importer(2089858483,0ecaa5967403d082aa24f35e1b516d23)
Start importing Assets/Realistic Tree/Source/Models/Birch/Birch_4.fbx using Guid(db85388c38d20b347a37269ae5fe253a) Importer(2089858483,0ecaa5967403d082aa24f35e1b516d23) [PhysX] Initialized MultithreadedTaskDispatcher with 16 workers.
 -> (artifact id: '21f7968a95b0a7162e17704243a0f379') in 0.043414 seconds
Number of updated asset objects reloaded before import = 0
Number of asset objects unloaded after import = 65
========================================================================
Received Import Request.
  Time since last request: 0.000032 seconds.
  path: Assets/Realistic Tree/Source/Models/Chestnut
  artifactKey: Guid(02a7c8c067458474a848f1aef31dfcdb) Importer(2089858483,0ecaa5967403d082aa24f35e1b516d23)
Start importing Assets/Realistic Tree/Source/Models/Chestnut using Guid(02a7c8c067458474a848f1aef31dfcdb) Importer(2089858483,0ecaa5967403d082aa24f35e1b516d23) [PhysX] Initialized MultithreadedTaskDispatcher with 16 workers.
 -> (artifact id: '41dcb9e3e62b27063cbe8d9d0fc9092e') in 0.024420 seconds
Number of updated asset objects reloaded before import = 0
Number of asset objects unloaded after import = 1
========================================================================
Received Import Request.
  Time since last request: 0.000024 seconds.
  path: Assets/Realistic Tree/Prefabs/HDRP/Spruce/Spruce 7.prefab
  artifactKey: Guid(bea7820cec2a1a744b0b353f5c0562e1) Importer(2089858483,0ecaa5967403d082aa24f35e1b516d23)
Start importing Assets/Realistic Tree/Prefabs/HDRP/Spruce/Spruce 7.prefab using Guid(bea7820cec2a1a744b0b353f5c0562e1) Importer(2089858483,0ecaa5967403d082aa24f35e1b516d23) [PhysX] Initialized MultithreadedTaskDispatcher with 16 workers.
 -> (artifact id: '2199fb9b2ba003993de35a014644ea87') in 0.037176 seconds
Number of updated asset objects reloaded before import = 0
Number of asset objects unloaded after import = 67
========================================================================
Received Import Request.
  Time since last request: 0.000025 seconds.
  path: Assets/Realistic Tree/Source/Models/Birch
  artifactKey: Guid(0d100481f472c404295970ee6af64ce0) Importer(2089858483,0ecaa5967403d082aa24f35e1b516d23)
Start importing Assets/Realistic Tree/Source/Models/Birch using Guid(0d100481f472c404295970ee6af64ce0) Importer(2089858483,0ecaa5967403d082aa24f35e1b516d23) [PhysX] Initialized MultithreadedTaskDispatcher with 16 workers.
 -> (artifact id: '12dda5844f63c65f593d7f7e206da81c') in 0.022643 seconds
Number of updated asset objects reloaded before import = 0
Number of asset objects unloaded after import = 1
========================================================================
Received Import Request.
  Time since last request: 0.000034 seconds.
  path: Assets/Realistic Tree/Source/Materials/Standard/Falling Leaves/Standard/Weeping_Single.mat
  artifactKey: Guid(d79b2ede7d146a0498d2d2be95887aea) Importer(2089858483,0ecaa5967403d082aa24f35e1b516d23)
Start importing Assets/Realistic Tree/Source/Materials/Standard/Falling Leaves/Standard/Weeping_Single.mat using Guid(d79b2ede7d146a0498d2d2be95887aea) Importer(2089858483,0ecaa5967403d082aa24f35e1b516d23) [PhysX] Initialized MultithreadedTaskDispatcher with 16 workers.
 -> (artifact id: '13a371d7936c1c86f4e08a1fd56b933f') in 0.029481 seconds
Number of updated asset objects reloaded before import = 0
Number of asset objects unloaded after import = 2
========================================================================
Received Import Request.
  Time since last request: 0.000022 seconds.
  path: Assets/Realistic Tree/Prefabs/HDRP/Spruce/Spruce 5.prefab
  artifactKey: Guid(69e86fcf90191a64baa6cee9e3ee003c) Importer(2089858483,0ecaa5967403d082aa24f35e1b516d23)
Start importing Assets/Realistic Tree/Prefabs/HDRP/Spruce/Spruce 5.prefab using Guid(69e86fcf90191a64baa6cee9e3ee003c) Importer(2089858483,0ecaa5967403d082aa24f35e1b516d23) [PhysX] Initialized MultithreadedTaskDispatcher with 16 workers.
 -> (artifact id: '825bd93294ca300953a2755fc7410bb6') in 0.036147 seconds
Number of updated asset objects reloaded before import = 0
Number of asset objects unloaded after import = 67
========================================================================
Received Import Request.
  Time since last request: 0.000027 seconds.
  path: Assets/Realistic Tree/Source/Materials/URP/Leaves/Chestnut/Chestnut_2.mat
  artifactKey: Guid(9233e2518ec831f4b977f823ab2a830b) Importer(2089858483,0ecaa5967403d082aa24f35e1b516d23)
Start importing Assets/Realistic Tree/Source/Materials/URP/Leaves/Chestnut/Chestnut_2.mat using Guid(9233e2518ec831f4b977f823ab2a830b) Importer(2089858483,0ecaa5967403d082aa24f35e1b516d23) [PhysX] Initialized MultithreadedTaskDispatcher with 16 workers.
 -> (artifact id: 'd9caab2cb67446cd6a4713c18ba0dbb3') in 0.030910 seconds
Number of updated asset objects reloaded before import = 0
Number of asset objects unloaded after import = 3
========================================================================
Received Import Request.
  Time since last request: 0.000022 seconds.
  path: Assets/Realistic Tree/Shader/URP/Bark_URP.shadergraph
  artifactKey: Guid(348bd9f3b5930a9438098fcf840343c4) Importer(2089858483,0ecaa5967403d082aa24f35e1b516d23)
Start importing Assets/Realistic Tree/Shader/URP/Bark_URP.shadergraph using Guid(348bd9f3b5930a9438098fcf840343c4) Importer(2089858483,0ecaa5967403d082aa24f35e1b516d23) [PhysX] Initialized MultithreadedTaskDispatcher with 16 workers.
 -> (artifact id: 'abb483f35bf0e3c1c4c902f65cb52a3c') in 0.031316 seconds
Number of updated asset objects reloaded before import = 0
Number of asset objects unloaded after import = 3
========================================================================
Received Import Request.
  Time since last request: 0.000035 seconds.
  path: Assets/Realistic Tree/Prefabs/HDRP/Spruce/Spruce 4.prefab
  artifactKey: Guid(abece37e2eb9dc64ba9acc8d12335c6c) Importer(2089858483,0ecaa5967403d082aa24f35e1b516d23)
Start importing Assets/Realistic Tree/Prefabs/HDRP/Spruce/Spruce 4.prefab using Guid(abece37e2eb9dc64ba9acc8d12335c6c) Importer(2089858483,0ecaa5967403d082aa24f35e1b516d23) [PhysX] Initialized MultithreadedTaskDispatcher with 16 workers.
 -> (artifact id: 'f90ce4a223d02b812522b35992cc990b') in 0.035162 seconds
Number of updated asset objects reloaded before import = 0
Number of asset objects unloaded after import = 67
========================================================================
Received Import Request.
  Time since last request: 0.000040 seconds.
  path: Assets/Realistic Tree/Prefabs/URP/Spruce/Spruce 2.prefab
  artifactKey: Guid(23c628b176d04df4a83eabf82d31b32d) Importer(2089858483,0ecaa5967403d082aa24f35e1b516d23)
Start importing Assets/Realistic Tree/Prefabs/URP/Spruce/Spruce 2.prefab using Guid(23c628b176d04df4a83eabf82d31b32d) Importer(2089858483,0ecaa5967403d082aa24f35e1b516d23) [PhysX] Initialized MultithreadedTaskDispatcher with 16 workers.
 -> (artifact id: 'c050af1a7e5631492ccefdab5bf6b801') in 0.037348 seconds
Number of updated asset objects reloaded before import = 0
Number of asset objects unloaded after import = 67
========================================================================
Received Import Request.
  Time since last request: 0.000025 seconds.
  path: Assets/Realistic Tree/Source/Materials/HDRP/Falling Leaves/Chestnut_Single.mat
  artifactKey: Guid(c82a2f5b1a7e67e4b8a445e8c336df26) Importer(2089858483,0ecaa5967403d082aa24f35e1b516d23)
Start importing Assets/Realistic Tree/Source/Materials/HDRP/Falling Leaves/Chestnut_Single.mat using Guid(c82a2f5b1a7e67e4b8a445e8c336df26) Importer(2089858483,0ecaa5967403d082aa24f35e1b516d23) [PhysX] Initialized MultithreadedTaskDispatcher with 16 workers.
 -> (artifact id: '64a74e5df82cb2bdb2071fb30697dfc0') in 0.028451 seconds
Number of updated asset objects reloaded before import = 0
Number of asset objects unloaded after import = 2
========================================================================
Received Import Request.
  Time since last request: 0.000029 seconds.
  path: Assets/Realistic Tree/Source/Materials/URP/Bark/Birch.mat
  artifactKey: Guid(b52a9b2ea0cca00418977a70f801cf96) Importer(2089858483,0ecaa5967403d082aa24f35e1b516d23)
Start importing Assets/Realistic Tree/Source/Materials/URP/Bark/Birch.mat using Guid(b52a9b2ea0cca00418977a70f801cf96) Importer(2089858483,0ecaa5967403d082aa24f35e1b516d23) [PhysX] Initialized MultithreadedTaskDispatcher with 16 workers.
 -> (artifact id: 'ed84aeae0ab88c00f2394f31a918c530') in 0.052420 seconds
Number of updated asset objects reloaded before import = 0
Number of asset objects unloaded after import = 6
========================================================================
Received Import Request.
  Time since last request: 0.000033 seconds.
  path: Assets/Realistic Tree/Source/Materials/URP/Leaves/Birch/Birch_Leaves_2.mat
  artifactKey: Guid(da75d0a1a579cd94b928a87d0ddb9308) Importer(2089858483,0ecaa5967403d082aa24f35e1b516d23)
Start importing Assets/Realistic Tree/Source/Materials/URP/Leaves/Birch/Birch_Leaves_2.mat using Guid(da75d0a1a579cd94b928a87d0ddb9308) Importer(2089858483,0ecaa5967403d082aa24f35e1b516d23) [PhysX] Initialized MultithreadedTaskDispatcher with 16 workers.
 -> (artifact id: 'fbed6036c4a4cb57510b6de3abd5be50') in 0.025125 seconds
Number of updated asset objects reloaded before import = 0
Number of asset objects unloaded after import = 3
========================================================================
Received Import Request.
  Time since last request: 0.000022 seconds.
  path: Assets/Realistic Tree/Prefabs/Standard/Ash/Ash 7.prefab
  artifactKey: Guid(e068dda4a5bb1b040b4492d6d560ba31) Importer(2089858483,0ecaa5967403d082aa24f35e1b516d23)
Start importing Assets/Realistic Tree/Prefabs/Standard/Ash/Ash 7.prefab using Guid(e068dda4a5bb1b040b4492d6d560ba31) Importer(2089858483,0ecaa5967403d082aa24f35e1b516d23) [PhysX] Initialized MultithreadedTaskDispatcher with 16 workers.
 -> (artifact id: 'a968953c86a54937291a56f9c90766fd') in 0.086134 seconds
Number of updated asset objects reloaded before import = 0
Number of asset objects unloaded after import = 69
========================================================================
Received Import Request.
  Time since last request: 0.000027 seconds.
  path: Assets/Realistic Tree/Source/Materials/URP/Leaves/Spruce
  artifactKey: Guid(a2851384e17e8fc44bbfebfd2e8253dd) Importer(2089858483,0ecaa5967403d082aa24f35e1b516d23)
Start importing Assets/Realistic Tree/Source/Materials/URP/Leaves/Spruce using Guid(a2851384e17e8fc44bbfebfd2e8253dd) Importer(2089858483,0ecaa5967403d082aa24f35e1b516d23) [PhysX] Initialized MultithreadedTaskDispatcher with 16 workers.
 -> (artifact id: 'c609d376eed0ace2170f6cbbab1f37b0') in 0.023721 seconds
Number of updated asset objects reloaded before import = 0
Number of asset objects unloaded after import = 1
========================================================================
Received Import Request.
  Time since last request: 0.000034 seconds.
  path: Assets/Realistic Tree/Source/Materials/HDRP
  artifactKey: Guid(79977ccfff5aead4a85d569c1ee297a8) Importer(2089858483,0ecaa5967403d082aa24f35e1b516d23)
Start importing Assets/Realistic Tree/Source/Materials/HDRP using Guid(79977ccfff5aead4a85d569c1ee297a8) Importer(2089858483,0ecaa5967403d082aa24f35e1b516d23) [PhysX] Initialized MultithreadedTaskDispatcher with 16 workers.
 -> (artifact id: '8aa7d521b798f3a16b3f93372fc86b91') in 0.021143 seconds
Number of updated asset objects reloaded before import = 0
Number of asset objects unloaded after import = 1
========================================================================
Received Import Request.
  Time since last request: 0.000031 seconds.
  path: Assets/Realistic Tree/Prefabs/URP/Spruce/Spruce Group 3.prefab
  artifactKey: Guid(42f7bc8ca38e61d4d82bcd9aad3f0d73) Importer(2089858483,0ecaa5967403d082aa24f35e1b516d23)
Start importing Assets/Realistic Tree/Prefabs/URP/Spruce/Spruce Group 3.prefab using Guid(42f7bc8ca38e61d4d82bcd9aad3f0d73) Importer(2089858483,0ecaa5967403d082aa24f35e1b516d23) [PhysX] Initialized MultithreadedTaskDispatcher with 16 workers.
 -> (artifact id: '8833d28d4415ef7d3ea64444eedd0b3b') in 0.039152 seconds
Number of updated asset objects reloaded before import = 0
Number of asset objects unloaded after import = 67
========================================================================
Received Import Request.
  Time since last request: 0.000029 seconds.
  path: Assets/Realistic Tree/Source/Models/Ash/Ash_1.fbx
  artifactKey: Guid(c338cb40b6eb7b24f86345a8f41bd971) Importer(2089858483,0ecaa5967403d082aa24f35e1b516d23)
Start importing Assets/Realistic Tree/Source/Models/Ash/Ash_1.fbx using Guid(c338cb40b6eb7b24f86345a8f41bd971) Importer(2089858483,0ecaa5967403d082aa24f35e1b516d23) [PhysX] Initialized MultithreadedTaskDispatcher with 16 workers.
 -> (artifact id: '80dff78b3c120b9aadedad29462b34fc') in 0.042369 seconds
Number of updated asset objects reloaded before import = 0
Number of asset objects unloaded after import = 65
========================================================================
Received Import Request.
  Time since last request: 0.000027 seconds.
  path: Assets/Realistic Tree/Source/Models/Chestnut/Chestnut_7.fbx
  artifactKey: Guid(abbfbb8a141c2b24889b1160855a28fa) Importer(2089858483,0ecaa5967403d082aa24f35e1b516d23)
Start importing Assets/Realistic Tree/Source/Models/Chestnut/Chestnut_7.fbx using Guid(abbfbb8a141c2b24889b1160855a28fa) Importer(2089858483,0ecaa5967403d082aa24f35e1b516d23) [PhysX] Initialized MultithreadedTaskDispatcher with 16 workers.
 -> (artifact id: '47c73ffb8286c582169cbf2e302410c8') in 0.049903 seconds
Number of updated asset objects reloaded before import = 0
Number of asset objects unloaded after import = 105
========================================================================
Received Import Request.
  Time since last request: 0.000037 seconds.
  path: Assets/Realistic Tree/Source/Textures/Moss
  artifactKey: Guid(83b5a89e98b4a5f4d8a7a025faff8e5b) Importer(2089858483,0ecaa5967403d082aa24f35e1b516d23)
Start importing Assets/Realistic Tree/Source/Textures/Moss using Guid(83b5a89e98b4a5f4d8a7a025faff8e5b) Importer(2089858483,0ecaa5967403d082aa24f35e1b516d23) [PhysX] Initialized MultithreadedTaskDispatcher with 16 workers.
 -> (artifact id: 'e2d04244a9f5a7e7fcb5c49958eb3c69') in 0.019424 seconds
Number of updated asset objects reloaded before import = 0
Number of asset objects unloaded after import = 1
========================================================================
Received Import Request.
  Time since last request: 0.000026 seconds.
  path: Assets/Realistic Tree/Source/Materials/URP/Leaves/Weeping Willow
  artifactKey: Guid(d138de76999a00444b7e8d45afe06c24) Importer(2089858483,0ecaa5967403d082aa24f35e1b516d23)
Start importing Assets/Realistic Tree/Source/Materials/URP/Leaves/Weeping Willow using Guid(d138de76999a00444b7e8d45afe06c24) Importer(2089858483,0ecaa5967403d082aa24f35e1b516d23) [PhysX] Initialized MultithreadedTaskDispatcher with 16 workers.
 -> (artifact id: '60dbf4149d2c0781e480b5cdb4eeae52') in 0.017997 seconds
Number of updated asset objects reloaded before import = 0
Number of asset objects unloaded after import = 1
========================================================================
Received Import Request.
  Time since last request: 0.000021 seconds.
  path: Assets/Realistic Tree/Prefabs/Standard/Weeping Willow/Weeping_Willow 2.prefab
  artifactKey: Guid(14949a7dcf78e414eb1b3e6addaa2905) Importer(2089858483,0ecaa5967403d082aa24f35e1b516d23)
Start importing Assets/Realistic Tree/Prefabs/Standard/Weeping Willow/Weeping_Willow 2.prefab using Guid(14949a7dcf78e414eb1b3e6addaa2905) Importer(2089858483,0ecaa5967403d082aa24f35e1b516d23) [PhysX] Initialized MultithreadedTaskDispatcher with 16 workers.
 -> (artifact id: 'cc4df6cac6b4451ec39ae55de1ee589f') in 0.077597 seconds
Number of updated asset objects reloaded before import = 0
Number of asset objects unloaded after import = 49
========================================================================
Received Import Request.
  Time since last request: 0.000028 seconds.
  path: Assets/Realistic Tree/Source/Textures/Birch/Birch_Bark_Normal.png
  artifactKey: Guid(fa24a3b20078ea040810f85b2c940f3f) Importer(2089858483,0ecaa5967403d082aa24f35e1b516d23)
Start importing Assets/Realistic Tree/Source/Textures/Birch/Birch_Bark_Normal.png using Guid(fa24a3b20078ea040810f85b2c940f3f) Importer(2089858483,0ecaa5967403d082aa24f35e1b516d23) [PhysX] Initialized MultithreadedTaskDispatcher with 16 workers.
 -> (artifact id: 'd9af1873b100b57d646007acf62488a3') in 0.033524 seconds
Number of updated asset objects reloaded before import = 0
Number of asset objects unloaded after import = 1
========================================================================
Received Import Request.
  Time since last request: 0.000033 seconds.
  path: Assets/Realistic Tree/Source/Models/Weeping Willow/Willow_3.fbx
  artifactKey: Guid(5ee670923fc9f904380d3eb031e817c2) Importer(2089858483,0ecaa5967403d082aa24f35e1b516d23)
Start importing Assets/Realistic Tree/Source/Models/Weeping Willow/Willow_3.fbx using Guid(5ee670923fc9f904380d3eb031e817c2) Importer(2089858483,0ecaa5967403d082aa24f35e1b516d23) [PhysX] Initialized MultithreadedTaskDispatcher with 16 workers.
 -> (artifact id: '0b5adb5c3235be9e98d899f28e2224bb') in 0.047384 seconds
Number of updated asset objects reloaded before import = 0
Number of asset objects unloaded after import = 45
========================================================================
Received Import Request.
  Time since last request: 0.000032 seconds.
  path: Assets/Realistic Tree/Prefabs/URP/Chestnut/Chestnut 3.prefab
  artifactKey: Guid(48c03ef913cc61846a12cb8f6dc7ff8e) Importer(2089858483,0ecaa5967403d082aa24f35e1b516d23)
Start importing Assets/Realistic Tree/Prefabs/URP/Chestnut/Chestnut 3.prefab using Guid(48c03ef913cc61846a12cb8f6dc7ff8e) Importer(2089858483,0ecaa5967403d082aa24f35e1b516d23) [PhysX] Initialized MultithreadedTaskDispatcher with 16 workers.
 -> (artifact id: '6e4636e4744efc14edbe0aea3b321eff') in 0.076806 seconds
Number of updated asset objects reloaded before import = 0
Number of asset objects unloaded after import = 89
========================================================================
Received Import Request.
  Time since last request: 0.000029 seconds.
  path: Assets/Realistic Tree/Source/Materials/HDRP/Leaves/Weeping Willow/Weeping_Willow_Small.mat
  artifactKey: Guid(018b38f3139168e4cae41ab77a3a4a82) Importer(2089858483,0ecaa5967403d082aa24f35e1b516d23)
Start importing Assets/Realistic Tree/Source/Materials/HDRP/Leaves/Weeping Willow/Weeping_Willow_Small.mat using Guid(018b38f3139168e4cae41ab77a3a4a82) Importer(2089858483,0ecaa5967403d082aa24f35e1b516d23) [PhysX] Initialized MultithreadedTaskDispatcher with 16 workers.
 -> (artifact id: 'e7b017c522c90a8f6a19d8e839ec5f72') in 0.039629 seconds
Number of updated asset objects reloaded before import = 0
Number of asset objects unloaded after import = 2
========================================================================
Received Import Request.
  Time since last request: 0.000042 seconds.
  path: Assets/Realistic Tree/Prefabs/Standard/Chestnut/Chestnut 5.prefab
  artifactKey: Guid(bff57b9810feed64abe743f4c260640e) Importer(2089858483,0ecaa5967403d082aa24f35e1b516d23)
Start importing Assets/Realistic Tree/Prefabs/Standard/Chestnut/Chestnut 5.prefab using Guid(bff57b9810feed64abe743f4c260640e) Importer(2089858483,0ecaa5967403d082aa24f35e1b516d23) [PhysX] Initialized MultithreadedTaskDispatcher with 16 workers.
 -> (artifact id: 'ae71e4a39e76584912e846b0c271bc9a') in 0.082921 seconds
Number of updated asset objects reloaded before import = 0
Number of asset objects unloaded after import = 109
========================================================================
Received Import Request.
  Time since last request: 0.000032 seconds.
  path: Assets/Realistic Tree/Prefabs/Standard/Spruce/Spruce 4.prefab
  artifactKey: Guid(13be5babdc5712542bc103a2ab32a766) Importer(2089858483,0ecaa5967403d082aa24f35e1b516d23)
Start importing Assets/Realistic Tree/Prefabs/Standard/Spruce/Spruce 4.prefab using Guid(13be5babdc5712542bc103a2ab32a766) Importer(2089858483,0ecaa5967403d082aa24f35e1b516d23) [PhysX] Initialized MultithreadedTaskDispatcher with 16 workers.
 -> (artifact id: '5466a280f661961a0e699ae4e080e769') in 0.035315 seconds
Number of updated asset objects reloaded before import = 0
Number of asset objects unloaded after import = 67
========================================================================
Received Import Request.
  Time since last request: 0.000030 seconds.
  path: Assets/Realistic Tree/Source/Models/Ash/Ash_8.fbx
  artifactKey: Guid(05d3fe2efbc86cd43b2bcf6c80d348f6) Importer(2089858483,0ecaa5967403d082aa24f35e1b516d23)
Start importing Assets/Realistic Tree/Source/Models/Ash/Ash_8.fbx using Guid(05d3fe2efbc86cd43b2bcf6c80d348f6) Importer(2089858483,0ecaa5967403d082aa24f35e1b516d23) [PhysX] Initialized MultithreadedTaskDispatcher with 16 workers.
 -> (artifact id: '945f8d637dcb1fed216288c1da3164a7') in 0.046158 seconds
Number of updated asset objects reloaded before import = 0
Number of asset objects unloaded after import = 65
========================================================================
Received Import Request.
  Time since last request: 0.000034 seconds.
  path: Assets/seaShell/Solitary Stone.004_LOD0.prefab
  artifactKey: Guid(e7f2b9f4d92573445a25fde249424173) Importer(2089858483,0ecaa5967403d082aa24f35e1b516d23)
Start importing Assets/seaShell/Solitary Stone.004_LOD0.prefab using Guid(e7f2b9f4d92573445a25fde249424173) Importer(2089858483,0ecaa5967403d082aa24f35e1b516d23) [PhysX] Initialized MultithreadedTaskDispatcher with 16 workers.
 -> (artifact id: '02299862592e45b548c956379beccd65') in 0.023960 seconds
Number of updated asset objects reloaded before import = 0
Number of asset objects unloaded after import = 7
========================================================================
Received Import Request.
  Time since last request: 0.000025 seconds.
  path: Assets/Grass And Flowers Pack 1/Flower/Flower 5.png
  artifactKey: Guid(922f990a2fc104c46808052d2857484f) Importer(2089858483,0ecaa5967403d082aa24f35e1b516d23)
Start importing Assets/Grass And Flowers Pack 1/Flower/Flower 5.png using Guid(922f990a2fc104c46808052d2857484f) Importer(2089858483,0ecaa5967403d082aa24f35e1b516d23) [PhysX] Initialized MultithreadedTaskDispatcher with 16 workers.
 -> (artifact id: 'f60de248e59999efcacfc115667ab0e2') in 0.055223 seconds
Number of updated asset objects reloaded before import = 0
Number of asset objects unloaded after import = 1
========================================================================
Received Import Request.
  Time since last request: 0.000023 seconds.
  path: Assets/Realistic Tree/Source/Textures/Spruce
  artifactKey: Guid(f7fdd5d8b9852db4fbe254be95bdf415) Importer(2089858483,0ecaa5967403d082aa24f35e1b516d23)
Start importing Assets/Realistic Tree/Source/Textures/Spruce using Guid(f7fdd5d8b9852db4fbe254be95bdf415) Importer(2089858483,0ecaa5967403d082aa24f35e1b516d23) [PhysX] Initialized MultithreadedTaskDispatcher with 16 workers.
 -> (artifact id: 'ea811f740fa55f2bbd3de2754e89e760') in 0.021481 seconds
Number of updated asset objects reloaded before import = 0
Number of asset objects unloaded after import = 1
========================================================================
Received Import Request.
  Time since last request: 0.000031 seconds.
  path: Assets/Realistic Tree/Source/Textures
  artifactKey: Guid(dc8f2392734e1da4bb367ec7648b12fb) Importer(2089858483,0ecaa5967403d082aa24f35e1b516d23)
Start importing Assets/Realistic Tree/Source/Textures using Guid(dc8f2392734e1da4bb367ec7648b12fb) Importer(2089858483,0ecaa5967403d082aa24f35e1b516d23) [PhysX] Initialized MultithreadedTaskDispatcher with 16 workers.
 -> (artifact id: '0379576e6f9431e2f7bbc44ae42ddf22') in 0.019753 seconds
Number of updated asset objects reloaded before import = 0
Number of asset objects unloaded after import = 1
========================================================================
Received Import Request.
  Time since last request: 0.000039 seconds.
  path: Assets/Realistic Tree/Prefabs/Standard/Birch/Birch Group 2.prefab
  artifactKey: Guid(80118ff03f387324fa3e2a2e2e5b0006) Importer(2089858483,0ecaa5967403d082aa24f35e1b516d23)
Start importing Assets/Realistic Tree/Prefabs/Standard/Birch/Birch Group 2.prefab using Guid(80118ff03f387324fa3e2a2e2e5b0006) Importer(2089858483,0ecaa5967403d082aa24f35e1b516d23) [PhysX] Initialized MultithreadedTaskDispatcher with 16 workers.
 -> (artifact id: '74ee23d6d8e8df64d171f9459927ec63') in 0.078966 seconds
Number of updated asset objects reloaded before import = 0
Number of asset objects unloaded after import = 69
========================================================================
Received Import Request.
  Time since last request: 0.000028 seconds.
  path: Assets/Realistic Tree/Source/Models/Chestnut/Chestnut_2.fbx
  artifactKey: Guid(e3d7885ce9a810f44be9bbf1a4e1843f) Importer(2089858483,0ecaa5967403d082aa24f35e1b516d23)
Start importing Assets/Realistic Tree/Source/Models/Chestnut/Chestnut_2.fbx using Guid(e3d7885ce9a810f44be9bbf1a4e1843f) Importer(2089858483,0ecaa5967403d082aa24f35e1b516d23) [PhysX] Initialized MultithreadedTaskDispatcher with 16 workers.
 -> (artifact id: 'fb324dd577996f8d75e32815d4894de2') in 0.041440 seconds
Number of updated asset objects reloaded before import = 0
Number of asset objects unloaded after import = 85
========================================================================
Received Import Request.
  Time since last request: 0.000029 seconds.
  path: Assets/Realistic Tree/Prefabs/Standard/Ash/Ash 3.prefab
  artifactKey: Guid(d289eea73b9410848b0b877f1076a27b) Importer(2089858483,0ecaa5967403d082aa24f35e1b516d23)
Start importing Assets/Realistic Tree/Prefabs/Standard/Ash/Ash 3.prefab using Guid(d289eea73b9410848b0b877f1076a27b) Importer(2089858483,0ecaa5967403d082aa24f35e1b516d23) [PhysX] Initialized MultithreadedTaskDispatcher with 16 workers.
 -> (artifact id: 'a12ed058673f9546043cb951adeaab00') in 0.082277 seconds
Number of updated asset objects reloaded before import = 0
Number of asset objects unloaded after import = 69
========================================================================
Received Import Request.
  Time since last request: 0.000044 seconds.
  path: Assets/Grass And Flowers Pack 1/Flower/Flower 6.png
  artifactKey: Guid(89e512d99223f984e80f00a15314eb11) Importer(2089858483,0ecaa5967403d082aa24f35e1b516d23)
Start importing Assets/Grass And Flowers Pack 1/Flower/Flower 6.png using Guid(89e512d99223f984e80f00a15314eb11) Importer(2089858483,0ecaa5967403d082aa24f35e1b516d23) [PhysX] Initialized MultithreadedTaskDispatcher with 16 workers.
 -> (artifact id: '97eede08c9df7c580d96b0b80b1c45e8') in 0.045174 seconds
Number of updated asset objects reloaded before import = 0
Number of asset objects unloaded after import = 1
========================================================================
Received Import Request.
  Time since last request: 0.000039 seconds.
  path: Assets/Grass And Flowers Pack 1/Flower/Grass Flower 7.png
  artifactKey: Guid(d0893b7d3bcbf8c4f806e5543cec2a32) Importer(2089858483,0ecaa5967403d082aa24f35e1b516d23)
Start importing Assets/Grass And Flowers Pack 1/Flower/Grass Flower 7.png using Guid(d0893b7d3bcbf8c4f806e5543cec2a32) Importer(2089858483,0ecaa5967403d082aa24f35e1b516d23) [PhysX] Initialized MultithreadedTaskDispatcher with 16 workers.
 -> (artifact id: 'a25aad917932f5a3cc6f86fe97577ef4') in 0.032785 seconds
Number of updated asset objects reloaded before import = 0
Number of asset objects unloaded after import = 1
========================================================================
Received Import Request.
  Time since last request: 0.000024 seconds.
  path: Assets/Grass And Flowers Pack 1/Ground Textures/RockSharp 1_D.png
  artifactKey: Guid(d2504622f77f75f41b1fbfcd72fc3dc3) Importer(2089858483,0ecaa5967403d082aa24f35e1b516d23)
Start importing Assets/Grass And Flowers Pack 1/Ground Textures/RockSharp 1_D.png using Guid(d2504622f77f75f41b1fbfcd72fc3dc3) Importer(2089858483,0ecaa5967403d082aa24f35e1b516d23) [PhysX] Initialized MultithreadedTaskDispatcher with 16 workers.
 -> (artifact id: 'f7509a12e8372044107e621aa1432630') in 0.047602 seconds
Number of updated asset objects reloaded before import = 0
Number of asset objects unloaded after import = 1
========================================================================
Received Import Request.
  Time since last request: 0.000034 seconds.
  path: Assets/Grass And Flowers Pack 1/Small Tree/Small Tree 1.png
  artifactKey: Guid(d534abc8c23e069438fac1a136b52fe9) Importer(2089858483,0ecaa5967403d082aa24f35e1b516d23)
Start importing Assets/Grass And Flowers Pack 1/Small Tree/Small Tree 1.png using Guid(d534abc8c23e069438fac1a136b52fe9) Importer(2089858483,0ecaa5967403d082aa24f35e1b516d23) [PhysX] Initialized MultithreadedTaskDispatcher with 16 workers.
 -> (artifact id: 'e40ba5c9f996e038d392fd710743949a') in 0.047430 seconds
Number of updated asset objects reloaded before import = 0
Number of asset objects unloaded after import = 1
========================================================================
Received Import Request.
  Time since last request: 0.000036 seconds.
  path: Assets/Realistic Tree/Prefabs/HDRP/Chestnut/Chestnut 3.prefab
  artifactKey: Guid(b423a64eb27d13b4980a849f3cbfabd4) Importer(2089858483,0ecaa5967403d082aa24f35e1b516d23)
Start importing Assets/Realistic Tree/Prefabs/HDRP/Chestnut/Chestnut 3.prefab using Guid(b423a64eb27d13b4980a849f3cbfabd4) Importer(2089858483,0ecaa5967403d082aa24f35e1b516d23) [PhysX] Initialized MultithreadedTaskDispatcher with 16 workers.
 -> (artifact id: '1a08990395740d69394f15b199107827') in 0.079556 seconds
Number of updated asset objects reloaded before import = 0
Number of asset objects unloaded after import = 89
========================================================================
Received Import Request.
  Time since last request: 0.000037 seconds.
  path: Assets/Grass And Flowers Pack 1/Flower/Flower 11.png
  artifactKey: Guid(fb308d78d8746474e99ec6fed271be47) Importer(2089858483,0ecaa5967403d082aa24f35e1b516d23)
Start importing Assets/Grass And Flowers Pack 1/Flower/Flower 11.png using Guid(fb308d78d8746474e99ec6fed271be47) Importer(2089858483,0ecaa5967403d082aa24f35e1b516d23) [PhysX] Initialized MultithreadedTaskDispatcher with 16 workers.
 -> (artifact id: '81eb891d326f7753109ae5f6a8441b4e') in 0.051141 seconds
Number of updated asset objects reloaded before import = 0
Number of asset objects unloaded after import = 1
========================================================================
Received Import Request.
  Time since last request: 0.000044 seconds.
  path: Assets/Grass And Flowers Pack 1/Ground Textures/RockSharp 1_N.png
  artifactKey: Guid(35d3ff6cdcda018438ec443fd827b089) Importer(2089858483,0ecaa5967403d082aa24f35e1b516d23)
Start importing Assets/Grass And Flowers Pack 1/Ground Textures/RockSharp 1_N.png using Guid(35d3ff6cdcda018438ec443fd827b089) Importer(2089858483,0ecaa5967403d082aa24f35e1b516d23) [PhysX] Initialized MultithreadedTaskDispatcher with 16 workers.
 -> (artifact id: '4c4e3238e1a9cf677372d030c46e80a4') in 0.047175 seconds
Number of updated asset objects reloaded before import = 0
Number of asset objects unloaded after import = 1
========================================================================
Received Import Request.
  Time since last request: 0.000034 seconds.
  path: Assets/Grass And Flowers Pack 1/Flower/Flower 9.png
  artifactKey: Guid(e88b3a1ea26570a46a88da80783d7e3f) Importer(2089858483,0ecaa5967403d082aa24f35e1b516d23)
Start importing Assets/Grass And Flowers Pack 1/Flower/Flower 9.png using Guid(e88b3a1ea26570a46a88da80783d7e3f) Importer(2089858483,0ecaa5967403d082aa24f35e1b516d23) [PhysX] Initialized MultithreadedTaskDispatcher with 16 workers.
 -> (artifact id: '2c7b0d570acbd1527a19ef4e17af3fe0') in 0.056363 seconds
Number of updated asset objects reloaded before import = 0
Number of asset objects unloaded after import = 1
========================================================================
Received Import Request.
  Time since last request: 0.000024 seconds.
  path: Assets/Grass And Flowers Pack 1/Grass/Grass 4.png
  artifactKey: Guid(e79a83ecca9d8d8498cd8a9fbea1638d) Importer(2089858483,0ecaa5967403d082aa24f35e1b516d23)
Start importing Assets/Grass And Flowers Pack 1/Grass/Grass 4.png using Guid(e79a83ecca9d8d8498cd8a9fbea1638d) Importer(2089858483,0ecaa5967403d082aa24f35e1b516d23) [PhysX] Initialized MultithreadedTaskDispatcher with 16 workers.
 -> (artifact id: 'b009a06d999225173b1e4caf309ad953') in 0.051353 seconds
Number of updated asset objects reloaded before import = 0
Number of asset objects unloaded after import = 1
========================================================================
Received Import Request.
  Time since last request: 0.000030 seconds.
  path: Assets/Grass And Flowers Pack 1/Flower/Grass Flower 4.png
  artifactKey: Guid(95836ce2bec877a4a8e8669de12ee50a) Importer(2089858483,0ecaa5967403d082aa24f35e1b516d23)
Start importing Assets/Grass And Flowers Pack 1/Flower/Grass Flower 4.png using Guid(95836ce2bec877a4a8e8669de12ee50a) Importer(2089858483,0ecaa5967403d082aa24f35e1b516d23) [PhysX] Initialized MultithreadedTaskDispatcher with 16 workers.
 -> (artifact id: '76fae40443ed41daf8d81043ecda69b8') in 0.033140 seconds
Number of updated asset objects reloaded before import = 0
Number of asset objects unloaded after import = 1
========================================================================
Received Import Request.
  Time since last request: 0.000034 seconds.
  path: Assets/Grass And Flowers Pack 1/Bush/Bush 8.png
  artifactKey: Guid(5fd606df687c15340965bd70b73e6f3d) Importer(2089858483,0ecaa5967403d082aa24f35e1b516d23)
Start importing Assets/Grass And Flowers Pack 1/Bush/Bush 8.png using Guid(5fd606df687c15340965bd70b73e6f3d) Importer(2089858483,0ecaa5967403d082aa24f35e1b516d23) [PhysX] Initialized MultithreadedTaskDispatcher with 16 workers.
 -> (artifact id: '2ed4aeba49e2657ac5b3a35e47fe475d') in 0.043890 seconds
Number of updated asset objects reloaded before import = 0
Number of asset objects unloaded after import = 1
========================================================================
Received Import Request.
  Time since last request: 0.000025 seconds.
  path: Assets/Grass And Flowers Pack 1/Small Tree/Small Tree 11.png
  artifactKey: Guid(87c166882b8b06041ab3d2c512771089) Importer(2089858483,0ecaa5967403d082aa24f35e1b516d23)
Start importing Assets/Grass And Flowers Pack 1/Small Tree/Small Tree 11.png using Guid(87c166882b8b06041ab3d2c512771089) Importer(2089858483,0ecaa5967403d082aa24f35e1b516d23) [PhysX] Initialized MultithreadedTaskDispatcher with 16 workers.
 -> (artifact id: '1d8b31b8739ec8d8ea824793020862c3') in 0.045796 seconds
Number of updated asset objects reloaded before import = 0
Number of asset objects unloaded after import = 1
========================================================================
Received Import Request.
  Time since last request: 0.000022 seconds.
  path: Assets/Grass And Flowers Pack 1/Example Scene/Skyboxes/Textures/Sunny1/Sunny1_down.tif
  artifactKey: Guid(352e5f82d7105ad408904c5f552b5fe7) Importer(2089858483,0ecaa5967403d082aa24f35e1b516d23)
Start importing Assets/Grass And Flowers Pack 1/Example Scene/Skyboxes/Textures/Sunny1/Sunny1_down.tif using Guid(352e5f82d7105ad408904c5f552b5fe7) Importer(2089858483,0ecaa5967403d082aa24f35e1b516d23) [PhysX] Initialized MultithreadedTaskDispatcher with 16 workers.
 -> (artifact id: '3fcd812a56e052e7410ebba9eb82bb27') in 0.039777 seconds
Number of updated asset objects reloaded before import = 0
Number of asset objects unloaded after import = 1
========================================================================
Received Import Request.
  Time since last request: 0.000033 seconds.
  path: Assets/Grass And Flowers Pack 1/Flower/Flower 31.png
  artifactKey: Guid(d4a4c5b26333338439fd3b78cfb701ec) Importer(2089858483,0ecaa5967403d082aa24f35e1b516d23)
Start importing Assets/Grass And Flowers Pack 1/Flower/Flower 31.png using Guid(d4a4c5b26333338439fd3b78cfb701ec) Importer(2089858483,0ecaa5967403d082aa24f35e1b516d23) [PhysX] Initialized MultithreadedTaskDispatcher with 16 workers.
 -> (artifact id: '52ad403525d34811d08f2c908962be93') in 0.043813 seconds
Number of updated asset objects reloaded before import = 0
Number of asset objects unloaded after import = 1
========================================================================
Received Import Request.
  Time since last request: 0.000077 seconds.
  path: Assets/Grass And Flowers Pack 1/Flower/Grass Flower 10.png
  artifactKey: Guid(5203e8b5746c6444289ad019bde56711) Importer(2089858483,0ecaa5967403d082aa24f35e1b516d23)
Start importing Assets/Grass And Flowers Pack 1/Flower/Grass Flower 10.png using Guid(5203e8b5746c6444289ad019bde56711) Importer(2089858483,0ecaa5967403d082aa24f35e1b516d23) [PhysX] Initialized MultithreadedTaskDispatcher with 16 workers.
 -> (artifact id: '65b36a11f09cc8f4e514334b88f32a98') in 0.035041 seconds
Number of updated asset objects reloaded before import = 0
Number of asset objects unloaded after import = 1
========================================================================
Received Import Request.
  Time since last request: 0.000023 seconds.
  path: Assets/Grass And Flowers Pack 1/Flower/Flower 22.png
  artifactKey: Guid(cf239d877af81b843b958f6c5f758f41) Importer(2089858483,0ecaa5967403d082aa24f35e1b516d23)
Start importing Assets/Grass And Flowers Pack 1/Flower/Flower 22.png using Guid(cf239d877af81b843b958f6c5f758f41) Importer(2089858483,0ecaa5967403d082aa24f35e1b516d23) [PhysX] Initialized MultithreadedTaskDispatcher with 16 workers.
 -> (artifact id: '305f861e962a914ea3812c43ecf19067') in 0.042088 seconds
Number of updated asset objects reloaded before import = 0
Number of asset objects unloaded after import = 1
========================================================================
Received Import Request.
  Time since last request: 0.000034 seconds.
  path: Assets/Grass And Flowers Pack 1/Flower/Flower 17.png
  artifactKey: Guid(6352122ace273d4408983006f6fa7f8b) Importer(2089858483,0ecaa5967403d082aa24f35e1b516d23)
Start importing Assets/Grass And Flowers Pack 1/Flower/Flower 17.png using Guid(6352122ace273d4408983006f6fa7f8b) Importer(2089858483,0ecaa5967403d082aa24f35e1b516d23) [PhysX] Initialized MultithreadedTaskDispatcher with 16 workers.
 -> (artifact id: '4eb8f44acb499c8e4685285812a0ebb5') in 0.031860 seconds
Number of updated asset objects reloaded before import = 0
Number of asset objects unloaded after import = 1
========================================================================
Received Import Request.
  Time since last request: 0.000037 seconds.
  path: Assets/Grass And Flowers Pack 1/Flower/Flower 34.png
  artifactKey: Guid(d24a3bc542abcb04e9737a765b05914f) Importer(2089858483,0ecaa5967403d082aa24f35e1b516d23)
Start importing Assets/Grass And Flowers Pack 1/Flower/Flower 34.png using Guid(d24a3bc542abcb04e9737a765b05914f) Importer(2089858483,0ecaa5967403d082aa24f35e1b516d23) [PhysX] Initialized MultithreadedTaskDispatcher with 16 workers.
 -> (artifact id: '0ffb9c2f22e4625ce998399127192792') in 0.042466 seconds
Number of updated asset objects reloaded before import = 0
Number of asset objects unloaded after import = 1
========================================================================
Received Import Request.
  Time since last request: 0.000042 seconds.
  path: Assets/Grass And Flowers Pack 1/Example Scene/Skyboxes/_skybox info.txt
  artifactKey: Guid(6d4fd495600cd4cf0b8ad2caf025f94e) Importer(2089858483,0ecaa5967403d082aa24f35e1b516d23)
Start importing Assets/Grass And Flowers Pack 1/Example Scene/Skyboxes/_skybox info.txt using Guid(6d4fd495600cd4cf0b8ad2caf025f94e) Importer(2089858483,0ecaa5967403d082aa24f35e1b516d23) [PhysX] Initialized MultithreadedTaskDispatcher with 16 workers.
 -> (artifact id: 'd5f2719a90655541ef230417c6182ee9') in 0.031040 seconds
Number of updated asset objects reloaded before import = 0
Number of asset objects unloaded after import = 1
========================================================================
Received Import Request.
  Time since last request: 0.000023 seconds.
  path: Assets/Grass And Flowers Pack 1/Flower/Flower 3.png
  artifactKey: Guid(6bce9d589cdb7b04c9f5a6ee81f8f1b3) Importer(2089858483,0ecaa5967403d082aa24f35e1b516d23)
Start importing Assets/Grass And Flowers Pack 1/Flower/Flower 3.png using Guid(6bce9d589cdb7b04c9f5a6ee81f8f1b3) Importer(2089858483,0ecaa5967403d082aa24f35e1b516d23) [PhysX] Initialized MultithreadedTaskDispatcher with 16 workers.
 -> (artifact id: 'a3a123cfd5cce8a5b2d6a066fec2a2cf') in 0.043052 seconds
Number of updated asset objects reloaded before import = 0
Number of asset objects unloaded after import = 1
========================================================================
Received Import Request.
  Time since last request: 0.000023 seconds.
  path: Assets/Grass And Flowers Pack 1/Flower/Flower 29.png
  artifactKey: Guid(bf95547c7aedd464fad405b4946b17df) Importer(2089858483,0ecaa5967403d082aa24f35e1b516d23)
Start importing Assets/Grass And Flowers Pack 1/Flower/Flower 29.png using Guid(bf95547c7aedd464fad405b4946b17df) Importer(2089858483,0ecaa5967403d082aa24f35e1b516d23) [PhysX] Initialized MultithreadedTaskDispatcher with 16 workers.
 -> (artifact id: '124a52e05d8395f2bccb4a5c248098c0') in 0.051799 seconds
Number of updated asset objects reloaded before import = 0
Number of asset objects unloaded after import = 1
========================================================================
Received Import Request.
  Time since last request: 0.000031 seconds.
  path: Assets/PalmTreePack/Scene/Settings/Main Camera.controller
  artifactKey: Guid(fa9372eb742c94e499e8de34d496c978) Importer(2089858483,0ecaa5967403d082aa24f35e1b516d23)
Start importing Assets/PalmTreePack/Scene/Settings/Main Camera.controller using Guid(fa9372eb742c94e499e8de34d496c978) Importer(2089858483,0ecaa5967403d082aa24f35e1b516d23) [PhysX] Initialized MultithreadedTaskDispatcher with 16 workers.
 -> (artifact id: '8b2f291332eefe9303cf3e8d8bdd9a9b') in 0.039233 seconds
Number of updated asset objects reloaded before import = 0
Number of asset objects unloaded after import = 4
========================================================================
Received Import Request.
  Time since last request: 0.000037 seconds.
  path: Assets/PalmTreePack/Textures/Palm/Trunk/2
  artifactKey: Guid(8fc9bb4955a15e24695386eb6c58d2f9) Importer(2089858483,0ecaa5967403d082aa24f35e1b516d23)
Start importing Assets/PalmTreePack/Textures/Palm/Trunk/2 using Guid(8fc9bb4955a15e24695386eb6c58d2f9) Importer(2089858483,0ecaa5967403d082aa24f35e1b516d23) [PhysX] Initialized MultithreadedTaskDispatcher with 16 workers.
 -> (artifact id: '21616071d1f272d5d580e3ad9355567a') in 0.022395 seconds
Number of updated asset objects reloaded before import = 0
Number of asset objects unloaded after import = 1
========================================================================
Received Import Request.
  Time since last request: 0.000028 seconds.
  path: Assets/PalmTreePack/Models/Palm_Style_Old/Palm1
  artifactKey: Guid(9999063b243d29b41b4ba4acf46d2fa7) Importer(2089858483,0ecaa5967403d082aa24f35e1b516d23)
Start importing Assets/PalmTreePack/Models/Palm_Style_Old/Palm1 using Guid(9999063b243d29b41b4ba4acf46d2fa7) Importer(2089858483,0ecaa5967403d082aa24f35e1b516d23) [PhysX] Initialized MultithreadedTaskDispatcher with 16 workers.
 -> (artifact id: '67f37bfc6103904923457e44e116a023') in 0.020875 seconds
Number of updated asset objects reloaded before import = 0
Number of asset objects unloaded after import = 1
========================================================================
Received Import Request.
  Time since last request: 0.000029 seconds.
  path: Assets/PalmTreePack/Scene/Settings/Post_Profile_Sample_Palm_Pack.asset
  artifactKey: Guid(fd96ae277b8beb845858322d40e3ae8d) Importer(2089858483,0ecaa5967403d082aa24f35e1b516d23)
Start importing Assets/PalmTreePack/Scene/Settings/Post_Profile_Sample_Palm_Pack.asset using Guid(fd96ae277b8beb845858322d40e3ae8d) Importer(2089858483,0ecaa5967403d082aa24f35e1b516d23) [PhysX] Initialized MultithreadedTaskDispatcher with 16 workers.
 -> (artifact id: '85cde566713b4d591f3078740f27c336') in 0.038445 seconds
Number of updated asset objects reloaded before import = 0
Number of asset objects unloaded after import = 10
========================================================================
Received Import Request.
  Time since last request: 0.000024 seconds.
  path: Assets/PalmTreePack/Models/Palm2/Materials/Palm_Center.mat
  artifactKey: Guid(89e49385724192b4eb8ebc9b5295d731) Importer(2089858483,0ecaa5967403d082aa24f35e1b516d23)
Start importing Assets/PalmTreePack/Models/Palm2/Materials/Palm_Center.mat using Guid(89e49385724192b4eb8ebc9b5295d731) Importer(2089858483,0ecaa5967403d082aa24f35e1b516d23) [PhysX] Initialized MultithreadedTaskDispatcher with 16 workers.
 -> (artifact id: 'afb355eb2a546bf31454d002faffbc10') in 0.039692 seconds
Number of updated asset objects reloaded before import = 0
Number of asset objects unloaded after import = 2
========================================================================
Received Import Request.
  Time since last request: 0.000034 seconds.
  path: Assets/Grass And Flowers Pack 1/Flower/Flower 24.png
  artifactKey: Guid(14fa9fdbde9323e44b97ba8f6aff0555) Importer(2089858483,0ecaa5967403d082aa24f35e1b516d23)
Start importing Assets/Grass And Flowers Pack 1/Flower/Flower 24.png using Guid(14fa9fdbde9323e44b97ba8f6aff0555) Importer(2089858483,0ecaa5967403d082aa24f35e1b516d23) [PhysX] Initialized MultithreadedTaskDispatcher with 16 workers.
 -> (artifact id: '30f934ff389fc28ed3b669d0972737d0') in 0.051472 seconds
Number of updated asset objects reloaded before import = 0
Number of asset objects unloaded after import = 1
========================================================================
Received Import Request.
  Time since last request: 0.000564 seconds.
  path: Assets/PalmTreePack/Prefabs/2
  artifactKey: Guid(198ee11249d25524b960d68ad0313d5f) Importer(2089858483,0ecaa5967403d082aa24f35e1b516d23)
Start importing Assets/PalmTreePack/Prefabs/2 using Guid(198ee11249d25524b960d68ad0313d5f) Importer(2089858483,0ecaa5967403d082aa24f35e1b516d23) [PhysX] Initialized MultithreadedTaskDispatcher with 16 workers.
 -> (artifact id: 'f75e0fb77f4ab9f33f1f4e91f971192f') in 0.019353 seconds
Number of updated asset objects reloaded before import = 0
Number of asset objects unloaded after import = 1
========================================================================
Received Import Request.
  Time since last request: 0.000026 seconds.
  path: Assets/PalmTreePack/Prefabs/Old/Palm_2_1.prefab
  artifactKey: Guid(1b0eaff976f49d547957514bc97b1146) Importer(2089858483,0ecaa5967403d082aa24f35e1b516d23)
Start importing Assets/PalmTreePack/Prefabs/Old/Palm_2_1.prefab using Guid(1b0eaff976f49d547957514bc97b1146) Importer(2089858483,0ecaa5967403d082aa24f35e1b516d23) [PhysX] Initialized MultithreadedTaskDispatcher with 16 workers.
 -> (artifact id: 'd3e205261abac9acac4b42c541957456') in 0.025716 seconds
Number of updated asset objects reloaded before import = 0
Number of asset objects unloaded after import = 7
========================================================================
Received Import Request.
  Time since last request: 0.000028 seconds.
  path: Assets/PalmTreePack/Textures/Palm/Trunk
  artifactKey: Guid(5c5b8cacf8000194d994d0ef47a3c0e8) Importer(2089858483,0ecaa5967403d082aa24f35e1b516d23)
Start importing Assets/PalmTreePack/Textures/Palm/Trunk using Guid(5c5b8cacf8000194d994d0ef47a3c0e8) Importer(2089858483,0ecaa5967403d082aa24f35e1b516d23) [PhysX] Initialized MultithreadedTaskDispatcher with 16 workers.
 -> (artifact id: 'c1883c458cd007190a4fbb8c22b0958b') in 0.019282 seconds
Number of updated asset objects reloaded before import = 0
Number of asset objects unloaded after import = 1
========================================================================
Received Import Request.
  Time since last request: 0.000158 seconds.
  path: Assets/PalmTreePack/Textures/Props/Tile
  artifactKey: Guid(3df2cbc640d1dfe478437a14862a8652) Importer(2089858483,0ecaa5967403d082aa24f35e1b516d23)
Start importing Assets/PalmTreePack/Textures/Props/Tile using Guid(3df2cbc640d1dfe478437a14862a8652) Importer(2089858483,0ecaa5967403d082aa24f35e1b516d23) [PhysX] Initialized MultithreadedTaskDispatcher with 16 workers.
 -> (artifact id: 'fe2b0c6efabccad1b9e4ef1834abc40d') in 0.020773 seconds
Number of updated asset objects reloaded before import = 0
Number of asset objects unloaded after import = 1
========================================================================
Received Import Request.
  Time since last request: 0.000023 seconds.
  path: Assets/PalmTreePack/Models/Palm2
  artifactKey: Guid(8ff0a90982d250c459e00e5966c391f3) Importer(2089858483,0ecaa5967403d082aa24f35e1b516d23)
Start importing Assets/PalmTreePack/Models/Palm2 using Guid(8ff0a90982d250c459e00e5966c391f3) Importer(2089858483,0ecaa5967403d082aa24f35e1b516d23) [PhysX] Initialized MultithreadedTaskDispatcher with 16 workers.
 -> (artifact id: '35f0b164c069cf2411688fbc98987bc5') in 0.018504 seconds
Number of updated asset objects reloaded before import = 0
Number of asset objects unloaded after import = 1
========================================================================
Received Import Request.
  Time since last request: 0.000023 seconds.
  path: Assets/PalmTreePack/Scripts
  artifactKey: Guid(0173e765147221f4fb902c3f3247ea91) Importer(2089858483,0ecaa5967403d082aa24f35e1b516d23)
Start importing Assets/PalmTreePack/Scripts using Guid(0173e765147221f4fb902c3f3247ea91) Importer(2089858483,0ecaa5967403d082aa24f35e1b516d23) [PhysX] Initialized MultithreadedTaskDispatcher with 16 workers.
 -> (artifact id: '5cf2869960abee91244324ef9b83ef35') in 0.019068 seconds
Number of updated asset objects reloaded before import = 0
Number of asset objects unloaded after import = 1
========================================================================
Received Import Request.
  Time since last request: 0.000031 seconds.
  path: Assets/PalmTreePack/Doc
  artifactKey: Guid(7d115e5d17fb15c4fabd63b72d8bb173) Importer(2089858483,0ecaa5967403d082aa24f35e1b516d23)
Start importing Assets/PalmTreePack/Doc using Guid(7d115e5d17fb15c4fabd63b72d8bb173) Importer(2089858483,0ecaa5967403d082aa24f35e1b516d23) [PhysX] Initialized MultithreadedTaskDispatcher with 16 workers.
 -> (artifact id: '21690f5f6b1194b519a32aa0dafd8283') in 0.022820 seconds
Number of updated asset objects reloaded before import = 0
Number of asset objects unloaded after import = 1
========================================================================
Received Import Request.
  Time since last request: 0.000051 seconds.
  path: Assets/PalmTreePack/Textures/Props
  artifactKey: Guid(eb67dcb7fb7341c48839aa66b9b9c982) Importer(2089858483,0ecaa5967403d082aa24f35e1b516d23)
Start importing Assets/PalmTreePack/Textures/Props using Guid(eb67dcb7fb7341c48839aa66b9b9c982) Importer(2089858483,0ecaa5967403d082aa24f35e1b516d23) [PhysX] Initialized MultithreadedTaskDispatcher with 16 workers.
 -> (artifact id: 'cd2cec4d8b7c1583adf801bca10e9aae') in 0.022622 seconds
Number of updated asset objects reloaded before import = 0
Number of asset objects unloaded after import = 1
========================================================================
Received Import Request.
  Time since last request: 0.000029 seconds.
  path: Assets/PalmTreePack/Scene/Settings/Camera Animation.anim
  artifactKey: Guid(e356c6e6f30247941ace3dd19fe4f70b) Importer(2089858483,0ecaa5967403d082aa24f35e1b516d23)
Start importing Assets/PalmTreePack/Scene/Settings/Camera Animation.anim using Guid(e356c6e6f30247941ace3dd19fe4f70b) Importer(2089858483,0ecaa5967403d082aa24f35e1b516d23) [PhysX] Initialized MultithreadedTaskDispatcher with 16 workers.
 -> (artifact id: '531bf528bf64e253b241ac19966a4eda') in 0.047513 seconds
Number of updated asset objects reloaded before import = 0
Number of asset objects unloaded after import = 1
========================================================================
Received Import Request.
  Time since last request: 0.000027 seconds.
  path: Assets/Yoge/Textures/Stylized - Nature/DemoScene
  artifactKey: Guid(6304136d73625884093f65ce758aecd4) Importer(2089858483,0ecaa5967403d082aa24f35e1b516d23)
Start importing Assets/Yoge/Textures/Stylized - Nature/DemoScene using Guid(6304136d73625884093f65ce758aecd4) Importer(2089858483,0ecaa5967403d082aa24f35e1b516d23) [PhysX] Initialized MultithreadedTaskDispatcher with 16 workers.
 -> (artifact id: '4aa43db131cf9d2962cbd69c5479673c') in 0.023185 seconds
Number of updated asset objects reloaded before import = 0
Number of asset objects unloaded after import = 1
========================================================================
Received Import Request.
  Time since last request: 0.000026 seconds.
  path: Assets/Yoge/Textures/Stylized - Nature
  artifactKey: Guid(584b4711adcaa9a4d970ddb9f6eabc2d) Importer(2089858483,0ecaa5967403d082aa24f35e1b516d23)
Start importing Assets/Yoge/Textures/Stylized - Nature using Guid(584b4711adcaa9a4d970ddb9f6eabc2d) Importer(2089858483,0ecaa5967403d082aa24f35e1b516d23) [PhysX] Initialized MultithreadedTaskDispatcher with 16 workers.
 -> (artifact id: '8ff3b7efad8fdcfc9b561613050c1e74') in 0.020290 seconds
Number of updated asset objects reloaded before import = 0
Number of asset objects unloaded after import = 1
========================================================================
Received Import Request.
  Time since last request: 0.000044 seconds.
  path: Assets/ProceduralTerrainPainter/_Demo/Textures
  artifactKey: Guid(a02eacd100eaf504086e8fbb84d103f8) Importer(2089858483,0ecaa5967403d082aa24f35e1b516d23)
Start importing Assets/ProceduralTerrainPainter/_Demo/Textures using Guid(a02eacd100eaf504086e8fbb84d103f8) Importer(2089858483,0ecaa5967403d082aa24f35e1b516d23) [PhysX] Initialized MultithreadedTaskDispatcher with 16 workers.
 -> (artifact id: '5c881e1069809fbcd4efe058d8c99570') in 0.020506 seconds
Number of updated asset objects reloaded before import = 0
Number of asset objects unloaded after import = 1
========================================================================
Received Import Request.
  Time since last request: 0.000022 seconds.
  path: Assets/TerrainDemoScene_HDRP/Terrain/Textures/Cliff_Mossy_E/Cliff_Mossy_E_MaskMap.tif.REMOVED.git-id
  artifactKey: Guid(25b5cc970c878494189931bf99cd6209) Importer(2089858483,0ecaa5967403d082aa24f35e1b516d23)
Start importing Assets/TerrainDemoScene_HDRP/Terrain/Textures/Cliff_Mossy_E/Cliff_Mossy_E_MaskMap.tif.REMOVED.git-id using Guid(25b5cc970c878494189931bf99cd6209) Importer(2089858483,0ecaa5967403d082aa24f35e1b516d23) [PhysX] Initialized MultithreadedTaskDispatcher with 16 workers.
 -> (artifact id: 'b123972f20d3140daab732f02302695e') in 0.020793 seconds
Number of updated asset objects reloaded before import = 0
Number of asset objects unloaded after import = 1
========================================================================
Received Import Request.
  Time since last request: 0.000028 seconds.
  path: Assets/Toby Fredson/The Toby Foliage Engine/(TTFE)_Demo/Meshes/Meshes_Vegetation/MV_Ground Plants/GrassShort_A.fbx
  artifactKey: Guid(14952afb965020e489225833ff495dea) Importer(2089858483,0ecaa5967403d082aa24f35e1b516d23)
Start importing Assets/Toby Fredson/The Toby Foliage Engine/(TTFE)_Demo/Meshes/Meshes_Vegetation/MV_Ground Plants/GrassShort_A.fbx using Guid(14952afb965020e489225833ff495dea) Importer(2089858483,0ecaa5967403d082aa24f35e1b516d23) [PhysX] Initialized MultithreadedTaskDispatcher with 16 workers.
 -> (artifact id: '1faa5b7722df45402e3d265508f3d744') in 0.049300 seconds
Number of updated asset objects reloaded before import = 0
Number of asset objects unloaded after import = 16
========================================================================
Received Import Request.
  Time since last request: 0.000030 seconds.
  path: Assets/Terrain/Terrain_0_0_75875ca5-c699-48cc-861d-3610acf62c2f.asset
  artifactKey: Guid(cf0bc048bdd484e40b5dc85a55346cc1) Importer(2089858483,0ecaa5967403d082aa24f35e1b516d23)
Start importing Assets/Terrain/Terrain_0_0_75875ca5-c699-48cc-861d-3610acf62c2f.asset using Guid(cf0bc048bdd484e40b5dc85a55346cc1) Importer(2089858483,0ecaa5967403d082aa24f35e1b516d23) [PhysX] Initialized MultithreadedTaskDispatcher with 16 workers.
 -> (artifact id: '754affe2657cb417672428c93bb8b225') in 0.144470 seconds
Number of updated asset objects reloaded before import = 0
Number of asset objects unloaded after import = 3
========================================================================
Received Import Request.
  Time since last request: 0.000033 seconds.
  path: Assets/Terrain/Terrain_0_0_8eb7964e-f9e3-4afa-9670-5926d7511c15.asset
  artifactKey: Guid(9e538eca3e25e254c81a071990f57e07) Importer(2089858483,0ecaa5967403d082aa24f35e1b516d23)
Start importing Assets/Terrain/Terrain_0_0_8eb7964e-f9e3-4afa-9670-5926d7511c15.asset using Guid(9e538eca3e25e254c81a071990f57e07) Importer(2089858483,0ecaa5967403d082aa24f35e1b516d23) [PhysX] Initialized MultithreadedTaskDispatcher with 16 workers.
 -> (artifact id: '84ac473a297df7bc201a0172bcfa11b7') in 0.030576 seconds
Number of updated asset objects reloaded before import = 0
Number of asset objects unloaded after import = 1
========================================================================
Received Import Request.
  Time since last request: 0.000024 seconds.
  path: Assets/Toby Fredson/The Toby Foliage Engine/(TTFE)_Demo/Terrains/Trerrain Layers/TTFE-LTE_Layers/TSLightTerrain Layer_4.terrainlayer
  artifactKey: Guid(a3c74f6be8496c64baa22d548afffbc6) Importer(2089858483,0ecaa5967403d082aa24f35e1b516d23)
Start importing Assets/Toby Fredson/The Toby Foliage Engine/(TTFE)_Demo/Terrains/Trerrain Layers/TTFE-LTE_Layers/TSLightTerrain Layer_4.terrainlayer using Guid(a3c74f6be8496c64baa22d548afffbc6) Importer(2089858483,0ecaa5967403d082aa24f35e1b516d23) [PhysX] Initialized MultithreadedTaskDispatcher with 16 workers.
 -> (artifact id: 'd388aca8172604c8216022c6be535c4f') in 0.051308 seconds
Number of updated asset objects reloaded before import = 0
Number of asset objects unloaded after import = 4
========================================================================
Received Import Request.
  Time since last request: 0.000031 seconds.
  path: Assets/Toby Fredson/The Toby Foliage Engine/(TTFE)_Core/Resources/(TTFE) GLOBAL CONTROLLER/TTFE_Wind Gizmo/TTFE_Utility Resources/(TTFE)GlobalGizmo_Base.mat
  artifactKey: Guid(76bb59b850e90134baf9b5cc0131d161) Importer(2089858483,0ecaa5967403d082aa24f35e1b516d23)
Start importing Assets/Toby Fredson/The Toby Foliage Engine/(TTFE)_Core/Resources/(TTFE) GLOBAL CONTROLLER/TTFE_Wind Gizmo/TTFE_Utility Resources/(TTFE)GlobalGizmo_Base.mat using Guid(76bb59b850e90134baf9b5cc0131d161) Importer(2089858483,0ecaa5967403d082aa24f35e1b516d23) [PhysX] Initialized MultithreadedTaskDispatcher with 16 workers.
 -> (artifact id: '21d1fb42892d53cac996ee21dc73aa34') in 0.035042 seconds
Number of updated asset objects reloaded before import = 0
Number of asset objects unloaded after import = 3
========================================================================
Received Import Request.
  Time since last request: 0.000045 seconds.
  path: Assets/Toby Fredson/The Toby Foliage Engine/(TTFE)_Core/Pipelines
  artifactKey: Guid(556f6c9a3a0079447a84f31e00c4c556) Importer(2089858483,0ecaa5967403d082aa24f35e1b516d23)
Start importing Assets/Toby Fredson/The Toby Foliage Engine/(TTFE)_Core/Pipelines using Guid(556f6c9a3a0079447a84f31e00c4c556) Importer(2089858483,0ecaa5967403d082aa24f35e1b516d23) [PhysX] Initialized MultithreadedTaskDispatcher with 16 workers.
 -> (artifact id: '5b79eec440ac570377bb81e549ca6ed8') in 0.023445 seconds
Number of updated asset objects reloaded before import = 0
Number of asset objects unloaded after import = 1
========================================================================
Received Import Request.
  Time since last request: 0.000028 seconds.
  path: Assets/Toby Fredson/The Toby Foliage Engine/(TTFE)_Demo/Scenes/TTFE-LightScene_Prefabs.unity
  artifactKey: Guid(5dfdf57220d621143867c335611d699d) Importer(2089858483,0ecaa5967403d082aa24f35e1b516d23)
Start importing Assets/Toby Fredson/The Toby Foliage Engine/(TTFE)_Demo/Scenes/TTFE-LightScene_Prefabs.unity using Guid(5dfdf57220d621143867c335611d699d) Importer(2089858483,0ecaa5967403d082aa24f35e1b516d23) [PhysX] Initialized MultithreadedTaskDispatcher with 16 workers.
 -> (artifact id: '82600234499127313cd025701f1045fb') in 0.113100 seconds
Number of updated asset objects reloaded before import = 0
Number of asset objects unloaded after import = 1
========================================================================
Received Import Request.
  Time since last request: 0.000027 seconds.
  path: Assets/Toby Fredson/The Toby Foliage Engine/(TTFE)_Demo/Materials/Materials_Vegetation/MV_Tress/Shrub_Leaves.mat
  artifactKey: Guid(1e5fc5ecef63e2a40a3054b41fc73e2d) Importer(2089858483,0ecaa5967403d082aa24f35e1b516d23)
Start importing Assets/Toby Fredson/The Toby Foliage Engine/(TTFE)_Demo/Materials/Materials_Vegetation/MV_Tress/Shrub_Leaves.mat using Guid(1e5fc5ecef63e2a40a3054b41fc73e2d) Importer(2089858483,0ecaa5967403d082aa24f35e1b516d23) [PhysX] Initialized MultithreadedTaskDispatcher with 16 workers.
 -> (artifact id: '1581ce263f76da8286e41956a282c5ad') in 0.124090 seconds
Number of updated asset objects reloaded before import = 0
Number of asset objects unloaded after import = 7
========================================================================
Received Import Request.
  Time since last request: 0.000041 seconds.
  path: Assets/Toby Fredson/The Toby Foliage Engine/(TTFE)_Demo/Meshes/Meshes_Vegetation/MV_Ground Plants/GrassShort_D.fbx
  artifactKey: Guid(c48104da983e70b47a175c869bf49512) Importer(2089858483,0ecaa5967403d082aa24f35e1b516d23)
Start importing Assets/Toby Fredson/The Toby Foliage Engine/(TTFE)_Demo/Meshes/Meshes_Vegetation/MV_Ground Plants/GrassShort_D.fbx using Guid(c48104da983e70b47a175c869bf49512) Importer(2089858483,0ecaa5967403d082aa24f35e1b516d23) [PhysX] Initialized MultithreadedTaskDispatcher with 16 workers.
 -> (artifact id: '0cf1f9348f462fe9a1616456bf0f5d99') in 0.042795 seconds
Number of updated asset objects reloaded before import = 0
Number of asset objects unloaded after import = 16
========================================================================
Received Import Request.
  Time since last request: 0.000022 seconds.
  path: Assets/Toby Fredson/The Toby Foliage Engine/(TTFE)_Demo/Scripts/FPSController.cs
  artifactKey: Guid(ddc3f9351cd4bd84b8f94b3a29b1c640) Importer(2089858483,0ecaa5967403d082aa24f35e1b516d23)
Start importing Assets/Toby Fredson/The Toby Foliage Engine/(TTFE)_Demo/Scripts/FPSController.cs using Guid(ddc3f9351cd4bd84b8f94b3a29b1c640) Importer(2089858483,0ecaa5967403d082aa24f35e1b516d23) [PhysX] Initialized MultithreadedTaskDispatcher with 16 workers.
 -> (artifact id: '16db615c5ce010653af2c8dfdac81ec5') in 0.022688 seconds
Number of updated asset objects reloaded before import = 0
Number of asset objects unloaded after import = 1
========================================================================
Received Import Request.
  Time since last request: 0.000033 seconds.
  path: Assets/Toby Fredson/The Toby Foliage Engine/(TTFE)_Demo/Textures/Textures_Static/RocksTTFEL_Albedo.png
  artifactKey: Guid(cd637fe5f91dcba4bb1da8bc402fe2d4) Importer(2089858483,0ecaa5967403d082aa24f35e1b516d23)
Start importing Assets/Toby Fredson/The Toby Foliage Engine/(TTFE)_Demo/Textures/Textures_Static/RocksTTFEL_Albedo.png using Guid(cd637fe5f91dcba4bb1da8bc402fe2d4) Importer(2089858483,0ecaa5967403d082aa24f35e1b516d23) [PhysX] Initialized MultithreadedTaskDispatcher with 16 workers.
 -> (artifact id: '746c14fd559aa7f372889ac14ae681c9') in 0.038609 seconds
Number of updated asset objects reloaded before import = 0
Number of asset objects unloaded after import = 1
========================================================================
Received Import Request.
  Time since last request: 0.000027 seconds.
  path: Assets/Toby Fredson/The Toby Foliage Engine/(TTFE)_Demo/Terrains/Trerrain Layers/TTFE-LTE_Layers
  artifactKey: Guid(4021da490bee6a941a0f853e44331171) Importer(2089858483,0ecaa5967403d082aa24f35e1b516d23)
Start importing Assets/Toby Fredson/The Toby Foliage Engine/(TTFE)_Demo/Terrains/Trerrain Layers/TTFE-LTE_Layers using Guid(4021da490bee6a941a0f853e44331171) Importer(2089858483,0ecaa5967403d082aa24f35e1b516d23) [PhysX] Initialized MultithreadedTaskDispatcher with 16 workers.
 -> (artifact id: 'aa3a5b500abd68c6d9c09b5e5e117a66') in 0.022400 seconds
Number of updated asset objects reloaded before import = 0
Number of asset objects unloaded after import = 1
========================================================================
Received Import Request.
  Time since last request: 0.000046 seconds.
  path: Assets/Toby Fredson/The Toby Foliage Engine/(TTFE)_Demo/Prefabs/Prefabs_Static/RocksTTFEL_A.prefab
  artifactKey: Guid(2720c8291d12e7244b7fec437c7c5bd0) Importer(2089858483,0ecaa5967403d082aa24f35e1b516d23)
Start importing Assets/Toby Fredson/The Toby Foliage Engine/(TTFE)_Demo/Prefabs/Prefabs_Static/RocksTTFEL_A.prefab using Guid(2720c8291d12e7244b7fec437c7c5bd0) Importer(2089858483,0ecaa5967403d082aa24f35e1b516d23) [PhysX] Initialized MultithreadedTaskDispatcher with 16 workers.
 -> (artifact id: 'bcc92223e0f7bd4af43141e1a4b7e241') in 0.025486 seconds
Number of updated asset objects reloaded before import = 0
Number of asset objects unloaded after import = 8
========================================================================
Received Import Request.
  Time since last request: 0.000027 seconds.
  path: Assets/Toby Fredson/The Toby Foliage Engine/(TTFE)_Demo/Meshes/Meshes_Vegetation/MV_Grass Instancing
  artifactKey: Guid(654cb66d9add25b41b6d343545eb166c) Importer(2089858483,0ecaa5967403d082aa24f35e1b516d23)
Start importing Assets/Toby Fredson/The Toby Foliage Engine/(TTFE)_Demo/Meshes/Meshes_Vegetation/MV_Grass Instancing using Guid(654cb66d9add25b41b6d343545eb166c) Importer(2089858483,0ecaa5967403d082aa24f35e1b516d23) [PhysX] Initialized MultithreadedTaskDispatcher with 16 workers.
 -> (artifact id: '70cd6fde31156a066216465e28b14e98') in 0.020870 seconds
Number of updated asset objects reloaded before import = 0
Number of asset objects unloaded after import = 1
========================================================================
Received Import Request.
  Time since last request: 0.000030 seconds.
  path: Assets/Toby Fredson/The Toby Foliage Engine/(TTFE)_Core/Resources/(TTFE) GLOBAL CONTROLLER/TTFE_Wind Gizmo/TTFE_Utility Resources/(TTFE)GlobalGizmo_Bark.mat
  artifactKey: Guid(659f144ae1824764a9edf91e3911022b) Importer(2089858483,0ecaa5967403d082aa24f35e1b516d23)
Start importing Assets/Toby Fredson/The Toby Foliage Engine/(TTFE)_Core/Resources/(TTFE) GLOBAL CONTROLLER/TTFE_Wind Gizmo/TTFE_Utility Resources/(TTFE)GlobalGizmo_Bark.mat using Guid(659f144ae1824764a9edf91e3911022b) Importer(2089858483,0ecaa5967403d082aa24f35e1b516d23) [PhysX] Initialized MultithreadedTaskDispatcher with 16 workers.
 -> (artifact id: 'b23d23a4b9b95ae7f516960f4e832762') in 0.031209 seconds
Number of updated asset objects reloaded before import = 0
Number of asset objects unloaded after import = 4
========================================================================
Received Import Request.
  Time since last request: 0.000034 seconds.
  path: Assets/Toby Fredson/The Toby Foliage Engine/(TTFE)_Demo/Materials/Materials_Vegetation/MV_Tress/Shrub_Leaves_Bush Fall.mat
  artifactKey: Guid(a00874b80327c9f4ca9ff60ef50b66b6) Importer(2089858483,0ecaa5967403d082aa24f35e1b516d23)
Start importing Assets/Toby Fredson/The Toby Foliage Engine/(TTFE)_Demo/Materials/Materials_Vegetation/MV_Tress/Shrub_Leaves_Bush Fall.mat using Guid(a00874b80327c9f4ca9ff60ef50b66b6) Importer(2089858483,0ecaa5967403d082aa24f35e1b516d23) [PhysX] Initialized MultithreadedTaskDispatcher with 16 workers.
 -> (artifact id: '299543837a9c3d6e85398828c9155a99') in 0.156190 seconds
Number of updated asset objects reloaded before import = 0
Number of asset objects unloaded after import = 7
========================================================================
Received Import Request.
  Time since last request: 0.000039 seconds.
  path: Assets/Toby Fredson/The Toby Foliage Engine/(TTFE)_Demo/Textures/Textures_Helpers/GridA 1.png
  artifactKey: Guid(7abcd40a6e65c68469bf591d58ee0d6c) Importer(2089858483,0ecaa5967403d082aa24f35e1b516d23)
Start importing Assets/Toby Fredson/The Toby Foliage Engine/(TTFE)_Demo/Textures/Textures_Helpers/GridA 1.png using Guid(7abcd40a6e65c68469bf591d58ee0d6c) Importer(2089858483,0ecaa5967403d082aa24f35e1b516d23) [PhysX] Initialized MultithreadedTaskDispatcher with 16 workers.
 -> (artifact id: 'febd765c65cf9f156cb7cc7a00b82982') in 0.033011 seconds
Number of updated asset objects reloaded before import = 0
Number of asset objects unloaded after import = 1
========================================================================
Received Import Request.
  Time since last request: 0.000024 seconds.
  path: Assets/ProceduralTerrainPainter/_Demo/TerrainData
  artifactKey: Guid(9083af43f6d06e3429113bbece89a54e) Importer(2089858483,0ecaa5967403d082aa24f35e1b516d23)
Start importing Assets/ProceduralTerrainPainter/_Demo/TerrainData using Guid(9083af43f6d06e3429113bbece89a54e) Importer(2089858483,0ecaa5967403d082aa24f35e1b516d23) [PhysX] Initialized MultithreadedTaskDispatcher with 16 workers.
 -> (artifact id: '6c2c6d99f906800f3cb1eea7a47367f4') in 0.022590 seconds
Number of updated asset objects reloaded before import = 0
Number of asset objects unloaded after import = 1
========================================================================
Received Import Request.
  Time since last request: 0.000027 seconds.
  path: Assets/Toby Fredson/The Toby Foliage Engine/(TTFE)_Core/Pipelines/TTFEL - 2021.3.11f1+ (URP 12+).unitypackage
  artifactKey: Guid(d29922692a13b4d4fa3af6dfd8a428da) Importer(2089858483,0ecaa5967403d082aa24f35e1b516d23)
Start importing Assets/Toby Fredson/The Toby Foliage Engine/(TTFE)_Core/Pipelines/TTFEL - 2021.3.11f1+ (URP 12+).unitypackage using Guid(d29922692a13b4d4fa3af6dfd8a428da) Importer(2089858483,0ecaa5967403d082aa24f35e1b516d23) [PhysX] Initialized MultithreadedTaskDispatcher with 16 workers.
 -> (artifact id: 'f69c6b1d45381b749450015b1c38708f') in 0.021270 seconds
Number of updated asset objects reloaded before import = 0
Number of asset objects unloaded after import = 1
========================================================================
Received Import Request.
  Time since last request: 0.000036 seconds.
  path: Assets/PalmTreePack/Models/Palm_Style_Old/Palm2/Materials
  artifactKey: Guid(10b835994f128fa4ea3fd4bf7b1b990a) Importer(2089858483,0ecaa5967403d082aa24f35e1b516d23)
Start importing Assets/PalmTreePack/Models/Palm_Style_Old/Palm2/Materials using Guid(10b835994f128fa4ea3fd4bf7b1b990a) Importer(2089858483,0ecaa5967403d082aa24f35e1b516d23) [PhysX] Initialized MultithreadedTaskDispatcher with 16 workers.
 -> (artifact id: '840761773bc1dfc4f5a304d1583c8c4d') in 0.019674 seconds
Number of updated asset objects reloaded before import = 0
Number of asset objects unloaded after import = 1
========================================================================
Received Import Request.
  Time since last request: 0.000034 seconds.
  path: Assets/Toby Fredson/The Toby Foliage Engine/(TTFE)_Demo/Textures/Textures_Tiles Nature/GrassGCATA_MAG.png
  artifactKey: Guid(e3e17f7ee6882624bbec7de8d04946e2) Importer(2089858483,0ecaa5967403d082aa24f35e1b516d23)
Start importing Assets/Toby Fredson/The Toby Foliage Engine/(TTFE)_Demo/Textures/Textures_Tiles Nature/GrassGCATA_MAG.png using Guid(e3e17f7ee6882624bbec7de8d04946e2) Importer(2089858483,0ecaa5967403d082aa24f35e1b516d23) [PhysX] Initialized MultithreadedTaskDispatcher with 16 workers.
 -> (artifact id: 'fc9e5cdc85a28de76b445006aa2994b5') in 0.035250 seconds
Number of updated asset objects reloaded before import = 0
Number of asset objects unloaded after import = 1
========================================================================
Received Import Request.
  Time since last request: 0.000032 seconds.
  path: Assets/Toby Fredson/The Toby Foliage Engine/(TTFE)_Core/Resources/(TTFE) GLOBAL CONTROLLER/Scripts/Editor/TobyGlobalShadersController_Editor.cs
  artifactKey: Guid(a2330b4f2e75a134880fd6d2954bd85c) Importer(2089858483,0ecaa5967403d082aa24f35e1b516d23)
Start importing Assets/Toby Fredson/The Toby Foliage Engine/(TTFE)_Core/Resources/(TTFE) GLOBAL CONTROLLER/Scripts/Editor/TobyGlobalShadersController_Editor.cs using Guid(a2330b4f2e75a134880fd6d2954bd85c) Importer(2089858483,0ecaa5967403d082aa24f35e1b516d23) [PhysX] Initialized MultithreadedTaskDispatcher with 16 workers.
 -> (artifact id: 'b969811e350e46a583e9cfe14e6ad0af') in 0.019527 seconds
Number of updated asset objects reloaded before import = 0
Number of asset objects unloaded after import = 1
========================================================================
Received Import Request.
  Time since last request: 0.000032 seconds.
  path: Assets/Toby Fredson/The Toby Foliage Engine/(TTFE)_Demo/Textures/Textures_Tiles Nature/BaseDirtGCATA_Height.png
  artifactKey: Guid(0f1f3220297ff904abc0134c331e1c2a) Importer(2089858483,0ecaa5967403d082aa24f35e1b516d23)
Start importing Assets/Toby Fredson/The Toby Foliage Engine/(TTFE)_Demo/Textures/Textures_Tiles Nature/BaseDirtGCATA_Height.png using Guid(0f1f3220297ff904abc0134c331e1c2a) Importer(2089858483,0ecaa5967403d082aa24f35e1b516d23) [PhysX] Initialized MultithreadedTaskDispatcher with 16 workers.
 -> (artifact id: 'e162fd37feef5872301cc5a1e2903754') in 0.033779 seconds
Number of updated asset objects reloaded before import = 0
Number of asset objects unloaded after import = 1
========================================================================
Received Import Request.
  Time since last request: 0.000053 seconds.
  path: Assets/Toby Fredson/The Toby Foliage Engine/(TTFE)_Core/Shaders/Resources
  artifactKey: Guid(1f9f3ce450d199b4fabdc84a60852f0f) Importer(2089858483,0ecaa5967403d082aa24f35e1b516d23)
Start importing Assets/Toby Fredson/The Toby Foliage Engine/(TTFE)_Core/Shaders/Resources using Guid(1f9f3ce450d199b4fabdc84a60852f0f) Importer(2089858483,0ecaa5967403d082aa24f35e1b516d23) [PhysX] Initialized MultithreadedTaskDispatcher with 16 workers.
 -> (artifact id: '0f7de9fb4a74766f079805978e6d14fa') in 0.019278 seconds
Number of updated asset objects reloaded before import = 0
Number of asset objects unloaded after import = 1
========================================================================
Received Import Request.
  Time since last request: 0.000036 seconds.
  path: Assets/Toby Fredson/The Toby Foliage Engine/(TTFE)_Demo/Meshes/Meshes_Vegetation/MV_Ground Plants/GrassMedium_B.fbx
  artifactKey: Guid(ed67491da53b2db42a56360020005dad) Importer(2089858483,0ecaa5967403d082aa24f35e1b516d23)
Start importing Assets/Toby Fredson/The Toby Foliage Engine/(TTFE)_Demo/Meshes/Meshes_Vegetation/MV_Ground Plants/GrassMedium_B.fbx using Guid(ed67491da53b2db42a56360020005dad) Importer(2089858483,0ecaa5967403d082aa24f35e1b516d23) [PhysX] Initialized MultithreadedTaskDispatcher with 16 workers.
 -> (artifact id: '1266da827c9783f853e2a660c3450a7e') in 0.051978 seconds
Number of updated asset objects reloaded before import = 0
Number of asset objects unloaded after import = 41
========================================================================
Received Import Request.
  Time since last request: 0.000028 seconds.
  path: Assets/Toby Fredson/The Toby Foliage Engine/(TTFE)_Demo/Prefabs/Prefabs_Vegetation/Vegetation_Plants/VP_GrassSingle/Grass_Single_E.prefab
  artifactKey: Guid(87e550bd0d38f2a4483f76153b084ea6) Importer(2089858483,0ecaa5967403d082aa24f35e1b516d23)
Start importing Assets/Toby Fredson/The Toby Foliage Engine/(TTFE)_Demo/Prefabs/Prefabs_Vegetation/Vegetation_Plants/VP_GrassSingle/Grass_Single_E.prefab using Guid(87e550bd0d38f2a4483f76153b084ea6) Importer(2089858483,0ecaa5967403d082aa24f35e1b516d23) [PhysX] Initialized MultithreadedTaskDispatcher with 16 workers.
 -> (artifact id: 'e642202bc4b08af6b8192b5d9ff30c01') in 0.025022 seconds
Number of updated asset objects reloaded before import = 0
Number of asset objects unloaded after import = 24
========================================================================
Received Import Request.
  Time since last request: 0.000026 seconds.
  path: Assets/Toby Fredson/The Toby Foliage Engine/(TTFE)_Demo/Meshes/Meshes Helpers/Dirctions.fbx
  artifactKey: Guid(562ae7a539048724abe4ac7d88838845) Importer(2089858483,0ecaa5967403d082aa24f35e1b516d23)
Start importing Assets/Toby Fredson/The Toby Foliage Engine/(TTFE)_Demo/Meshes/Meshes Helpers/Dirctions.fbx using Guid(562ae7a539048724abe4ac7d88838845) Importer(2089858483,0ecaa5967403d082aa24f35e1b516d23) [PhysX] Initialized MultithreadedTaskDispatcher with 16 workers.
 -> (artifact id: 'bfc73fc036f72924974673ab8b3d7b9f') in 0.035558 seconds
Number of updated asset objects reloaded before import = 0
Number of asset objects unloaded after import = 7
========================================================================
Received Import Request.
  Time since last request: 0.000026 seconds.
  path: Assets/Toby Fredson/The Toby Foliage Engine/(TTFE)_Demo/Textures/Textures_Tiles Nature/BaseRockGCATA_B_Normal.png
  artifactKey: Guid(887b0b3a60ab5204787b1640fd84e6dc) Importer(2089858483,0ecaa5967403d082aa24f35e1b516d23)
Start importing Assets/Toby Fredson/The Toby Foliage Engine/(TTFE)_Demo/Textures/Textures_Tiles Nature/BaseRockGCATA_B_Normal.png using Guid(887b0b3a60ab5204787b1640fd84e6dc) Importer(2089858483,0ecaa5967403d082aa24f35e1b516d23) [PhysX] Initialized MultithreadedTaskDispatcher with 16 workers.
 -> (artifact id: '0de8bc98f35a859e85c1f99b2b879dc5') in 0.035592 seconds
Number of updated asset objects reloaded before import = 0
Number of asset objects unloaded after import = 1
========================================================================
Received Import Request.
  Time since last request: 0.000032 seconds.
  path: Assets/Toby Fredson/The Toby Foliage Engine/(TTFE)_Core/Resources/(TTFE) GLOBAL CONTROLLER/TTFE_Wind Gizmo/TTFE_Utility Resources/(TTFE)GlobalGizmo_Ring.mat
  artifactKey: Guid(b0f1191ca83debd4b866bdebefe04317) Importer(2089858483,0ecaa5967403d082aa24f35e1b516d23)
Start importing Assets/Toby Fredson/The Toby Foliage Engine/(TTFE)_Core/Resources/(TTFE) GLOBAL CONTROLLER/TTFE_Wind Gizmo/TTFE_Utility Resources/(TTFE)GlobalGizmo_Ring.mat using Guid(b0f1191ca83debd4b866bdebefe04317) Importer(2089858483,0ecaa5967403d082aa24f35e1b516d23) [PhysX] Initialized MultithreadedTaskDispatcher with 16 workers.
 -> (artifact id: '1a9d6216b8c4cc8dcbb8701e24aff679') in 0.022863 seconds
Number of updated asset objects reloaded before import = 0
Number of asset objects unloaded after import = 1
========================================================================
Received Import Request.
  Time since last request: 0.000024 seconds.
  path: Assets/Toby Fredson/The Toby Foliage Engine/(TTFE)_Core/Shaders/Default/(TTFE) Tree Foliage.shader
  artifactKey: Guid(6f53b8cb323b0614c82237d5b033019f) Importer(2089858483,0ecaa5967403d082aa24f35e1b516d23)
Start importing Assets/Toby Fredson/The Toby Foliage Engine/(TTFE)_Core/Shaders/Default/(TTFE) Tree Foliage.shader using Guid(6f53b8cb323b0614c82237d5b033019f) Importer(2089858483,0ecaa5967403d082aa24f35e1b516d23) [PhysX] Initialized MultithreadedTaskDispatcher with 16 workers.
 -> (artifact id: 'df514704c9b50b866d1f13bffa4cbce9') in 0.048025 seconds
Number of updated asset objects reloaded before import = 0
Number of asset objects unloaded after import = 1
========================================================================
Received Import Request.
  Time since last request: 0.000036 seconds.
  path: Assets/Toby Fredson/The Toby Foliage Engine/(TTFE)_Demo/Materials/Materials_Vegetation
  artifactKey: Guid(3d592a5f9fe8ce44a9538e04d4490f0d) Importer(2089858483,0ecaa5967403d082aa24f35e1b516d23)
Start importing Assets/Toby Fredson/The Toby Foliage Engine/(TTFE)_Demo/Materials/Materials_Vegetation using Guid(3d592a5f9fe8ce44a9538e04d4490f0d) Importer(2089858483,0ecaa5967403d082aa24f35e1b516d23) [PhysX] Initialized MultithreadedTaskDispatcher with 16 workers.
 -> (artifact id: 'a41d57854a511932656b4db03ad76e1f') in 0.019557 seconds
Number of updated asset objects reloaded before import = 0
Number of asset objects unloaded after import = 1
========================================================================
Received Import Request.
  Time since last request: 0.000024 seconds.
  path: Assets/Toby Fredson/The Toby Foliage Engine/(TTFE)_Core/Pipelines/TTFEL - Unity 6.0.23f1+ (URP 17+).unitypackage
  artifactKey: Guid(53cb6471b02a4624ba7f73230157dcc1) Importer(2089858483,0ecaa5967403d082aa24f35e1b516d23)
Start importing Assets/Toby Fredson/The Toby Foliage Engine/(TTFE)_Core/Pipelines/TTFEL - Unity 6.0.23f1+ (URP 17+).unitypackage using Guid(53cb6471b02a4624ba7f73230157dcc1) Importer(2089858483,0ecaa5967403d082aa24f35e1b516d23) [PhysX] Initialized MultithreadedTaskDispatcher with 16 workers.
 -> (artifact id: 'a26493dac9f09d1409a1036f0f088470') in 0.016792 seconds
Number of updated asset objects reloaded before import = 0
Number of asset objects unloaded after import = 1
========================================================================
Received Import Request.
  Time since last request: 0.000049 seconds.
  path: Assets/Toby Fredson/The Toby Foliage Engine/(TTFE)_Core/Scene Settings/TTFE-LightScene Settings.lighting
  artifactKey: Guid(207bc6cb0d91c9248813ff31438b1edb) Importer(2089858483,0ecaa5967403d082aa24f35e1b516d23)
Start importing Assets/Toby Fredson/The Toby Foliage Engine/(TTFE)_Core/Scene Settings/TTFE-LightScene Settings.lighting using Guid(207bc6cb0d91c9248813ff31438b1edb) Importer(2089858483,0ecaa5967403d082aa24f35e1b516d23) [PhysX] Initialized MultithreadedTaskDispatcher with 16 workers.
 -> (artifact id: '17d259cd30224f7d1febe262489712e0') in 0.042891 seconds
Number of updated asset objects reloaded before import = 0
Number of asset objects unloaded after import = 1
========================================================================
Received Import Request.
  Time since last request: 0.000025 seconds.
  path: Assets/Toby Fredson/The Toby Foliage Engine/(TTFE)_Core/Pipelines/TTFEL - 2022.3.1f1+ (HDRP 14+).unitypackage
  artifactKey: Guid(b152953089e48984bb7cf3838bd36b07) Importer(2089858483,0ecaa5967403d082aa24f35e1b516d23)
Start importing Assets/Toby Fredson/The Toby Foliage Engine/(TTFE)_Core/Pipelines/TTFEL - 2022.3.1f1+ (HDRP 14+).unitypackage using Guid(b152953089e48984bb7cf3838bd36b07) Importer(2089858483,0ecaa5967403d082aa24f35e1b516d23) [PhysX] Initialized MultithreadedTaskDispatcher with 16 workers.
 -> (artifact id: '065500d6c55909991c4ff433b7670b34') in 0.023578 seconds
Number of updated asset objects reloaded before import = 0
Number of asset objects unloaded after import = 1
========================================================================
Received Import Request.
  Time since last request: 0.000025 seconds.
  path: Assets/Toby Fredson/The Toby Foliage Engine/(TTFE)_Core/Resources/(TTFE) GLOBAL CONTROLLER/TTFE_Wind Gizmo
  artifactKey: Guid(d3a7fbdeb99d9f645a175dfc5845d48f) Importer(2089858483,0ecaa5967403d082aa24f35e1b516d23)
Start importing Assets/Toby Fredson/The Toby Foliage Engine/(TTFE)_Core/Resources/(TTFE) GLOBAL CONTROLLER/TTFE_Wind Gizmo using Guid(d3a7fbdeb99d9f645a175dfc5845d48f) Importer(2089858483,0ecaa5967403d082aa24f35e1b516d23) [PhysX] Initialized MultithreadedTaskDispatcher with 16 workers.
 -> (artifact id: '809a02b31f6a215ea1f6a4cdf65149b6') in 0.017373 seconds
Number of updated asset objects reloaded before import = 0
Number of asset objects unloaded after import = 1
========================================================================
Received Import Request.
  Time since last request: 0.000032 seconds.
  path: Assets/Toby Fredson/The Toby Foliage Engine/(TTFE)_Demo/Prefabs/Prefabs_Vegetation/Vegetation_Plants/VP_Flowers/FlowersWTTFE-C.prefab
  artifactKey: Guid(d69ebdcb1a1848e4c9790b9d8b9d5259) Importer(2089858483,0ecaa5967403d082aa24f35e1b516d23)
Start importing Assets/Toby Fredson/The Toby Foliage Engine/(TTFE)_Demo/Prefabs/Prefabs_Vegetation/Vegetation_Plants/VP_Flowers/FlowersWTTFE-C.prefab using Guid(d69ebdcb1a1848e4c9790b9d8b9d5259) Importer(2089858483,0ecaa5967403d082aa24f35e1b516d23) [PhysX] Initialized MultithreadedTaskDispatcher with 16 workers.
 -> (artifact id: '98c0cf577e14bd324eba37b36fcc59c8') in 0.024458 seconds
Number of updated asset objects reloaded before import = 0
Number of asset objects unloaded after import = 20
========================================================================
Received Import Request.
  Time since last request: 0.000039 seconds.
  path: Assets/Toby Fredson/The Toby Foliage Engine/(TTFE)_Demo/Meshes/Meshes_Vegetation/MV_Ground Plants/GrassMedium_D.fbx
  artifactKey: Guid(fd7166c5c1116fe43a025eb059456bde) Importer(2089858483,0ecaa5967403d082aa24f35e1b516d23)
Start importing Assets/Toby Fredson/The Toby Foliage Engine/(TTFE)_Demo/Meshes/Meshes_Vegetation/MV_Ground Plants/GrassMedium_D.fbx using Guid(fd7166c5c1116fe43a025eb059456bde) Importer(2089858483,0ecaa5967403d082aa24f35e1b516d23) [PhysX] Initialized MultithreadedTaskDispatcher with 16 workers.
 -> (artifact id: '47305fdc99c527bbe2f5c151131b3ddc') in 0.153429 seconds
Number of updated asset objects reloaded before import = 0
Number of asset objects unloaded after import = 41
========================================================================
Received Import Request.
  Time since last request: 0.000027 seconds.
  path: Assets/Toby Fredson/The Toby Foliage Engine/(TTFE)_Demo/Meshes/Meshes Helpers
  artifactKey: Guid(8763d9be85e04d74aadac085659dd1ed) Importer(2089858483,0ecaa5967403d082aa24f35e1b516d23)
Start importing Assets/Toby Fredson/The Toby Foliage Engine/(TTFE)_Demo/Meshes/Meshes Helpers using Guid(8763d9be85e04d74aadac085659dd1ed) Importer(2089858483,0ecaa5967403d082aa24f35e1b516d23) [PhysX] Initialized MultithreadedTaskDispatcher with 16 workers.
 -> (artifact id: 'cc37c926061a16c3859ae416752c94a9') in 0.019002 seconds
Number of updated asset objects reloaded before import = 0
Number of asset objects unloaded after import = 1
========================================================================
Received Import Request.
  Time since last request: 0.000030 seconds.
  path: Assets/Toby Fredson/The Toby Foliage Engine/(TTFE)_Demo/Materials/Materials_Skybox/TTFE Sky B 2.mat
  artifactKey: Guid(fc2c019752615d04f8c427dc76af6571) Importer(2089858483,0ecaa5967403d082aa24f35e1b516d23)
Start importing Assets/Toby Fredson/The Toby Foliage Engine/(TTFE)_Demo/Materials/Materials_Skybox/TTFE Sky B 2.mat using Guid(fc2c019752615d04f8c427dc76af6571) Importer(2089858483,0ecaa5967403d082aa24f35e1b516d23) [PhysX] Initialized MultithreadedTaskDispatcher with 16 workers.
 -> (artifact id: '85730f52d7aa7e5e4114c6c07c753269') in 0.025794 seconds
Number of updated asset objects reloaded before import = 0
Number of asset objects unloaded after import = 2
========================================================================
Received Import Request.
  Time since last request: 0.000043 seconds.
  path: Assets/Toby Fredson/The Toby Foliage Engine/(TTFE)_Core/Shaders/Default/(TTFE) Terrain/(TTFE) Terrain Snow AddPass.shader
  artifactKey: Guid(0f201d2ac4435264ab035827fdacd414) Importer(2089858483,0ecaa5967403d082aa24f35e1b516d23)
Start importing Assets/Toby Fredson/The Toby Foliage Engine/(TTFE)_Core/Shaders/Default/(TTFE) Terrain/(TTFE) Terrain Snow AddPass.shader using Guid(0f201d2ac4435264ab035827fdacd414) Importer(2089858483,0ecaa5967403d082aa24f35e1b516d23) [PhysX] Initialized MultithreadedTaskDispatcher with 16 workers.
 -> (artifact id: '11ff0cedc2825c8c4af0afdb602013f5') in 0.031154 seconds
Number of updated asset objects reloaded before import = 0
Number of asset objects unloaded after import = 1
========================================================================
Received Import Request.
  Time since last request: 0.000029 seconds.
  path: Assets/Toby Fredson/The Toby Foliage Engine/(TTFE)_Demo/Meshes/Meshes Helpers/Human Scale.fbx
  artifactKey: Guid(4f760247cb2152b469575c6759b9efab) Importer(2089858483,0ecaa5967403d082aa24f35e1b516d23)
Start importing Assets/Toby Fredson/The Toby Foliage Engine/(TTFE)_Demo/Meshes/Meshes Helpers/Human Scale.fbx using Guid(4f760247cb2152b469575c6759b9efab) Importer(2089858483,0ecaa5967403d082aa24f35e1b516d23) [PhysX] Initialized MultithreadedTaskDispatcher with 16 workers.
 -> (artifact id: 'f2b1fcb72be4e19db4d93c5290478407') in 0.029724 seconds
Number of updated asset objects reloaded before import = 0
Number of asset objects unloaded after import = 7
========================================================================
Received Import Request.
  Time since last request: 0.000024 seconds.
  path: Assets/Toby Fredson/The Toby Foliage Engine/(TTFE)_Demo/Meshes/Meshes_Vegetation/MV_Ground Plants/GrassMedium_A.fbx
  artifactKey: Guid(30a53a4465454f54bbb21a09898038de) Importer(2089858483,0ecaa5967403d082aa24f35e1b516d23)
Start importing Assets/Toby Fredson/The Toby Foliage Engine/(TTFE)_Demo/Meshes/Meshes_Vegetation/MV_Ground Plants/GrassMedium_A.fbx using Guid(30a53a4465454f54bbb21a09898038de) Importer(2089858483,0ecaa5967403d082aa24f35e1b516d23) [PhysX] Initialized MultithreadedTaskDispatcher with 16 workers.
 -> (artifact id: '35d7d6c3e9fd0dd74deb7b806fb04c41') in 0.053126 seconds
Number of updated asset objects reloaded before import = 0
Number of asset objects unloaded after import = 41
========================================================================
Received Import Request.
  Time since last request: 0.000028 seconds.
  path: Assets/Toby Fredson/The Toby Foliage Engine/(TTFE)_Demo/Prefabs/Prefabs_Helpers/Human Scale v2.prefab
  artifactKey: Guid(3b4628fffd1dbdb4893deaf2015ba504) Importer(2089858483,0ecaa5967403d082aa24f35e1b516d23)
Start importing Assets/Toby Fredson/The Toby Foliage Engine/(TTFE)_Demo/Prefabs/Prefabs_Helpers/Human Scale v2.prefab using Guid(3b4628fffd1dbdb4893deaf2015ba504) Importer(2089858483,0ecaa5967403d082aa24f35e1b516d23) [PhysX] Initialized MultithreadedTaskDispatcher with 16 workers.
 -> (artifact id: '7ae4cfdb2182d70bbd49129c448b04c7') in 0.033051 seconds
Number of updated asset objects reloaded before import = 0
Number of asset objects unloaded after import = 8
========================================================================
Received Import Request.
  Time since last request: 0.000036 seconds.
  path: Assets/Toby Fredson/The Toby Foliage Engine/(TTFE)_Demo/Textures/Textures_Vegetation/GrassGCATA_Normal b.png
  artifactKey: Guid(b445905ac87230346b258e41a8c22d68) Importer(2089858483,0ecaa5967403d082aa24f35e1b516d23)
Start importing Assets/Toby Fredson/The Toby Foliage Engine/(TTFE)_Demo/Textures/Textures_Vegetation/GrassGCATA_Normal b.png using Guid(b445905ac87230346b258e41a8c22d68) Importer(2089858483,0ecaa5967403d082aa24f35e1b516d23) [PhysX] Initialized MultithreadedTaskDispatcher with 16 workers.
 -> (artifact id: '8047bdaf6a26e7c3db1046f313b6d70e') in 0.068536 seconds
Number of updated asset objects reloaded before import = 0
Number of asset objects unloaded after import = 1
========================================================================
Received Import Request.
  Time since last request: 0.000024 seconds.
  path: Assets/Toby Fredson/The Toby Foliage Engine/(TTFE)_Demo/Prefabs/Prefabs_Vegetation/Vegetation_Plants/VP_Flowers
  artifactKey: Guid(08d9fb1513419774ebee790a1ce7905d) Importer(2089858483,0ecaa5967403d082aa24f35e1b516d23)
Start importing Assets/Toby Fredson/The Toby Foliage Engine/(TTFE)_Demo/Prefabs/Prefabs_Vegetation/Vegetation_Plants/VP_Flowers using Guid(08d9fb1513419774ebee790a1ce7905d) Importer(2089858483,0ecaa5967403d082aa24f35e1b516d23) [PhysX] Initialized MultithreadedTaskDispatcher with 16 workers.
 -> (artifact id: '72c13069c148bbfd9ded04cb07104c8c') in 0.019610 seconds
Number of updated asset objects reloaded before import = 0
Number of asset objects unloaded after import = 1
========================================================================
Received Import Request.
  Time since last request: 0.000021 seconds.
  path: Assets/Toby Fredson/The Toby Foliage Engine/(TTFE)_Core/Shaders/Drawer/TTFE_DrawerFeatureBorder.cs
  artifactKey: Guid(255f232819fd920478985c13382559af) Importer(2089858483,0ecaa5967403d082aa24f35e1b516d23)
Start importing Assets/Toby Fredson/The Toby Foliage Engine/(TTFE)_Core/Shaders/Drawer/TTFE_DrawerFeatureBorder.cs using Guid(255f232819fd920478985c13382559af) Importer(2089858483,0ecaa5967403d082aa24f35e1b516d23) [PhysX] Initialized MultithreadedTaskDispatcher with 16 workers.
 -> (artifact id: '56fab87ecc8e80bc87f535263638c09d') in 0.022197 seconds
Number of updated asset objects reloaded before import = 0
Number of asset objects unloaded after import = 1
========================================================================
Received Import Request.
  Time since last request: 0.000028 seconds.
  path: Assets/Toby Fredson/The Toby Foliage Engine/(TTFE)_Demo/Post Processing
  artifactKey: Guid(d8aa95017fbf819488683b0487751426) Importer(2089858483,0ecaa5967403d082aa24f35e1b516d23)
Start importing Assets/Toby Fredson/The Toby Foliage Engine/(TTFE)_Demo/Post Processing using Guid(d8aa95017fbf819488683b0487751426) Importer(2089858483,0ecaa5967403d082aa24f35e1b516d23) [PhysX] Initialized MultithreadedTaskDispatcher with 16 workers.
 -> (artifact id: '39f38226d7f6a805cd0429c9d2eb7d3f') in 0.020148 seconds
Number of updated asset objects reloaded before import = 0
Number of asset objects unloaded after import = 1
========================================================================
Received Import Request.
  Time since last request: 0.000036 seconds.
  path: Assets/Toby Fredson/The Toby Foliage Engine/(TTFE)_Demo/Materials/Materials_TTFE (Defaults)/TTFE_Bark.mat
  artifactKey: Guid(85f86bf33cbf9994fb5ad496b100c3f6) Importer(2089858483,0ecaa5967403d082aa24f35e1b516d23)
Start importing Assets/Toby Fredson/The Toby Foliage Engine/(TTFE)_Demo/Materials/Materials_TTFE (Defaults)/TTFE_Bark.mat using Guid(85f86bf33cbf9994fb5ad496b100c3f6) Importer(2089858483,0ecaa5967403d082aa24f35e1b516d23) [PhysX] Initialized MultithreadedTaskDispatcher with 16 workers.
 -> (artifact id: 'dc4d4c59e9495f0b577b041b33c9bbeb') in 0.030329 seconds
Number of updated asset objects reloaded before import = 0
Number of asset objects unloaded after import = 1
========================================================================
Received Import Request.
  Time since last request: 0.000025 seconds.
  path: Assets/Toby Fredson/The Toby Foliage Engine/(TTFE)_Core
  artifactKey: Guid(ca3636caf1e5f6a44ab85c4b0165a84e) Importer(2089858483,0ecaa5967403d082aa24f35e1b516d23)
Start importing Assets/Toby Fredson/The Toby Foliage Engine/(TTFE)_Core using Guid(ca3636caf1e5f6a44ab85c4b0165a84e) Importer(2089858483,0ecaa5967403d082aa24f35e1b516d23) [PhysX] Initialized MultithreadedTaskDispatcher with 16 workers.
 -> (artifact id: 'da94515594c95a87add4045fdd4be414') in 0.017816 seconds
Number of updated asset objects reloaded before import = 0
Number of asset objects unloaded after import = 1
========================================================================
Received Import Request.
  Time since last request: 0.000024 seconds.
  path: Assets/Toby Fredson/The Toby Foliage Engine/(TTFE)_Demo/Meshes/Meshes_Vegetation/MV_Static/RocksTTFEL_B.fbx
  artifactKey: Guid(6fe4ffad068d8d242a793d7461a3f4f0) Importer(2089858483,0ecaa5967403d082aa24f35e1b516d23)
Start importing Assets/Toby Fredson/The Toby Foliage Engine/(TTFE)_Demo/Meshes/Meshes_Vegetation/MV_Static/RocksTTFEL_B.fbx using Guid(6fe4ffad068d8d242a793d7461a3f4f0) Importer(2089858483,0ecaa5967403d082aa24f35e1b516d23) [PhysX] Initialized MultithreadedTaskDispatcher with 16 workers.
 -> (artifact id: '25f7e96ee5d8030c54e58b6eac0ac82f') in 0.034455 seconds
Number of updated asset objects reloaded before import = 0
Number of asset objects unloaded after import = 7
========================================================================
Received Import Request.
  Time since last request: 0.000031 seconds.
  path: Assets/Toby Fredson/The Toby Foliage Engine/(TTFE)_Demo/Prefabs/Prefabs_Static/CliffRockTTFEL_A.prefab
  artifactKey: Guid(d80d66283d5ec724d86504f8e8de85f0) Importer(2089858483,0ecaa5967403d082aa24f35e1b516d23)
Start importing Assets/Toby Fredson/The Toby Foliage Engine/(TTFE)_Demo/Prefabs/Prefabs_Static/CliffRockTTFEL_A.prefab using Guid(d80d66283d5ec724d86504f8e8de85f0) Importer(2089858483,0ecaa5967403d082aa24f35e1b516d23) [PhysX] Initialized MultithreadedTaskDispatcher with 16 workers.
 -> (artifact id: '81f64323effb079fa7f6ccb1ea7f4f0e') in 0.022883 seconds
Number of updated asset objects reloaded before import = 0
Number of asset objects unloaded after import = 36
========================================================================
Received Import Request.
  Time since last request: 0.000037 seconds.
  path: Assets/Toby Fredson/The Toby Foliage Engine/(TTFE)_Demo/Prefabs/Prefabs_Vegetation - (SL)/Vegetation_Trees - (SL)/VTSpecies_Shrub Fall/ShrubBush_B_Fall.prefab
  artifactKey: Guid(a192326c8750cae4b8c6d271de322ec9) Importer(2089858483,0ecaa5967403d082aa24f35e1b516d23)
Start importing Assets/Toby Fredson/The Toby Foliage Engine/(TTFE)_Demo/Prefabs/Prefabs_Vegetation - (SL)/Vegetation_Trees - (SL)/VTSpecies_Shrub Fall/ShrubBush_B_Fall.prefab using Guid(a192326c8750cae4b8c6d271de322ec9) Importer(2089858483,0ecaa5967403d082aa24f35e1b516d23) [PhysX] Initialized MultithreadedTaskDispatcher with 16 workers.
 -> (artifact id: '78e78930b8d353f3bbecd6e261d36860') in 0.021300 seconds
Number of updated asset objects reloaded before import = 0
Number of asset objects unloaded after import = 41
========================================================================
Received Import Request.
  Time since last request: 0.000023 seconds.
  path: Assets/Toby Fredson/The Toby Foliage Engine/(TTFE)_Demo/Prefabs
  artifactKey: Guid(7e6fdaa9465887344b236735b5c8f614) Importer(2089858483,0ecaa5967403d082aa24f35e1b516d23)
Start importing Assets/Toby Fredson/The Toby Foliage Engine/(TTFE)_Demo/Prefabs using Guid(7e6fdaa9465887344b236735b5c8f614) Importer(2089858483,0ecaa5967403d082aa24f35e1b516d23) [PhysX] Initialized MultithreadedTaskDispatcher with 16 workers.
 -> (artifact id: '3567b2067d4bb58c178c49f7d1ec6cf3') in 0.017015 seconds
Number of updated asset objects reloaded before import = 0
Number of asset objects unloaded after import = 1
========================================================================
Received Import Request.
  Time since last request: 0.000026 seconds.
  path: Assets/Toby Fredson/The Toby Foliage Engine/(TTFE)_Demo/Prefabs/Prefabs_Static/CliffRockTTFEL_A Grass.prefab
  artifactKey: Guid(a9bce73b6ed66b64caa051b7bc93e634) Importer(2089858483,0ecaa5967403d082aa24f35e1b516d23)
Start importing Assets/Toby Fredson/The Toby Foliage Engine/(TTFE)_Demo/Prefabs/Prefabs_Static/CliffRockTTFEL_A Grass.prefab using Guid(a9bce73b6ed66b64caa051b7bc93e634) Importer(2089858483,0ecaa5967403d082aa24f35e1b516d23) [PhysX] Initialized MultithreadedTaskDispatcher with 16 workers.
 -> (artifact id: 'e1d707472d58908bce552e6da15eb4db') in 0.024459 seconds
Number of updated asset objects reloaded before import = 0
Number of asset objects unloaded after import = 36
========================================================================
Received Import Request.
  Time since last request: 0.000038 seconds.
  path: Assets/Toby Fredson/The Toby Foliage Engine/(TTFE)_Demo/Textures/Textures_Cubemaps/TTFECubemap -Sky A.exr
  artifactKey: Guid(a553e327977b87d4f9c8eb16606b72b8) Importer(2089858483,0ecaa5967403d082aa24f35e1b516d23)
Start importing Assets/Toby Fredson/The Toby Foliage Engine/(TTFE)_Demo/Textures/Textures_Cubemaps/TTFECubemap -Sky A.exr using Guid(a553e327977b87d4f9c8eb16606b72b8) Importer(2089858483,0ecaa5967403d082aa24f35e1b516d23) [PhysX] Initialized MultithreadedTaskDispatcher with 16 workers.
 -> (artifact id: '0fbd6e5b5889d0d48baeb3537ab329c6') in 0.037554 seconds
Number of updated asset objects reloaded before import = 0
Number of asset objects unloaded after import = 1
========================================================================
Received Import Request.
  Time since last request: 0.000036 seconds.
  path: Assets/Toby Fredson/The Toby Foliage Engine/(TTFE)_Demo/Meshes/Meshes_Vegetation/MV_Grass Instancing/Grass_Instanced_B.fbx
  artifactKey: Guid(c7ccc1eca5e52bf419aeec32ef0adbba) Importer(2089858483,0ecaa5967403d082aa24f35e1b516d23)
Start importing Assets/Toby Fredson/The Toby Foliage Engine/(TTFE)_Demo/Meshes/Meshes_Vegetation/MV_Grass Instancing/Grass_Instanced_B.fbx using Guid(c7ccc1eca5e52bf419aeec32ef0adbba) Importer(2089858483,0ecaa5967403d082aa24f35e1b516d23) [PhysX] Initialized MultithreadedTaskDispatcher with 16 workers.
 -> (artifact id: '85329d0a2ca6edfb2d50adf8168c20db') in 0.036689 seconds
Number of updated asset objects reloaded before import = 0
Number of asset objects unloaded after import = 20
========================================================================
Received Import Request.
  Time since last request: 0.000027 seconds.
  path: Assets/Toby Fredson
  artifactKey: Guid(f4f05adb55fd18849a2a129c8ae85b78) Importer(2089858483,0ecaa5967403d082aa24f35e1b516d23)
Start importing Assets/Toby Fredson using Guid(f4f05adb55fd18849a2a129c8ae85b78) Importer(2089858483,0ecaa5967403d082aa24f35e1b516d23) [PhysX] Initialized MultithreadedTaskDispatcher with 16 workers.
 -> (artifact id: '748a1d1a1c83e99a5db74ce504596d17') in 0.019664 seconds
Number of updated asset objects reloaded before import = 0
Number of asset objects unloaded after import = 1
========================================================================
Received Import Request.
  Time since last request: 0.000026 seconds.
  path: Assets/Toby Fredson/The Toby Foliage Engine/(TTFE)_Core/Shaders/Resources/GenericWind_Noise (Internal).tif
  artifactKey: Guid(b77f7b8226e9ef748a6e3a9c7a1b77f6) Importer(2089858483,0ecaa5967403d082aa24f35e1b516d23)
Start importing Assets/Toby Fredson/The Toby Foliage Engine/(TTFE)_Core/Shaders/Resources/GenericWind_Noise (Internal).tif using Guid(b77f7b8226e9ef748a6e3a9c7a1b77f6) Importer(2089858483,0ecaa5967403d082aa24f35e1b516d23) [PhysX] Initialized MultithreadedTaskDispatcher with 16 workers.
 -> (artifact id: '20fa0d759ddff61cd8f42427071ba387') in 0.041105 seconds
Number of updated asset objects reloaded before import = 0
Number of asset objects unloaded after import = 1
========================================================================
Received Import Request.
  Time since last request: 0.000035 seconds.
  path: Assets/Toby Fredson/The Toby Foliage Engine/(TTFE)_Demo/Prefabs/Prefabs_Static/CliffRockTTFEL_B.prefab
  artifactKey: Guid(17ddcabb0b2efdc4ca675d6c599ff972) Importer(2089858483,0ecaa5967403d082aa24f35e1b516d23)
Start importing Assets/Toby Fredson/The Toby Foliage Engine/(TTFE)_Demo/Prefabs/Prefabs_Static/CliffRockTTFEL_B.prefab using Guid(17ddcabb0b2efdc4ca675d6c599ff972) Importer(2089858483,0ecaa5967403d082aa24f35e1b516d23) [PhysX] Initialized MultithreadedTaskDispatcher with 16 workers.
 -> (artifact id: '17b0c4933e4db5270e551400b25f5523') in 0.024744 seconds
Number of updated asset objects reloaded before import = 0
Number of asset objects unloaded after import = 36
========================================================================
Received Import Request.
  Time since last request: 0.000051 seconds.
  path: Assets/Toby Fredson/The Toby Foliage Engine/(TTFE)_Demo/Textures/Textures_Vegetation/GrassGCATA_Specular.png
  artifactKey: Guid(900a9db77abd75a4c91e7b489472f25c) Importer(2089858483,0ecaa5967403d082aa24f35e1b516d23)
Start importing Assets/Toby Fredson/The Toby Foliage Engine/(TTFE)_Demo/Textures/Textures_Vegetation/GrassGCATA_Specular.png using Guid(900a9db77abd75a4c91e7b489472f25c) Importer(2089858483,0ecaa5967403d082aa24f35e1b516d23) [PhysX] Initialized MultithreadedTaskDispatcher with 16 workers.
 -> (artifact id: 'e9ecf9058992c291bc11d6e26a4b371c') in 0.035567 seconds
Number of updated asset objects reloaded before import = 0
Number of asset objects unloaded after import = 1
========================================================================
Received Import Request.
  Time since last request: 0.000027 seconds.
  path: Assets/Toby Fredson/The Toby Foliage Engine/(TTFE)_Demo/Materials/Materials_Vegetation/MV_Tress/Shrub_Bark.mat
  artifactKey: Guid(0c7635408f4c1244e88fa5bd2f861e4a) Importer(2089858483,0ecaa5967403d082aa24f35e1b516d23)
Start importing Assets/Toby Fredson/The Toby Foliage Engine/(TTFE)_Demo/Materials/Materials_Vegetation/MV_Tress/Shrub_Bark.mat using Guid(0c7635408f4c1244e88fa5bd2f861e4a) Importer(2089858483,0ecaa5967403d082aa24f35e1b516d23) [PhysX] Initialized MultithreadedTaskDispatcher with 16 workers.
 -> (artifact id: '5be134e8bdd3dcf16302b4ae614e5008') in 0.083510 seconds
Number of updated asset objects reloaded before import = 0
Number of asset objects unloaded after import = 4
========================================================================
Received Import Request.
  Time since last request: 0.000039 seconds.
  path: Assets/Toby Fredson/The Toby Foliage Engine/(TTFE)_Core/Shaders/Default/(TTFE) Terrain/(TTFE) Terrain Snow BasePass.shader
  artifactKey: Guid(5dd8462d43339964481ee26e1fd84a44) Importer(2089858483,0ecaa5967403d082aa24f35e1b516d23)
Start importing Assets/Toby Fredson/The Toby Foliage Engine/(TTFE)_Core/Shaders/Default/(TTFE) Terrain/(TTFE) Terrain Snow BasePass.shader using Guid(5dd8462d43339964481ee26e1fd84a44) Importer(2089858483,0ecaa5967403d082aa24f35e1b516d23) [PhysX] Initialized MultithreadedTaskDispatcher with 16 workers.
 -> (artifact id: '11e3482fee5519d7d289c3373ed6c28b') in 0.022455 seconds
Number of updated asset objects reloaded before import = 0
Number of asset objects unloaded after import = 1
========================================================================
Received Import Request.
  Time since last request: 0.000034 seconds.
  path: Assets/Toby Fredson/The Toby Foliage Engine/(TTFE)_Demo/Prefabs/Prefabs_Vegetation/Vegetation_Plants/VP_Grass/GrassShort_C.prefab
  artifactKey: Guid(88120682e7d6d8b44981b69d0e0dace6) Importer(2089858483,0ecaa5967403d082aa24f35e1b516d23)
Start importing Assets/Toby Fredson/The Toby Foliage Engine/(TTFE)_Demo/Prefabs/Prefabs_Vegetation/Vegetation_Plants/VP_Grass/GrassShort_C.prefab using Guid(88120682e7d6d8b44981b69d0e0dace6) Importer(2089858483,0ecaa5967403d082aa24f35e1b516d23) [PhysX] Initialized MultithreadedTaskDispatcher with 16 workers.
 -> (artifact id: '036efd9e6fc7ea45485656203d054ccf') in 0.024309 seconds
Number of updated asset objects reloaded before import = 0
Number of asset objects unloaded after import = 19
========================================================================
Received Import Request.
  Time since last request: 0.000032 seconds.
  path: Assets/Toby Fredson/The Toby Foliage Engine/(TTFE)_Demo/Textures/Textures_Vegetation/ShrubsGenericGCATA_Specular.png
  artifactKey: Guid(14594c45e66dd454499fa862762bcc9d) Importer(2089858483,0ecaa5967403d082aa24f35e1b516d23)
Start importing Assets/Toby Fredson/The Toby Foliage Engine/(TTFE)_Demo/Textures/Textures_Vegetation/ShrubsGenericGCATA_Specular.png using Guid(14594c45e66dd454499fa862762bcc9d) Importer(2089858483,0ecaa5967403d082aa24f35e1b516d23) [PhysX] Initialized MultithreadedTaskDispatcher with 16 workers.
 -> (artifact id: '13ce1d054a6e48b8c19dfe836f34fde1') in 0.043019 seconds
Number of updated asset objects reloaded before import = 0
Number of asset objects unloaded after import = 1
========================================================================
Received Import Request.
  Time since last request: 0.000025 seconds.
  path: Assets/Toby Fredson/The Toby Foliage Engine/(TTFE)_Demo/Textures/Textures_Vegetation/ShrubsGenericGCATA_SATG.png
  artifactKey: Guid(69334f54a560eb9418c93bd852bd9ad0) Importer(2089858483,0ecaa5967403d082aa24f35e1b516d23)
Start importing Assets/Toby Fredson/The Toby Foliage Engine/(TTFE)_Demo/Textures/Textures_Vegetation/ShrubsGenericGCATA_SATG.png using Guid(69334f54a560eb9418c93bd852bd9ad0) Importer(2089858483,0ecaa5967403d082aa24f35e1b516d23) [PhysX] Initialized MultithreadedTaskDispatcher with 16 workers.
 -> (artifact id: '728bd0578ee8d215b90e8153723f6604') in 0.069701 seconds
Number of updated asset objects reloaded before import = 0
Number of asset objects unloaded after import = 1
========================================================================
Received Import Request.
  Time since last request: 0.000031 seconds.
  path: Assets/Toby Fredson/The Toby Foliage Engine/(TTFE)_Demo/Meshes/Meshes_Vegetation/MV_Ground Plants/GrassShort_C.fbx
  artifactKey: Guid(54a6bbe9dabe3db408f007549e11df07) Importer(2089858483,0ecaa5967403d082aa24f35e1b516d23)
Start importing Assets/Toby Fredson/The Toby Foliage Engine/(TTFE)_Demo/Meshes/Meshes_Vegetation/MV_Ground Plants/GrassShort_C.fbx using Guid(54a6bbe9dabe3db408f007549e11df07) Importer(2089858483,0ecaa5967403d082aa24f35e1b516d23) [PhysX] Initialized MultithreadedTaskDispatcher with 16 workers.
 -> (artifact id: '123edeb6876094e80749a1bf061876af') in 0.036445 seconds
Number of updated asset objects reloaded before import = 0
Number of asset objects unloaded after import = 16
========================================================================
Received Import Request.
  Time since last request: 0.000044 seconds.
  path: Assets/Toby Fredson/The Toby Foliage Engine/(TTFE)_Demo/Materials/Materials_Helpers/Helper.mat
  artifactKey: Guid(7dd76ac03e815b44ba255d2eee2305c8) Importer(2089858483,0ecaa5967403d082aa24f35e1b516d23)
Start importing Assets/Toby Fredson/The Toby Foliage Engine/(TTFE)_Demo/Materials/Materials_Helpers/Helper.mat using Guid(7dd76ac03e815b44ba255d2eee2305c8) Importer(2089858483,0ecaa5967403d082aa24f35e1b516d23) [PhysX] Initialized MultithreadedTaskDispatcher with 16 workers.
 -> (artifact id: '9d1b9e6dc6cbd6b4691a01ca1e9d83ae') in 0.023714 seconds
Number of updated asset objects reloaded before import = 0
Number of asset objects unloaded after import = 1
========================================================================
Received Import Request.
  Time since last request: 0.000029 seconds.
  path: Assets/Toby Fredson/The Toby Foliage Engine/(TTFE)_Demo/Prefabs/Prefabs_Vegetation/Vegetation_Plants/VP_Grass/GrassMedium_B.prefab
  artifactKey: Guid(12eeec3ea7252eb4a8e129da178793c7) Importer(2089858483,0ecaa5967403d082aa24f35e1b516d23)
Start importing Assets/Toby Fredson/The Toby Foliage Engine/(TTFE)_Demo/Prefabs/Prefabs_Vegetation/Vegetation_Plants/VP_Grass/GrassMedium_B.prefab using Guid(12eeec3ea7252eb4a8e129da178793c7) Importer(2089858483,0ecaa5967403d082aa24f35e1b516d23) [PhysX] Initialized MultithreadedTaskDispatcher with 16 workers.
 -> (artifact id: '18a7d37652145e0ea5793d41562547e2') in 0.025617 seconds
Number of updated asset objects reloaded before import = 0
Number of asset objects unloaded after import = 40
========================================================================
Received Import Request.
  Time since last request: 0.000027 seconds.
  path: Assets/Toby Fredson/The Toby Foliage Engine/2. ChangeLog.txt
  artifactKey: Guid(1bd905052d61c934ab52eea84b9c1620) Importer(2089858483,0ecaa5967403d082aa24f35e1b516d23)
Start importing Assets/Toby Fredson/The Toby Foliage Engine/2. ChangeLog.txt using Guid(1bd905052d61c934ab52eea84b9c1620) Importer(2089858483,0ecaa5967403d082aa24f35e1b516d23) [PhysX] Initialized MultithreadedTaskDispatcher with 16 workers.
 -> (artifact id: 'da03dfb501f1a9222da15efa67f03c5b') in 0.023383 seconds
Number of updated asset objects reloaded before import = 0
Number of asset objects unloaded after import = 1
========================================================================
Received Import Request.
  Time since last request: 0.000033 seconds.
  path: Assets/Toby Fredson/The Toby Foliage Engine/3. (SRP) Install Instructions.txt
  artifactKey: Guid(dc2ac1c423be1c8438e31d8260970f61) Importer(2089858483,0ecaa5967403d082aa24f35e1b516d23)
Start importing Assets/Toby Fredson/The Toby Foliage Engine/3. (SRP) Install Instructions.txt using Guid(dc2ac1c423be1c8438e31d8260970f61) Importer(2089858483,0ecaa5967403d082aa24f35e1b516d23) [PhysX] Initialized MultithreadedTaskDispatcher with 16 workers.
 -> (artifact id: 'bd332b0c2fa9e1aefe91b4af45b5e395') in 0.020311 seconds
Number of updated asset objects reloaded before import = 0
Number of asset objects unloaded after import = 1
========================================================================
Received Import Request.
  Time since last request: 0.000041 seconds.
  path: Assets/Toby Fredson/The Toby Foliage Engine/(TTFE)_Demo/Prefabs/Prefabs_Vegetation/Vegetation_Trees/VTSpecies_Shrub/ShrubBush_B.prefab
  artifactKey: Guid(9266726cf3d3d6f4b8be186469ef13bc) Importer(2089858483,0ecaa5967403d082aa24f35e1b516d23)
Start importing Assets/Toby Fredson/The Toby Foliage Engine/(TTFE)_Demo/Prefabs/Prefabs_Vegetation/Vegetation_Trees/VTSpecies_Shrub/ShrubBush_B.prefab using Guid(9266726cf3d3d6f4b8be186469ef13bc) Importer(2089858483,0ecaa5967403d082aa24f35e1b516d23) [PhysX] Initialized MultithreadedTaskDispatcher with 16 workers.
 -> (artifact id: '18c25f7046bae7aec5dfc6af0a7d0f36') in 0.027515 seconds
Number of updated asset objects reloaded before import = 0
Number of asset objects unloaded after import = 41
========================================================================
Received Import Request.
  Time since last request: 0.000021 seconds.
  path: Assets/Toby Fredson/The Toby Foliage Engine/(TTFE)_Demo/Prefabs/Prefabs_Vegetation/Vegetation_Plants/VP_GrassSingle/Grass_Single_X.prefab
  artifactKey: Guid(13eb6174adb31a340873cf6eea21782d) Importer(2089858483,0ecaa5967403d082aa24f35e1b516d23)
Start importing Assets/Toby Fredson/The Toby Foliage Engine/(TTFE)_Demo/Prefabs/Prefabs_Vegetation/Vegetation_Plants/VP_GrassSingle/Grass_Single_X.prefab using Guid(13eb6174adb31a340873cf6eea21782d) Importer(2089858483,0ecaa5967403d082aa24f35e1b516d23) [PhysX] Initialized MultithreadedTaskDispatcher with 16 workers.
 -> (artifact id: '8f590742adc9b9faae4ffe584548f604') in 0.024346 seconds
Number of updated asset objects reloaded before import = 0
Number of asset objects unloaded after import = 14
========================================================================
Received Import Request.
  Time since last request: 0.000035 seconds.
  path: Assets/Toby Fredson/The Toby Foliage Engine/(TTFE)_Demo/Textures/Textures_Vegetation/GrassGCATA_Normal.png
  artifactKey: Guid(6aaac2c396376144b9eaca12299cab0c) Importer(2089858483,0ecaa5967403d082aa24f35e1b516d23)
Start importing Assets/Toby Fredson/The Toby Foliage Engine/(TTFE)_Demo/Textures/Textures_Vegetation/GrassGCATA_Normal.png using Guid(6aaac2c396376144b9eaca12299cab0c) Importer(2089858483,0ecaa5967403d082aa24f35e1b516d23) [PhysX] Initialized MultithreadedTaskDispatcher with 16 workers.
 -> (artifact id: '5130a0530af2f24dffad8abb1d6b5a23') in 0.077767 seconds
Number of updated asset objects reloaded before import = 0
Number of asset objects unloaded after import = 1
========================================================================
Received Import Request.
  Time since last request: 0.000026 seconds.
  path: Assets/Toby Fredson/The Toby Foliage Engine/(TTFE)_Demo/Meshes/Meshes_Vegetation/MV_Trees and Bushes/ShrubTree_C.fbx
  artifactKey: Guid(d592e17e45bd94f4a8ea8002f64f087c) Importer(2089858483,0ecaa5967403d082aa24f35e1b516d23)
Start importing Assets/Toby Fredson/The Toby Foliage Engine/(TTFE)_Demo/Meshes/Meshes_Vegetation/MV_Trees and Bushes/ShrubTree_C.fbx using Guid(d592e17e45bd94f4a8ea8002f64f087c) Importer(2089858483,0ecaa5967403d082aa24f35e1b516d23) [PhysX] Initialized MultithreadedTaskDispatcher with 16 workers.
 -> (artifact id: '173ceffcc3caac1dbce09888a3e28bd0') in 0.062355 seconds
Number of updated asset objects reloaded before import = 0
Number of asset objects unloaded after import = 50
========================================================================
Received Import Request.
  Time since last request: 0.000035 seconds.
  path: Assets/Toby Fredson/The Toby Foliage Engine/(TTFE)_Demo/Textures/Textures_Cubemaps/TTFECubemap -Sky B.exr
  artifactKey: Guid(9f777496bd2db164d8a78aa9573a8e75) Importer(2089858483,0ecaa5967403d082aa24f35e1b516d23)
Start importing Assets/Toby Fredson/The Toby Foliage Engine/(TTFE)_Demo/Textures/Textures_Cubemaps/TTFECubemap -Sky B.exr using Guid(9f777496bd2db164d8a78aa9573a8e75) Importer(2089858483,0ecaa5967403d082aa24f35e1b516d23) [PhysX] Initialized MultithreadedTaskDispatcher with 16 workers.
 -> (artifact id: 'e20678bab4883e53b18a86d7c96e369e') in 0.059325 seconds
Number of updated asset objects reloaded before import = 0
Number of asset objects unloaded after import = 1
========================================================================
Received Import Request.
  Time since last request: 0.000023 seconds.
  path: Assets/Toby Fredson/The Toby Foliage Engine/(TTFE)_Demo/Prefabs/Prefabs_Vegetation - (SL)/Vegetation_Plants - (SL)/VP_GrassSingle Fall/Grass_Single_B_Fall.prefab
  artifactKey: Guid(f9996b4795009b44a924293dcabdab30) Importer(2089858483,0ecaa5967403d082aa24f35e1b516d23)
Start importing Assets/Toby Fredson/The Toby Foliage Engine/(TTFE)_Demo/Prefabs/Prefabs_Vegetation - (SL)/Vegetation_Plants - (SL)/VP_GrassSingle Fall/Grass_Single_B_Fall.prefab using Guid(f9996b4795009b44a924293dcabdab30) Importer(2089858483,0ecaa5967403d082aa24f35e1b516d23) [PhysX] Initialized MultithreadedTaskDispatcher with 16 workers.
 -> (artifact id: '917e19e52c338399cdbc930a9e410df1') in 0.036887 seconds
Number of updated asset objects reloaded before import = 0
Number of asset objects unloaded after import = 24
========================================================================
Received Import Request.
  Time since last request: 0.000032 seconds.
  path: Assets/Toby Fredson/The Toby Foliage Engine/(TTFE)_Core/Shaders/Default/(TTFE) Roots.shader
  artifactKey: Guid(aef74c22df0d58e4692680a6d23b069c) Importer(2089858483,0ecaa5967403d082aa24f35e1b516d23)
Start importing Assets/Toby Fredson/The Toby Foliage Engine/(TTFE)_Core/Shaders/Default/(TTFE) Roots.shader using Guid(aef74c22df0d58e4692680a6d23b069c) Importer(2089858483,0ecaa5967403d082aa24f35e1b516d23) [PhysX] Initialized MultithreadedTaskDispatcher with 16 workers.
 -> (artifact id: '4d58e1890f57076ed770bdfac18b6c3c') in 0.020812 seconds
Number of updated asset objects reloaded before import = 0
Number of asset objects unloaded after import = 1
========================================================================
Received Import Request.
  Time since last request: 0.000041 seconds.
  path: Assets/Toby Fredson/The Toby Foliage Engine/(TTFE)_Core/Resources/(TTFE) GLOBAL CONTROLLER/Scripts/TobyGlobalShadersController.cs
  artifactKey: Guid(fabbc70d7d3d49647939a6cedc42e78c) Importer(2089858483,0ecaa5967403d082aa24f35e1b516d23)
Start importing Assets/Toby Fredson/The Toby Foliage Engine/(TTFE)_Core/Resources/(TTFE) GLOBAL CONTROLLER/Scripts/TobyGlobalShadersController.cs using Guid(fabbc70d7d3d49647939a6cedc42e78c) Importer(2089858483,0ecaa5967403d082aa24f35e1b516d23) [PhysX] Initialized MultithreadedTaskDispatcher with 16 workers.
 -> (artifact id: 'd24ec0032bdd710f440e2a7dd4282a6b') in 0.020957 seconds
Number of updated asset objects reloaded before import = 0
Number of asset objects unloaded after import = 1
========================================================================
Received Import Request.
  Time since last request: 0.000025 seconds.
  path: Assets/Toby Fredson/The Toby Foliage Engine/(TTFE)_Demo/Materials/Materials_Billboards/ShrubPlantsBillboard Fall.mat
  artifactKey: Guid(08ecf1bd578b688469481722a5bf7a00) Importer(2089858483,0ecaa5967403d082aa24f35e1b516d23)
Start importing Assets/Toby Fredson/The Toby Foliage Engine/(TTFE)_Demo/Materials/Materials_Billboards/ShrubPlantsBillboard Fall.mat using Guid(08ecf1bd578b688469481722a5bf7a00) Importer(2089858483,0ecaa5967403d082aa24f35e1b516d23) [PhysX] Initialized MultithreadedTaskDispatcher with 16 workers.
 -> (artifact id: 'cf8e393e8fe53aad04543f459fe47263') in 0.075372 seconds
Number of updated asset objects reloaded before import = 0
Number of asset objects unloaded after import = 5
========================================================================
Received Import Request.
  Time since last request: 0.000036 seconds.
  path: Assets/Toby Fredson/The Toby Foliage Engine/(TTFE)_Demo/Meshes/Meshes_Vegetation/MV_Static/RocksTTFEL_C.fbx
  artifactKey: Guid(f096e133f2715d84da034de48fe2c550) Importer(2089858483,0ecaa5967403d082aa24f35e1b516d23)
Start importing Assets/Toby Fredson/The Toby Foliage Engine/(TTFE)_Demo/Meshes/Meshes_Vegetation/MV_Static/RocksTTFEL_C.fbx using Guid(f096e133f2715d84da034de48fe2c550) Importer(2089858483,0ecaa5967403d082aa24f35e1b516d23) [PhysX] Initialized MultithreadedTaskDispatcher with 16 workers.
 -> (artifact id: '3126e7c9e0cfc16c78deed18837cfe9d') in 0.041589 seconds
Number of updated asset objects reloaded before import = 0
Number of asset objects unloaded after import = 7
========================================================================
Received Import Request.
  Time since last request: 0.000036 seconds.
  path: Assets/Toby Fredson/The Toby Foliage Engine/(TTFE)_Core/Shaders/Drawer/TTFE_DrawerDivider.cs
  artifactKey: Guid(84d09fc41bfdd774a963f0ff26976c5a) Importer(2089858483,0ecaa5967403d082aa24f35e1b516d23)
Start importing Assets/Toby Fredson/The Toby Foliage Engine/(TTFE)_Core/Shaders/Drawer/TTFE_DrawerDivider.cs using Guid(84d09fc41bfdd774a963f0ff26976c5a) Importer(2089858483,0ecaa5967403d082aa24f35e1b516d23) [PhysX] Initialized MultithreadedTaskDispatcher with 16 workers.
 -> (artifact id: '10e4fd2696d33b981dd08f45a328b1bb') in 0.023304 seconds
Number of updated asset objects reloaded before import = 0
Number of asset objects unloaded after import = 1
========================================================================
Received Import Request.
  Time since last request: 0.000025 seconds.
  path: Assets/Toby Fredson/The Toby Foliage Engine/(TTFE)_Demo/Prefabs/Prefabs_Vegetation - (SL)/Vegetation_Plants - (SL)/VP_Grass Fall
  artifactKey: Guid(b6987c54946979149b25a750c7eafdad) Importer(2089858483,0ecaa5967403d082aa24f35e1b516d23)
Start importing Assets/Toby Fredson/The Toby Foliage Engine/(TTFE)_Demo/Prefabs/Prefabs_Vegetation - (SL)/Vegetation_Plants - (SL)/VP_Grass Fall using Guid(b6987c54946979149b25a750c7eafdad) Importer(2089858483,0ecaa5967403d082aa24f35e1b516d23) [PhysX] Initialized MultithreadedTaskDispatcher with 16 workers.
 -> (artifact id: '64497c0ec3e60ecf0c0d0d763ec601b0') in 0.016420 seconds
Number of updated asset objects reloaded before import = 0
Number of asset objects unloaded after import = 1
========================================================================
Received Import Request.
  Time since last request: 0.000028 seconds.
  path: Assets/Toby Fredson/The Toby Foliage Engine/(TTFE)_Demo/Prefabs/Prefabs_Helpers/Humann Scale.prefab
  artifactKey: Guid(fb7ca97db13172646aadd004dfe7b3e3) Importer(2089858483,0ecaa5967403d082aa24f35e1b516d23)
Start importing Assets/Toby Fredson/The Toby Foliage Engine/(TTFE)_Demo/Prefabs/Prefabs_Helpers/Humann Scale.prefab using Guid(fb7ca97db13172646aadd004dfe7b3e3) Importer(2089858483,0ecaa5967403d082aa24f35e1b516d23) [PhysX] Initialized MultithreadedTaskDispatcher with 16 workers.
 -> (artifact id: '9c1e6b6e6c8553aa9c775cccd7f49272') in 0.030811 seconds
Number of updated asset objects reloaded before import = 0
Number of asset objects unloaded after import = 8
========================================================================
Received Import Request.
  Time since last request: 0.000042 seconds.
  path: Assets/Toby Fredson/The Toby Foliage Engine/(TTFE)_Demo/Meshes/Meshes_Vegetation
  artifactKey: Guid(e55faf78bdcae404196d85771f6bf279) Importer(2089858483,0ecaa5967403d082aa24f35e1b516d23)
Start importing Assets/Toby Fredson/The Toby Foliage Engine/(TTFE)_Demo/Meshes/Meshes_Vegetation using Guid(e55faf78bdcae404196d85771f6bf279) Importer(2089858483,0ecaa5967403d082aa24f35e1b516d23) [PhysX] Initialized MultithreadedTaskDispatcher with 16 workers.
 -> (artifact id: '38049db5385d1b7bd1c6000a15ea20eb') in 0.021875 seconds
Number of updated asset objects reloaded before import = 0
Number of asset objects unloaded after import = 1
========================================================================
Received Import Request.
  Time since last request: 0.000037 seconds.
  path: Assets/Toby Fredson/The Toby Foliage Engine/(TTFE)_Demo/Scenes/TTFE-LightScene_Demo.unity
  artifactKey: Guid(a5aee332ca1995d4ab07ec6cb2bbdab3) Importer(2089858483,0ecaa5967403d082aa24f35e1b516d23)
Start importing Assets/Toby Fredson/The Toby Foliage Engine/(TTFE)_Demo/Scenes/TTFE-LightScene_Demo.unity using Guid(a5aee332ca1995d4ab07ec6cb2bbdab3) Importer(2089858483,0ecaa5967403d082aa24f35e1b516d23) [PhysX] Initialized MultithreadedTaskDispatcher with 16 workers.
 -> (artifact id: 'a233ea589444fac70fd45622c2c0b33c') in 0.022529 seconds
Number of updated asset objects reloaded before import = 0
Number of asset objects unloaded after import = 1
========================================================================
Received Import Request.
  Time since last request: 0.000032 seconds.
  path: Assets/Toby Fredson/The Toby Foliage Engine/(TTFE)_Demo/Textures/Textures_Tiles Nature/DirtRickGCATA_Albedo.png
  artifactKey: Guid(6ba55b81046d81a49af72900a6ec84f2) Importer(2089858483,0ecaa5967403d082aa24f35e1b516d23)
Start importing Assets/Toby Fredson/The Toby Foliage Engine/(TTFE)_Demo/Textures/Textures_Tiles Nature/DirtRickGCATA_Albedo.png using Guid(6ba55b81046d81a49af72900a6ec84f2) Importer(2089858483,0ecaa5967403d082aa24f35e1b516d23) [PhysX] Initialized MultithreadedTaskDispatcher with 16 workers.
 -> (artifact id: 'cf9a7da50b22e15e4692d48e1a1b7ef2') in 0.033868 seconds
Number of updated asset objects reloaded before import = 0
Number of asset objects unloaded after import = 1
========================================================================
Received Import Request.
  Time since last request: 0.000024 seconds.
  path: Assets/Toby Fredson/The Toby Foliage Engine/The Toby Foliage Engine - Light.pdf
  artifactKey: Guid(3e339f86cddddf14a9bab4cccf5cedc2) Importer(2089858483,0ecaa5967403d082aa24f35e1b516d23)
Start importing Assets/Toby Fredson/The Toby Foliage Engine/The Toby Foliage Engine - Light.pdf using Guid(3e339f86cddddf14a9bab4cccf5cedc2) Importer(2089858483,0ecaa5967403d082aa24f35e1b516d23) [PhysX] Initialized MultithreadedTaskDispatcher with 16 workers.
 -> (artifact id: 'eaf2707dd58ed84055e3f456ac5f301f') in 0.018531 seconds
Number of updated asset objects reloaded before import = 0
Number of asset objects unloaded after import = 1
========================================================================
Received Import Request.
  Time since last request: 0.000026 seconds.
  path: Assets/Realistic Tree/Source/Models/Spruce/Spruce_Group_2.fbx
  artifactKey: Guid(d09ff55a7e074ce46912818a6561da61) Importer(2089858483,0ecaa5967403d082aa24f35e1b516d23)
Start importing Assets/Realistic Tree/Source/Models/Spruce/Spruce_Group_2.fbx using Guid(d09ff55a7e074ce46912818a6561da61) Importer(2089858483,0ecaa5967403d082aa24f35e1b516d23) [PhysX] Initialized MultithreadedTaskDispatcher with 16 workers.
 -> (artifact id: 'd1770899e0aa44ef586c8ab24f3b787c') in 0.039727 seconds
Number of updated asset objects reloaded before import = 0
Number of asset objects unloaded after import = 65
========================================================================
Received Import Request.
  Time since last request: 0.000048 seconds.
  path: Assets/Toby Fredson/The Toby Foliage Engine/(TTFE)_Demo/Textures/Textures_Tiles Nature/BaseRockGCATA_B_Height.png
  artifactKey: Guid(ae7ff056ab5d66e4aab165616c75f385) Importer(2089858483,0ecaa5967403d082aa24f35e1b516d23)
Start importing Assets/Toby Fredson/The Toby Foliage Engine/(TTFE)_Demo/Textures/Textures_Tiles Nature/BaseRockGCATA_B_Height.png using Guid(ae7ff056ab5d66e4aab165616c75f385) Importer(2089858483,0ecaa5967403d082aa24f35e1b516d23) [PhysX] Initialized MultithreadedTaskDispatcher with 16 workers.
 -> (artifact id: 'abc7128bf0b90e7ade21255315357d4b') in 0.036516 seconds
Number of updated asset objects reloaded before import = 0
Number of asset objects unloaded after import = 1
========================================================================
Received Import Request.
  Time since last request: 0.000025 seconds.
  path: Assets/Toby Fredson/The Toby Foliage Engine/(TTFE)_Demo/Materials/Materials_TTFE (Defaults)
  artifactKey: Guid(dfb3bfbefc1715346a453f2469b6bda5) Importer(2089858483,0ecaa5967403d082aa24f35e1b516d23)
Start importing Assets/Toby Fredson/The Toby Foliage Engine/(TTFE)_Demo/Materials/Materials_TTFE (Defaults) using Guid(dfb3bfbefc1715346a453f2469b6bda5) Importer(2089858483,0ecaa5967403d082aa24f35e1b516d23) [PhysX] Initialized MultithreadedTaskDispatcher with 16 workers.
 -> (artifact id: 'efbda717d9da6bcac3742f21d9439e76') in 0.022521 seconds
Number of updated asset objects reloaded before import = 0
Number of asset objects unloaded after import = 1
========================================================================
Received Import Request.
  Time since last request: 0.000024 seconds.
  path: Assets/Realistic Tree/Source/Materials
  artifactKey: Guid(78065bda31796d54a9d164c8375fb4fa) Importer(2089858483,0ecaa5967403d082aa24f35e1b516d23)
Start importing Assets/Realistic Tree/Source/Materials using Guid(78065bda31796d54a9d164c8375fb4fa) Importer(2089858483,0ecaa5967403d082aa24f35e1b516d23) [PhysX] Initialized MultithreadedTaskDispatcher with 16 workers.
 -> (artifact id: '3898030e8d50c7c34cde1b0d1a226680') in 0.017685 seconds
Number of updated asset objects reloaded before import = 0
Number of asset objects unloaded after import = 1
========================================================================
Received Import Request.
  Time since last request: 0.000025 seconds.
  path: Assets/Realistic Tree/Source/Materials/Standard/Falling Leaves/Weeping_Single.png
  artifactKey: Guid(e0a01900351db1c488d4b166790d9a41) Importer(2089858483,0ecaa5967403d082aa24f35e1b516d23)
Start importing Assets/Realistic Tree/Source/Materials/Standard/Falling Leaves/Weeping_Single.png using Guid(e0a01900351db1c488d4b166790d9a41) Importer(2089858483,0ecaa5967403d082aa24f35e1b516d23) [PhysX] Initialized MultithreadedTaskDispatcher with 16 workers.
 -> (artifact id: '8e131e7745178fe3670b9962fbc6eb3c') in 0.028754 seconds
Number of updated asset objects reloaded before import = 0
Number of asset objects unloaded after import = 1
========================================================================
Received Import Request.
  Time since last request: 0.000038 seconds.
  path: Assets/Realistic Tree/Source/Materials/HDRP/Bark/Spruce.mat
  artifactKey: Guid(691656609bcbff0458e48eb4ad663011) Importer(2089858483,0ecaa5967403d082aa24f35e1b516d23)
Start importing Assets/Realistic Tree/Source/Materials/HDRP/Bark/Spruce.mat using Guid(691656609bcbff0458e48eb4ad663011) Importer(2089858483,0ecaa5967403d082aa24f35e1b516d23) [PhysX] Initialized MultithreadedTaskDispatcher with 16 workers.
 -> (artifact id: '6713f74499c826b42d962914ff7c0abf') in 0.047398 seconds
Number of updated asset objects reloaded before import = 0
Number of asset objects unloaded after import = 5
========================================================================
Received Import Request.
  Time since last request: 0.000024 seconds.
  path: Assets/Realistic Tree/Prefabs/URP/Weeping Willow/Weeping_Willow 6.prefab
  artifactKey: Guid(129bedf984284034585eb52bf4b24977) Importer(2089858483,0ecaa5967403d082aa24f35e1b516d23)
Start importing Assets/Realistic Tree/Prefabs/URP/Weeping Willow/Weeping_Willow 6.prefab using Guid(129bedf984284034585eb52bf4b24977) Importer(2089858483,0ecaa5967403d082aa24f35e1b516d23) [PhysX] Initialized MultithreadedTaskDispatcher with 16 workers.
 -> (artifact id: 'a4878d0c79722881cf8b6c1a31f8771a') in 0.072506 seconds
Number of updated asset objects reloaded before import = 0
Number of asset objects unloaded after import = 49
========================================================================
Received Import Request.
  Time since last request: 0.000037 seconds.
  path: Assets/Realistic Tree/Prefabs/HDRP/Birch/Birch 3.prefab
  artifactKey: Guid(c2e80e24f0d8c45408da566bd5b3b964) Importer(2089858483,0ecaa5967403d082aa24f35e1b516d23)
Start importing Assets/Realistic Tree/Prefabs/HDRP/Birch/Birch 3.prefab using Guid(c2e80e24f0d8c45408da566bd5b3b964) Importer(2089858483,0ecaa5967403d082aa24f35e1b516d23) [PhysX] Initialized MultithreadedTaskDispatcher with 16 workers.
 -> (artifact id: 'cffa9c57f2b755eeb4f49fd77c7c7d44') in 0.072792 seconds
Number of updated asset objects reloaded before import = 0
Number of asset objects unloaded after import = 69
========================================================================
Received Import Request.
  Time since last request: 0.000038 seconds.
  path: Assets/Realistic Tree/Source/Materials/URP/Leaves/Ash
  artifactKey: Guid(fb58c4c7aae08de4b968cd25ef6f7d91) Importer(2089858483,0ecaa5967403d082aa24f35e1b516d23)
Start importing Assets/Realistic Tree/Source/Materials/URP/Leaves/Ash using Guid(fb58c4c7aae08de4b968cd25ef6f7d91) Importer(2089858483,0ecaa5967403d082aa24f35e1b516d23) [PhysX] Initialized MultithreadedTaskDispatcher with 16 workers.
 -> (artifact id: 'af7407e3418a618dd23ce294bc49dc3c') in 0.017713 seconds
Number of updated asset objects reloaded before import = 0
Number of asset objects unloaded after import = 1
========================================================================
Received Import Request.
  Time since last request: 0.000023 seconds.
  path: Assets/Grass And Flowers Pack 1/Flower/Flower 14.png
  artifactKey: Guid(8ce2ad0a75811cc46b9b36bce7f0287a) Importer(2089858483,0ecaa5967403d082aa24f35e1b516d23)
Start importing Assets/Grass And Flowers Pack 1/Flower/Flower 14.png using Guid(8ce2ad0a75811cc46b9b36bce7f0287a) Importer(2089858483,0ecaa5967403d082aa24f35e1b516d23) [PhysX] Initialized MultithreadedTaskDispatcher with 16 workers.
 -> (artifact id: '8ff3f75431f14797137703b3305aa4e6') in 0.049607 seconds
Number of updated asset objects reloaded before import = 0
Number of asset objects unloaded after import = 1
========================================================================
Received Import Request.
  Time since last request: 0.000025 seconds.
  path: Assets/Realistic Tree/Source/Models/Weeping Willow/Willow_5.fbx
  artifactKey: Guid(32eee39d68050e54c8300bde24f795b0) Importer(2089858483,0ecaa5967403d082aa24f35e1b516d23)
Start importing Assets/Realistic Tree/Source/Models/Weeping Willow/Willow_5.fbx using Guid(32eee39d68050e54c8300bde24f795b0) Importer(2089858483,0ecaa5967403d082aa24f35e1b516d23) [PhysX] Initialized MultithreadedTaskDispatcher with 16 workers.
 -> (artifact id: 'cd728ca3d7813ae5ffbd5c192e591e9b') in 0.038931 seconds
Number of updated asset objects reloaded before import = 0
Number of asset objects unloaded after import = 45
========================================================================
Received Import Request.
  Time since last request: 0.000030 seconds.
  path: Assets/Grass And Flowers Pack 1/Example Scene/Skyboxes/Textures
  artifactKey: Guid(cf6a756fb4171914fb6252737daa549a) Importer(2089858483,0ecaa5967403d082aa24f35e1b516d23)
Start importing Assets/Grass And Flowers Pack 1/Example Scene/Skyboxes/Textures using Guid(cf6a756fb4171914fb6252737daa549a) Importer(2089858483,0ecaa5967403d082aa24f35e1b516d23) [PhysX] Initialized MultithreadedTaskDispatcher with 16 workers.
 -> (artifact id: 'e7cf1d88d79a04d017078826d1f08e42') in 0.021516 seconds
Number of updated asset objects reloaded before import = 0
Number of asset objects unloaded after import = 1
========================================================================
Received Import Request.
  Time since last request: 0.000038 seconds.
  path: Assets/Toby Fredson/The Toby Foliage Engine/(TTFE)_Demo/Terrains/Trerrain Layers/TTFE-LightScene_Demo_Layers/TSLightDemo Layer_3.terrainlayer
  artifactKey: Guid(5d6ff95c0a11bf344bfb016666876f82) Importer(2089858483,0ecaa5967403d082aa24f35e1b516d23)
Start importing Assets/Toby Fredson/The Toby Foliage Engine/(TTFE)_Demo/Terrains/Trerrain Layers/TTFE-LightScene_Demo_Layers/TSLightDemo Layer_3.terrainlayer using Guid(5d6ff95c0a11bf344bfb016666876f82) Importer(2089858483,0ecaa5967403d082aa24f35e1b516d23) [PhysX] Initialized MultithreadedTaskDispatcher with 16 workers.
 -> (artifact id: 'c8a27aa0ac5d48fd192050fd952d9c30') in 0.032273 seconds
Number of updated asset objects reloaded before import = 0
Number of asset objects unloaded after import = 4
========================================================================
Received Import Request.
  Time since last request: 0.000026 seconds.
  path: Assets/seaShell/textures/urpMaps/Metallic/seaShell_Metallic.tga
  artifactKey: Guid(7c4320351b91c684ba99fdef833bf418) Importer(2089858483,0ecaa5967403d082aa24f35e1b516d23)
Start importing Assets/seaShell/textures/urpMaps/Metallic/seaShell_Metallic.tga using Guid(7c4320351b91c684ba99fdef833bf418) Importer(2089858483,0ecaa5967403d082aa24f35e1b516d23) [PhysX] Initialized MultithreadedTaskDispatcher with 16 workers.
 -> (artifact id: '0cbec2429097755dcc787a0d584df203') in 0.034299 seconds
Number of updated asset objects reloaded before import = 0
Number of asset objects unloaded after import = 1
========================================================================
Received Import Request.
  Time since last request: 0.000024 seconds.
  path: Assets/Grass And Flowers Pack 1/Flower/Grass Flower 3.png
  artifactKey: Guid(8e17f59bfe0f1e1419e3bc10630bc069) Importer(2089858483,0ecaa5967403d082aa24f35e1b516d23)
Start importing Assets/Grass And Flowers Pack 1/Flower/Grass Flower 3.png using Guid(8e17f59bfe0f1e1419e3bc10630bc069) Importer(2089858483,0ecaa5967403d082aa24f35e1b516d23) [PhysX] Initialized MultithreadedTaskDispatcher with 16 workers.
 -> (artifact id: 'f59d6fe28fdbfabd865d183c902ca0f1') in 0.039894 seconds
Number of updated asset objects reloaded before import = 0
Number of asset objects unloaded after import = 1
========================================================================
Received Import Request.
  Time since last request: 0.000029 seconds.
  path: Assets/Realistic Tree/Source/Materials/URP/Leaves/Chestnut/Chestnut_1.mat
  artifactKey: Guid(5450fe6b5f5af6e4c99a365d96935ac6) Importer(2089858483,0ecaa5967403d082aa24f35e1b516d23)
Start importing Assets/Realistic Tree/Source/Materials/URP/Leaves/Chestnut/Chestnut_1.mat using Guid(5450fe6b5f5af6e4c99a365d96935ac6) Importer(2089858483,0ecaa5967403d082aa24f35e1b516d23) [PhysX] Initialized MultithreadedTaskDispatcher with 16 workers.
 -> (artifact id: '6dae9a2ba42ae9f467d6126e30778122') in 0.026658 seconds
Number of updated asset objects reloaded before import = 0
Number of asset objects unloaded after import = 3
========================================================================
Received Import Request.
  Time since last request: 0.000032 seconds.
  path: Assets/Realistic Tree/Prefabs/Standard/Ash/Ash 4.prefab
  artifactKey: Guid(02e5b605b92bdf5458f2d187bfb0f60a) Importer(2089858483,0ecaa5967403d082aa24f35e1b516d23)
Start importing Assets/Realistic Tree/Prefabs/Standard/Ash/Ash 4.prefab using Guid(02e5b605b92bdf5458f2d187bfb0f60a) Importer(2089858483,0ecaa5967403d082aa24f35e1b516d23) [PhysX] Initialized MultithreadedTaskDispatcher with 16 workers.
 -> (artifact id: '669b5223a8b0ebeee22b4efd92e58ec9') in 0.073653 seconds
Number of updated asset objects reloaded before import = 0
Number of asset objects unloaded after import = 69
========================================================================
Received Import Request.
  Time since last request: 0.000025 seconds.
  path: Assets/Realistic Tree/Source/Materials/URP/Falling Leaves/Birch_Single.png
  artifactKey: Guid(472bf9d083be9a44c9de0f8fe74b32b0) Importer(2089858483,0ecaa5967403d082aa24f35e1b516d23)
Start importing Assets/Realistic Tree/Source/Materials/URP/Falling Leaves/Birch_Single.png using Guid(472bf9d083be9a44c9de0f8fe74b32b0) Importer(2089858483,0ecaa5967403d082aa24f35e1b516d23) [PhysX] Initialized MultithreadedTaskDispatcher with 16 workers.
 -> (artifact id: '900e493e23a97e44ac234dc09dde1297') in 0.035261 seconds
Number of updated asset objects reloaded before import = 0
Number of asset objects unloaded after import = 1
========================================================================
Received Import Request.
  Time since last request: 0.000029 seconds.
  path: Assets/Realistic Tree/Prefabs/HDRP/Ash/Ash 7.prefab
  artifactKey: Guid(01914bcafa4cf2949b0740d6f03f86ff) Importer(2089858483,0ecaa5967403d082aa24f35e1b516d23)
Start importing Assets/Realistic Tree/Prefabs/HDRP/Ash/Ash 7.prefab using Guid(01914bcafa4cf2949b0740d6f03f86ff) Importer(2089858483,0ecaa5967403d082aa24f35e1b516d23) [PhysX] Initialized MultithreadedTaskDispatcher with 16 workers.
 -> (artifact id: '8cce09fa23fd0573e986c860733ec34a') in 0.079608 seconds
Number of updated asset objects reloaded before import = 0
Number of asset objects unloaded after import = 69
========================================================================
Received Import Request.
  Time since last request: 0.000061 seconds.
  path: Assets/Realistic Tree/Source
  artifactKey: Guid(6e6a72f702fb52f49bfcbcb123ea0f51) Importer(2089858483,0ecaa5967403d082aa24f35e1b516d23)
Start importing Assets/Realistic Tree/Source using Guid(6e6a72f702fb52f49bfcbcb123ea0f51) Importer(2089858483,0ecaa5967403d082aa24f35e1b516d23) [PhysX] Initialized MultithreadedTaskDispatcher with 16 workers.
 -> (artifact id: 'b1ac04007d969d3d62f5ebeaf04ccebf') in 0.018051 seconds
Number of updated asset objects reloaded before import = 0
Number of asset objects unloaded after import = 1
========================================================================
Received Import Request.
  Time since last request: 12.923997 seconds.
  path: Assets/Toby Fredson/The Toby Foliage Engine/(TTFE)_Core/Pipelines
  artifactKey: Guid(556f6c9a3a0079447a84f31e00c4c556) Importer(815301076,1909f56bfc062723c751e8b465ee728b)
Start importing Assets/Toby Fredson/The Toby Foliage Engine/(TTFE)_Core/Pipelines using Guid(556f6c9a3a0079447a84f31e00c4c556) Importer(815301076,1909f56bfc062723c751e8b465ee728b) [PhysX] Initialized MultithreadedTaskDispatcher with 16 workers.
 -> (artifact id: 'ad6f361b23bba36b299f2524427eea38') in 0.000672 seconds
Number of updated asset objects reloaded before import = 0
Number of asset objects unloaded after import = 0
========================================================================
Received Import Request.
  Time since last request: 2.027630 seconds.
  path: Assets/Toby Fredson/The Toby Foliage Engine/(TTFE)_Core/Pipelines/TTFEL - 2021.3.11f1+ (HDRP 12+).unitypackage
  artifactKey: Guid(04df6ed24a2706b41bd9752128cd6cdd) Importer(815301076,1909f56bfc062723c751e8b465ee728b)
Start importing Assets/Toby Fredson/The Toby Foliage Engine/(TTFE)_Core/Pipelines/TTFEL - 2021.3.11f1+ (HDRP 12+).unitypackage using Guid(04df6ed24a2706b41bd9752128cd6cdd) Importer(815301076,1909f56bfc062723c751e8b465ee728b) [PhysX] Initialized MultithreadedTaskDispatcher with 16 workers.
 -> (artifact id: '89d7a45ee2879cdc9b6726937cc0b280') in 0.001126 seconds
Number of updated asset objects reloaded before import = 0
Number of asset objects unloaded after import = 1
========================================================================
Received Import Request.
  Time since last request: 2.188210 seconds.
  path: Assets/Toby Fredson/The Toby Foliage Engine/(TTFE)_Core/Pipelines/TTFEL - 2021.3.11f1+ (URP 12+).unitypackage
  artifactKey: Guid(d29922692a13b4d4fa3af6dfd8a428da) Importer(815301076,1909f56bfc062723c751e8b465ee728b)
Start importing Assets/Toby Fredson/The Toby Foliage Engine/(TTFE)_Core/Pipelines/TTFEL - 2021.3.11f1+ (URP 12+).unitypackage using Guid(d29922692a13b4d4fa3af6dfd8a428da) Importer(815301076,1909f56bfc062723c751e8b465ee728b) [PhysX] Initialized MultithreadedTaskDispatcher with 16 workers.
 -> (artifact id: '1bb24e94cc8a1835f70d2b7e703cbc75') in 0.001154 seconds
Number of updated asset objects reloaded before import = 0
Number of asset objects unloaded after import = 1
========================================================================
Received Import Request.
  Time since last request: 1.062890 seconds.
  path: Assets/Toby Fredson/The Toby Foliage Engine/(TTFE)_Core/Pipelines/TTFEL - 2022.3.1f1+ (HDRP 14+).unitypackage
  artifactKey: Guid(b152953089e48984bb7cf3838bd36b07) Importer(815301076,1909f56bfc062723c751e8b465ee728b)
Start importing Assets/Toby Fredson/The Toby Foliage Engine/(TTFE)_Core/Pipelines/TTFEL - 2022.3.1f1+ (HDRP 14+).unitypackage using Guid(b152953089e48984bb7cf3838bd36b07) Importer(815301076,1909f56bfc062723c751e8b465ee728b) [PhysX] Initialized MultithreadedTaskDispatcher with 16 workers.
 -> (artifact id: 'a343456d313919b25d490a53c0b146c7') in 0.001129 seconds
Number of updated asset objects reloaded before import = 0
Number of asset objects unloaded after import = 1
========================================================================
Received Import Request.
  Time since last request: 1.746341 seconds.
  path: Assets/Toby Fredson/The Toby Foliage Engine/(TTFE)_Core/Pipelines/TTFEL - 2023.1.0f1+ (URP 15, 16, U6+).unitypackage
  artifactKey: Guid(982a80a347b767649ba480d5cf669da8) Importer(815301076,1909f56bfc062723c751e8b465ee728b)
Start importing Assets/Toby Fredson/The Toby Foliage Engine/(TTFE)_Core/Pipelines/TTFEL - 2023.1.0f1+ (URP 15, 16, U6+).unitypackage using Guid(982a80a347b767649ba480d5cf669da8) Importer(815301076,1909f56bfc062723c751e8b465ee728b) [PhysX] Initialized MultithreadedTaskDispatcher with 16 workers.
 -> (artifact id: '13a13d95f074c1f6111a6c5a237e4a93') in 0.001159 seconds
Number of updated asset objects reloaded before import = 0
Number of asset objects unloaded after import = 1
========================================================================
Received Import Request.
  Time since last request: 1.766537 seconds.
  path: Assets/Toby Fredson/The Toby Foliage Engine/(TTFE)_Core/Pipelines/TTFEL - 2022.3.1f1+ (URP 14+).unitypackage
  artifactKey: Guid(c30f9bceae55e924db5e8732fdcd936f) Importer(815301076,1909f56bfc062723c751e8b465ee728b)
Start importing Assets/Toby Fredson/The Toby Foliage Engine/(TTFE)_Core/Pipelines/TTFEL - 2022.3.1f1+ (URP 14+).unitypackage using Guid(c30f9bceae55e924db5e8732fdcd936f) Importer(815301076,1909f56bfc062723c751e8b465ee728b) [PhysX] Initialized MultithreadedTaskDispatcher with 16 workers.
 -> (artifact id: '8c5e5f22cf63c2f1d54ba27ba3f5985b') in 0.001157 seconds
Number of updated asset objects reloaded before import = 0
Number of asset objects unloaded after import = 1
========================================================================
Received Import Request.
  Time since last request: 1.437895 seconds.
  path: Assets/Toby Fredson/The Toby Foliage Engine/(TTFE)_Core/Pipelines/TTFEL - 2023.1.0f1+ HDRP 15, 16, U6+).unitypackage
  artifactKey: Guid(4a8f372611c93c641beab27bed4890de) Importer(815301076,1909f56bfc062723c751e8b465ee728b)
Start importing Assets/Toby Fredson/The Toby Foliage Engine/(TTFE)_Core/Pipelines/TTFEL - 2023.1.0f1+ HDRP 15, 16, U6+).unitypackage using Guid(4a8f372611c93c641beab27bed4890de) Importer(815301076,1909f56bfc062723c751e8b465ee728b) [PhysX] Initialized MultithreadedTaskDispatcher with 16 workers.
 -> (artifact id: '9af59acc8f4b02b6c2ece0de9e4fe784') in 0.001144 seconds
Number of updated asset objects reloaded before import = 0
Number of asset objects unloaded after import = 1
========================================================================
Received Import Request.
  Time since last request: 147.115380 seconds.
  path: Assets/Toby Fredson/The Toby Foliage Engine/(TTFE)_Demo/Materials/Materials_Vegetation/MV_Tress/Shrub_Bark.mat
  artifactKey: Guid(0c7635408f4c1244e88fa5bd2f861e4a) Importer(2089858483,0ecaa5967403d082aa24f35e1b516d23)
Start importing Assets/Toby Fredson/The Toby Foliage Engine/(TTFE)_Demo/Materials/Materials_Vegetation/MV_Tress/Shrub_Bark.mat using Guid(0c7635408f4c1244e88fa5bd2f861e4a) Importer(2089858483,0ecaa5967403d082aa24f35e1b516d23) [PhysX] Initialized MultithreadedTaskDispatcher with 16 workers.
 -> (artifact id: '5a68bb1983b6eb04557dfa0a17dd7779') in 0.128188 seconds
Number of updated asset objects reloaded before import = 8
Number of asset objects unloaded after import = 4
========================================================================
Received Import Request.
  Time since last request: 0.000059 seconds.
  path: Assets/Toby Fredson/The Toby Foliage Engine/(TTFE)_Demo/Materials/Materials_Static/CliffRockTTFEL_B.mat
  artifactKey: Guid(dccbedd85c022fb4fbf5a6f78a83af25) Importer(2089858483,0ecaa5967403d082aa24f35e1b516d23)
Start importing Assets/Toby Fredson/The Toby Foliage Engine/(TTFE)_Demo/Materials/Materials_Static/CliffRockTTFEL_B.mat using Guid(dccbedd85c022fb4fbf5a6f78a83af25) Importer(2089858483,0ecaa5967403d082aa24f35e1b516d23) [PhysX] Initialized MultithreadedTaskDispatcher with 16 workers.
 -> (artifact id: 'f4d748567854d29bd5e4a1a826ad308e') in 0.108578 seconds
Number of updated asset objects reloaded before import = 0
Number of asset objects unloaded after import = 4
========================================================================
Received Import Request.
  Time since last request: 0.000072 seconds.
  path: Assets/Toby Fredson/The Toby Foliage Engine/(TTFE)_Core/Shaders/Default/(TTFE) Mesh.shader
  artifactKey: Guid(f4785d4487b747542b5955296c3cea7e) Importer(2089858483,0ecaa5967403d082aa24f35e1b516d23)
Start importing Assets/Toby Fredson/The Toby Foliage Engine/(TTFE)_Core/Shaders/Default/(TTFE) Mesh.shader using Guid(f4785d4487b747542b5955296c3cea7e) Importer(2089858483,0ecaa5967403d082aa24f35e1b516d23) [PhysX] Initialized MultithreadedTaskDispatcher with 16 workers.
 -> (artifact id: '854a6d2c63f6251dc94443687811cbd6') in 0.034053 seconds
Number of updated asset objects reloaded before import = 0
Number of asset objects unloaded after import = 1
========================================================================
Received Import Request.
  Time since last request: 0.000029 seconds.
  path: Assets/Toby Fredson/The Toby Foliage Engine/(TTFE)_Demo/Materials/Materials_Skybox/SkyMapRHEWP_Summer B.mat
  artifactKey: Guid(f83c541bdadad16498d7e943d0a17652) Importer(2089858483,0ecaa5967403d082aa24f35e1b516d23)
Start importing Assets/Toby Fredson/The Toby Foliage Engine/(TTFE)_Demo/Materials/Materials_Skybox/SkyMapRHEWP_Summer B.mat using Guid(f83c541bdadad16498d7e943d0a17652) Importer(2089858483,0ecaa5967403d082aa24f35e1b516d23) [PhysX] Initialized MultithreadedTaskDispatcher with 16 workers.
 -> (artifact id: 'a47581e8b4107701aecd53893fc58fd9') in 0.029117 seconds
Number of updated asset objects reloaded before import = 0
Number of asset objects unloaded after import = 1
========================================================================
Received Import Request.
  Time since last request: 0.000032 seconds.
  path: Assets/Toby Fredson/The Toby Foliage Engine/(TTFE)_Demo/Materials/Materials_Particle FX/Falling Leaves B.mat
  artifactKey: Guid(8ae42246c1019e949a7a72083c481572) Importer(2089858483,0ecaa5967403d082aa24f35e1b516d23)
Start importing Assets/Toby Fredson/The Toby Foliage Engine/(TTFE)_Demo/Materials/Materials_Particle FX/Falling Leaves B.mat using Guid(8ae42246c1019e949a7a72083c481572) Importer(2089858483,0ecaa5967403d082aa24f35e1b516d23) [PhysX] Initialized MultithreadedTaskDispatcher with 16 workers.
 -> (artifact id: '5ae6c11daaf94b4614ebbde1ad930eed') in 0.036113 seconds
Number of updated asset objects reloaded before import = 0
Number of asset objects unloaded after import = 2
========================================================================
Received Import Request.
  Time since last request: 0.000025 seconds.
  path: Assets/Toby Fredson/The Toby Foliage Engine/(TTFE)_Core/Resources/(TTFE) GLOBAL CONTROLLER/TTFE_Wind Gizmo/TTFE_Utility Resources/(TTFE)GlobalGizmo_Leaves.mat
  artifactKey: Guid(0c973e18b6239184bb556c9a34bd2d4d) Importer(2089858483,0ecaa5967403d082aa24f35e1b516d23)
Start importing Assets/Toby Fredson/The Toby Foliage Engine/(TTFE)_Core/Resources/(TTFE) GLOBAL CONTROLLER/TTFE_Wind Gizmo/TTFE_Utility Resources/(TTFE)GlobalGizmo_Leaves.mat using Guid(0c973e18b6239184bb556c9a34bd2d4d) Importer(2089858483,0ecaa5967403d082aa24f35e1b516d23) [PhysX] Initialized MultithreadedTaskDispatcher with 16 workers.
 -> (artifact id: '6f80bedbc52998d5a6892a2d63c903ff') in 0.023439 seconds
Number of updated asset objects reloaded before import = 0
Number of asset objects unloaded after import = 3
========================================================================
Received Import Request.
  Time since last request: 0.000050 seconds.
  path: Assets/Toby Fredson/The Toby Foliage Engine/(TTFE)_Core/Resources/(TTFE) GLOBAL CONTROLLER/TTFE_Wind Gizmo/TTFE_Utility Resources/(TTFE)GlobalGizmo_Base.mat
  artifactKey: Guid(76bb59b850e90134baf9b5cc0131d161) Importer(2089858483,0ecaa5967403d082aa24f35e1b516d23)
Start importing Assets/Toby Fredson/The Toby Foliage Engine/(TTFE)_Core/Resources/(TTFE) GLOBAL CONTROLLER/TTFE_Wind Gizmo/TTFE_Utility Resources/(TTFE)GlobalGizmo_Base.mat using Guid(76bb59b850e90134baf9b5cc0131d161) Importer(2089858483,0ecaa5967403d082aa24f35e1b516d23) [PhysX] Initialized MultithreadedTaskDispatcher with 16 workers.
 -> (artifact id: 'c37b6f1dd2389cf6c0e302c15c22e2fa') in 0.026474 seconds
Number of updated asset objects reloaded before import = 0
Number of asset objects unloaded after import = 3
========================================================================
Received Import Request.
  Time since last request: 0.000025 seconds.
  path: Assets/Toby Fredson/The Toby Foliage Engine/(TTFE)_Core/Resources/(TTFE) GLOBAL CONTROLLER/TTFE_Wind Gizmo/TTFE_Utility Resources/(TTFE) GLOBAL CONTROLLER.shader
  artifactKey: Guid(7198a50c8eac1cc40bf6b38ff84a0a0e) Importer(2089858483,0ecaa5967403d082aa24f35e1b516d23)
Start importing Assets/Toby Fredson/The Toby Foliage Engine/(TTFE)_Core/Resources/(TTFE) GLOBAL CONTROLLER/TTFE_Wind Gizmo/TTFE_Utility Resources/(TTFE) GLOBAL CONTROLLER.shader using Guid(7198a50c8eac1cc40bf6b38ff84a0a0e) Importer(2089858483,0ecaa5967403d082aa24f35e1b516d23) [PhysX] Initialized MultithreadedTaskDispatcher with 16 workers.
 -> (artifact id: '9991a0aae899ef1d0e425f7e290c3aea') in 0.026433 seconds
Number of updated asset objects reloaded before import = 0
Number of asset objects unloaded after import = 1
========================================================================
Received Import Request.
  Time since last request: 0.000031 seconds.
  path: Assets/Toby Fredson/The Toby Foliage Engine/(TTFE)_Core/Resources/(TTFE) GLOBAL CONTROLLER/TTFE_Wind Gizmo/TTFE_Utility Resources/(TTFE)GlobalGizmo_Bark.mat
  artifactKey: Guid(659f144ae1824764a9edf91e3911022b) Importer(2089858483,0ecaa5967403d082aa24f35e1b516d23)
Start importing Assets/Toby Fredson/The Toby Foliage Engine/(TTFE)_Core/Resources/(TTFE) GLOBAL CONTROLLER/TTFE_Wind Gizmo/TTFE_Utility Resources/(TTFE)GlobalGizmo_Bark.mat using Guid(659f144ae1824764a9edf91e3911022b) Importer(2089858483,0ecaa5967403d082aa24f35e1b516d23) [PhysX] Initialized MultithreadedTaskDispatcher with 16 workers.
 -> (artifact id: '477c223c02aade74338e65a5c98de702') in 1.843141 seconds
Number of updated asset objects reloaded before import = 0
Number of asset objects unloaded after import = 4
========================================================================
Received Import Request.
  Time since last request: 0.100587 seconds.
  path: Assets/Toby Fredson/The Toby Foliage Engine/(TTFE)_Demo/Materials/Materials_Helpers/Default Ground.mat
  artifactKey: Guid(77889b74467210c42868d9b701705531) Importer(2089858483,0ecaa5967403d082aa24f35e1b516d23)
Start importing Assets/Toby Fredson/The Toby Foliage Engine/(TTFE)_Demo/Materials/Materials_Helpers/Default Ground.mat using Guid(77889b74467210c42868d9b701705531) Importer(2089858483,0ecaa5967403d082aa24f35e1b516d23) [PhysX] Initialized MultithreadedTaskDispatcher with 16 workers.
 -> (artifact id: '09281de6260a7f3384cb1c6c298e093b') in 0.080474 seconds
Number of updated asset objects reloaded before import = 0
Number of asset objects unloaded after import = 1
========================================================================
Received Import Request.
  Time since last request: 0.000037 seconds.
  path: Assets/Toby Fredson/The Toby Foliage Engine/(TTFE)_Demo/Materials/Materials_Particle FX/Polen.mat
  artifactKey: Guid(a9a9a712886580f42b303e01be382f20) Importer(2089858483,0ecaa5967403d082aa24f35e1b516d23)
Start importing Assets/Toby Fredson/The Toby Foliage Engine/(TTFE)_Demo/Materials/Materials_Particle FX/Polen.mat using Guid(a9a9a712886580f42b303e01be382f20) Importer(2089858483,0ecaa5967403d082aa24f35e1b516d23) [PhysX] Initialized MultithreadedTaskDispatcher with 16 workers.
 -> (artifact id: '71304f0f301d76a3b0916ab4f22584c4') in 0.026629 seconds
Number of updated asset objects reloaded before import = 0
Number of asset objects unloaded after import = 1
========================================================================
Received Import Request.
  Time since last request: 0.000043 seconds.
  path: Assets/Toby Fredson/The Toby Foliage Engine/(TTFE)_Demo/Materials/Materials_TTFE (Defaults)/TTFE_Leaves.mat
  artifactKey: Guid(f23230ef521a56b42b71aed1fdf13a31) Importer(2089858483,0ecaa5967403d082aa24f35e1b516d23)
Start importing Assets/Toby Fredson/The Toby Foliage Engine/(TTFE)_Demo/Materials/Materials_TTFE (Defaults)/TTFE_Leaves.mat using Guid(f23230ef521a56b42b71aed1fdf13a31) Importer(2089858483,0ecaa5967403d082aa24f35e1b516d23) [PhysX] Initialized MultithreadedTaskDispatcher with 16 workers.
 -> (artifact id: 'b5d4bcfc36c4d5a12b136db8a10680de') in 0.027248 seconds
Number of updated asset objects reloaded before import = 0
Number of asset objects unloaded after import = 2
========================================================================
Received Import Request.
  Time since last request: 0.000029 seconds.
  path: Assets/Toby Fredson/The Toby Foliage Engine/(TTFE)_Core/Shaders/Default/(TTFE) Grass Foliage.shader
  artifactKey: Guid(9836eda9c73d0e7419630eb145f848ab) Importer(2089858483,0ecaa5967403d082aa24f35e1b516d23)
Start importing Assets/Toby Fredson/The Toby Foliage Engine/(TTFE)_Core/Shaders/Default/(TTFE) Grass Foliage.shader using Guid(9836eda9c73d0e7419630eb145f848ab) Importer(2089858483,0ecaa5967403d082aa24f35e1b516d23) [PhysX] Initialized MultithreadedTaskDispatcher with 16 workers.
 -> (artifact id: '9e2a5fb5f2beda9525164f96bcf1f536') in 0.028522 seconds
Number of updated asset objects reloaded before import = 0
Number of asset objects unloaded after import = 1
========================================================================
Received Import Request.
  Time since last request: 0.000025 seconds.
  path: Assets/Toby Fredson/The Toby Foliage Engine/(TTFE)_Core/Shaders/Default/(TTFE) Terrain/(TTFE) Terrain Snow BasePass.shader
  artifactKey: Guid(5dd8462d43339964481ee26e1fd84a44) Importer(2089858483,0ecaa5967403d082aa24f35e1b516d23)
Start importing Assets/Toby Fredson/The Toby Foliage Engine/(TTFE)_Core/Shaders/Default/(TTFE) Terrain/(TTFE) Terrain Snow BasePass.shader using Guid(5dd8462d43339964481ee26e1fd84a44) Importer(2089858483,0ecaa5967403d082aa24f35e1b516d23) [PhysX] Initialized MultithreadedTaskDispatcher with 16 workers.
 -> (artifact id: 'f5f705d089ec68011a32d854265b25f0') in 0.026460 seconds
Number of updated asset objects reloaded before import = 0
Number of asset objects unloaded after import = 1
========================================================================
Received Import Request.
  Time since last request: 0.000034 seconds.
  path: Assets/Toby Fredson/The Toby Foliage Engine/(TTFE)_Demo/Materials/Materials_Particle FX/Falling Leaves A.mat
  artifactKey: Guid(9b19b0ed41d44ee4fa1a476cb469a8a9) Importer(2089858483,0ecaa5967403d082aa24f35e1b516d23)
Start importing Assets/Toby Fredson/The Toby Foliage Engine/(TTFE)_Demo/Materials/Materials_Particle FX/Falling Leaves A.mat using Guid(9b19b0ed41d44ee4fa1a476cb469a8a9) Importer(2089858483,0ecaa5967403d082aa24f35e1b516d23) [PhysX] Initialized MultithreadedTaskDispatcher with 16 workers.
 -> (artifact id: '105d589db28c6bb4d1867f6b1f1d8690') in 0.026360 seconds
Number of updated asset objects reloaded before import = 0
Number of asset objects unloaded after import = 2
========================================================================
Received Import Request.
  Time since last request: 0.000041 seconds.
  path: Assets/Toby Fredson/The Toby Foliage Engine/(TTFE)_Demo/Materials/Materials_Skybox/SkyMapRHEWP_Dawn b.mat
  artifactKey: Guid(ad1e9469175f20942b98ab0304d1d0e0) Importer(2089858483,0ecaa5967403d082aa24f35e1b516d23)
Start importing Assets/Toby Fredson/The Toby Foliage Engine/(TTFE)_Demo/Materials/Materials_Skybox/SkyMapRHEWP_Dawn b.mat using Guid(ad1e9469175f20942b98ab0304d1d0e0) Importer(2089858483,0ecaa5967403d082aa24f35e1b516d23) [PhysX] Initialized MultithreadedTaskDispatcher with 16 workers.
 -> (artifact id: '2318d2a9dd69299a7404dc0c7d17c1f1') in 0.023851 seconds
Number of updated asset objects reloaded before import = 0
Number of asset objects unloaded after import = 1
========================================================================
Received Import Request.
  Time since last request: 0.000025 seconds.
  path: Assets/Toby Fredson/The Toby Foliage Engine/(TTFE)_Core/Resources/Diffusion Profiles (HDRP)/DiffusionProfile_Leaves.asset
  artifactKey: Guid(0df7a09a7fea3ae4eb77543501d5ef91) Importer(2089858483,0ecaa5967403d082aa24f35e1b516d23)
Start importing Assets/Toby Fredson/The Toby Foliage Engine/(TTFE)_Core/Resources/Diffusion Profiles (HDRP)/DiffusionProfile_Leaves.asset using Guid(0df7a09a7fea3ae4eb77543501d5ef91) Importer(2089858483,0ecaa5967403d082aa24f35e1b516d23) [PhysX] Initialized MultithreadedTaskDispatcher with 16 workers.
 -> (artifact id: '2c4a426a9f0ebeddc013b6e715225ccb') in 0.027316 seconds
Number of updated asset objects reloaded before import = 0
Number of asset objects unloaded after import = 1
========================================================================
Received Import Request.
  Time since last request: 0.000033 seconds.
  path: Assets/Toby Fredson/The Toby Foliage Engine/(TTFE)_Demo/Materials/Materials_TTFE (Defaults)/TTFE_Billboard.mat
  artifactKey: Guid(c6386c8aefe1b7048b0ea97849c94061) Importer(2089858483,0ecaa5967403d082aa24f35e1b516d23)
Start importing Assets/Toby Fredson/The Toby Foliage Engine/(TTFE)_Demo/Materials/Materials_TTFE (Defaults)/TTFE_Billboard.mat using Guid(c6386c8aefe1b7048b0ea97849c94061) Importer(2089858483,0ecaa5967403d082aa24f35e1b516d23) [PhysX] Initialized MultithreadedTaskDispatcher with 16 workers.
 -> (artifact id: '06c2be19f01d0e5385735639dfb1a38f') in 0.038067 seconds
Number of updated asset objects reloaded before import = 0
Number of asset objects unloaded after import = 1
========================================================================
Received Import Request.
  Time since last request: 0.000045 seconds.
  path: Assets/Toby Fredson/The Toby Foliage Engine/(TTFE)_Demo/Materials/Materials_Helpers/Helper.mat
  artifactKey: Guid(7dd76ac03e815b44ba255d2eee2305c8) Importer(2089858483,0ecaa5967403d082aa24f35e1b516d23)
Start importing Assets/Toby Fredson/The Toby Foliage Engine/(TTFE)_Demo/Materials/Materials_Helpers/Helper.mat using Guid(7dd76ac03e815b44ba255d2eee2305c8) Importer(2089858483,0ecaa5967403d082aa24f35e1b516d23) [PhysX] Initialized MultithreadedTaskDispatcher with 16 workers.
 -> (artifact id: 'b423a7523d534117f68e5eb302b7287f') in 0.040527 seconds
Number of updated asset objects reloaded before import = 0
Number of asset objects unloaded after import = 1
========================================================================
Received Import Request.
  Time since last request: 0.000048 seconds.
  path: Assets/Toby Fredson/The Toby Foliage Engine/(TTFE)_Demo/Materials/Materials_Helpers/RHEWP_TTFE Infoboard.mat
  artifactKey: Guid(0353ff10cbd771e4ca8ef19f537b77ed) Importer(2089858483,0ecaa5967403d082aa24f35e1b516d23)
Start importing Assets/Toby Fredson/The Toby Foliage Engine/(TTFE)_Demo/Materials/Materials_Helpers/RHEWP_TTFE Infoboard.mat using Guid(0353ff10cbd771e4ca8ef19f537b77ed) Importer(2089858483,0ecaa5967403d082aa24f35e1b516d23) [PhysX] Initialized MultithreadedTaskDispatcher with 16 workers.
 -> (artifact id: 'dd751baf35c2f93602f210bb33fe0f79') in 0.049897 seconds
Number of updated asset objects reloaded before import = 0
Number of asset objects unloaded after import = 2
========================================================================
Received Import Request.
  Time since last request: 0.000033 seconds.
  path: Assets/Toby Fredson/The Toby Foliage Engine/(TTFE)_Demo/Materials/Materials_Particle FX/GodRays_Glow.mat
  artifactKey: Guid(1c777695a130aac418f3adfe5a6df714) Importer(2089858483,0ecaa5967403d082aa24f35e1b516d23)
Start importing Assets/Toby Fredson/The Toby Foliage Engine/(TTFE)_Demo/Materials/Materials_Particle FX/GodRays_Glow.mat using Guid(1c777695a130aac418f3adfe5a6df714) Importer(2089858483,0ecaa5967403d082aa24f35e1b516d23) [PhysX] Initialized MultithreadedTaskDispatcher with 16 workers.
 -> (artifact id: '231f51e71b38d296e3fe161ec654df3d') in 0.087570 seconds
Number of updated asset objects reloaded before import = 0
Number of asset objects unloaded after import = 1
========================================================================
Received Import Request.
  Time since last request: 0.000050 seconds.
  path: Assets/Toby Fredson/The Toby Foliage Engine/(TTFE)_Demo/Materials/Materials_Helpers/Helper 1.mat
  artifactKey: Guid(7c886413730a48a47bf8bbb06ff00da0) Importer(2089858483,0ecaa5967403d082aa24f35e1b516d23)
Start importing Assets/Toby Fredson/The Toby Foliage Engine/(TTFE)_Demo/Materials/Materials_Helpers/Helper 1.mat using Guid(7c886413730a48a47bf8bbb06ff00da0) Importer(2089858483,0ecaa5967403d082aa24f35e1b516d23) [PhysX] Initialized MultithreadedTaskDispatcher with 16 workers.
 -> (artifact id: '5ed7467de2a07837eac21a411994d8a5') in 0.026597 seconds
Number of updated asset objects reloaded before import = 0
Number of asset objects unloaded after import = 1
========================================================================
Received Import Request.
  Time since last request: 0.000044 seconds.
  path: Assets/Toby Fredson/The Toby Foliage Engine/(TTFE)_Demo/Materials/Materials_Billboards/ShrubPlantsBillboard Fall.mat
  artifactKey: Guid(08ecf1bd578b688469481722a5bf7a00) Importer(2089858483,0ecaa5967403d082aa24f35e1b516d23)
Start importing Assets/Toby Fredson/The Toby Foliage Engine/(TTFE)_Demo/Materials/Materials_Billboards/ShrubPlantsBillboard Fall.mat using Guid(08ecf1bd578b688469481722a5bf7a00) Importer(2089858483,0ecaa5967403d082aa24f35e1b516d23) [PhysX] Initialized MultithreadedTaskDispatcher with 16 workers.
 -> (artifact id: '3c9a41b2770b7658e80cf995cd17c2be') in 0.080424 seconds
Number of updated asset objects reloaded before import = 0
Number of asset objects unloaded after import = 5
========================================================================
Received Import Request.
  Time since last request: 0.000036 seconds.
  path: Assets/Toby Fredson/The Toby Foliage Engine/(TTFE)_Core/Resources/Diffusion Profiles (HDRP)/DiffusionProfile_Terrain.asset
  artifactKey: Guid(3d735a15740e0f645b769826cdafae78) Importer(2089858483,0ecaa5967403d082aa24f35e1b516d23)
Start importing Assets/Toby Fredson/The Toby Foliage Engine/(TTFE)_Core/Resources/Diffusion Profiles (HDRP)/DiffusionProfile_Terrain.asset using Guid(3d735a15740e0f645b769826cdafae78) Importer(2089858483,0ecaa5967403d082aa24f35e1b516d23) [PhysX] Initialized MultithreadedTaskDispatcher with 16 workers.
 -> (artifact id: '3babb2281b1aacf70b9025a82c980729') in 0.029090 seconds
Number of updated asset objects reloaded before import = 0
Number of asset objects unloaded after import = 1
========================================================================
Received Import Request.
  Time since last request: 0.000032 seconds.
  path: Assets/Toby Fredson/The Toby Foliage Engine/(TTFE)_Demo/Materials/Materials_Vegetation/MV_Tress/Shrub_Leaves Fall.mat
  artifactKey: Guid(69665828d7d94104a8d2d77d3dbc0347) Importer(2089858483,0ecaa5967403d082aa24f35e1b516d23)
Start importing Assets/Toby Fredson/The Toby Foliage Engine/(TTFE)_Demo/Materials/Materials_Vegetation/MV_Tress/Shrub_Leaves Fall.mat using Guid(69665828d7d94104a8d2d77d3dbc0347) Importer(2089858483,0ecaa5967403d082aa24f35e1b516d23) [PhysX] Initialized MultithreadedTaskDispatcher with 16 workers.
 -> (artifact id: '83a2d4d198ed41438fd73965fd2723a7') in 0.094817 seconds
Number of updated asset objects reloaded before import = 0
Number of asset objects unloaded after import = 6
========================================================================
Received Import Request.
  Time since last request: 0.000043 seconds.
  path: Assets/Toby Fredson/The Toby Foliage Engine/(TTFE)_Demo/Materials/Materials_Vegetation/MV_Tress/Shrub_Leaves_Bush.mat
  artifactKey: Guid(d415fccedae7af845926471d4ffd519a) Importer(2089858483,0ecaa5967403d082aa24f35e1b516d23)
Start importing Assets/Toby Fredson/The Toby Foliage Engine/(TTFE)_Demo/Materials/Materials_Vegetation/MV_Tress/Shrub_Leaves_Bush.mat using Guid(d415fccedae7af845926471d4ffd519a) Importer(2089858483,0ecaa5967403d082aa24f35e1b516d23) [PhysX] Initialized MultithreadedTaskDispatcher with 16 workers.
 -> (artifact id: 'e30075205b7ce86b516041fb2b350ba1') in 0.104969 seconds
Number of updated asset objects reloaded before import = 0
Number of asset objects unloaded after import = 6
========================================================================
Received Import Request.
  Time since last request: 0.000036 seconds.
  path: Assets/Toby Fredson/The Toby Foliage Engine/(TTFE)_Demo/Materials/Materials_Static/RocksTTFEL.mat
  artifactKey: Guid(704fbb0e1e93ce54a8749a348b156bed) Importer(2089858483,0ecaa5967403d082aa24f35e1b516d23)
Start importing Assets/Toby Fredson/The Toby Foliage Engine/(TTFE)_Demo/Materials/Materials_Static/RocksTTFEL.mat using Guid(704fbb0e1e93ce54a8749a348b156bed) Importer(2089858483,0ecaa5967403d082aa24f35e1b516d23) [PhysX] Initialized MultithreadedTaskDispatcher with 16 workers.
 -> (artifact id: 'b341606918769bea58835cb9743b7e6b') in 0.037680 seconds
Number of updated asset objects reloaded before import = 0
Number of asset objects unloaded after import = 4
========================================================================
Received Import Request.
  Time since last request: 0.000033 seconds.
  path: Assets/Toby Fredson/The Toby Foliage Engine/(TTFE)_Demo/Materials/Materials_Billboards/ShrubPlantsBillboard.mat
  artifactKey: Guid(f653c524df974c948bee8edb7e1af99b) Importer(2089858483,0ecaa5967403d082aa24f35e1b516d23)
Start importing Assets/Toby Fredson/The Toby Foliage Engine/(TTFE)_Demo/Materials/Materials_Billboards/ShrubPlantsBillboard.mat using Guid(f653c524df974c948bee8edb7e1af99b) Importer(2089858483,0ecaa5967403d082aa24f35e1b516d23) [PhysX] Initialized MultithreadedTaskDispatcher with 16 workers.
 -> (artifact id: 'd8f646733400061e562b659d4366009b') in 0.071195 seconds
Number of updated asset objects reloaded before import = 0
Number of asset objects unloaded after import = 5
========================================================================
Received Import Request.
  Time since last request: 0.000053 seconds.
  path: Assets/Toby Fredson/The Toby Foliage Engine/(TTFE)_Core/Resources/(TTFE) GLOBAL CONTROLLER/TTFE_Wind Gizmo/TTFE_Utility Resources/COLOR.mat
  artifactKey: Guid(4bf51c9704a303849ad4ee0b689b5530) Importer(2089858483,0ecaa5967403d082aa24f35e1b516d23)
Start importing Assets/Toby Fredson/The Toby Foliage Engine/(TTFE)_Core/Resources/(TTFE) GLOBAL CONTROLLER/TTFE_Wind Gizmo/TTFE_Utility Resources/COLOR.mat using Guid(4bf51c9704a303849ad4ee0b689b5530) Importer(2089858483,0ecaa5967403d082aa24f35e1b516d23) [PhysX] Initialized MultithreadedTaskDispatcher with 16 workers.
 -> (artifact id: '52ccffadc17f5e7874553e8ec44bbba3') in 0.028997 seconds
Number of updated asset objects reloaded before import = 0
Number of asset objects unloaded after import = 1
========================================================================
Received Import Request.
  Time since last request: 0.000028 seconds.
  path: Assets/Toby Fredson/The Toby Foliage Engine/(TTFE)_Demo/Post Processing/PP_(HDRP)/TTFEL-DawnFog_SettingsProfile.asset
  artifactKey: Guid(bc301382e9b04a746992c20f8f919083) Importer(2089858483,0ecaa5967403d082aa24f35e1b516d23)
Start importing Assets/Toby Fredson/The Toby Foliage Engine/(TTFE)_Demo/Post Processing/PP_(HDRP)/TTFEL-DawnFog_SettingsProfile.asset using Guid(bc301382e9b04a746992c20f8f919083) Importer(2089858483,0ecaa5967403d082aa24f35e1b516d23) [PhysX] Initialized MultithreadedTaskDispatcher with 16 workers.
 -> (artifact id: '0b1f4bcbde0952647b331a6a341fb76a') in 0.053216 seconds
Number of updated asset objects reloaded before import = 0
Number of asset objects unloaded after import = 27
========================================================================
Received Import Request.
  Time since last request: 0.000025 seconds.
  path: Assets/Toby Fredson/The Toby Foliage Engine/(TTFE)_Demo/Materials/Materials_Vegetation/MV_Tress/Shrub_Leaves_Bush Fall.mat
  artifactKey: Guid(a00874b80327c9f4ca9ff60ef50b66b6) Importer(2089858483,0ecaa5967403d082aa24f35e1b516d23)
Start importing Assets/Toby Fredson/The Toby Foliage Engine/(TTFE)_Demo/Materials/Materials_Vegetation/MV_Tress/Shrub_Leaves_Bush Fall.mat using Guid(a00874b80327c9f4ca9ff60ef50b66b6) Importer(2089858483,0ecaa5967403d082aa24f35e1b516d23) [PhysX] Initialized MultithreadedTaskDispatcher with 16 workers.
 -> (artifact id: '810f0617ab07eb91f0e9bc639ccbb2ea') in 0.085235 seconds
Number of updated asset objects reloaded before import = 0
Number of asset objects unloaded after import = 6
========================================================================
Received Import Request.
  Time since last request: 0.000034 seconds.
  path: Assets/Toby Fredson/The Toby Foliage Engine/(TTFE)_Demo/Materials/Materials_TTFE (Defaults)/TTFE_Bark.mat
  artifactKey: Guid(85f86bf33cbf9994fb5ad496b100c3f6) Importer(2089858483,0ecaa5967403d082aa24f35e1b516d23)
Start importing Assets/Toby Fredson/The Toby Foliage Engine/(TTFE)_Demo/Materials/Materials_TTFE (Defaults)/TTFE_Bark.mat using Guid(85f86bf33cbf9994fb5ad496b100c3f6) Importer(2089858483,0ecaa5967403d082aa24f35e1b516d23) [PhysX] Initialized MultithreadedTaskDispatcher with 16 workers.
 -> (artifact id: 'b3bacc112ecf0add4b8bd91454030e00') in 0.020239 seconds
Number of updated asset objects reloaded before import = 0
Number of asset objects unloaded after import = 1
========================================================================
Received Import Request.
  Time since last request: 0.000038 seconds.
  path: Assets/Toby Fredson/The Toby Foliage Engine/(TTFE)_Demo/Materials/Materials_Static/CliffRockTTFEL_B Grass.mat
  artifactKey: Guid(ce9044487256c0d4ba009db7fc77f810) Importer(2089858483,0ecaa5967403d082aa24f35e1b516d23)
Start importing Assets/Toby Fredson/The Toby Foliage Engine/(TTFE)_Demo/Materials/Materials_Static/CliffRockTTFEL_B Grass.mat using Guid(ce9044487256c0d4ba009db7fc77f810) Importer(2089858483,0ecaa5967403d082aa24f35e1b516d23) [PhysX] Initialized MultithreadedTaskDispatcher with 16 workers.
 -> (artifact id: '43233cec223f7b9833b89b120a42be32') in 0.124078 seconds
Number of updated asset objects reloaded before import = 0
Number of asset objects unloaded after import = 7
========================================================================
Received Import Request.
  Time since last request: 0.000036 seconds.
  path: Assets/Toby Fredson/The Toby Foliage Engine/(TTFE)_Demo/Materials/Materials_Vegetation/MV_Plants/Grass Thick_Fall.mat
  artifactKey: Guid(fcd3a0a792eace54e9a5deeb21c3400f) Importer(2089858483,0ecaa5967403d082aa24f35e1b516d23)
Start importing Assets/Toby Fredson/The Toby Foliage Engine/(TTFE)_Demo/Materials/Materials_Vegetation/MV_Plants/Grass Thick_Fall.mat using Guid(fcd3a0a792eace54e9a5deeb21c3400f) Importer(2089858483,0ecaa5967403d082aa24f35e1b516d23) [PhysX] Initialized MultithreadedTaskDispatcher with 16 workers.
 -> (artifact id: 'b810342e8ecb6b16de43ee3fea228ef2') in 0.106853 seconds
Number of updated asset objects reloaded before import = 0
Number of asset objects unloaded after import = 5
========================================================================
Received Import Request.
  Time since last request: 0.000039 seconds.
  path: Assets/Toby Fredson/The Toby Foliage Engine/(TTFE)_Demo/Materials/Materials_Particle FX/Water Fog.mat
  artifactKey: Guid(92a426eab0a7bf74e819bd4d346aab57) Importer(2089858483,0ecaa5967403d082aa24f35e1b516d23)
Start importing Assets/Toby Fredson/The Toby Foliage Engine/(TTFE)_Demo/Materials/Materials_Particle FX/Water Fog.mat using Guid(92a426eab0a7bf74e819bd4d346aab57) Importer(2089858483,0ecaa5967403d082aa24f35e1b516d23) [PhysX] Initialized MultithreadedTaskDispatcher with 16 workers.
 -> (artifact id: '8362f3f7b6522f9f9efd96d78522683c') in 0.022212 seconds
Number of updated asset objects reloaded before import = 0
Number of asset objects unloaded after import = 1
========================================================================
Received Import Request.
  Time since last request: 0.000046 seconds.
  path: Assets/Toby Fredson/The Toby Foliage Engine/(TTFE)_Core/Resources/(TTFE) GLOBAL CONTROLLER/TTFE_Wind Gizmo/TTFE_Utility Resources/(TTFE)GlobalGizmo_Ring.mat
  artifactKey: Guid(b0f1191ca83debd4b866bdebefe04317) Importer(2089858483,0ecaa5967403d082aa24f35e1b516d23)
Start importing Assets/Toby Fredson/The Toby Foliage Engine/(TTFE)_Core/Resources/(TTFE) GLOBAL CONTROLLER/TTFE_Wind Gizmo/TTFE_Utility Resources/(TTFE)GlobalGizmo_Ring.mat using Guid(b0f1191ca83debd4b866bdebefe04317) Importer(2089858483,0ecaa5967403d082aa24f35e1b516d23) [PhysX] Initialized MultithreadedTaskDispatcher with 16 workers.
 -> (artifact id: 'd1c5ac5a08a664302ff89d63acb1efeb') in 0.025340 seconds
Number of updated asset objects reloaded before import = 0
Number of asset objects unloaded after import = 1
========================================================================
Received Import Request.
  Time since last request: 0.000024 seconds.
  path: Assets/Toby Fredson/The Toby Foliage Engine/(TTFE)_Demo/Materials/Materials_Helpers/Helper 2.mat
  artifactKey: Guid(3cfcee7d6f0ad94478797ca83e475126) Importer(2089858483,0ecaa5967403d082aa24f35e1b516d23)
Start importing Assets/Toby Fredson/The Toby Foliage Engine/(TTFE)_Demo/Materials/Materials_Helpers/Helper 2.mat using Guid(3cfcee7d6f0ad94478797ca83e475126) Importer(2089858483,0ecaa5967403d082aa24f35e1b516d23) [PhysX] Initialized MultithreadedTaskDispatcher with 16 workers.
 -> (artifact id: '1158e92416d9e00247a08292c3289742') in 0.022558 seconds
Number of updated asset objects reloaded before import = 0
Number of asset objects unloaded after import = 1
========================================================================
Received Import Request.
  Time since last request: 0.000025 seconds.
  path: Assets/Toby Fredson/The Toby Foliage Engine/(TTFE)_Demo/Post Processing/PP_(HDRP)
  artifactKey: Guid(d95bc8945a045f84c82021a837ab3949) Importer(2089858483,0ecaa5967403d082aa24f35e1b516d23)
Start importing Assets/Toby Fredson/The Toby Foliage Engine/(TTFE)_Demo/Post Processing/PP_(HDRP) using Guid(d95bc8945a045f84c82021a837ab3949) Importer(2089858483,0ecaa5967403d082aa24f35e1b516d23) [PhysX] Initialized MultithreadedTaskDispatcher with 16 workers.
 -> (artifact id: '90cc05d12fdf16401f08e7720c955d6e') in 0.034422 seconds
Number of updated asset objects reloaded before import = 0
Number of asset objects unloaded after import = 1
========================================================================
Received Import Request.
  Time since last request: 0.002028 seconds.
  path: Assets/Toby Fredson/The Toby Foliage Engine/(TTFE)_Demo/Materials/Materials_TTFE (Defaults)/TTFE_Grass.mat
  artifactKey: Guid(0ef2a3245a000e949834aebe94a1c816) Importer(2089858483,0ecaa5967403d082aa24f35e1b516d23)
Start importing Assets/Toby Fredson/The Toby Foliage Engine/(TTFE)_Demo/Materials/Materials_TTFE (Defaults)/TTFE_Grass.mat using Guid(0ef2a3245a000e949834aebe94a1c816) Importer(2089858483,0ecaa5967403d082aa24f35e1b516d23) [PhysX] Initialized MultithreadedTaskDispatcher with 16 workers.
 -> (artifact id: 'c3f5a2b32eb4fcf052cfaade01fa174f') in 0.025703 seconds
Number of updated asset objects reloaded before import = 0
Number of asset objects unloaded after import = 1
========================================================================
Received Import Request.
  Time since last request: 0.000029 seconds.
  path: Assets/Toby Fredson/The Toby Foliage Engine/(TTFE)_Demo/Materials/Materials_Vegetation/MV_Tress/Shrub_Leaves.mat
  artifactKey: Guid(1e5fc5ecef63e2a40a3054b41fc73e2d) Importer(2089858483,0ecaa5967403d082aa24f35e1b516d23)
Start importing Assets/Toby Fredson/The Toby Foliage Engine/(TTFE)_Demo/Materials/Materials_Vegetation/MV_Tress/Shrub_Leaves.mat using Guid(1e5fc5ecef63e2a40a3054b41fc73e2d) Importer(2089858483,0ecaa5967403d082aa24f35e1b516d23) [PhysX] Initialized MultithreadedTaskDispatcher with 16 workers.
 -> (artifact id: '0f5808469bbf64b997b43fa53374d76e') in 0.090672 seconds
Number of updated asset objects reloaded before import = 0
Number of asset objects unloaded after import = 6
========================================================================
Received Import Request.
  Time since last request: 0.000031 seconds.
  path: Assets/Toby Fredson/The Toby Foliage Engine/(TTFE)_Core/Resources/Diffusion Profiles (HDRP)/DiffusionProfile_Branch.asset
  artifactKey: Guid(20a2ead6ba263394e938a40b5d6cff05) Importer(2089858483,0ecaa5967403d082aa24f35e1b516d23)
Start importing Assets/Toby Fredson/The Toby Foliage Engine/(TTFE)_Core/Resources/Diffusion Profiles (HDRP)/DiffusionProfile_Branch.asset using Guid(20a2ead6ba263394e938a40b5d6cff05) Importer(2089858483,0ecaa5967403d082aa24f35e1b516d23) [PhysX] Initialized MultithreadedTaskDispatcher with 16 workers.
 -> (artifact id: '23c942ad808af3482502637ccd18d6de') in 0.020315 seconds
Number of updated asset objects reloaded before import = 0
Number of asset objects unloaded after import = 1
========================================================================
Received Import Request.
  Time since last request: 0.000043 seconds.
  path: Assets/Toby Fredson/The Toby Foliage Engine/(TTFE)_Demo/Materials/Materials_Vegetation/MV_Tress/Shrub_Bark_Bush.mat
  artifactKey: Guid(efc2c165e91d26e40ae320bac6b5441f) Importer(2089858483,0ecaa5967403d082aa24f35e1b516d23)
Start importing Assets/Toby Fredson/The Toby Foliage Engine/(TTFE)_Demo/Materials/Materials_Vegetation/MV_Tress/Shrub_Bark_Bush.mat using Guid(efc2c165e91d26e40ae320bac6b5441f) Importer(2089858483,0ecaa5967403d082aa24f35e1b516d23) [PhysX] Initialized MultithreadedTaskDispatcher with 16 workers.
 -> (artifact id: '7a9c489a8931ea7002d810c8579c30d4') in 0.080752 seconds
Number of updated asset objects reloaded before import = 0
Number of asset objects unloaded after import = 4
========================================================================
Received Import Request.
  Time since last request: 0.000045 seconds.
  path: Assets/Toby Fredson/The Toby Foliage Engine/(TTFE)_Demo/Prefabs/Prefabs_Player/Player.prefab
  artifactKey: Guid(d592976252b32694fb4dc81ce5dfe56b) Importer(2089858483,0ecaa5967403d082aa24f35e1b516d23)
Start importing Assets/Toby Fredson/The Toby Foliage Engine/(TTFE)_Demo/Prefabs/Prefabs_Player/Player.prefab using Guid(d592976252b32694fb4dc81ce5dfe56b) Importer(2089858483,0ecaa5967403d082aa24f35e1b516d23) [PhysX] Initialized MultithreadedTaskDispatcher with 16 workers.
 -> (artifact id: 'f4d2aa773944cdafdacc1ebe02f00283') in 0.029207 seconds
Number of updated asset objects reloaded before import = 0
Number of asset objects unloaded after import = 11
========================================================================
Received Import Request.
  Time since last request: 0.000026 seconds.
  path: Assets/Toby Fredson/The Toby Foliage Engine/(TTFE)_Demo/Materials/Materials_Static/CliffRockTTFEL_A.mat
  artifactKey: Guid(febdb90214301654faa11a4faf4a178c) Importer(2089858483,0ecaa5967403d082aa24f35e1b516d23)
Start importing Assets/Toby Fredson/The Toby Foliage Engine/(TTFE)_Demo/Materials/Materials_Static/CliffRockTTFEL_A.mat using Guid(febdb90214301654faa11a4faf4a178c) Importer(2089858483,0ecaa5967403d082aa24f35e1b516d23) [PhysX] Initialized MultithreadedTaskDispatcher with 16 workers.
 -> (artifact id: '4c24b23e82bba152aa1f074d6f500fa1') in 0.088231 seconds
Number of updated asset objects reloaded before import = 0
Number of asset objects unloaded after import = 4
========================================================================
Received Import Request.
  Time since last request: 0.000055 seconds.
  path: Assets/Toby Fredson/The Toby Foliage Engine/(TTFE)_Demo/Scenes/TTFE-LightScene_Demo.unity
  artifactKey: Guid(a5aee332ca1995d4ab07ec6cb2bbdab3) Importer(2089858483,0ecaa5967403d082aa24f35e1b516d23)
Start importing Assets/Toby Fredson/The Toby Foliage Engine/(TTFE)_Demo/Scenes/TTFE-LightScene_Demo.unity using Guid(a5aee332ca1995d4ab07ec6cb2bbdab3) Importer(2089858483,0ecaa5967403d082aa24f35e1b516d23) [PhysX] Initialized MultithreadedTaskDispatcher with 16 workers.
 -> (artifact id: 'c8d772aadd5c6840ecff59d392815eda') in 0.020109 seconds
Number of updated asset objects reloaded before import = 0
Number of asset objects unloaded after import = 1
========================================================================
Received Import Request.
  Time since last request: 0.000022 seconds.
  path: Assets/Toby Fredson/The Toby Foliage Engine/(TTFE)_Core/Shaders/Default/(TTFE) Tree Billboard.shader
  artifactKey: Guid(0f465929dfb2594408a217d30f4c714e) Importer(2089858483,0ecaa5967403d082aa24f35e1b516d23)
Start importing Assets/Toby Fredson/The Toby Foliage Engine/(TTFE)_Core/Shaders/Default/(TTFE) Tree Billboard.shader using Guid(0f465929dfb2594408a217d30f4c714e) Importer(2089858483,0ecaa5967403d082aa24f35e1b516d23) [PhysX] Initialized MultithreadedTaskDispatcher with 16 workers.
 -> (artifact id: 'db6b2045b0c4fe5b1e6c3ae3fd7246cc') in 0.020136 seconds
Number of updated asset objects reloaded before import = 0
Number of asset objects unloaded after import = 1
========================================================================
Received Import Request.
  Time since last request: 0.000035 seconds.
  path: Assets/Toby Fredson/The Toby Foliage Engine/(TTFE)_Demo/Materials/Materials_Particle FX/Falling Leaves C.mat
  artifactKey: Guid(64335484cc34c3d469128cba01c3d1e5) Importer(2089858483,0ecaa5967403d082aa24f35e1b516d23)
Start importing Assets/Toby Fredson/The Toby Foliage Engine/(TTFE)_Demo/Materials/Materials_Particle FX/Falling Leaves C.mat using Guid(64335484cc34c3d469128cba01c3d1e5) Importer(2089858483,0ecaa5967403d082aa24f35e1b516d23) [PhysX] Initialized MultithreadedTaskDispatcher with 16 workers.
 -> (artifact id: '1cfa8c3f82e7594712cb0733f546ed3f') in 0.022897 seconds
Number of updated asset objects reloaded before import = 0
Number of asset objects unloaded after import = 2
========================================================================
Received Import Request.
  Time since last request: 0.000028 seconds.
  path: Assets/Toby Fredson/The Toby Foliage Engine/(TTFE)_Demo/Materials/Materials_Skybox/SkyMapRHEWP__Dawn 2.mat
  artifactKey: Guid(8ba92fc0be5c10a448f3610a6e136dce) Importer(2089858483,0ecaa5967403d082aa24f35e1b516d23)
Start importing Assets/Toby Fredson/The Toby Foliage Engine/(TTFE)_Demo/Materials/Materials_Skybox/SkyMapRHEWP__Dawn 2.mat using Guid(8ba92fc0be5c10a448f3610a6e136dce) Importer(2089858483,0ecaa5967403d082aa24f35e1b516d23) [PhysX] Initialized MultithreadedTaskDispatcher with 16 workers.
 -> (artifact id: '0e799d5ad724d61c7de3eac111146b9c') in 0.021820 seconds
Number of updated asset objects reloaded before import = 0
Number of asset objects unloaded after import = 1
========================================================================
Received Import Request.
  Time since last request: 0.000051 seconds.
  path: Assets/Toby Fredson/The Toby Foliage Engine/(TTFE)_Demo/Materials/Materials_Helpers/Grid.mat
  artifactKey: Guid(be9b442da5d89d743b83cd8a2cadcf03) Importer(2089858483,0ecaa5967403d082aa24f35e1b516d23)
Start importing Assets/Toby Fredson/The Toby Foliage Engine/(TTFE)_Demo/Materials/Materials_Helpers/Grid.mat using Guid(be9b442da5d89d743b83cd8a2cadcf03) Importer(2089858483,0ecaa5967403d082aa24f35e1b516d23) [PhysX] Initialized MultithreadedTaskDispatcher with 16 workers.
 -> (artifact id: '03bd463d9b2a3df5bcf4ec8f1415efcc') in 0.030995 seconds
Number of updated asset objects reloaded before import = 0
Number of asset objects unloaded after import = 2
========================================================================
Received Import Request.
  Time since last request: 0.000024 seconds.
  path: Assets/Toby Fredson/The Toby Foliage Engine/(TTFE)_Core/Shaders/Default/(TTFE) Simple Cliff Masked.shader
  artifactKey: Guid(40281aef83c984b4b9afe49e6e17271e) Importer(2089858483,0ecaa5967403d082aa24f35e1b516d23)
Start importing Assets/Toby Fredson/The Toby Foliage Engine/(TTFE)_Core/Shaders/Default/(TTFE) Simple Cliff Masked.shader using Guid(40281aef83c984b4b9afe49e6e17271e) Importer(2089858483,0ecaa5967403d082aa24f35e1b516d23) [PhysX] Initialized MultithreadedTaskDispatcher with 16 workers.
 -> (artifact id: '25871c5721188f450294fedc16d62290') in 0.022173 seconds
Number of updated asset objects reloaded before import = 0
Number of asset objects unloaded after import = 1
========================================================================
Received Import Request.
  Time since last request: 0.000026 seconds.
  path: Assets/Toby Fredson/The Toby Foliage Engine/(TTFE)_Core/Shaders/Default/(TTFE) Roots.shader
  artifactKey: Guid(aef74c22df0d58e4692680a6d23b069c) Importer(2089858483,0ecaa5967403d082aa24f35e1b516d23)
Start importing Assets/Toby Fredson/The Toby Foliage Engine/(TTFE)_Core/Shaders/Default/(TTFE) Roots.shader using Guid(aef74c22df0d58e4692680a6d23b069c) Importer(2089858483,0ecaa5967403d082aa24f35e1b516d23) [PhysX] Initialized MultithreadedTaskDispatcher with 16 workers.
 -> (artifact id: '0ad4e2761b6d1bef176e31affebeb2d0') in 0.020815 seconds
Number of updated asset objects reloaded before import = 0
Number of asset objects unloaded after import = 1
========================================================================
Received Import Request.
  Time since last request: 0.000039 seconds.
  path: Assets/Toby Fredson/The Toby Foliage Engine/(TTFE)_Demo/Post Processing/PP_(HDRP)/TTFEL-DayFog_SettingsProfile.asset
  artifactKey: Guid(267dfdfddb0d08847a854a193766dabd) Importer(2089858483,0ecaa5967403d082aa24f35e1b516d23)
Start importing Assets/Toby Fredson/The Toby Foliage Engine/(TTFE)_Demo/Post Processing/PP_(HDRP)/TTFEL-DayFog_SettingsProfile.asset using Guid(267dfdfddb0d08847a854a193766dabd) Importer(2089858483,0ecaa5967403d082aa24f35e1b516d23) [PhysX] Initialized MultithreadedTaskDispatcher with 16 workers.
 -> (artifact id: '65edf97f3eafeba2594f5f47452e848e') in 0.025490 seconds
Number of updated asset objects reloaded before import = 0
Number of asset objects unloaded after import = 28
========================================================================
Received Import Request.
  Time since last request: 36.723851 seconds.
  path: Assets/Toby Fredson/The Toby Foliage Engine/(TTFE)_Core/Pipelines/Extras
  artifactKey: Guid(5339b3fcdb0c7a043b6815db10d3ea21) Importer(815301076,1909f56bfc062723c751e8b465ee728b)
Start importing Assets/Toby Fredson/The Toby Foliage Engine/(TTFE)_Core/Pipelines/Extras using Guid(5339b3fcdb0c7a043b6815db10d3ea21) Importer(815301076,1909f56bfc062723c751e8b465ee728b) [PhysX] Initialized MultithreadedTaskDispatcher with 16 workers.
 -> (artifact id: '8d5924b38f460c7395862e5e2a868631') in 0.000626 seconds
Number of updated asset objects reloaded before import = 0
Number of asset objects unloaded after import = 0
========================================================================
Received Import Request.
  Time since last request: 0.972397 seconds.
  path: Assets/Toby Fredson/The Toby Foliage Engine/(TTFE)_Core/Pipelines/Extras/TTFEL_Light Glitch Fix (Built-in).unitypackage
  artifactKey: Guid(ea61bb505b8614748a1e220e119618a8) Importer(815301076,1909f56bfc062723c751e8b465ee728b)
Start importing Assets/Toby Fredson/The Toby Foliage Engine/(TTFE)_Core/Pipelines/Extras/TTFEL_Light Glitch Fix (Built-in).unitypackage using Guid(ea61bb505b8614748a1e220e119618a8) Importer(815301076,1909f56bfc062723c751e8b465ee728b) [PhysX] Initialized MultithreadedTaskDispatcher with 16 workers.
 -> (artifact id: '835420ef76ed521f433bde43c8e21464') in 0.001131 seconds
Number of updated asset objects reloaded before import = 0
Number of asset objects unloaded after import = 1
========================================================================
Received Import Request.
  Time since last request: 1.323259 seconds.
  path: Assets/Toby Fredson/The Toby Foliage Engine/(TTFE)_Core/Pipelines/Extras/TTFEL_Forward Translucency (Built-in).unitypackage
  artifactKey: Guid(5bf181168314afb478965d79b7852787) Importer(815301076,1909f56bfc062723c751e8b465ee728b)
Start importing Assets/Toby Fredson/The Toby Foliage Engine/(TTFE)_Core/Pipelines/Extras/TTFEL_Forward Translucency (Built-in).unitypackage using Guid(5bf181168314afb478965d79b7852787) Importer(815301076,1909f56bfc062723c751e8b465ee728b) [PhysX] Initialized MultithreadedTaskDispatcher with 16 workers.
 -> (artifact id: '47660fe2ee17e4402071ef246e1939e9') in 0.001139 seconds
Number of updated asset objects reloaded before import = 0
Number of asset objects unloaded after import = 1
========================================================================
Received Import Request.
  Time since last request: 3.356316 seconds.
  path: Assets/Toby Fredson/The Toby Foliage Engine/(TTFE)_Core/Pipelines/TTFEL - Unity 6.0.23f1+ (URP 17+).unitypackage
  artifactKey: Guid(53cb6471b02a4624ba7f73230157dcc1) Importer(815301076,1909f56bfc062723c751e8b465ee728b)
Start importing Assets/Toby Fredson/The Toby Foliage Engine/(TTFE)_Core/Pipelines/TTFEL - Unity 6.0.23f1+ (URP 17+).unitypackage using Guid(53cb6471b02a4624ba7f73230157dcc1) Importer(815301076,1909f56bfc062723c751e8b465ee728b) [PhysX] Initialized MultithreadedTaskDispatcher with 16 workers.
 -> (artifact id: 'f4f0a61d65d0d68c2a4ecce1821a4db1') in 0.001117 seconds
Number of updated asset objects reloaded before import = 0
Number of asset objects unloaded after import = 1
========================================================================
Received Import Request.
  Time since last request: 1.260918 seconds.
  path: Assets/Toby Fredson/The Toby Foliage Engine/(TTFE)_Core/Pipelines/TTFEL - Unity 6.0.23f1+ (HDRP 17+).unitypackage
  artifactKey: Guid(e50e117070c3910488c3c0fb2fce62b0) Importer(815301076,1909f56bfc062723c751e8b465ee728b)
Start importing Assets/Toby Fredson/The Toby Foliage Engine/(TTFE)_Core/Pipelines/TTFEL - Unity 6.0.23f1+ (HDRP 17+).unitypackage using Guid(e50e117070c3910488c3c0fb2fce62b0) Importer(815301076,1909f56bfc062723c751e8b465ee728b) [PhysX] Initialized MultithreadedTaskDispatcher with 16 workers.
 -> (artifact id: '11fd9aea1041b4985722a1be474b66e7') in 0.001143 seconds
Number of updated asset objects reloaded before import = 0
Number of asset objects unloaded after import = 1
========================================================================
Received Import Request.
  Time since last request: 6.019733 seconds.
  path: Assets/Toby Fredson/The Toby Foliage Engine/(TTFE)_Core/Scene Settings
  artifactKey: Guid(499f2585e8b5ba94a9cda2be79d914de) Importer(815301076,1909f56bfc062723c751e8b465ee728b)
Start importing Assets/Toby Fredson/The Toby Foliage Engine/(TTFE)_Core/Scene Settings using Guid(499f2585e8b5ba94a9cda2be79d914de) Importer(815301076,1909f56bfc062723c751e8b465ee728b) [PhysX] Initialized MultithreadedTaskDispatcher with 16 workers.
 -> (artifact id: '02eb40d1d02069aaa8da893e987372f3') in 0.000732 seconds
Number of updated asset objects reloaded before import = 0
Number of asset objects unloaded after import = 0
========================================================================
Received Import Request.
  Time since last request: 1.069251 seconds.
  path: Assets/Toby Fredson/The Toby Foliage Engine/(TTFE)_Core/Scene Settings/TTFE-LightScene Settings.lighting
  artifactKey: Guid(207bc6cb0d91c9248813ff31438b1edb) Importer(815301076,1909f56bfc062723c751e8b465ee728b)
Start importing Assets/Toby Fredson/The Toby Foliage Engine/(TTFE)_Core/Scene Settings/TTFE-LightScene Settings.lighting using Guid(207bc6cb0d91c9248813ff31438b1edb) Importer(815301076,1909f56bfc062723c751e8b465ee728b) [PhysX] Initialized MultithreadedTaskDispatcher with 16 workers.
 -> (artifact id: 'e9efd58cd78830b0c021c2908584ad16') in 0.001455 seconds
Number of updated asset objects reloaded before import = 0
Number of asset objects unloaded after import = 1
========================================================================
Received Import Request.
  Time since last request: 21.431302 seconds.
  path: Assets/Toby Fredson/The Toby Foliage Engine/(TTFE)_Core/Shaders
  artifactKey: Guid(36799b097827fa24d99b280dd1f05ccc) Importer(815301076,1909f56bfc062723c751e8b465ee728b)
Start importing Assets/Toby Fredson/The Toby Foliage Engine/(TTFE)_Core/Shaders using Guid(36799b097827fa24d99b280dd1f05ccc) Importer(815301076,1909f56bfc062723c751e8b465ee728b) [PhysX] Initialized MultithreadedTaskDispatcher with 16 workers.
 -> (artifact id: '428122ba906d8c55e98c0096774ee3f7') in 0.000671 seconds
Number of updated asset objects reloaded before import = 0
Number of asset objects unloaded after import = 0
========================================================================
Received Import Request.
  Time since last request: 83.741720 seconds.
  path: Assets/Toby Fredson/The Toby Foliage Engine/(TTFE)_Demo/Materials/Materials_TTFE (Defaults)/TTFE_Grass.mat
  artifactKey: Guid(0ef2a3245a000e949834aebe94a1c816) Importer(2089858483,0ecaa5967403d082aa24f35e1b516d23)
Start importing Assets/Toby Fredson/The Toby Foliage Engine/(TTFE)_Demo/Materials/Materials_TTFE (Defaults)/TTFE_Grass.mat using Guid(0ef2a3245a000e949834aebe94a1c816) Importer(2089858483,0ecaa5967403d082aa24f35e1b516d23) [PhysX] Initialized MultithreadedTaskDispatcher with 16 workers.
 -> (artifact id: 'e67bd3e545d46d1c925ec05bb07813d5') in 0.023293 seconds
Number of updated asset objects reloaded before import = 12
Number of asset objects unloaded after import = 1
========================================================================
Received Import Request.
  Time since last request: 0.000032 seconds.
  path: Assets/Toby Fredson/The Toby Foliage Engine/(TTFE)_Demo/Materials/Materials_Particle FX/Falling Leaves B.mat
  artifactKey: Guid(8ae42246c1019e949a7a72083c481572) Importer(2089858483,0ecaa5967403d082aa24f35e1b516d23)
Start importing Assets/Toby Fredson/The Toby Foliage Engine/(TTFE)_Demo/Materials/Materials_Particle FX/Falling Leaves B.mat using Guid(8ae42246c1019e949a7a72083c481572) Importer(2089858483,0ecaa5967403d082aa24f35e1b516d23) [PhysX] Initialized MultithreadedTaskDispatcher with 16 workers.
 -> (artifact id: '7914f2adf858ebbaf0e9fa800972be9d') in 0.022107 seconds
Number of updated asset objects reloaded before import = 0
Number of asset objects unloaded after import = 2
========================================================================
Received Import Request.
  Time since last request: 0.000049 seconds.
  path: Assets/Toby Fredson/The Toby Foliage Engine/(TTFE)_Demo/Materials/Materials_TTFE (Defaults)/TTFE_Leaves.mat
  artifactKey: Guid(f23230ef521a56b42b71aed1fdf13a31) Importer(2089858483,0ecaa5967403d082aa24f35e1b516d23)
Start importing Assets/Toby Fredson/The Toby Foliage Engine/(TTFE)_Demo/Materials/Materials_TTFE (Defaults)/TTFE_Leaves.mat using Guid(f23230ef521a56b42b71aed1fdf13a31) Importer(2089858483,0ecaa5967403d082aa24f35e1b516d23) [PhysX] Initialized MultithreadedTaskDispatcher with 16 workers.
 -> (artifact id: '3cec8616830c04ef0b22e43600fdcd9e') in 0.023536 seconds
Number of updated asset objects reloaded before import = 0
Number of asset objects unloaded after import = 2
========================================================================
Received Import Request.
  Time since last request: 0.000025 seconds.
  path: Assets/Toby Fredson/The Toby Foliage Engine/(TTFE)_Demo/Materials/Materials_Particle FX/Leaf_Orange.mat
  artifactKey: Guid(b2e3619cfd4a8534f912c0324fc17028) Importer(2089858483,0ecaa5967403d082aa24f35e1b516d23)
Start importing Assets/Toby Fredson/The Toby Foliage Engine/(TTFE)_Demo/Materials/Materials_Particle FX/Leaf_Orange.mat using Guid(b2e3619cfd4a8534f912c0324fc17028) Importer(2089858483,0ecaa5967403d082aa24f35e1b516d23) [PhysX] Initialized MultithreadedTaskDispatcher with 16 workers.
 -> (artifact id: '4efa2a4434992c7d70031f4c8ecfe465') in 0.022043 seconds
Number of updated asset objects reloaded before import = 0
Number of asset objects unloaded after import = 2
========================================================================
Received Import Request.
  Time since last request: 0.000028 seconds.
  path: Assets/Toby Fredson/The Toby Foliage Engine/(TTFE)_Demo/Materials/Materials_Vegetation/MV_Plants/Grass Thick_Fall.mat
  artifactKey: Guid(fcd3a0a792eace54e9a5deeb21c3400f) Importer(2089858483,0ecaa5967403d082aa24f35e1b516d23)
Start importing Assets/Toby Fredson/The Toby Foliage Engine/(TTFE)_Demo/Materials/Materials_Vegetation/MV_Plants/Grass Thick_Fall.mat using Guid(fcd3a0a792eace54e9a5deeb21c3400f) Importer(2089858483,0ecaa5967403d082aa24f35e1b516d23) [PhysX] Initialized MultithreadedTaskDispatcher with 16 workers.
 -> (artifact id: '5d3bd3f58d18ddda7a6b7e1663c72b11') in 0.081061 seconds
Number of updated asset objects reloaded before import = 0
Number of asset objects unloaded after import = 5
========================================================================
Received Import Request.
  Time since last request: 0.000032 seconds.
  path: Assets/HDRPDefaultResources/DefaultSettingsVolumeProfile.asset
  artifactKey: Guid(34b4409d3ff8e8545af73e7e5c2ca43d) Importer(2089858483,0ecaa5967403d082aa24f35e1b516d23)
Start importing Assets/HDRPDefaultResources/DefaultSettingsVolumeProfile.asset using Guid(34b4409d3ff8e8545af73e7e5c2ca43d) Importer(2089858483,0ecaa5967403d082aa24f35e1b516d23) [PhysX] Initialized MultithreadedTaskDispatcher with 16 workers.
 -> (artifact id: '1056936249b2cbe6ff113ac04a9a6ba5') in 0.024019 seconds
Number of updated asset objects reloaded before import = 0
Number of asset objects unloaded after import = 1
========================================================================
Received Import Request.
  Time since last request: 0.000047 seconds.
  path: Assets/Toby Fredson/The Toby Foliage Engine/(TTFE)_Demo/Materials/Materials_Particle FX/Falling Leaves C.mat
  artifactKey: Guid(64335484cc34c3d469128cba01c3d1e5) Importer(2089858483,0ecaa5967403d082aa24f35e1b516d23)
Start importing Assets/Toby Fredson/The Toby Foliage Engine/(TTFE)_Demo/Materials/Materials_Particle FX/Falling Leaves C.mat using Guid(64335484cc34c3d469128cba01c3d1e5) Importer(2089858483,0ecaa5967403d082aa24f35e1b516d23) [PhysX] Initialized MultithreadedTaskDispatcher with 16 workers.
 -> (artifact id: 'ecc792e7f69e0d396e810357fa96f49a') in 0.031311 seconds
Number of updated asset objects reloaded before import = 0
Number of asset objects unloaded after import = 2
========================================================================
Received Import Request.
  Time since last request: 0.717096 seconds.
  path: Assets/Toby Fredson/The Toby Foliage Engine/4. Active Input Handling Error Fix.txt
  artifactKey: Guid(ebc0cbbf56b821a4eb7fca6a3e9cc2ac) Importer(815301076,1909f56bfc062723c751e8b465ee728b)
Start importing Assets/Toby Fredson/The Toby Foliage Engine/4. Active Input Handling Error Fix.txt using Guid(ebc0cbbf56b821a4eb7fca6a3e9cc2ac) Importer(815301076,1909f56bfc062723c751e8b465ee728b) [PhysX] Initialized MultithreadedTaskDispatcher with 16 workers.
 -> (artifact id: '4feed9d86645639df7cf58ae7a05eb66') in 0.001456 seconds
Number of updated asset objects reloaded before import = 0
Number of asset objects unloaded after import = 1
Editor requested this worker to shutdown with reason: Scaling down because of idle timeout
TcpMessagingSession - receive error: operation aborted. errorcode: 995, details: Der E/A-Vorgang wurde wegen eines Threadendes oder einer Anwendungsanforderung abgebrochen.
AssetImportWorker is now disconnected from the server
Process exiting
Exiting without the bug reporter. Application will terminate with return code 0