Using pre-set license
Built from '2022.3/staging' branch; Version is '2022.3.62f1 (4af31df58517) revision 4911901'; Using compiler version '192829333'; Build Type 'Release'
OS: 'Windows 10  (10.0.19045) 64bit Professional' Language: 'de' Physical Memory: 32700 MB
BatchMode: 1, IsHumanControllingUs: 0, StartBugReporterOnCrash: 0, Is64bit: 1, IsPro: 1

COMMAND LINE ARGUMENTS:
C:\Program Files\Unity\Hub\Editor\2022.3.62f1\Editor\Unity.exe
-adb2
-batchMode
-noUpm
-name
AssetImportWorker14
-projectPath
C:/StudentProjects/Serious game group 18/My project
-logFile
Logs/AssetImportWorker14.log
-srvPort
58467
Successfully changed project path to: C:/StudentProjects/Serious game group 18/My project
C:/StudentProjects/Serious game group 18/My project
[UnityMemory] Configuration Parameters - Can be set up in boot.config
    "memorysetup-bucket-allocator-granularity=16"
    "memorysetup-bucket-allocator-bucket-count=8"
    "memorysetup-bucket-allocator-block-size=33554432"
    "memorysetup-bucket-allocator-block-count=8"
    "memorysetup-main-allocator-block-size=16777216"
    "memorysetup-thread-allocator-block-size=16777216"
    "memorysetup-gfx-main-allocator-block-size=16777216"
    "memorysetup-gfx-thread-allocator-block-size=16777216"
    "memorysetup-cache-allocator-block-size=4194304"
    "memorysetup-typetree-allocator-block-size=2097152"
    "memorysetup-profiler-bucket-allocator-granularity=16"
    "memorysetup-profiler-bucket-allocator-bucket-count=8"
    "memorysetup-profiler-bucket-allocator-block-size=33554432"
    "memorysetup-profiler-bucket-allocator-block-count=8"
    "memorysetup-profiler-allocator-block-size=16777216"
    "memorysetup-profiler-editor-allocator-block-size=1048576"
    "memorysetup-temp-allocator-size-main=16777216"
    "memorysetup-job-temp-allocator-block-size=2097152"
    "memorysetup-job-temp-allocator-block-size-background=1048576"
    "memorysetup-job-temp-allocator-reduction-small-platforms=262144"
    "memorysetup-allocator-temp-initial-block-size-main=262144"
    "memorysetup-allocator-temp-initial-block-size-worker=262144"
    "memorysetup-temp-allocator-size-background-worker=32768"
    "memorysetup-temp-allocator-size-job-worker=262144"
    "memorysetup-temp-allocator-size-preload-manager=33554432"
    "memorysetup-temp-allocator-size-nav-mesh-worker=65536"
    "memorysetup-temp-allocator-size-audio-worker=65536"
    "memorysetup-temp-allocator-size-cloud-worker=32768"
    "memorysetup-temp-allocator-size-gi-baking-worker=262144"
    "memorysetup-temp-allocator-size-gfx=262144"
Player connection [13632]  Target information:

Player connection [13632]  * "[IP] 192.168.253.171 [Port] 0 [Flags] 2 [Guid] 2456087071 [EditorId] 2456087071 [Version] 1048832 [Id] WindowsEditor(7,DESKTOP-66DGGND) [Debug] 1 [PackageName] WindowsEditor [ProjectName] Editor" 

Player connection [13632] Host joined multi-casting on [225.0.0.222:54997]...
Player connection [13632] Host joined alternative multi-casting on [225.0.0.222:34997]...
Input System module state changed to: Initialized.
[PhysX] Initialized MultithreadedTaskDispatcher with 16 workers.
Refreshing native plugins compatible for Editor in 68.69 ms, found 12 plugins.
Preloading 0 native plugins for Editor in 0.00 ms.
Initialize engine version: 2022.3.62f1 (4af31df58517)
[Subsystems] Discovering subsystems at path C:/Program Files/Unity/Hub/Editor/2022.3.62f1/Editor/Data/Resources/UnitySubsystems
[Subsystems] Discovering subsystems at path C:/StudentProjects/Serious game group 18/My project/Assets
GfxDevice: creating device client; threaded=0; jobified=0
Direct3D:
    Version:  Direct3D 11.0 [level 11.1]
    Renderer: Radeon RX Vega (ID=0x687f)
    Vendor:   ATI
    VRAM:     8119 MB
    Driver:   31.0.12027.9001
Shader 'Fristy/Nature/Leaves': fallback shader 'TransparentCutout' not found
Shader 'Fristy/Nature/Leaves 2': fallback shader 'TransparentCutout' not found
Shader 'Fristy/Nature/Leaves 2': fallback shader 'TransparentCutout' not found
Shader 'Fristy/Nature/Leaves': fallback shader 'TransparentCutout' not found
Initialize mono
Mono path[0] = 'C:/Program Files/Unity/Hub/Editor/2022.3.62f1/Editor/Data/Managed'
Mono path[1] = 'C:/Program Files/Unity/Hub/Editor/2022.3.62f1/Editor/Data/MonoBleedingEdge/lib/mono/unityjit-win32'
Mono config path = 'C:/Program Files/Unity/Hub/Editor/2022.3.62f1/Editor/Data/MonoBleedingEdge/etc'
Using monoOptions --debugger-agent=transport=dt_socket,embedding=1,server=y,suspend=n,address=127.0.0.1:56044
Begin MonoManager ReloadAssembly
Registering precompiled unity dll's ...
Register platform support module: C:/Program Files/Unity/Hub/Editor/2022.3.62f1/Editor/Data/PlaybackEngines/WindowsStandaloneSupport/UnityEditor.WindowsStandalone.Extensions.dll
Registered in 0.017917 seconds.
- Loaded All Assemblies, in  0.509 seconds
Native extension for WindowsStandalone target not found
Mono: successfully reloaded assembly
- Finished resetting the current domain, in  0.359 seconds
Domain Reload Profiling: 864ms
	BeginReloadAssembly (138ms)
		ExecutionOrderSort (0ms)
		DisableScriptedObjects (0ms)
		BackupInstance (0ms)
		ReleaseScriptingObjects (0ms)
		CreateAndSetChildDomain (1ms)
	RebuildCommonClasses (51ms)
	RebuildNativeTypeToScriptingClass (14ms)
	initialDomainReloadingComplete (97ms)
	LoadAllAssembliesAndSetupDomain (204ms)
		LoadAssemblies (134ms)
		RebuildTransferFunctionScriptingTraits (0ms)
		AnalyzeDomain (201ms)
			TypeCache.Refresh (199ms)
				TypeCache.ScanAssembly (180ms)
			ScanForSourceGeneratedMonoScriptInfo (0ms)
			ResolveRequiredComponents (1ms)
	FinalizeReload (360ms)
		ReleaseScriptCaches (0ms)
		RebuildScriptCaches (0ms)
		SetupLoadedEditorAssemblies (296ms)
			LogAssemblyErrors (0ms)
			InitializePlatformSupportModulesInManaged (15ms)
			SetLoadedEditorAssemblies (9ms)
			RefreshPlugins (0ms)
			BeforeProcessingInitializeOnLoad (3ms)
			ProcessInitializeOnLoadAttributes (202ms)
			ProcessInitializeOnLoadMethodAttributes (67ms)
			AfterProcessingInitializeOnLoad (0ms)
			EditorAssembliesLoaded (0ms)
		ExecutionOrderSort2 (0ms)
		AwakeInstancesAfterBackupRestoration (0ms)
========================================================================
Worker process is ready to serve import requests
Caller must complete domain reload
Begin MonoManager ReloadAssembly
- Loaded All Assemblies, in  1.360 seconds
Native extension for WindowsStandalone target not found
Package Manager log level set to [2]
[Package Manager] Server::EnsureServerProcessIsRunning -- launch failed, reason: Unity was launched with the -noUpm command-line argument
[Package Manager] UpmClient::Send -- Unable to send message (not connected to UPM process).
[Package Manager] Cannot connect to Unity Package Manager local server
Mono: successfully reloaded assembly
[Package Manager] Server::EnsureServerProcessIsRunning -- launch failed, reason: Unity was launched with the -noUpm command-line argument
[Package Manager] UpmClient::Send -- Unable to send message (not connected to UPM process).
[Package Manager] Cannot connect to Unity Package Manager local server
[Package Manager] Server::EnsureServerProcessIsRunning -- launch failed, reason: Unity was launched with the -noUpm command-line argument
[Package Manager] UpmClient::Send -- Unable to send message (not connected to UPM process).
[Package Manager] Cannot connect to Unity Package Manager local server
- Finished resetting the current domain, in  1.722 seconds
Domain Reload Profiling: 3071ms
	BeginReloadAssembly (196ms)
		ExecutionOrderSort (0ms)
		DisableScriptedObjects (7ms)
		BackupInstance (0ms)
		ReleaseScriptingObjects (0ms)
		CreateAndSetChildDomain (28ms)
	RebuildCommonClasses (45ms)
	RebuildNativeTypeToScriptingClass (14ms)
	initialDomainReloadingComplete (67ms)
	LoadAllAssembliesAndSetupDomain (1025ms)
		LoadAssemblies (620ms)
		RebuildTransferFunctionScriptingTraits (0ms)
		AnalyzeDomain (520ms)
			TypeCache.Refresh (431ms)
				TypeCache.ScanAssembly (402ms)
			ScanForSourceGeneratedMonoScriptInfo (62ms)
			ResolveRequiredComponents (24ms)
	FinalizeReload (1722ms)
		ReleaseScriptCaches (0ms)
		RebuildScriptCaches (0ms)
		SetupLoadedEditorAssemblies (1382ms)
			LogAssemblyErrors (0ms)
			InitializePlatformSupportModulesInManaged (9ms)
			SetLoadedEditorAssemblies (7ms)
			RefreshPlugins (0ms)
			BeforeProcessingInitializeOnLoad (178ms)
			ProcessInitializeOnLoadAttributes (794ms)
			ProcessInitializeOnLoadMethodAttributes (380ms)
			AfterProcessingInitializeOnLoad (14ms)
			EditorAssembliesLoaded (0ms)
		ExecutionOrderSort2 (0ms)
		AwakeInstancesAfterBackupRestoration (11ms)
WARNING: Shader Unsupported: 'Hidden/Builtin_TerrainVisualization' - All subshaders removed
WARNING: Shader Did you use #pragma only_renderers and omit this platform?
WARNING: Shader If subshaders removal was intentional, you may have forgotten turning Fallback off?
WARNING: Shader Unsupported: 'Hidden/Builtin_TerrainVisualization' - All subshaders removed
WARNING: Shader Did you use #pragma only_renderers and omit this platform?
WARNING: Shader If subshaders removal was intentional, you may have forgotten turning Fallback off?
WARNING: Shader Unsupported: 'Hidden/Universal Render Pipeline/Terrain/Lit (Base Pass)' - All subshaders removed
WARNING: Shader Did you use #pragma only_renderers and omit this platform?
WARNING: Shader If subshaders removal was intentional, you may have forgotten turning Fallback off?
WARNING: Shader Unsupported: 'Hidden/Universal Render Pipeline/Terrain/Lit (Base Pass)' - All subshaders removed
WARNING: Shader Did you use #pragma only_renderers and omit this platform?
WARNING: Shader If subshaders removal was intentional, you may have forgotten turning Fallback off?
WARNING: Shader Unsupported: 'Universal Render Pipeline/Terrain/Lit' - All subshaders removed
WARNING: Shader Did you use #pragma only_renderers and omit this platform?
WARNING: Shader If subshaders removal was intentional, you may have forgotten turning Fallback off?
WARNING: Shader Unsupported: 'Universal Render Pipeline/Terrain/Lit' - All subshaders removed
WARNING: Shader Did you use #pragma only_renderers and omit this platform?
WARNING: Shader If subshaders removal was intentional, you may have forgotten turning Fallback off?
Shader 'Fristy/Nature/Leaves': fallback shader 'TransparentCutout' not found
Shader 'Fristy/Nature/Leaves 2': fallback shader 'TransparentCutout' not found
Shader 'Fristy/Nature/Leaves': fallback shader 'TransparentCutout' not found
Shader 'Fristy/Nature/Leaves 2': fallback shader 'TransparentCutout' not found
Launched and connected shader compiler UnityShaderCompiler.exe after 0.05 seconds
Refreshing native plugins compatible for Editor in 32.59 ms, found 12 plugins.
Preloading 0 native plugins for Editor in 0.00 ms.
Unloading 9287 Unused Serialized files (Serialized files now loaded: 0)
Unloading 166 unused Assets / (7.0 MB). Loaded Objects now: 9815.
Memory consumption went from 473.2 MB to 466.2 MB.
Total: 10.877000 ms (FindLiveObjects: 0.987200 ms CreateObjectMapping: 0.604700 ms MarkObjects: 5.477800 ms  DeleteObjects: 3.805000 ms)

AssetImportParameters requested are different than current active one (requested -> active):
  custom:container-demuxer-ogg: 62fdf1f143b41e24485cea50d1cbac27 -> 
  custom:framework-win-MediaFoundation: 216162199b28c13a410421893ffa2e32 -> 
  custom:container-muxer-webm: aa71ff27fc2769a1b78a27578f13a17b -> 
  custom:video-decoder-webm-vp8: 9c59270c3fd7afecdb556c50c9e8de78 -> 
  custom:SearchIndexIgnoredProperties: e643bd26f0fe6173181afceb89e7c659 -> 
  custom:AudioImporter_EditorPlatform: d09bf68614088b80899f8185d706f6e7 -> 
  custom:audio-decoder-ogg-vorbis: bf7c407c2cedff20999df2af8eb42d56 -> 
  custom:audio-encoder-webm-vorbis: bf7c407c2cedff20999df2af8eb42d56 -> 
  custom:video-codec-MediaFoundation-h265: 746d11721c4dcdbdad8f713fa42b33f4 -> 
  custom:video-decoder-ogg-theora: a1e56fd34408186e4bbccfd4996cb3dc -> 
  custom:CustomObjectIndexerAttribute: 3ead1caaecf1c488f20bcfeb224b6af5 -> 
  custom:container-demuxer-webm: 4f35f7cbe854078d1ac9338744f61a02 -> 
  custom:video-encoder-webm-vp8: eb34c28f22e8b96e1ab97ce403110664 -> 
========================================================================
Received Import Request.
  Time since last request: 975354.314061 seconds.
  path: Assets/NatureManufacture Assets/Advanced Foliage Pack/Advanced Grass/Prefabs/prefab_SM_grass_bush_01.prefab
  artifactKey: Guid(95cc2ac5f6f9eb54e91e5a4e6c45f96d) Importer(815301076,1909f56bfc062723c751e8b465ee728b)
Start importing Assets/NatureManufacture Assets/Advanced Foliage Pack/Advanced Grass/Prefabs/prefab_SM_grass_bush_01.prefab using Guid(95cc2ac5f6f9eb54e91e5a4e6c45f96d) Importer(815301076,1909f56bfc062723c751e8b465ee728b) [PhysX] Initialized MultithreadedTaskDispatcher with 16 workers.
[PhysX] Initialized MultithreadedTaskDispatcher with 16 workers.
 -> (artifact id: 'c9f997fae2a6457c6364c78d7b751486') in 1.308985 seconds
Number of updated asset objects reloaded before import = 10
Number of asset objects unloaded after import = 85
========================================================================
Received Import Request.
  Time since last request: 0.000070 seconds.
  path: Assets/NatureManufacture Assets/Advanced Foliage Pack/Unity grass/Unity Grass Models/Prefabs/prefab_unity_grass_grass_bush_simple_05.prefab
  artifactKey: Guid(062e1b74396db504695dfe10abf40595) Importer(815301076,1909f56bfc062723c751e8b465ee728b)
Start importing Assets/NatureManufacture Assets/Advanced Foliage Pack/Unity grass/Unity Grass Models/Prefabs/prefab_unity_grass_grass_bush_simple_05.prefab using Guid(062e1b74396db504695dfe10abf40595) Importer(815301076,1909f56bfc062723c751e8b465ee728b) [PhysX] Initialized MultithreadedTaskDispatcher with 16 workers.
[PhysX] Initialized MultithreadedTaskDispatcher with 16 workers.
 -> (artifact id: '7b61e5318a2f68731e9c19e8288808aa') in 0.040368 seconds
Number of updated asset objects reloaded before import = 0
Number of asset objects unloaded after import = 11
========================================================================
Received Import Request.
  Time since last request: 0.000069 seconds.
  path: Assets/NatureManufacture Assets/Advanced Foliage Pack/Unity grass/Unity Grass Models/Prefabs/prefab_unity_grass_ground_foliage_03.prefab
  artifactKey: Guid(bbeaebbe03da0c444b95f1c124d5d4c6) Importer(815301076,1909f56bfc062723c751e8b465ee728b)
Start importing Assets/NatureManufacture Assets/Advanced Foliage Pack/Unity grass/Unity Grass Models/Prefabs/prefab_unity_grass_ground_foliage_03.prefab using Guid(bbeaebbe03da0c444b95f1c124d5d4c6) Importer(815301076,1909f56bfc062723c751e8b465ee728b) [PhysX] Initialized MultithreadedTaskDispatcher with 16 workers.
[PhysX] Initialized MultithreadedTaskDispatcher with 16 workers.
 -> (artifact id: '84eea47a73003ad51c287422c9253c09') in 0.035915 seconds
Number of updated asset objects reloaded before import = 0
Number of asset objects unloaded after import = 11
========================================================================
Received Import Request.
  Time since last request: 0.000032 seconds.
  path: Assets/NatureManufacture Assets/Advanced Foliage Pack/Unity grass/Unity Grass Models/Prefabs Snow/prefab_unity_Snow_grass_ground_foliage_04_0.prefab
  artifactKey: Guid(f5597057df5daa74c94fac2f381d839c) Importer(815301076,1909f56bfc062723c751e8b465ee728b)
Start importing Assets/NatureManufacture Assets/Advanced Foliage Pack/Unity grass/Unity Grass Models/Prefabs Snow/prefab_unity_Snow_grass_ground_foliage_04_0.prefab using Guid(f5597057df5daa74c94fac2f381d839c) Importer(815301076,1909f56bfc062723c751e8b465ee728b) [PhysX] Initialized MultithreadedTaskDispatcher with 16 workers.
[PhysX] Initialized MultithreadedTaskDispatcher with 16 workers.
 -> (artifact id: '21ba1dca6f77bb6ad60c3d8c9f01756c') in 0.054311 seconds
Number of updated asset objects reloaded before import = 0
Number of asset objects unloaded after import = 12
========================================================================
Received Import Request.
  Time since last request: 0.000043 seconds.
  path: Assets/NatureManufacture Assets/Advanced Foliage Pack/Advanced Grass/Prefabs Snow/prefab_SM_grass_bush_simple_04.prefab
  artifactKey: Guid(37a471bdb84f09a40840325eb84f26fc) Importer(815301076,1909f56bfc062723c751e8b465ee728b)
Start importing Assets/NatureManufacture Assets/Advanced Foliage Pack/Advanced Grass/Prefabs Snow/prefab_SM_grass_bush_simple_04.prefab using Guid(37a471bdb84f09a40840325eb84f26fc) Importer(815301076,1909f56bfc062723c751e8b465ee728b) [PhysX] Initialized MultithreadedTaskDispatcher with 16 workers.
[PhysX] Initialized MultithreadedTaskDispatcher with 16 workers.
 -> (artifact id: '17f24a8cb0eb72a1cd64d3777aade079') in 0.054420 seconds
Number of updated asset objects reloaded before import = 0
Number of asset objects unloaded after import = 13
========================================================================
Received Import Request.
  Time since last request: 0.000048 seconds.
  path: Assets/NatureManufacture Assets/Advanced Foliage Pack/Advanced Grass/Prefabs/prefab_SM_grass_bush_02.prefab
  artifactKey: Guid(f39771a1ee0a22340b5a83b032457899) Importer(815301076,1909f56bfc062723c751e8b465ee728b)
Start importing Assets/NatureManufacture Assets/Advanced Foliage Pack/Advanced Grass/Prefabs/prefab_SM_grass_bush_02.prefab using Guid(f39771a1ee0a22340b5a83b032457899) Importer(815301076,1909f56bfc062723c751e8b465ee728b) [PhysX] Initialized MultithreadedTaskDispatcher with 16 workers.
[PhysX] Initialized MultithreadedTaskDispatcher with 16 workers.
 -> (artifact id: '706472d55db3aabc2e90561acde843b6') in 0.047163 seconds
Number of updated asset objects reloaded before import = 0
Number of asset objects unloaded after import = 24
========================================================================
Received Import Request.
  Time since last request: 0.000041 seconds.
  path: Assets/NatureManufacture Assets/Advanced Foliage Pack/Unity grass/Unity Grass Models/Prefabs/prefab_unity_grass_clover_01_flowery.prefab
  artifactKey: Guid(6cb313b46e2108a47b6d5e0e6bae38ec) Importer(815301076,1909f56bfc062723c751e8b465ee728b)
Start importing Assets/NatureManufacture Assets/Advanced Foliage Pack/Unity grass/Unity Grass Models/Prefabs/prefab_unity_grass_clover_01_flowery.prefab using Guid(6cb313b46e2108a47b6d5e0e6bae38ec) Importer(815301076,1909f56bfc062723c751e8b465ee728b) [PhysX] Initialized MultithreadedTaskDispatcher with 16 workers.
[PhysX] Initialized MultithreadedTaskDispatcher with 16 workers.
 -> (artifact id: 'fc92d0cfb5223ca3f6a1d525dc8ce136') in 0.033368 seconds
Number of updated asset objects reloaded before import = 0
Number of asset objects unloaded after import = 11
========================================================================
Received Import Request.
  Time since last request: 0.000048 seconds.
  path: Assets/NatureManufacture Assets/Advanced Foliage Pack/Unity grass/Unity Grass Models/Prefabs/prefab_unity_grass_ground_foliage_02_1.prefab
  artifactKey: Guid(baee919e1f44c4a46820364c4843ac4f) Importer(815301076,1909f56bfc062723c751e8b465ee728b)
Start importing Assets/NatureManufacture Assets/Advanced Foliage Pack/Unity grass/Unity Grass Models/Prefabs/prefab_unity_grass_ground_foliage_02_1.prefab using Guid(baee919e1f44c4a46820364c4843ac4f) Importer(815301076,1909f56bfc062723c751e8b465ee728b) [PhysX] Initialized MultithreadedTaskDispatcher with 16 workers.
[PhysX] Initialized MultithreadedTaskDispatcher with 16 workers.
 -> (artifact id: '9b1949974081acf6b2508321faa6a54c') in 0.030195 seconds
Number of updated asset objects reloaded before import = 0
Number of asset objects unloaded after import = 11
========================================================================
Received Import Request.
  Time since last request: 0.000040 seconds.
  path: Assets/NatureManufacture Assets/Advanced Foliage Pack/Advanced Grass/Prefabs/prefab_SM_grass_bush_simple_05.prefab
  artifactKey: Guid(098ec79b00d1c4149a3dcea6e5053aa5) Importer(815301076,1909f56bfc062723c751e8b465ee728b)
Start importing Assets/NatureManufacture Assets/Advanced Foliage Pack/Advanced Grass/Prefabs/prefab_SM_grass_bush_simple_05.prefab using Guid(098ec79b00d1c4149a3dcea6e5053aa5) Importer(815301076,1909f56bfc062723c751e8b465ee728b) [PhysX] Initialized MultithreadedTaskDispatcher with 16 workers.
[PhysX] Initialized MultithreadedTaskDispatcher with 16 workers.
 -> (artifact id: 'af116de8c939038ee62f9535c5a6e614') in 0.033899 seconds
Number of updated asset objects reloaded before import = 0
Number of asset objects unloaded after import = 12
========================================================================
Received Import Request.
  Time since last request: 0.000051 seconds.
  path: Assets/NatureManufacture Assets/Advanced Foliage Pack/Unity grass/Unity Grass Models/Prefabs Snow/prefab_unity_Snow_grass_grass_bush_04.prefab
  artifactKey: Guid(e63d1fef5ae11154a8a7ba7b3d76f9da) Importer(815301076,1909f56bfc062723c751e8b465ee728b)
Start importing Assets/NatureManufacture Assets/Advanced Foliage Pack/Unity grass/Unity Grass Models/Prefabs Snow/prefab_unity_Snow_grass_grass_bush_04.prefab using Guid(e63d1fef5ae11154a8a7ba7b3d76f9da) Importer(815301076,1909f56bfc062723c751e8b465ee728b) [PhysX] Initialized MultithreadedTaskDispatcher with 16 workers.
[PhysX] Initialized MultithreadedTaskDispatcher with 16 workers.
 -> (artifact id: '714acc7c9efdca1b51be8c57797bd8fb') in 0.040065 seconds
Number of updated asset objects reloaded before import = 0
Number of asset objects unloaded after import = 12
========================================================================
Received Import Request.
  Time since last request: 0.000078 seconds.
  path: Assets/NatureManufacture Assets/Advanced Foliage Pack/Unity grass/Unity Grass Models/Prefabs/prefab_unity_grass_forest_heather_simple_01.prefab
  artifactKey: Guid(efec0a39f8db55f4d9ff6524c6e4828a) Importer(815301076,1909f56bfc062723c751e8b465ee728b)
Start importing Assets/NatureManufacture Assets/Advanced Foliage Pack/Unity grass/Unity Grass Models/Prefabs/prefab_unity_grass_forest_heather_simple_01.prefab using Guid(efec0a39f8db55f4d9ff6524c6e4828a) Importer(815301076,1909f56bfc062723c751e8b465ee728b) [PhysX] Initialized MultithreadedTaskDispatcher with 16 workers.
[PhysX] Initialized MultithreadedTaskDispatcher with 16 workers.
 -> (artifact id: 'c0fdeb3bca5f87acbaf26b983ebdc957') in 0.024062 seconds
Number of updated asset objects reloaded before import = 0
Number of asset objects unloaded after import = 11
========================================================================
Received Import Request.
  Time since last request: 0.000058 seconds.
  path: Assets/NatureManufacture Assets/Advanced Foliage Pack/Unity grass/Unity Grass Models/Prefabs/prefab_unity_grass_grass_bush_03.prefab
  artifactKey: Guid(46bfa179df12c014b8e0c1330c572dd4) Importer(815301076,1909f56bfc062723c751e8b465ee728b)
Start importing Assets/NatureManufacture Assets/Advanced Foliage Pack/Unity grass/Unity Grass Models/Prefabs/prefab_unity_grass_grass_bush_03.prefab using Guid(46bfa179df12c014b8e0c1330c572dd4) Importer(815301076,1909f56bfc062723c751e8b465ee728b) [PhysX] Initialized MultithreadedTaskDispatcher with 16 workers.
[PhysX] Initialized MultithreadedTaskDispatcher with 16 workers.
 -> (artifact id: '213a102a35c7fb02c81a7f04ecb4515d') in 0.031801 seconds
Number of updated asset objects reloaded before import = 0
Number of asset objects unloaded after import = 11
========================================================================
Received Import Request.
  Time since last request: 0.000038 seconds.
  path: Assets/NatureManufacture Assets/Advanced Foliage Pack/Unity grass/Unity Grass Models/Prefabs/prefab_unity_grass_ground_foliage_02_0.prefab
  artifactKey: Guid(a105041b33d4c3849a84c258fd29a56e) Importer(815301076,1909f56bfc062723c751e8b465ee728b)
Start importing Assets/NatureManufacture Assets/Advanced Foliage Pack/Unity grass/Unity Grass Models/Prefabs/prefab_unity_grass_ground_foliage_02_0.prefab using Guid(a105041b33d4c3849a84c258fd29a56e) Importer(815301076,1909f56bfc062723c751e8b465ee728b) [PhysX] Initialized MultithreadedTaskDispatcher with 16 workers.
[PhysX] Initialized MultithreadedTaskDispatcher with 16 workers.
 -> (artifact id: 'cf0db9413475368671a0f56340b87467') in 0.035621 seconds
Number of updated asset objects reloaded before import = 0
Number of asset objects unloaded after import = 11
========================================================================
Received Import Request.
  Time since last request: 0.000046 seconds.
  path: Assets/NatureManufacture Assets/Advanced Foliage Pack/Unity grass/Unity Grass Models/Prefabs/prefab_unity_grass_clover_01.prefab
  artifactKey: Guid(3ae9c15791082f74f95e77a9f34e4fbd) Importer(815301076,1909f56bfc062723c751e8b465ee728b)
Start importing Assets/NatureManufacture Assets/Advanced Foliage Pack/Unity grass/Unity Grass Models/Prefabs/prefab_unity_grass_clover_01.prefab using Guid(3ae9c15791082f74f95e77a9f34e4fbd) Importer(815301076,1909f56bfc062723c751e8b465ee728b) [PhysX] Initialized MultithreadedTaskDispatcher with 16 workers.
[PhysX] Initialized MultithreadedTaskDispatcher with 16 workers.
 -> (artifact id: '2a1c2ae7f7ff57f4b272b046a004a920') in 0.035982 seconds
Number of updated asset objects reloaded before import = 0
Number of asset objects unloaded after import = 11
========================================================================
Received Import Request.
  Time since last request: 0.000049 seconds.
  path: Assets/NatureManufacture Assets/Advanced Foliage Pack/Unity grass/Unity Grass Models/Prefabs Snow/prefab_unity_Snow_grass_ground_foliage_02_0.prefab
  artifactKey: Guid(0cacef93763f1af4da8f051e622d5078) Importer(815301076,1909f56bfc062723c751e8b465ee728b)
Start importing Assets/NatureManufacture Assets/Advanced Foliage Pack/Unity grass/Unity Grass Models/Prefabs Snow/prefab_unity_Snow_grass_ground_foliage_02_0.prefab using Guid(0cacef93763f1af4da8f051e622d5078) Importer(815301076,1909f56bfc062723c751e8b465ee728b) [PhysX] Initialized MultithreadedTaskDispatcher with 16 workers.
[PhysX] Initialized MultithreadedTaskDispatcher with 16 workers.
 -> (artifact id: 'a8a17c0b858c627691127a85426c9e5c') in 0.033656 seconds
Number of updated asset objects reloaded before import = 0
Number of asset objects unloaded after import = 12
========================================================================
Received Import Request.
  Time since last request: 0.000042 seconds.
  path: Assets/NatureManufacture Assets/Advanced Foliage Pack/Unity grass/Unity Grass Models/Prefabs Snow/prefab_unity_Snow_grass_ground_foliage_01.prefab
  artifactKey: Guid(6f22c9620f06e3548bc9abd34d2dfe90) Importer(815301076,1909f56bfc062723c751e8b465ee728b)
Start importing Assets/NatureManufacture Assets/Advanced Foliage Pack/Unity grass/Unity Grass Models/Prefabs Snow/prefab_unity_Snow_grass_ground_foliage_01.prefab using Guid(6f22c9620f06e3548bc9abd34d2dfe90) Importer(815301076,1909f56bfc062723c751e8b465ee728b) [PhysX] Initialized MultithreadedTaskDispatcher with 16 workers.
[PhysX] Initialized MultithreadedTaskDispatcher with 16 workers.
 -> (artifact id: '4a41f7ba77106ec18e70740128cf069d') in 0.049709 seconds
Number of updated asset objects reloaded before import = 0
Number of asset objects unloaded after import = 12
========================================================================
Received Import Request.
  Time since last request: 0.000075 seconds.
  path: Assets/NatureManufacture Assets/Advanced Foliage Pack/Unity grass/Unity Grass Models/Prefabs Snow/prefab_unity_Snow_grass_forest_heather_simple_01.prefab
  artifactKey: Guid(8feca9d3506d6044ab419bcab6d0cb39) Importer(815301076,1909f56bfc062723c751e8b465ee728b)
Start importing Assets/NatureManufacture Assets/Advanced Foliage Pack/Unity grass/Unity Grass Models/Prefabs Snow/prefab_unity_Snow_grass_forest_heather_simple_01.prefab using Guid(8feca9d3506d6044ab419bcab6d0cb39) Importer(815301076,1909f56bfc062723c751e8b465ee728b) [PhysX] Initialized MultithreadedTaskDispatcher with 16 workers.
[PhysX] Initialized MultithreadedTaskDispatcher with 16 workers.
 -> (artifact id: 'fb02ca5c3e1273818bd387fba256f9cb') in 0.026795 seconds
Number of updated asset objects reloaded before import = 0
Number of asset objects unloaded after import = 12
========================================================================
Received Import Request.
  Time since last request: 0.000045 seconds.
  path: Assets/NatureManufacture Assets/Advanced Foliage Pack/Advanced Grass/Prefabs/prefab_SM_grass_bush_simple_04.prefab
  artifactKey: Guid(4237bad11094d7e478ef825d2e14085c) Importer(815301076,1909f56bfc062723c751e8b465ee728b)
Start importing Assets/NatureManufacture Assets/Advanced Foliage Pack/Advanced Grass/Prefabs/prefab_SM_grass_bush_simple_04.prefab using Guid(4237bad11094d7e478ef825d2e14085c) Importer(815301076,1909f56bfc062723c751e8b465ee728b) [PhysX] Initialized MultithreadedTaskDispatcher with 16 workers.
[PhysX] Initialized MultithreadedTaskDispatcher with 16 workers.
 -> (artifact id: '70bf130833cecb7af9e4cb885e70d62a') in 0.030953 seconds
Number of updated asset objects reloaded before import = 0
Number of asset objects unloaded after import = 12
========================================================================
Received Import Request.
  Time since last request: 0.000036 seconds.
  path: Assets/NatureManufacture Assets/Advanced Foliage Pack/Unity grass/Unity Grass Models/Prefabs/prefab_unity_grass_fern_01_0.prefab
  artifactKey: Guid(95133c6c706394c479e5da7699cac586) Importer(815301076,1909f56bfc062723c751e8b465ee728b)
Start importing Assets/NatureManufacture Assets/Advanced Foliage Pack/Unity grass/Unity Grass Models/Prefabs/prefab_unity_grass_fern_01_0.prefab using Guid(95133c6c706394c479e5da7699cac586) Importer(815301076,1909f56bfc062723c751e8b465ee728b) [PhysX] Initialized MultithreadedTaskDispatcher with 16 workers.
[PhysX] Initialized MultithreadedTaskDispatcher with 16 workers.
 -> (artifact id: '00add78aeaca0f99cab41e9513e115e8') in 0.031471 seconds
Number of updated asset objects reloaded before import = 0
Number of asset objects unloaded after import = 11
========================================================================
Received Import Request.
  Time since last request: 0.000044 seconds.
  path: Assets/NatureManufacture Assets/Advanced Foliage Pack/Unity grass/Unity Grass Models/Prefabs Snow/prefab_unity_Snow_grass_grass_bush_03.prefab
  artifactKey: Guid(454a172349fd4a84b950c60998f29b04) Importer(815301076,1909f56bfc062723c751e8b465ee728b)
Start importing Assets/NatureManufacture Assets/Advanced Foliage Pack/Unity grass/Unity Grass Models/Prefabs Snow/prefab_unity_Snow_grass_grass_bush_03.prefab using Guid(454a172349fd4a84b950c60998f29b04) Importer(815301076,1909f56bfc062723c751e8b465ee728b) [PhysX] Initialized MultithreadedTaskDispatcher with 16 workers.
[PhysX] Initialized MultithreadedTaskDispatcher with 16 workers.
 -> (artifact id: 'a35d2ae8976b74969e89bd34c675e1c4') in 0.040722 seconds
Number of updated asset objects reloaded before import = 0
Number of asset objects unloaded after import = 12
========================================================================
Received Import Request.
  Time since last request: 0.000041 seconds.
  path: Assets/NatureManufacture Assets/Advanced Foliage Pack/Unity grass/Unity Grass Models/Prefabs/prefab_unity_grass_fern_01_2.prefab
  artifactKey: Guid(2714167ea71bf0c499cda24213ada456) Importer(815301076,1909f56bfc062723c751e8b465ee728b)
Start importing Assets/NatureManufacture Assets/Advanced Foliage Pack/Unity grass/Unity Grass Models/Prefabs/prefab_unity_grass_fern_01_2.prefab using Guid(2714167ea71bf0c499cda24213ada456) Importer(815301076,1909f56bfc062723c751e8b465ee728b) [PhysX] Initialized MultithreadedTaskDispatcher with 16 workers.
[PhysX] Initialized MultithreadedTaskDispatcher with 16 workers.
 -> (artifact id: '2c60aa1b73c53bf92bbf5c5a8a148a5d') in 0.046567 seconds
Number of updated asset objects reloaded before import = 0
Number of asset objects unloaded after import = 11
========================================================================
Received Import Request.
  Time since last request: 0.000056 seconds.
  path: Assets/NatureManufacture Assets/Advanced Foliage Pack/Unity grass/Unity Grass Models/Prefabs Snow/prefab_unity_Snow_grass_grass_bush_01.prefab
  artifactKey: Guid(7664a6318475baa49a3d8dbb423c2895) Importer(815301076,1909f56bfc062723c751e8b465ee728b)
Start importing Assets/NatureManufacture Assets/Advanced Foliage Pack/Unity grass/Unity Grass Models/Prefabs Snow/prefab_unity_Snow_grass_grass_bush_01.prefab using Guid(7664a6318475baa49a3d8dbb423c2895) Importer(815301076,1909f56bfc062723c751e8b465ee728b) [PhysX] Initialized MultithreadedTaskDispatcher with 16 workers.
[PhysX] Initialized MultithreadedTaskDispatcher with 16 workers.
 -> (artifact id: 'ffb6ceaa31b82c8e28e6889e80e8bef3') in 0.041941 seconds
Number of updated asset objects reloaded before import = 0
Number of asset objects unloaded after import = 12
========================================================================
Received Import Request.
  Time since last request: 0.000099 seconds.
  path: Assets/NatureManufacture Assets/Advanced Foliage Pack/Unity grass/Unity Grass Models/Prefabs/prefab_unity_grass_ground_foliage_04_0.prefab
  artifactKey: Guid(a4a9e2a8087ec864d864d7b3033126da) Importer(815301076,1909f56bfc062723c751e8b465ee728b)
Start importing Assets/NatureManufacture Assets/Advanced Foliage Pack/Unity grass/Unity Grass Models/Prefabs/prefab_unity_grass_ground_foliage_04_0.prefab using Guid(a4a9e2a8087ec864d864d7b3033126da) Importer(815301076,1909f56bfc062723c751e8b465ee728b) [PhysX] Initialized MultithreadedTaskDispatcher with 16 workers.
[PhysX] Initialized MultithreadedTaskDispatcher with 16 workers.
 -> (artifact id: '0dece06b733215b724f2c83c84dffa60') in 0.028594 seconds
Number of updated asset objects reloaded before import = 0
Number of asset objects unloaded after import = 11
========================================================================
Received Import Request.
  Time since last request: 0.000039 seconds.
  path: Assets/NatureManufacture Assets/Advanced Foliage Pack/Unity grass/Unity Grass Models/Prefabs/prefab_unity_grass_grass_bush_02.prefab
  artifactKey: Guid(dc9ebae8f0fccf34a88de7cba39b0ba8) Importer(815301076,1909f56bfc062723c751e8b465ee728b)
Start importing Assets/NatureManufacture Assets/Advanced Foliage Pack/Unity grass/Unity Grass Models/Prefabs/prefab_unity_grass_grass_bush_02.prefab using Guid(dc9ebae8f0fccf34a88de7cba39b0ba8) Importer(815301076,1909f56bfc062723c751e8b465ee728b) [PhysX] Initialized MultithreadedTaskDispatcher with 16 workers.
[PhysX] Initialized MultithreadedTaskDispatcher with 16 workers.
 -> (artifact id: 'fc6e1a967670663511378829151c2e55') in 0.035074 seconds
Number of updated asset objects reloaded before import = 0
Number of asset objects unloaded after import = 11
========================================================================
Received Import Request.
  Time since last request: 0.000040 seconds.
  path: Assets/NatureManufacture Assets/Advanced Foliage Pack/Unity grass/Unity Grass Models/Prefabs/prefab_unity_grass_grass_bush_simple_02.prefab
  artifactKey: Guid(1ce2545741b8b484888ff1d29ac36d7e) Importer(815301076,1909f56bfc062723c751e8b465ee728b)
Start importing Assets/NatureManufacture Assets/Advanced Foliage Pack/Unity grass/Unity Grass Models/Prefabs/prefab_unity_grass_grass_bush_simple_02.prefab using Guid(1ce2545741b8b484888ff1d29ac36d7e) Importer(815301076,1909f56bfc062723c751e8b465ee728b) [PhysX] Initialized MultithreadedTaskDispatcher with 16 workers.
[PhysX] Initialized MultithreadedTaskDispatcher with 16 workers.
 -> (artifact id: 'd91a54cddec093eb8a977507c6b1ac37') in 0.032121 seconds
Number of updated asset objects reloaded before import = 0
Number of asset objects unloaded after import = 11
========================================================================
Received Import Request.
  Time since last request: 0.000054 seconds.
  path: Assets/NatureManufacture Assets/Advanced Foliage Pack/Unity grass/Unity Grass Models/Prefabs Snow/prefab_unity_Snow_grass_grass_bush_simple_04.prefab
  artifactKey: Guid(6dd00bfd1b3143e42902c35b8ae9b62f) Importer(815301076,1909f56bfc062723c751e8b465ee728b)
Start importing Assets/NatureManufacture Assets/Advanced Foliage Pack/Unity grass/Unity Grass Models/Prefabs Snow/prefab_unity_Snow_grass_grass_bush_simple_04.prefab using Guid(6dd00bfd1b3143e42902c35b8ae9b62f) Importer(815301076,1909f56bfc062723c751e8b465ee728b) [PhysX] Initialized MultithreadedTaskDispatcher with 16 workers.
[PhysX] Initialized MultithreadedTaskDispatcher with 16 workers.
 -> (artifact id: '6978fe478a75cd2139c48607d3e77e97') in 0.041897 seconds
Number of updated asset objects reloaded before import = 0
Number of asset objects unloaded after import = 12
========================================================================
Received Import Request.
  Time since last request: 0.000041 seconds.
  path: Assets/NatureManufacture Assets/Advanced Foliage Pack/Unity grass/Unity Grass Models/Prefabs Snow/prefab_unity_Snow_grass_fern_01_2.prefab
  artifactKey: Guid(0906758ffb7a1c748b4bd50b80cb135e) Importer(815301076,1909f56bfc062723c751e8b465ee728b)
Start importing Assets/NatureManufacture Assets/Advanced Foliage Pack/Unity grass/Unity Grass Models/Prefabs Snow/prefab_unity_Snow_grass_fern_01_2.prefab using Guid(0906758ffb7a1c748b4bd50b80cb135e) Importer(815301076,1909f56bfc062723c751e8b465ee728b) [PhysX] Initialized MultithreadedTaskDispatcher with 16 workers.
[PhysX] Initialized MultithreadedTaskDispatcher with 16 workers.
 -> (artifact id: 'c2e8416101b269a7a97a8ed42ef3295c') in 0.042731 seconds
Number of updated asset objects reloaded before import = 0
Number of asset objects unloaded after import = 12
========================================================================
Received Import Request.
  Time since last request: 0.000037 seconds.
  path: Assets/NatureManufacture Assets/Advanced Foliage Pack/Unity grass/Unity Grass Models/Prefabs Snow/prefab_unity_Snow_grass_grass_bush_simple_03.prefab
  artifactKey: Guid(b3b3d51e2d3a87245b1820955da747bb) Importer(815301076,1909f56bfc062723c751e8b465ee728b)
Start importing Assets/NatureManufacture Assets/Advanced Foliage Pack/Unity grass/Unity Grass Models/Prefabs Snow/prefab_unity_Snow_grass_grass_bush_simple_03.prefab using Guid(b3b3d51e2d3a87245b1820955da747bb) Importer(815301076,1909f56bfc062723c751e8b465ee728b) [PhysX] Initialized MultithreadedTaskDispatcher with 16 workers.
[PhysX] Initialized MultithreadedTaskDispatcher with 16 workers.
 -> (artifact id: 'c602a56a2f798205b5ea0713f98bc9fc') in 0.052737 seconds
Number of updated asset objects reloaded before import = 0
Number of asset objects unloaded after import = 12
========================================================================
Received Import Request.
  Time since last request: 0.000036 seconds.
  path: Assets/NatureManufacture Assets/Advanced Foliage Pack/Unity grass/Unity Grass Models/Prefabs Snow/prefab_unity_Snow_grass_grass_bush_02.prefab
  artifactKey: Guid(5ab506f1277b27a4ca14d5955ad93369) Importer(815301076,1909f56bfc062723c751e8b465ee728b)
Start importing Assets/NatureManufacture Assets/Advanced Foliage Pack/Unity grass/Unity Grass Models/Prefabs Snow/prefab_unity_Snow_grass_grass_bush_02.prefab using Guid(5ab506f1277b27a4ca14d5955ad93369) Importer(815301076,1909f56bfc062723c751e8b465ee728b) [PhysX] Initialized MultithreadedTaskDispatcher with 16 workers.
[PhysX] Initialized MultithreadedTaskDispatcher with 16 workers.
 -> (artifact id: 'ab3dbefdc8d468a63f85f233261a5cab') in 0.040095 seconds
Number of updated asset objects reloaded before import = 0
Number of asset objects unloaded after import = 12
========================================================================
Received Import Request.
  Time since last request: 0.000060 seconds.
  path: Assets/NatureManufacture Assets/Advanced Foliage Pack/Unity grass/Unity Grass Models/Prefabs Snow/prefab_unity_Snow_grass_fern_01_1.prefab
  artifactKey: Guid(7c22d0258380cad42a7d6ea964f9cbc1) Importer(815301076,1909f56bfc062723c751e8b465ee728b)
Start importing Assets/NatureManufacture Assets/Advanced Foliage Pack/Unity grass/Unity Grass Models/Prefabs Snow/prefab_unity_Snow_grass_fern_01_1.prefab using Guid(7c22d0258380cad42a7d6ea964f9cbc1) Importer(815301076,1909f56bfc062723c751e8b465ee728b) [PhysX] Initialized MultithreadedTaskDispatcher with 16 workers.
[PhysX] Initialized MultithreadedTaskDispatcher with 16 workers.
 -> (artifact id: '68cc3def2cf9939593a04751175589d8') in 0.037447 seconds
Number of updated asset objects reloaded before import = 0
Number of asset objects unloaded after import = 12
========================================================================
Received Import Request.
  Time since last request: 0.000041 seconds.
  path: Assets/NatureManufacture Assets/Advanced Foliage Pack/Unity grass/Unity Grass Models/Prefabs/prefab_unity_grass_grass_bush_simple_04.prefab
  artifactKey: Guid(15ebbea7ad2230e4b9bd7bb636d8d545) Importer(815301076,1909f56bfc062723c751e8b465ee728b)
Start importing Assets/NatureManufacture Assets/Advanced Foliage Pack/Unity grass/Unity Grass Models/Prefabs/prefab_unity_grass_grass_bush_simple_04.prefab using Guid(15ebbea7ad2230e4b9bd7bb636d8d545) Importer(815301076,1909f56bfc062723c751e8b465ee728b) [PhysX] Initialized MultithreadedTaskDispatcher with 16 workers.
[PhysX] Initialized MultithreadedTaskDispatcher with 16 workers.
 -> (artifact id: '958970168953a9b040b65098345947cd') in 0.030846 seconds
Number of updated asset objects reloaded before import = 0
Number of asset objects unloaded after import = 11
========================================================================
Received Import Request.
  Time since last request: 242.108961 seconds.
  path: Assets/PBR_Grass_Flowers_Pack_01/textures/big_green_grass01.tga
  artifactKey: Guid(621ba95950da03642acee278d94d6d49) Importer(815301076,1909f56bfc062723c751e8b465ee728b)
Start importing Assets/PBR_Grass_Flowers_Pack_01/textures/big_green_grass01.tga using Guid(621ba95950da03642acee278d94d6d49) Importer(815301076,1909f56bfc062723c751e8b465ee728b) [PhysX] Initialized MultithreadedTaskDispatcher with 16 workers.
[PhysX] Initialized MultithreadedTaskDispatcher with 16 workers.
 -> (artifact id: 'fd9f3a707909ddaaacb04fd32a8fb448') in 0.071054 seconds
Number of updated asset objects reloaded before import = 0
Number of asset objects unloaded after import = 2
========================================================================
Received Import Request.
  Time since last request: 0.000073 seconds.
  path: Assets/PBR_Grass_Flowers_Pack_01/materials/big_green_grass02.mat
  artifactKey: Guid(33505b4809dd84241beab22c8734fe79) Importer(815301076,1909f56bfc062723c751e8b465ee728b)
Start importing Assets/PBR_Grass_Flowers_Pack_01/materials/big_green_grass02.mat using Guid(33505b4809dd84241beab22c8734fe79) Importer(815301076,1909f56bfc062723c751e8b465ee728b) [PhysX] Initialized MultithreadedTaskDispatcher with 16 workers.
[PhysX] Initialized MultithreadedTaskDispatcher with 16 workers.
 -> (artifact id: 'e710566f9d40a1feda87468e11e609ce') in 0.198401 seconds
Number of updated asset objects reloaded before import = 0
Number of asset objects unloaded after import = 4
========================================================================
Received Import Request.
  Time since last request: 0.000053 seconds.
  path: Assets/PBR_Grass_Flowers_Pack_01/textures/big_green_grass01_N.png
  artifactKey: Guid(95f0656d3ef565849b562db01116ad40) Importer(815301076,1909f56bfc062723c751e8b465ee728b)
Start importing Assets/PBR_Grass_Flowers_Pack_01/textures/big_green_grass01_N.png using Guid(95f0656d3ef565849b562db01116ad40) Importer(815301076,1909f56bfc062723c751e8b465ee728b) [PhysX] Initialized MultithreadedTaskDispatcher with 16 workers.
[PhysX] Initialized MultithreadedTaskDispatcher with 16 workers.
 -> (artifact id: '57e563630a26b11cafec257db3ca65e4') in 0.035612 seconds
Number of updated asset objects reloaded before import = 0
Number of asset objects unloaded after import = 2
========================================================================
Received Import Request.
  Time since last request: 0.000046 seconds.
  path: Assets/PBR_Grass_Flowers_Pack_01/textures/BlindnessGrass02.tga
  artifactKey: Guid(d6709f2527900fa4a93efc162336c303) Importer(815301076,1909f56bfc062723c751e8b465ee728b)
Start importing Assets/PBR_Grass_Flowers_Pack_01/textures/BlindnessGrass02.tga using Guid(d6709f2527900fa4a93efc162336c303) Importer(815301076,1909f56bfc062723c751e8b465ee728b) [PhysX] Initialized MultithreadedTaskDispatcher with 16 workers.
[PhysX] Initialized MultithreadedTaskDispatcher with 16 workers.
 -> (artifact id: '9d27aa242b118fec0bb97704d2bad15f') in 0.026499 seconds
Number of updated asset objects reloaded before import = 0
Number of asset objects unloaded after import = 2
========================================================================
Received Import Request.
  Time since last request: 0.000039 seconds.
  path: Assets/PBR_Grass_Flowers_Pack_01/textures/BlindnessGrass01.tga
  artifactKey: Guid(4410b96683ed7a44fa046f57ee39360c) Importer(815301076,1909f56bfc062723c751e8b465ee728b)
Start importing Assets/PBR_Grass_Flowers_Pack_01/textures/BlindnessGrass01.tga using Guid(4410b96683ed7a44fa046f57ee39360c) Importer(815301076,1909f56bfc062723c751e8b465ee728b) [PhysX] Initialized MultithreadedTaskDispatcher with 16 workers.
[PhysX] Initialized MultithreadedTaskDispatcher with 16 workers.
 -> (artifact id: '05eb640fe2aac98927755e60bcfbe3ed') in 0.025319 seconds
Number of updated asset objects reloaded before import = 0
Number of asset objects unloaded after import = 2
========================================================================
Received Import Request.
  Time since last request: 0.000041 seconds.
  path: Assets/PBR_Grass_Flowers_Pack_01/textures/BlindnessGrass01_N.tga
  artifactKey: Guid(b99ac635e789dc04d96064aee3e2c59b) Importer(815301076,1909f56bfc062723c751e8b465ee728b)
Start importing Assets/PBR_Grass_Flowers_Pack_01/textures/BlindnessGrass01_N.tga using Guid(b99ac635e789dc04d96064aee3e2c59b) Importer(815301076,1909f56bfc062723c751e8b465ee728b) [PhysX] Initialized MultithreadedTaskDispatcher with 16 workers.
[PhysX] Initialized MultithreadedTaskDispatcher with 16 workers.
 -> (artifact id: '5c176a28dfcc58858aa1ec44618bcc30') in 0.026205 seconds
Number of updated asset objects reloaded before import = 0
Number of asset objects unloaded after import = 2
========================================================================
Received Import Request.
  Time since last request: 0.000053 seconds.
  path: Assets/PBR_Grass_Flowers_Pack_01/textures/BlindnessGrass01_G.tga
  artifactKey: Guid(2fb40b44ada409e4a8f6e7dfc4658eec) Importer(815301076,1909f56bfc062723c751e8b465ee728b)
Start importing Assets/PBR_Grass_Flowers_Pack_01/textures/BlindnessGrass01_G.tga using Guid(2fb40b44ada409e4a8f6e7dfc4658eec) Importer(815301076,1909f56bfc062723c751e8b465ee728b) [PhysX] Initialized MultithreadedTaskDispatcher with 16 workers.
[PhysX] Initialized MultithreadedTaskDispatcher with 16 workers.
 -> (artifact id: '3bd20d7d36d3271fa7fdb3ad996399ec') in 0.024716 seconds
Number of updated asset objects reloaded before import = 0
Number of asset objects unloaded after import = 2
========================================================================
Received Import Request.
  Time since last request: 0.000031 seconds.
  path: Assets/PBR_Grass_Flowers_Pack_01/ExtraMeshes/ForestGrassDet01.fbx
  artifactKey: Guid(a20f981380e0cb34db7d4f1baa4312ee) Importer(815301076,1909f56bfc062723c751e8b465ee728b)
Start importing Assets/PBR_Grass_Flowers_Pack_01/ExtraMeshes/ForestGrassDet01.fbx using Guid(a20f981380e0cb34db7d4f1baa4312ee) Importer(815301076,1909f56bfc062723c751e8b465ee728b) [PhysX] Initialized MultithreadedTaskDispatcher with 16 workers.
[PhysX] Initialized MultithreadedTaskDispatcher with 16 workers.
[PhysX] Initialized MultithreadedTaskDispatcher with 16 workers.
 -> (artifact id: 'd34636901ed00d3f22642898dce942eb') in 0.166565 seconds
Number of updated asset objects reloaded before import = 0
Number of asset objects unloaded after import = 11
========================================================================
Received Import Request.
  Time since last request: 0.000049 seconds.
  path: Assets/PBR_Grass_Flowers_Pack_01/ExtraMeshes/Materials/ForestGrassDet01.mat
  artifactKey: Guid(8a570c812b9ece049b9b931744d4bece) Importer(815301076,1909f56bfc062723c751e8b465ee728b)
Start importing Assets/PBR_Grass_Flowers_Pack_01/ExtraMeshes/Materials/ForestGrassDet01.mat using Guid(8a570c812b9ece049b9b931744d4bece) Importer(815301076,1909f56bfc062723c751e8b465ee728b) [PhysX] Initialized MultithreadedTaskDispatcher with 16 workers.
[PhysX] Initialized MultithreadedTaskDispatcher with 16 workers.
 -> (artifact id: 'ff3f5ed4ca2a1be689f94e320b66e1d1') in 0.033940 seconds
Number of updated asset objects reloaded before import = 0
Number of asset objects unloaded after import = 4
========================================================================
Received Import Request.
  Time since last request: 0.000055 seconds.
  path: Assets/PBR_Grass_Flowers_Pack_01/models/DryGrassDetail03.prefab
  artifactKey: Guid(d1852bcc9999f9e42aa46ffbcd99fca1) Importer(815301076,1909f56bfc062723c751e8b465ee728b)
Start importing Assets/PBR_Grass_Flowers_Pack_01/models/DryGrassDetail03.prefab using Guid(d1852bcc9999f9e42aa46ffbcd99fca1) Importer(815301076,1909f56bfc062723c751e8b465ee728b) [PhysX] Initialized MultithreadedTaskDispatcher with 16 workers.
[PhysX] Initialized MultithreadedTaskDispatcher with 16 workers.
[PhysX] Initialized MultithreadedTaskDispatcher with 16 workers.
[PhysX] Initialized MultithreadedTaskDispatcher with 16 workers.
[PhysX] Initialized MultithreadedTaskDispatcher with 16 workers.
 -> (artifact id: '40a949246293f7fdd2de269734e4e1be') in 0.273608 seconds
Number of updated asset objects reloaded before import = 0
Number of asset objects unloaded after import = 15
========================================================================
Received Import Request.
  Time since last request: 0.000042 seconds.
  path: Assets/TerrainSampleAssets/Materials/Grass.asset
  artifactKey: Guid(fc123ab8f2eb56945b5849155624e2c0) Importer(815301076,1909f56bfc062723c751e8b465ee728b)
Start importing Assets/TerrainSampleAssets/Materials/Grass.asset using Guid(fc123ab8f2eb56945b5849155624e2c0) Importer(815301076,1909f56bfc062723c751e8b465ee728b) [PhysX] Initialized MultithreadedTaskDispatcher with 16 workers.
[PhysX] Initialized MultithreadedTaskDispatcher with 16 workers.
 -> (artifact id: '13f87f77e4ae2cb47659ea201dfcc04e') in 0.085648 seconds
Number of updated asset objects reloaded before import = 0
Number of asset objects unloaded after import = 5
========================================================================
Received Import Request.
  Time since last request: 0.000046 seconds.
  path: Assets/PBR_Grass_Flowers_Pack_01/models/BigGreenGrassDetail03.prefab
  artifactKey: Guid(5f96846edd9104f48b033903a41a4294) Importer(815301076,1909f56bfc062723c751e8b465ee728b)
Start importing Assets/PBR_Grass_Flowers_Pack_01/models/BigGreenGrassDetail03.prefab using Guid(5f96846edd9104f48b033903a41a4294) Importer(815301076,1909f56bfc062723c751e8b465ee728b) [PhysX] Initialized MultithreadedTaskDispatcher with 16 workers.
[PhysX] Initialized MultithreadedTaskDispatcher with 16 workers.
[PhysX] Initialized MultithreadedTaskDispatcher with 16 workers.
[PhysX] Initialized MultithreadedTaskDispatcher with 16 workers.
[PhysX] Initialized MultithreadedTaskDispatcher with 16 workers.
 -> (artifact id: '7aea7e0b667dedaf2a935ebfcffb74cd') in 0.151830 seconds
Number of updated asset objects reloaded before import = 0
Number of asset objects unloaded after import = 23
========================================================================
Received Import Request.
  Time since last request: 0.000046 seconds.
  path: Assets/PBR_Grass_Flowers_Pack_01/models/BigGreenGrassDetail02.prefab
  artifactKey: Guid(2c9e9a11666131446b7451438d9f8fda) Importer(815301076,1909f56bfc062723c751e8b465ee728b)
Start importing Assets/PBR_Grass_Flowers_Pack_01/models/BigGreenGrassDetail02.prefab using Guid(2c9e9a11666131446b7451438d9f8fda) Importer(815301076,1909f56bfc062723c751e8b465ee728b) [PhysX] Initialized MultithreadedTaskDispatcher with 16 workers.
[PhysX] Initialized MultithreadedTaskDispatcher with 16 workers.
[PhysX] Initialized MultithreadedTaskDispatcher with 16 workers.
[PhysX] Initialized MultithreadedTaskDispatcher with 16 workers.
[PhysX] Initialized MultithreadedTaskDispatcher with 16 workers.
 -> (artifact id: '8b061601b69ec79a6c3d70c0f474b805') in 0.152886 seconds
Number of updated asset objects reloaded before import = 0
Number of asset objects unloaded after import = 23
========================================================================
Received Import Request.
  Time since last request: 0.000054 seconds.
  path: Assets/PBR_Grass_Flowers_Pack_01/textures/BlindnessGrass02_N.tga
  artifactKey: Guid(9adc2ae1388b77445a5becece1d7cee0) Importer(815301076,1909f56bfc062723c751e8b465ee728b)
Start importing Assets/PBR_Grass_Flowers_Pack_01/textures/BlindnessGrass02_N.tga using Guid(9adc2ae1388b77445a5becece1d7cee0) Importer(815301076,1909f56bfc062723c751e8b465ee728b) [PhysX] Initialized MultithreadedTaskDispatcher with 16 workers.
[PhysX] Initialized MultithreadedTaskDispatcher with 16 workers.
 -> (artifact id: '245db24dd49693de370f1e21cf2c50e5') in 0.022305 seconds
Number of updated asset objects reloaded before import = 0
Number of asset objects unloaded after import = 2
========================================================================
Received Import Request.
  Time since last request: 0.000034 seconds.
  path: Assets/PBR_Grass_Flowers_Pack_01/ExtraMeshes/Textures/ForestGrassDet01_N.png
  artifactKey: Guid(7013d0da3436d7743b25676c8b8c3c18) Importer(815301076,1909f56bfc062723c751e8b465ee728b)
Start importing Assets/PBR_Grass_Flowers_Pack_01/ExtraMeshes/Textures/ForestGrassDet01_N.png using Guid(7013d0da3436d7743b25676c8b8c3c18) Importer(815301076,1909f56bfc062723c751e8b465ee728b) [PhysX] Initialized MultithreadedTaskDispatcher with 16 workers.
[PhysX] Initialized MultithreadedTaskDispatcher with 16 workers.
 -> (artifact id: 'f4cc23e46e7cdb363747f6ea2c8b1c23') in 0.028022 seconds
Number of updated asset objects reloaded before import = 0
Number of asset objects unloaded after import = 2
========================================================================
Received Import Request.
  Time since last request: 0.000227 seconds.
  path: Assets/PBR_Grass_Flowers_Pack_01/models/DryGrassDetail02.prefab
  artifactKey: Guid(c4daf44011f221846bec7f799d459630) Importer(815301076,1909f56bfc062723c751e8b465ee728b)
Start importing Assets/PBR_Grass_Flowers_Pack_01/models/DryGrassDetail02.prefab using Guid(c4daf44011f221846bec7f799d459630) Importer(815301076,1909f56bfc062723c751e8b465ee728b) [PhysX] Initialized MultithreadedTaskDispatcher with 16 workers.
[PhysX] Initialized MultithreadedTaskDispatcher with 16 workers.
[PhysX] Initialized MultithreadedTaskDispatcher with 16 workers.
[PhysX] Initialized MultithreadedTaskDispatcher with 16 workers.
[PhysX] Initialized MultithreadedTaskDispatcher with 16 workers.
 -> (artifact id: 'a2084b57ffd6e5203a2fcbdc6d02dafe') in 0.097769 seconds
Number of updated asset objects reloaded before import = 0
Number of asset objects unloaded after import = 15
========================================================================
Received Import Request.
  Time since last request: 0.000043 seconds.
  path: Assets/PBR_Grass_Flowers_Pack_01/textures/big_green_grass01_G.tga
  artifactKey: Guid(0647b220b90a3e940ae70ad3ebc07272) Importer(815301076,1909f56bfc062723c751e8b465ee728b)
Start importing Assets/PBR_Grass_Flowers_Pack_01/textures/big_green_grass01_G.tga using Guid(0647b220b90a3e940ae70ad3ebc07272) Importer(815301076,1909f56bfc062723c751e8b465ee728b) [PhysX] Initialized MultithreadedTaskDispatcher with 16 workers.
[PhysX] Initialized MultithreadedTaskDispatcher with 16 workers.
 -> (artifact id: 'ed89ac96d85ceab4767b9e7f42042185') in 0.023773 seconds
Number of updated asset objects reloaded before import = 0
Number of asset objects unloaded after import = 2
========================================================================
Received Import Request.
  Time since last request: 0.000057 seconds.
  path: Assets/PBR_Grass_Flowers_Pack_01/textures/big_green_grass02_G.tga
  artifactKey: Guid(26807c746c048da4995435871e34f1e2) Importer(815301076,1909f56bfc062723c751e8b465ee728b)
Start importing Assets/PBR_Grass_Flowers_Pack_01/textures/big_green_grass02_G.tga using Guid(26807c746c048da4995435871e34f1e2) Importer(815301076,1909f56bfc062723c751e8b465ee728b) [PhysX] Initialized MultithreadedTaskDispatcher with 16 workers.
[PhysX] Initialized MultithreadedTaskDispatcher with 16 workers.
 -> (artifact id: 'cdd47206dd7eaf4371244c4570bc2da4') in 0.022107 seconds
Number of updated asset objects reloaded before import = 0
Number of asset objects unloaded after import = 2
========================================================================
Received Import Request.
  Time since last request: 0.000039 seconds.
  path: Assets/PBR_Grass_Flowers_Pack_01/textures/BlindnessGrass02_G.tga
  artifactKey: Guid(b5e5dd409afa62a40b5531ff1ba8cd33) Importer(815301076,1909f56bfc062723c751e8b465ee728b)
Start importing Assets/PBR_Grass_Flowers_Pack_01/textures/BlindnessGrass02_G.tga using Guid(b5e5dd409afa62a40b5531ff1ba8cd33) Importer(815301076,1909f56bfc062723c751e8b465ee728b) [PhysX] Initialized MultithreadedTaskDispatcher with 16 workers.
[PhysX] Initialized MultithreadedTaskDispatcher with 16 workers.
 -> (artifact id: '1fc22b4377d5e78066032ceed08310f8') in 0.027673 seconds
Number of updated asset objects reloaded before import = 0
Number of asset objects unloaded after import = 2
========================================================================
Received Import Request.
  Time since last request: 0.280097 seconds.
  path: Assets/TerrainSampleAssets/Textures/Details/Grass_A_Normal.tif
  artifactKey: Guid(9a1568052101f2f48ba76e7342adc3f3) Importer(815301076,1909f56bfc062723c751e8b465ee728b)
Start importing Assets/TerrainSampleAssets/Textures/Details/Grass_A_Normal.tif using Guid(9a1568052101f2f48ba76e7342adc3f3) Importer(815301076,1909f56bfc062723c751e8b465ee728b) [PhysX] Initialized MultithreadedTaskDispatcher with 16 workers.
[PhysX] Initialized MultithreadedTaskDispatcher with 16 workers.
 -> (artifact id: '5078bc9a75559c7e5601dab6c0a0eeac') in 0.030592 seconds
Number of updated asset objects reloaded before import = 0
Number of asset objects unloaded after import = 2
========================================================================
Received Import Request.
  Time since last request: 0.000053 seconds.
  path: Assets/TerrainDemoScene_HDRP/Terrain/Layers/Grass_B.terrainlayer
  artifactKey: Guid(98161dad8311f8f4bac0cbcf00c786d6) Importer(815301076,1909f56bfc062723c751e8b465ee728b)
Start importing Assets/TerrainDemoScene_HDRP/Terrain/Layers/Grass_B.terrainlayer using Guid(98161dad8311f8f4bac0cbcf00c786d6) Importer(815301076,1909f56bfc062723c751e8b465ee728b) [PhysX] Initialized MultithreadedTaskDispatcher with 16 workers.
 -> (artifact id: '5ba1ef05fd22f3bcde7b9127150f561b') in 0.045340 seconds
Number of updated asset objects reloaded before import = 0
Number of asset objects unloaded after import = 5
========================================================================
Received Import Request.
  Time since last request: 0.000037 seconds.
  path: Assets/TerrainDemoScene_HDRP/Terrain/Layers/Grass_Moss_A.terrainlayer
  artifactKey: Guid(c92d180648e3c4149b7f024457016b52) Importer(815301076,1909f56bfc062723c751e8b465ee728b)
Start importing Assets/TerrainDemoScene_HDRP/Terrain/Layers/Grass_Moss_A.terrainlayer using Guid(c92d180648e3c4149b7f024457016b52) Importer(815301076,1909f56bfc062723c751e8b465ee728b) [PhysX] Initialized MultithreadedTaskDispatcher with 16 workers.
 -> (artifact id: '57e6d09ac48b76d965c22057a26db23c') in 0.026290 seconds
Number of updated asset objects reloaded before import = 0
Number of asset objects unloaded after import = 5
========================================================================
Received Import Request.
  Time since last request: 0.000057 seconds.
  path: Assets/TerrainSampleAssets/Textures/Details/Grass_C_BaseColor.tif
  artifactKey: Guid(696617d4dc7551d4cb58b7f30d022160) Importer(815301076,1909f56bfc062723c751e8b465ee728b)
Start importing Assets/TerrainSampleAssets/Textures/Details/Grass_C_BaseColor.tif using Guid(696617d4dc7551d4cb58b7f30d022160) Importer(815301076,1909f56bfc062723c751e8b465ee728b) [PhysX] Initialized MultithreadedTaskDispatcher with 16 workers.
[PhysX] Initialized MultithreadedTaskDispatcher with 16 workers.
 -> (artifact id: '03d251cc5d42222b19a89a9395bba482') in 0.024233 seconds
Number of updated asset objects reloaded before import = 0
Number of asset objects unloaded after import = 2
========================================================================
Received Import Request.
  Time since last request: 0.000048 seconds.
  path: Assets/PBR_Grass_Flowers_Pack_01/models/GrassDetail03.prefab
  artifactKey: Guid(ae2d92885c77c9d46a2d6c9ca3a608bf) Importer(815301076,1909f56bfc062723c751e8b465ee728b)
Start importing Assets/PBR_Grass_Flowers_Pack_01/models/GrassDetail03.prefab using Guid(ae2d92885c77c9d46a2d6c9ca3a608bf) Importer(815301076,1909f56bfc062723c751e8b465ee728b) [PhysX] Initialized MultithreadedTaskDispatcher with 16 workers.
[PhysX] Initialized MultithreadedTaskDispatcher with 16 workers.
[PhysX] Initialized MultithreadedTaskDispatcher with 16 workers.
[PhysX] Initialized MultithreadedTaskDispatcher with 16 workers.
[PhysX] Initialized MultithreadedTaskDispatcher with 16 workers.
 -> (artifact id: '7e593e16700fa72fc787299968a1ea11') in 0.083325 seconds
Number of updated asset objects reloaded before import = 0
Number of asset objects unloaded after import = 49
========================================================================
Received Import Request.
  Time since last request: 0.000039 seconds.
  path: Assets/TerrainSampleAssets/Models/GrassDry_C.asset
  artifactKey: Guid(9a249c33299836d45ae597069d9324e2) Importer(815301076,1909f56bfc062723c751e8b465ee728b)
Start importing Assets/TerrainSampleAssets/Models/GrassDry_C.asset using Guid(9a249c33299836d45ae597069d9324e2) Importer(815301076,1909f56bfc062723c751e8b465ee728b) [PhysX] Initialized MultithreadedTaskDispatcher with 16 workers.
[PhysX] Initialized MultithreadedTaskDispatcher with 16 workers.
 -> (artifact id: '0e3dcafb69476b9aae6778609aebb181') in 0.026330 seconds
Number of updated asset objects reloaded before import = 0
Number of asset objects unloaded after import = 2
========================================================================
Received Import Request.
  Time since last request: 0.000036 seconds.
  path: Assets/NatureManufacture Assets/Advanced Foliage Pack/Unity grass/Unity Grass Models/Materials/M_Unity_Grass_ground_foliage_03.mat
  artifactKey: Guid(f29a9b5ef6bcef64a85d36a3b716a5e6) Importer(815301076,1909f56bfc062723c751e8b465ee728b)
Start importing Assets/NatureManufacture Assets/Advanced Foliage Pack/Unity grass/Unity Grass Models/Materials/M_Unity_Grass_ground_foliage_03.mat using Guid(f29a9b5ef6bcef64a85d36a3b716a5e6) Importer(815301076,1909f56bfc062723c751e8b465ee728b) [PhysX] Initialized MultithreadedTaskDispatcher with 16 workers.
[PhysX] Initialized MultithreadedTaskDispatcher with 16 workers.
 -> (artifact id: '366ba4ad3fe8c16e6b4fc2c760bdca5d') in 0.031322 seconds
Number of updated asset objects reloaded before import = 0
Number of asset objects unloaded after import = 4
========================================================================
Received Import Request.
  Time since last request: 0.000048 seconds.
  path: Assets/NatureManufacture Assets/Advanced Foliage Pack/Advanced Grass/SM_grass_bush_03.fbx
  artifactKey: Guid(9a14e844b76e8ac4384b88e99d089287) Importer(815301076,1909f56bfc062723c751e8b465ee728b)
Start importing Assets/NatureManufacture Assets/Advanced Foliage Pack/Advanced Grass/SM_grass_bush_03.fbx using Guid(9a14e844b76e8ac4384b88e99d089287) Importer(815301076,1909f56bfc062723c751e8b465ee728b) [PhysX] Initialized MultithreadedTaskDispatcher with 16 workers.
[PhysX] Initialized MultithreadedTaskDispatcher with 16 workers.
[PhysX] Initialized MultithreadedTaskDispatcher with 16 workers.
[PhysX] Initialized MultithreadedTaskDispatcher with 16 workers.
[PhysX] Initialized MultithreadedTaskDispatcher with 16 workers.
[PhysX] Initialized MultithreadedTaskDispatcher with 16 workers.
[PhysX] Initialized MultithreadedTaskDispatcher with 16 workers.
[PhysX] Initialized MultithreadedTaskDispatcher with 16 workers.
 -> (artifact id: '89ba3638fbb110ec67ea3ed1b1e0c0d8') in 0.123472 seconds
Number of updated asset objects reloaded before import = 0
Number of asset objects unloaded after import = 20
========================================================================
Received Import Request.
  Time since last request: 0.000035 seconds.
  path: Assets/NatureManufacture Assets/Advanced Foliage Pack/Advanced Grass/SM_grass_bush_02.fbx
  artifactKey: Guid(aa03e85ca674c124a9cf62a5b00bb19e) Importer(815301076,1909f56bfc062723c751e8b465ee728b)
Start importing Assets/NatureManufacture Assets/Advanced Foliage Pack/Advanced Grass/SM_grass_bush_02.fbx using Guid(aa03e85ca674c124a9cf62a5b00bb19e) Importer(815301076,1909f56bfc062723c751e8b465ee728b) [PhysX] Initialized MultithreadedTaskDispatcher with 16 workers.
[PhysX] Initialized MultithreadedTaskDispatcher with 16 workers.
[PhysX] Initialized MultithreadedTaskDispatcher with 16 workers.
[PhysX] Initialized MultithreadedTaskDispatcher with 16 workers.
[PhysX] Initialized MultithreadedTaskDispatcher with 16 workers.
[PhysX] Initialized MultithreadedTaskDispatcher with 16 workers.
[PhysX] Initialized MultithreadedTaskDispatcher with 16 workers.
[PhysX] Initialized MultithreadedTaskDispatcher with 16 workers.
 -> (artifact id: '69c3f0d97918b944c193b7b685be128e') in 0.085276 seconds
Number of updated asset objects reloaded before import = 0
Number of asset objects unloaded after import = 20
========================================================================
Received Import Request.
  Time since last request: 0.000040 seconds.
  path: Assets/NatureManufacture Assets/Advanced Foliage Pack/Unity grass/Unity Billboard Grass/T_grass_02_A_M.png
  artifactKey: Guid(024f02280f1fa7041a4f993e6c3d6f40) Importer(815301076,1909f56bfc062723c751e8b465ee728b)
Start importing Assets/NatureManufacture Assets/Advanced Foliage Pack/Unity grass/Unity Billboard Grass/T_grass_02_A_M.png using Guid(024f02280f1fa7041a4f993e6c3d6f40) Importer(815301076,1909f56bfc062723c751e8b465ee728b) [PhysX] Initialized MultithreadedTaskDispatcher with 16 workers.
[PhysX] Initialized MultithreadedTaskDispatcher with 16 workers.
 -> (artifact id: '7b92e68cfdbaeb280311ce1a02e6b477') in 0.022117 seconds
Number of updated asset objects reloaded before import = 0
Number of asset objects unloaded after import = 2
========================================================================
Received Import Request.
  Time since last request: 0.000045 seconds.
  path: Assets/NatureManufacture Assets/Advanced Foliage Pack/Unity grass/Unity Billboard Grass/T_grass_09_Mt_AO_Sm.png
  artifactKey: Guid(28daebc6462b8d246bd13fc34115eb3d) Importer(815301076,1909f56bfc062723c751e8b465ee728b)
Start importing Assets/NatureManufacture Assets/Advanced Foliage Pack/Unity grass/Unity Billboard Grass/T_grass_09_Mt_AO_Sm.png using Guid(28daebc6462b8d246bd13fc34115eb3d) Importer(815301076,1909f56bfc062723c751e8b465ee728b) [PhysX] Initialized MultithreadedTaskDispatcher with 16 workers.
[PhysX] Initialized MultithreadedTaskDispatcher with 16 workers.
 -> (artifact id: '9e7d5a1c4254b094add38e96a3dc197a') in 0.025142 seconds
Number of updated asset objects reloaded before import = 0
Number of asset objects unloaded after import = 2
========================================================================
Received Import Request.
  Time since last request: 0.000040 seconds.
  path: Assets/NatureManufacture Assets/Advanced Foliage Pack/Ground Textures/T_Ground_Grass_02_A.tga
  artifactKey: Guid(04fe256eafc89d247af1715fa528b5d2) Importer(815301076,1909f56bfc062723c751e8b465ee728b)
Start importing Assets/NatureManufacture Assets/Advanced Foliage Pack/Ground Textures/T_Ground_Grass_02_A.tga using Guid(04fe256eafc89d247af1715fa528b5d2) Importer(815301076,1909f56bfc062723c751e8b465ee728b) [PhysX] Initialized MultithreadedTaskDispatcher with 16 workers.
[PhysX] Initialized MultithreadedTaskDispatcher with 16 workers.
 -> (artifact id: '39cf636c76aae1c05da6033690ec9cd3') in 0.023588 seconds
Number of updated asset objects reloaded before import = 0
Number of asset objects unloaded after import = 2
========================================================================
Received Import Request.
  Time since last request: 0.000038 seconds.
  path: Assets/NatureManufacture Assets/Advanced Foliage Pack/Advanced Grass/Textures/T_atlas_grass_01_dry_A_M.png
  artifactKey: Guid(ed7d339598b95a54a8d6421b92f2efd3) Importer(815301076,1909f56bfc062723c751e8b465ee728b)
Start importing Assets/NatureManufacture Assets/Advanced Foliage Pack/Advanced Grass/Textures/T_atlas_grass_01_dry_A_M.png using Guid(ed7d339598b95a54a8d6421b92f2efd3) Importer(815301076,1909f56bfc062723c751e8b465ee728b) [PhysX] Initialized MultithreadedTaskDispatcher with 16 workers.
[PhysX] Initialized MultithreadedTaskDispatcher with 16 workers.
 -> (artifact id: 'f4d6e4a8d05980688a4dac30fba93b18') in 0.026427 seconds
Number of updated asset objects reloaded before import = 0
Number of asset objects unloaded after import = 2
========================================================================
Received Import Request.
  Time since last request: 0.000047 seconds.
  path: Assets/NatureManufacture Assets/Advanced Foliage Pack/Advanced Grass/SM_grass_bush_simple_01.fbx
  artifactKey: Guid(2373cc2c0e91023418070ac2d8be5fd6) Importer(815301076,1909f56bfc062723c751e8b465ee728b)
Start importing Assets/NatureManufacture Assets/Advanced Foliage Pack/Advanced Grass/SM_grass_bush_simple_01.fbx using Guid(2373cc2c0e91023418070ac2d8be5fd6) Importer(815301076,1909f56bfc062723c751e8b465ee728b) [PhysX] Initialized MultithreadedTaskDispatcher with 16 workers.
[PhysX] Initialized MultithreadedTaskDispatcher with 16 workers.
[PhysX] Initialized MultithreadedTaskDispatcher with 16 workers.
 -> (artifact id: 'e21232814df35233bcc9e4aec43f9882') in 0.040084 seconds
Number of updated asset objects reloaded before import = 0
Number of asset objects unloaded after import = 7
========================================================================
Received Import Request.
  Time since last request: 0.000056 seconds.
  path: Assets/NatureManufacture Assets/Advanced Foliage Pack/Unity grass/Unity Billboard Grass/T_grass_01_AO_Sm.png
  artifactKey: Guid(4c30f960662432445960087a62a376c5) Importer(815301076,1909f56bfc062723c751e8b465ee728b)
Start importing Assets/NatureManufacture Assets/Advanced Foliage Pack/Unity grass/Unity Billboard Grass/T_grass_01_AO_Sm.png using Guid(4c30f960662432445960087a62a376c5) Importer(815301076,1909f56bfc062723c751e8b465ee728b) [PhysX] Initialized MultithreadedTaskDispatcher with 16 workers.
[PhysX] Initialized MultithreadedTaskDispatcher with 16 workers.
 -> (artifact id: '2f367d3c5588bef5faee7615c799e0ea') in 0.026725 seconds
Number of updated asset objects reloaded before import = 0
Number of asset objects unloaded after import = 2
========================================================================
Received Import Request.
  Time since last request: 0.000045 seconds.
  path: Assets/PBR_Grass_Flowers_Pack_01/materials/SpurgeGrass01.mat
  artifactKey: Guid(67040222d4222be4b9c1426d8e8d9021) Importer(815301076,1909f56bfc062723c751e8b465ee728b)
Start importing Assets/PBR_Grass_Flowers_Pack_01/materials/SpurgeGrass01.mat using Guid(67040222d4222be4b9c1426d8e8d9021) Importer(815301076,1909f56bfc062723c751e8b465ee728b) [PhysX] Initialized MultithreadedTaskDispatcher with 16 workers.
[PhysX] Initialized MultithreadedTaskDispatcher with 16 workers.
 -> (artifact id: '657c1dcbe4f0fbf8001ad6e7673afd29') in 0.051160 seconds
Number of updated asset objects reloaded before import = 0
Number of asset objects unloaded after import = 4
========================================================================
Received Import Request.
  Time since last request: 0.000035 seconds.
  path: Assets/PalmTreePack/Textures/Props/TexturesCom_Grass0146_1_seamless_S.png
  artifactKey: Guid(5eb4c296b8e10a643a934fe3e7341f64) Importer(815301076,1909f56bfc062723c751e8b465ee728b)
Start importing Assets/PalmTreePack/Textures/Props/TexturesCom_Grass0146_1_seamless_S.png using Guid(5eb4c296b8e10a643a934fe3e7341f64) Importer(815301076,1909f56bfc062723c751e8b465ee728b) [PhysX] Initialized MultithreadedTaskDispatcher with 16 workers.
[PhysX] Initialized MultithreadedTaskDispatcher with 16 workers.
 -> (artifact id: '125652b2ecf45e50dd91bd518d452f19') in 0.026310 seconds
Number of updated asset objects reloaded before import = 0
Number of asset objects unloaded after import = 2
========================================================================
Received Import Request.
  Time since last request: 0.000120 seconds.
  path: Assets/NatureManufacture Assets/Advanced Foliage Pack/Unity grass/Unity Grass Models/unity_grass_fern_01_1.fbx
  artifactKey: Guid(5009e9da418b87a40b752d6ad4851628) Importer(815301076,1909f56bfc062723c751e8b465ee728b)
Start importing Assets/NatureManufacture Assets/Advanced Foliage Pack/Unity grass/Unity Grass Models/unity_grass_fern_01_1.fbx using Guid(5009e9da418b87a40b752d6ad4851628) Importer(815301076,1909f56bfc062723c751e8b465ee728b) [PhysX] Initialized MultithreadedTaskDispatcher with 16 workers.
[PhysX] Initialized MultithreadedTaskDispatcher with 16 workers.
[PhysX] Initialized MultithreadedTaskDispatcher with 16 workers.
 -> (artifact id: '01da16c3817927ede2e192e81e79d41c') in 0.035890 seconds
Number of updated asset objects reloaded before import = 0
Number of asset objects unloaded after import = 7
========================================================================
Received Import Request.
  Time since last request: 0.000057 seconds.
  path: Assets/NatureManufacture Assets/Advanced Foliage Pack/Unity grass/Unity Grass Models/unity_grass_ground_foliage_02_2.fbx
  artifactKey: Guid(7af70308576cbc3419c25271918ee400) Importer(815301076,1909f56bfc062723c751e8b465ee728b)
Start importing Assets/NatureManufacture Assets/Advanced Foliage Pack/Unity grass/Unity Grass Models/unity_grass_ground_foliage_02_2.fbx using Guid(7af70308576cbc3419c25271918ee400) Importer(815301076,1909f56bfc062723c751e8b465ee728b) [PhysX] Initialized MultithreadedTaskDispatcher with 16 workers.
[PhysX] Initialized MultithreadedTaskDispatcher with 16 workers.
[PhysX] Initialized MultithreadedTaskDispatcher with 16 workers.
 -> (artifact id: '8f19fdcada68ab1da947becf23519abf') in 0.036780 seconds
Number of updated asset objects reloaded before import = 0
Number of asset objects unloaded after import = 7
========================================================================
Received Import Request.
  Time since last request: 0.000045 seconds.
  path: Assets/NatureManufacture Assets/Advanced Foliage Pack/Unity grass/Unity Grass Models/unity_grass_ground_foliage_01_flowery.fbx
  artifactKey: Guid(0d62808609cb5f341b601e9a1c420039) Importer(815301076,1909f56bfc062723c751e8b465ee728b)
Start importing Assets/NatureManufacture Assets/Advanced Foliage Pack/Unity grass/Unity Grass Models/unity_grass_ground_foliage_01_flowery.fbx using Guid(0d62808609cb5f341b601e9a1c420039) Importer(815301076,1909f56bfc062723c751e8b465ee728b) [PhysX] Initialized MultithreadedTaskDispatcher with 16 workers.
[PhysX] Initialized MultithreadedTaskDispatcher with 16 workers.
[PhysX] Initialized MultithreadedTaskDispatcher with 16 workers.
 -> (artifact id: '665683835e1372ff9f1dcc51ecded528') in 0.034036 seconds
Number of updated asset objects reloaded before import = 0
Number of asset objects unloaded after import = 7
========================================================================
Received Import Request.
  Time since last request: 0.000038 seconds.
  path: Assets/NatureManufacture Assets/Advanced Foliage Pack/Unity grass/Unity Grass Models/unity_grass_clover_01_flowery.fbx
  artifactKey: Guid(e1a6e949ca594dd4eadd836349617d05) Importer(815301076,1909f56bfc062723c751e8b465ee728b)
Start importing Assets/NatureManufacture Assets/Advanced Foliage Pack/Unity grass/Unity Grass Models/unity_grass_clover_01_flowery.fbx using Guid(e1a6e949ca594dd4eadd836349617d05) Importer(815301076,1909f56bfc062723c751e8b465ee728b) [PhysX] Initialized MultithreadedTaskDispatcher with 16 workers.
[PhysX] Initialized MultithreadedTaskDispatcher with 16 workers.
[PhysX] Initialized MultithreadedTaskDispatcher with 16 workers.
 -> (artifact id: '2e13b1681032bca63024acf782157bb2') in 0.035497 seconds
Number of updated asset objects reloaded before import = 0
Number of asset objects unloaded after import = 7
========================================================================
Received Import Request.
  Time since last request: 0.000039 seconds.
  path: Assets/NatureManufacture Assets/Advanced Foliage Pack/Unity grass/Unity Grass Models/unity_grass_ground_foliage_02_1.fbx
  artifactKey: Guid(ff6de4a33d4751b4b9dab2e1b2e189e5) Importer(815301076,1909f56bfc062723c751e8b465ee728b)
Start importing Assets/NatureManufacture Assets/Advanced Foliage Pack/Unity grass/Unity Grass Models/unity_grass_ground_foliage_02_1.fbx using Guid(ff6de4a33d4751b4b9dab2e1b2e189e5) Importer(815301076,1909f56bfc062723c751e8b465ee728b) [PhysX] Initialized MultithreadedTaskDispatcher with 16 workers.
[PhysX] Initialized MultithreadedTaskDispatcher with 16 workers.
[PhysX] Initialized MultithreadedTaskDispatcher with 16 workers.
 -> (artifact id: '2cf0e6fb785b43cc9680bf552321be9f') in 0.037600 seconds
Number of updated asset objects reloaded before import = 0
Number of asset objects unloaded after import = 7
========================================================================
Received Import Request.
  Time since last request: 0.000044 seconds.
  path: Assets/NatureManufacture Assets/Advanced Foliage Pack/Advanced Grass/Materials Snow/M_Snow_atlas_grass_01.mat
  artifactKey: Guid(6f0f4141137014c47b9573b3c45a56e6) Importer(815301076,1909f56bfc062723c751e8b465ee728b)
Start importing Assets/NatureManufacture Assets/Advanced Foliage Pack/Advanced Grass/Materials Snow/M_Snow_atlas_grass_01.mat using Guid(6f0f4141137014c47b9573b3c45a56e6) Importer(815301076,1909f56bfc062723c751e8b465ee728b) [PhysX] Initialized MultithreadedTaskDispatcher with 16 workers.
[PhysX] Initialized MultithreadedTaskDispatcher with 16 workers.
 -> (artifact id: 'fb4aed76cc6850136f4eeaa539b5ab96') in 0.040355 seconds
Number of updated asset objects reloaded before import = 0
Number of asset objects unloaded after import = 5
========================================================================
Received Import Request.
  Time since last request: 0.000036 seconds.
  path: Assets/PBR_Grass_Flowers_Pack_01/ExtraMeshes/GrassDetMesh03_3.fbx
  artifactKey: Guid(3e348ff73ebaf7744a737de531c4408b) Importer(815301076,1909f56bfc062723c751e8b465ee728b)
Start importing Assets/PBR_Grass_Flowers_Pack_01/ExtraMeshes/GrassDetMesh03_3.fbx using Guid(3e348ff73ebaf7744a737de531c4408b) Importer(815301076,1909f56bfc062723c751e8b465ee728b) [PhysX] Initialized MultithreadedTaskDispatcher with 16 workers.
[PhysX] Initialized MultithreadedTaskDispatcher with 16 workers.
[PhysX] Initialized MultithreadedTaskDispatcher with 16 workers.
 -> (artifact id: 'fd8c801f2d653603afd09364cab4d3aa') in 0.054323 seconds
Number of updated asset objects reloaded before import = 0
Number of asset objects unloaded after import = 11
========================================================================
Received Import Request.
  Time since last request: 0.000048 seconds.
  path: Assets/NatureManufacture Assets/Advanced Foliage Pack/Demo/_TerrainAutoUpgrade/layer_T_Ground_Grass_02_A_SmT_Ground_Grass_02_N(6.000,6.000)(0.000,0.000)(0.000,0.000,0.000),0.000,0.000.terrainlayer
  artifactKey: Guid(062ea89dd87d6b146be4841f9260c6fa) Importer(815301076,1909f56bfc062723c751e8b465ee728b)
Start importing Assets/NatureManufacture Assets/Advanced Foliage Pack/Demo/_TerrainAutoUpgrade/layer_T_Ground_Grass_02_A_SmT_Ground_Grass_02_N(6.000,6.000)(0.000,0.000)(0.000,0.000,0.000),0.000,0.000.terrainlayer using Guid(062ea89dd87d6b146be4841f9260c6fa) Importer(815301076,1909f56bfc062723c751e8b465ee728b) [PhysX] Initialized MultithreadedTaskDispatcher with 16 workers.
 -> (artifact id: '5e981672bc90a93661d985f3dfe8da43') in 0.033354 seconds
Number of updated asset objects reloaded before import = 0
Number of asset objects unloaded after import = 5
========================================================================
Received Import Request.
  Time since last request: 0.000048 seconds.
  path: Assets/TerrainSampleAssets/Textures/Terrain/Grass_B_Normal.tif
  artifactKey: Guid(eb70932bab3d971408c011dbb45767a9) Importer(815301076,1909f56bfc062723c751e8b465ee728b)
Start importing Assets/TerrainSampleAssets/Textures/Terrain/Grass_B_Normal.tif using Guid(eb70932bab3d971408c011dbb45767a9) Importer(815301076,1909f56bfc062723c751e8b465ee728b) [PhysX] Initialized MultithreadedTaskDispatcher with 16 workers.
[PhysX] Initialized MultithreadedTaskDispatcher with 16 workers.
 -> (artifact id: 'ce4fc2dc15fa9b20931f2cba8d57e745') in 0.028004 seconds
Number of updated asset objects reloaded before import = 0
Number of asset objects unloaded after import = 2
========================================================================
Received Import Request.
  Time since last request: 0.000038 seconds.
  path: Assets/PBR_Grass_Flowers_Pack_01/textures/SpurgeGrass01.tga
  artifactKey: Guid(ad64be6157751784aa25c9ca0e9a894f) Importer(815301076,1909f56bfc062723c751e8b465ee728b)
Start importing Assets/PBR_Grass_Flowers_Pack_01/textures/SpurgeGrass01.tga using Guid(ad64be6157751784aa25c9ca0e9a894f) Importer(815301076,1909f56bfc062723c751e8b465ee728b) [PhysX] Initialized MultithreadedTaskDispatcher with 16 workers.
[PhysX] Initialized MultithreadedTaskDispatcher with 16 workers.
 -> (artifact id: '13a49c79e4664aa312dd55faa90d26de') in 0.037242 seconds
Number of updated asset objects reloaded before import = 0
Number of asset objects unloaded after import = 2
========================================================================
Received Import Request.
  Time since last request: 0.000033 seconds.
  path: Assets/PBR_Grass_Flowers_Pack_01/ExtraMeshes/Textures/GreenGrassBig02_N.png
  artifactKey: Guid(f2f3dcf9cf9f64542a47b053c136c081) Importer(815301076,1909f56bfc062723c751e8b465ee728b)
Start importing Assets/PBR_Grass_Flowers_Pack_01/ExtraMeshes/Textures/GreenGrassBig02_N.png using Guid(f2f3dcf9cf9f64542a47b053c136c081) Importer(815301076,1909f56bfc062723c751e8b465ee728b) [PhysX] Initialized MultithreadedTaskDispatcher with 16 workers.
[PhysX] Initialized MultithreadedTaskDispatcher with 16 workers.
 -> (artifact id: 'fd53d8ecc8683c69caa62fc969790e20') in 0.030879 seconds
Number of updated asset objects reloaded before import = 0
Number of asset objects unloaded after import = 2
========================================================================
Received Import Request.
  Time since last request: 0.000040 seconds.
  path: Assets/PBR_Grass_Flowers_Pack_01/ExtraMeshes/GrassDetMesh03_4.fbx
  artifactKey: Guid(b963697868acf8f4c8927adff072485f) Importer(815301076,1909f56bfc062723c751e8b465ee728b)
Start importing Assets/PBR_Grass_Flowers_Pack_01/ExtraMeshes/GrassDetMesh03_4.fbx using Guid(b963697868acf8f4c8927adff072485f) Importer(815301076,1909f56bfc062723c751e8b465ee728b) [PhysX] Initialized MultithreadedTaskDispatcher with 16 workers.
[PhysX] Initialized MultithreadedTaskDispatcher with 16 workers.
[PhysX] Initialized MultithreadedTaskDispatcher with 16 workers.
 -> (artifact id: 'a9cca2c84d78c2209fbef0e55123c3d6') in 0.059366 seconds
Number of updated asset objects reloaded before import = 0
Number of asset objects unloaded after import = 11
========================================================================
Received Import Request.
  Time since last request: 0.000068 seconds.
  path: Assets/TerrainDemoScene_HDRP/Terrain/Textures/Grass_Soil_A/Grass_Soil_A_MaskMap.asset
  artifactKey: Guid(f23baeaa0f2a45b4e94569ff6954dade) Importer(815301076,1909f56bfc062723c751e8b465ee728b)
Start importing Assets/TerrainDemoScene_HDRP/Terrain/Textures/Grass_Soil_A/Grass_Soil_A_MaskMap.asset using Guid(f23baeaa0f2a45b4e94569ff6954dade) Importer(815301076,1909f56bfc062723c751e8b465ee728b) [PhysX] Initialized MultithreadedTaskDispatcher with 16 workers.
 -> (artifact id: 'e5ff956015d755310fa72830b197f613') in 0.002021 seconds
Number of updated asset objects reloaded before import = 0
Number of asset objects unloaded after import = 1
========================================================================
Received Import Request.
  Time since last request: 0.000032 seconds.
  path: Assets/NatureManufacture Assets/Advanced Foliage Pack/Unity grass/Unity Billboard Grass/T_grass_08_N.png
  artifactKey: Guid(d7b8eb0230b9ffd4a9d688befbdeb0db) Importer(815301076,1909f56bfc062723c751e8b465ee728b)
Start importing Assets/NatureManufacture Assets/Advanced Foliage Pack/Unity grass/Unity Billboard Grass/T_grass_08_N.png using Guid(d7b8eb0230b9ffd4a9d688befbdeb0db) Importer(815301076,1909f56bfc062723c751e8b465ee728b) [PhysX] Initialized MultithreadedTaskDispatcher with 16 workers.
[PhysX] Initialized MultithreadedTaskDispatcher with 16 workers.
 -> (artifact id: 'cd120fcba158d001a5254a41ee5ee468') in 0.024237 seconds
Number of updated asset objects reloaded before import = 0
Number of asset objects unloaded after import = 2
========================================================================
Received Import Request.
  Time since last request: 0.000034 seconds.
  path: Assets/NatureManufacture Assets/Advanced Foliage Pack/Unity grass/Unity Billboard Grass/T_grass_08_A_M.png
  artifactKey: Guid(7d9c86d28fcb5934b909676863e6ab2b) Importer(815301076,1909f56bfc062723c751e8b465ee728b)
Start importing Assets/NatureManufacture Assets/Advanced Foliage Pack/Unity grass/Unity Billboard Grass/T_grass_08_A_M.png using Guid(7d9c86d28fcb5934b909676863e6ab2b) Importer(815301076,1909f56bfc062723c751e8b465ee728b) [PhysX] Initialized MultithreadedTaskDispatcher with 16 workers.
[PhysX] Initialized MultithreadedTaskDispatcher with 16 workers.
 -> (artifact id: '1a07ff8545c3bc3a822ac7e5291cfcb1') in 0.025326 seconds
Number of updated asset objects reloaded before import = 0
Number of asset objects unloaded after import = 2
========================================================================
Received Import Request.
  Time since last request: 0.000037 seconds.
  path: Assets/NatureManufacture Assets/Advanced Foliage Pack/Unity grass/Unity Billboard Grass/T_grass_05_dry_A_M.png
  artifactKey: Guid(083638cfc22b40647b96e05397267150) Importer(815301076,1909f56bfc062723c751e8b465ee728b)
Start importing Assets/NatureManufacture Assets/Advanced Foliage Pack/Unity grass/Unity Billboard Grass/T_grass_05_dry_A_M.png using Guid(083638cfc22b40647b96e05397267150) Importer(815301076,1909f56bfc062723c751e8b465ee728b) [PhysX] Initialized MultithreadedTaskDispatcher with 16 workers.
[PhysX] Initialized MultithreadedTaskDispatcher with 16 workers.
 -> (artifact id: '5c41878867428dffb472c3db1a115882') in 0.028142 seconds
Number of updated asset objects reloaded before import = 0
Number of asset objects unloaded after import = 2
========================================================================
Received Import Request.
  Time since last request: 0.000075 seconds.
  path: Assets/PBR_Grass_Flowers_Pack_01/ExtraMeshes/GrassDetMesh03_5.fbx
  artifactKey: Guid(2fe98fc79fd115240aa4f42005a4eb7f) Importer(815301076,1909f56bfc062723c751e8b465ee728b)
Start importing Assets/PBR_Grass_Flowers_Pack_01/ExtraMeshes/GrassDetMesh03_5.fbx using Guid(2fe98fc79fd115240aa4f42005a4eb7f) Importer(815301076,1909f56bfc062723c751e8b465ee728b) [PhysX] Initialized MultithreadedTaskDispatcher with 16 workers.
[PhysX] Initialized MultithreadedTaskDispatcher with 16 workers.
[PhysX] Initialized MultithreadedTaskDispatcher with 16 workers.
 -> (artifact id: '009757d2000e04ffa31ba69dfb64dd0f') in 0.057994 seconds
Number of updated asset objects reloaded before import = 0
Number of asset objects unloaded after import = 11
========================================================================
Received Import Request.
  Time since last request: 0.000041 seconds.
  path: Assets/NatureManufacture Assets/Advanced Foliage Pack/Advanced Grass/Textures/T_atlas_grass_01_N.png
  artifactKey: Guid(8b8bce623babbd74ba46c696c16b6d11) Importer(815301076,1909f56bfc062723c751e8b465ee728b)
Start importing Assets/NatureManufacture Assets/Advanced Foliage Pack/Advanced Grass/Textures/T_atlas_grass_01_N.png using Guid(8b8bce623babbd74ba46c696c16b6d11) Importer(815301076,1909f56bfc062723c751e8b465ee728b) [PhysX] Initialized MultithreadedTaskDispatcher with 16 workers.
[PhysX] Initialized MultithreadedTaskDispatcher with 16 workers.
 -> (artifact id: '821ae5e1c746fc01f38f81ca49b54e89') in 0.029338 seconds
Number of updated asset objects reloaded before import = 0
Number of asset objects unloaded after import = 2
========================================================================
Received Import Request.
  Time since last request: 0.000042 seconds.
  path: Assets/NatureManufacture Assets/Advanced Foliage Pack/Unity grass/Unity Grass Models/unity_grass_nettle_01_0.fbx
  artifactKey: Guid(d620e5a01a9fc824bb22854ba58bd2f2) Importer(815301076,1909f56bfc062723c751e8b465ee728b)
Start importing Assets/NatureManufacture Assets/Advanced Foliage Pack/Unity grass/Unity Grass Models/unity_grass_nettle_01_0.fbx using Guid(d620e5a01a9fc824bb22854ba58bd2f2) Importer(815301076,1909f56bfc062723c751e8b465ee728b) [PhysX] Initialized MultithreadedTaskDispatcher with 16 workers.
[PhysX] Initialized MultithreadedTaskDispatcher with 16 workers.
[PhysX] Initialized MultithreadedTaskDispatcher with 16 workers.
 -> (artifact id: '8b5375c7a3cad2ad569f7f69184e3547') in 0.036069 seconds
Number of updated asset objects reloaded before import = 0
Number of asset objects unloaded after import = 7
========================================================================
Received Import Request.
  Time since last request: 0.000059 seconds.
  path: Assets/PalmTreePack/Textures/Props/TexturesCom_Grass0016_1_seamless_S.png
  artifactKey: Guid(448c3d86c2c64e645b75bd96432644ce) Importer(815301076,1909f56bfc062723c751e8b465ee728b)
Start importing Assets/PalmTreePack/Textures/Props/TexturesCom_Grass0016_1_seamless_S.png using Guid(448c3d86c2c64e645b75bd96432644ce) Importer(815301076,1909f56bfc062723c751e8b465ee728b) [PhysX] Initialized MultithreadedTaskDispatcher with 16 workers.
[PhysX] Initialized MultithreadedTaskDispatcher with 16 workers.
 -> (artifact id: '1b5980e87ce79ff6e7094631ca44268b') in 0.028997 seconds
Number of updated asset objects reloaded before import = 0
Number of asset objects unloaded after import = 2
========================================================================
Received Import Request.
  Time since last request: 0.000037 seconds.
  path: Assets/TerrainSampleAssets/Prefabs/Details/Models/GrassDry_A.asset
  artifactKey: Guid(09a1659fd760b4145bd8d18504bd1bff) Importer(815301076,1909f56bfc062723c751e8b465ee728b)
Start importing Assets/TerrainSampleAssets/Prefabs/Details/Models/GrassDry_A.asset using Guid(09a1659fd760b4145bd8d18504bd1bff) Importer(815301076,1909f56bfc062723c751e8b465ee728b) [PhysX] Initialized MultithreadedTaskDispatcher with 16 workers.
[PhysX] Initialized MultithreadedTaskDispatcher with 16 workers.
 -> (artifact id: 'e7d740b83ebbefdb9aa2a7d1ff5d95c0') in 0.030443 seconds
Number of updated asset objects reloaded before import = 0
Number of asset objects unloaded after import = 2
========================================================================
Received Import Request.
  Time since last request: 0.000057 seconds.
  path: Assets/PBR_Grass_Flowers_Pack_01/models/GrassBigDetail01.prefab
  artifactKey: Guid(f81276316d279a541b359ef2ecd9ea30) Importer(815301076,1909f56bfc062723c751e8b465ee728b)
Start importing Assets/PBR_Grass_Flowers_Pack_01/models/GrassBigDetail01.prefab using Guid(f81276316d279a541b359ef2ecd9ea30) Importer(815301076,1909f56bfc062723c751e8b465ee728b) [PhysX] Initialized MultithreadedTaskDispatcher with 16 workers.
[PhysX] Initialized MultithreadedTaskDispatcher with 16 workers.
[PhysX] Initialized MultithreadedTaskDispatcher with 16 workers.
[PhysX] Initialized MultithreadedTaskDispatcher with 16 workers.
[PhysX] Initialized MultithreadedTaskDispatcher with 16 workers.
 -> (artifact id: '0769e14dab28eab97947c04cbdee7950') in 0.089219 seconds
Number of updated asset objects reloaded before import = 0
Number of asset objects unloaded after import = 24
========================================================================
Received Import Request.
  Time since last request: 0.000044 seconds.
  path: Assets/PBR_Grass_Flowers_Pack_01/ExtraMeshes/Materials/GrassDetMap01.mat
  artifactKey: Guid(be4bd487b34a81447abf1d9869c10fc3) Importer(815301076,1909f56bfc062723c751e8b465ee728b)
Start importing Assets/PBR_Grass_Flowers_Pack_01/ExtraMeshes/Materials/GrassDetMap01.mat using Guid(be4bd487b34a81447abf1d9869c10fc3) Importer(815301076,1909f56bfc062723c751e8b465ee728b) [PhysX] Initialized MultithreadedTaskDispatcher with 16 workers.
[PhysX] Initialized MultithreadedTaskDispatcher with 16 workers.
 -> (artifact id: '6d79a535602b799730d9909e30b0147c') in 0.054843 seconds
Number of updated asset objects reloaded before import = 0
Number of asset objects unloaded after import = 4
========================================================================
Received Import Request.
  Time since last request: 0.000053 seconds.
  path: Assets/TerrainSampleAssets/Textures/Terrain/Grass_Dry_Normal.tif
  artifactKey: Guid(d835c61db4c94444eabef9cf95e8a7c4) Importer(815301076,1909f56bfc062723c751e8b465ee728b)
Start importing Assets/TerrainSampleAssets/Textures/Terrain/Grass_Dry_Normal.tif using Guid(d835c61db4c94444eabef9cf95e8a7c4) Importer(815301076,1909f56bfc062723c751e8b465ee728b) [PhysX] Initialized MultithreadedTaskDispatcher with 16 workers.
[PhysX] Initialized MultithreadedTaskDispatcher with 16 workers.
 -> (artifact id: 'e9c3029478ba8b9a828b27f7a74b2410') in 0.027307 seconds
Number of updated asset objects reloaded before import = 0
Number of asset objects unloaded after import = 2
========================================================================
Received Import Request.
  Time since last request: 0.000037 seconds.
  path: Assets/TerrainSampleAssets/Models/Grass_B.asset
  artifactKey: Guid(255522b0d4257624f93e110d4a6135ed) Importer(815301076,1909f56bfc062723c751e8b465ee728b)
Start importing Assets/TerrainSampleAssets/Models/Grass_B.asset using Guid(255522b0d4257624f93e110d4a6135ed) Importer(815301076,1909f56bfc062723c751e8b465ee728b) [PhysX] Initialized MultithreadedTaskDispatcher with 16 workers.
[PhysX] Initialized MultithreadedTaskDispatcher with 16 workers.
 -> (artifact id: 'b5fc05ae021245a8114a91a16f359915') in 0.026197 seconds
Number of updated asset objects reloaded before import = 0
Number of asset objects unloaded after import = 2
========================================================================
Received Import Request.
  Time since last request: 0.000039 seconds.
  path: Assets/NatureManufacture Assets/Advanced Foliage Pack/Unity grass/Unity Grass Models/Materials Snow/M_Unity_Snow_Grass_clover_01.mat
  artifactKey: Guid(9558045f83233f7489256d66a41dfc09) Importer(815301076,1909f56bfc062723c751e8b465ee728b)
Start importing Assets/NatureManufacture Assets/Advanced Foliage Pack/Unity grass/Unity Grass Models/Materials Snow/M_Unity_Snow_Grass_clover_01.mat using Guid(9558045f83233f7489256d66a41dfc09) Importer(815301076,1909f56bfc062723c751e8b465ee728b) [PhysX] Initialized MultithreadedTaskDispatcher with 16 workers.
[PhysX] Initialized MultithreadedTaskDispatcher with 16 workers.
 -> (artifact id: '49c33921d238b16d499bbeb3d3de43f6') in 0.030670 seconds
Number of updated asset objects reloaded before import = 0
Number of asset objects unloaded after import = 5
========================================================================
Received Import Request.
  Time since last request: 0.000038 seconds.
  path: Assets/NatureManufacture Assets/Advanced Foliage Pack/Unity grass/Unity Grass Models/Materials Snow/M_Unity_Snow_Grass_atlas_grass_01.mat
  artifactKey: Guid(46a93d84c2556ae4db7b97720496e614) Importer(815301076,1909f56bfc062723c751e8b465ee728b)
Start importing Assets/NatureManufacture Assets/Advanced Foliage Pack/Unity grass/Unity Grass Models/Materials Snow/M_Unity_Snow_Grass_atlas_grass_01.mat using Guid(46a93d84c2556ae4db7b97720496e614) Importer(815301076,1909f56bfc062723c751e8b465ee728b) [PhysX] Initialized MultithreadedTaskDispatcher with 16 workers.
[PhysX] Initialized MultithreadedTaskDispatcher with 16 workers.
 -> (artifact id: 'a0c3f24c99a28fead6ad6ea96f765f8d') in 0.038414 seconds
Number of updated asset objects reloaded before import = 0
Number of asset objects unloaded after import = 5
========================================================================
Received Import Request.
  Time since last request: 0.000049 seconds.
  path: Assets/TerrainSampleAssets/Textures/Details/Grass_C_MaskMap.tif
  artifactKey: Guid(20e5036a7508c01479cdb7338b1c86cc) Importer(815301076,1909f56bfc062723c751e8b465ee728b)
Start importing Assets/TerrainSampleAssets/Textures/Details/Grass_C_MaskMap.tif using Guid(20e5036a7508c01479cdb7338b1c86cc) Importer(815301076,1909f56bfc062723c751e8b465ee728b) [PhysX] Initialized MultithreadedTaskDispatcher with 16 workers.
[PhysX] Initialized MultithreadedTaskDispatcher with 16 workers.
 -> (artifact id: 'c06e7f0adbc2f0a70b97bf1e47639334') in 0.024192 seconds
Number of updated asset objects reloaded before import = 0
Number of asset objects unloaded after import = 2
========================================================================
Received Import Request.
  Time since last request: 0.000036 seconds.
  path: Assets/TerrainSampleAssets/Materials/GrassDry.asset
  artifactKey: Guid(0cf15945abe04ad4589592fd3bfcd17b) Importer(815301076,1909f56bfc062723c751e8b465ee728b)
Start importing Assets/TerrainSampleAssets/Materials/GrassDry.asset using Guid(0cf15945abe04ad4589592fd3bfcd17b) Importer(815301076,1909f56bfc062723c751e8b465ee728b) [PhysX] Initialized MultithreadedTaskDispatcher with 16 workers.
[PhysX] Initialized MultithreadedTaskDispatcher with 16 workers.
 -> (artifact id: 'c4aa88564fa8884e2582e41fb2ba6fa4') in 0.040152 seconds
Number of updated asset objects reloaded before import = 0
Number of asset objects unloaded after import = 5
========================================================================
Received Import Request.
  Time since last request: 0.000033 seconds.
  path: Assets/NatureManufacture Assets/Advanced Foliage Pack/Ground Textures/T_Ground_Grass_02_H.tga
  artifactKey: Guid(ee92b329660194c4dac6489d8fec8778) Importer(815301076,1909f56bfc062723c751e8b465ee728b)
Start importing Assets/NatureManufacture Assets/Advanced Foliage Pack/Ground Textures/T_Ground_Grass_02_H.tga using Guid(ee92b329660194c4dac6489d8fec8778) Importer(815301076,1909f56bfc062723c751e8b465ee728b) [PhysX] Initialized MultithreadedTaskDispatcher with 16 workers.
[PhysX] Initialized MultithreadedTaskDispatcher with 16 workers.
 -> (artifact id: 'cc19160b92a4094712eaff14ba981996') in 0.028161 seconds
Number of updated asset objects reloaded before import = 0
Number of asset objects unloaded after import = 2
========================================================================
Received Import Request.
  Time since last request: 0.000050 seconds.
  path: Assets/NatureManufacture Assets/Advanced Foliage Pack/Unity grass/Unity Grass Models/unity_grass_nettle_01_1.fbx
  artifactKey: Guid(615b36b21f292ba4cbd19670c515433e) Importer(815301076,1909f56bfc062723c751e8b465ee728b)
Start importing Assets/NatureManufacture Assets/Advanced Foliage Pack/Unity grass/Unity Grass Models/unity_grass_nettle_01_1.fbx using Guid(615b36b21f292ba4cbd19670c515433e) Importer(815301076,1909f56bfc062723c751e8b465ee728b) [PhysX] Initialized MultithreadedTaskDispatcher with 16 workers.
[PhysX] Initialized MultithreadedTaskDispatcher with 16 workers.
[PhysX] Initialized MultithreadedTaskDispatcher with 16 workers.
 -> (artifact id: 'c70b9bbeb49d4296497f0fb459425e81') in 0.041865 seconds
Number of updated asset objects reloaded before import = 0
Number of asset objects unloaded after import = 7
========================================================================
Received Import Request.
  Time since last request: 0.000071 seconds.
  path: Assets/NatureManufacture Assets/Advanced Foliage Pack/Demo/_TerrainAutoUpgrade/layer_T_Ground_Grass_01_4_A_SmT_Ground_Grass_01_N(6.000,6.000)(0.000,0.000)(0.000,0.000,0.000),0.000,0.000.terrainlayer
  artifactKey: Guid(618af7065c8b7ff46a68ba35319d8507) Importer(815301076,1909f56bfc062723c751e8b465ee728b)
Start importing Assets/NatureManufacture Assets/Advanced Foliage Pack/Demo/_TerrainAutoUpgrade/layer_T_Ground_Grass_01_4_A_SmT_Ground_Grass_01_N(6.000,6.000)(0.000,0.000)(0.000,0.000,0.000),0.000,0.000.terrainlayer using Guid(618af7065c8b7ff46a68ba35319d8507) Importer(815301076,1909f56bfc062723c751e8b465ee728b) [PhysX] Initialized MultithreadedTaskDispatcher with 16 workers.
 -> (artifact id: 'ade37d46e5ff30fa5d28bece60b5ee9f') in 0.028867 seconds
Number of updated asset objects reloaded before import = 0
Number of asset objects unloaded after import = 5
========================================================================
Received Import Request.
  Time since last request: 0.000053 seconds.
  path: Assets/NatureManufacture Assets/Advanced Foliage Pack/Unity grass/Unity Billboard Grass/T_grass_06_A_M.png
  artifactKey: Guid(8df3e37013b7aa04dadfd5c2bdec9165) Importer(815301076,1909f56bfc062723c751e8b465ee728b)
Start importing Assets/NatureManufacture Assets/Advanced Foliage Pack/Unity grass/Unity Billboard Grass/T_grass_06_A_M.png using Guid(8df3e37013b7aa04dadfd5c2bdec9165) Importer(815301076,1909f56bfc062723c751e8b465ee728b) [PhysX] Initialized MultithreadedTaskDispatcher with 16 workers.
[PhysX] Initialized MultithreadedTaskDispatcher with 16 workers.
 -> (artifact id: '0a9fe0a5dc8ebc59e8de2460fe4cebc0') in 0.026546 seconds
Number of updated asset objects reloaded before import = 0
Number of asset objects unloaded after import = 2
========================================================================
Received Import Request.
  Time since last request: 0.000043 seconds.
  path: Assets/TerrainSampleAssets/TerrainLayers/Grass_Soil_TerrainLayer.terrainlayer
  artifactKey: Guid(62f82665abc6fbf4e8f7fa058cbd8d6c) Importer(815301076,1909f56bfc062723c751e8b465ee728b)
Start importing Assets/TerrainSampleAssets/TerrainLayers/Grass_Soil_TerrainLayer.terrainlayer using Guid(62f82665abc6fbf4e8f7fa058cbd8d6c) Importer(815301076,1909f56bfc062723c751e8b465ee728b) [PhysX] Initialized MultithreadedTaskDispatcher with 16 workers.
 -> (artifact id: 'c7c388498266f00fe547f92a150ef4fc') in 0.038103 seconds
Number of updated asset objects reloaded before import = 0
Number of asset objects unloaded after import = 5
========================================================================
Received Import Request.
  Time since last request: 0.000052 seconds.
  path: Assets/NatureManufacture Assets/Advanced Foliage Pack/Unity grass/Unity Billboard Grass/T_grass_01_A_M.png
  artifactKey: Guid(1968e5db108ee6b499c0d57812205905) Importer(815301076,1909f56bfc062723c751e8b465ee728b)
Start importing Assets/NatureManufacture Assets/Advanced Foliage Pack/Unity grass/Unity Billboard Grass/T_grass_01_A_M.png using Guid(1968e5db108ee6b499c0d57812205905) Importer(815301076,1909f56bfc062723c751e8b465ee728b) [PhysX] Initialized MultithreadedTaskDispatcher with 16 workers.
[PhysX] Initialized MultithreadedTaskDispatcher with 16 workers.
 -> (artifact id: '9d57456484238501a95c7d2f6f15561d') in 0.026893 seconds
Number of updated asset objects reloaded before import = 0
Number of asset objects unloaded after import = 2
========================================================================
Received Import Request.
  Time since last request: 0.000060 seconds.
  path: Assets/NatureManufacture Assets/Advanced Foliage Pack/Advanced Grass/SM_grass_bush_022.fbx
  artifactKey: Guid(b7e451c5d92e8524aa29c941c14b7c5d) Importer(815301076,1909f56bfc062723c751e8b465ee728b)
Start importing Assets/NatureManufacture Assets/Advanced Foliage Pack/Advanced Grass/SM_grass_bush_022.fbx using Guid(b7e451c5d92e8524aa29c941c14b7c5d) Importer(815301076,1909f56bfc062723c751e8b465ee728b) [PhysX] Initialized MultithreadedTaskDispatcher with 16 workers.
[PhysX] Initialized MultithreadedTaskDispatcher with 16 workers.
[PhysX] Initialized MultithreadedTaskDispatcher with 16 workers.
[PhysX] Initialized MultithreadedTaskDispatcher with 16 workers.
[PhysX] Initialized MultithreadedTaskDispatcher with 16 workers.
[PhysX] Initialized MultithreadedTaskDispatcher with 16 workers.
[PhysX] Initialized MultithreadedTaskDispatcher with 16 workers.
[PhysX] Initialized MultithreadedTaskDispatcher with 16 workers.
 -> (artifact id: 'df9ae58751d50c10abaef9d25e2502ae') in 0.105100 seconds
Number of updated asset objects reloaded before import = 0
Number of asset objects unloaded after import = 24
========================================================================
Received Import Request.
  Time since last request: 0.000036 seconds.
  path: Assets/PBR_Grass_Flowers_Pack_01/ExtraMeshes/GrassBigDet01.fbx
  artifactKey: Guid(eba1a62247284b34e84e8bf1fc6b8cff) Importer(815301076,1909f56bfc062723c751e8b465ee728b)
Start importing Assets/PBR_Grass_Flowers_Pack_01/ExtraMeshes/GrassBigDet01.fbx using Guid(eba1a62247284b34e84e8bf1fc6b8cff) Importer(815301076,1909f56bfc062723c751e8b465ee728b) [PhysX] Initialized MultithreadedTaskDispatcher with 16 workers.
[PhysX] Initialized MultithreadedTaskDispatcher with 16 workers.
[PhysX] Initialized MultithreadedTaskDispatcher with 16 workers.
 -> (artifact id: '7ee94306ea05469fc47706a198e2309c') in 0.058992 seconds
Number of updated asset objects reloaded before import = 0
Number of asset objects unloaded after import = 10
========================================================================
Received Import Request.
  Time since last request: 0.000050 seconds.
  path: Assets/NatureManufacture Assets/Advanced Foliage Pack/Ground Textures/T_Ground_Grass_03_N.png
  artifactKey: Guid(29ae49ab30e61e54a9d40be04532374e) Importer(815301076,1909f56bfc062723c751e8b465ee728b)
Start importing Assets/NatureManufacture Assets/Advanced Foliage Pack/Ground Textures/T_Ground_Grass_03_N.png using Guid(29ae49ab30e61e54a9d40be04532374e) Importer(815301076,1909f56bfc062723c751e8b465ee728b) [PhysX] Initialized MultithreadedTaskDispatcher with 16 workers.
[PhysX] Initialized MultithreadedTaskDispatcher with 16 workers.
 -> (artifact id: 'f341ab0b7b2020d2480e1a3c93cee6bc') in 0.029587 seconds
Number of updated asset objects reloaded before import = 0
Number of asset objects unloaded after import = 2
========================================================================
Received Import Request.
  Time since last request: 0.000051 seconds.
  path: Assets/NatureManufacture Assets/Advanced Foliage Pack/Advanced Grass/SM_grass_bush_01.fbx
  artifactKey: Guid(70059553411f9b940b2ae8e72a448950) Importer(815301076,1909f56bfc062723c751e8b465ee728b)
Start importing Assets/NatureManufacture Assets/Advanced Foliage Pack/Advanced Grass/SM_grass_bush_01.fbx using Guid(70059553411f9b940b2ae8e72a448950) Importer(815301076,1909f56bfc062723c751e8b465ee728b) [PhysX] Initialized MultithreadedTaskDispatcher with 16 workers.
[PhysX] Initialized MultithreadedTaskDispatcher with 16 workers.
[PhysX] Initialized MultithreadedTaskDispatcher with 16 workers.
[PhysX] Initialized MultithreadedTaskDispatcher with 16 workers.
[PhysX] Initialized MultithreadedTaskDispatcher with 16 workers.
[PhysX] Initialized MultithreadedTaskDispatcher with 16 workers.
 -> (artifact id: '46203128082db4f89c13f789759afb81') in 0.063936 seconds
Number of updated asset objects reloaded before import = 0
Number of asset objects unloaded after import = 15
========================================================================
Received Import Request.
  Time since last request: 0.000040 seconds.
  path: Assets/NatureManufacture Assets/Advanced Foliage Pack/Unity grass/Unity Billboard Grass/T_grass_10_Mt_AO_Sm.png
  artifactKey: Guid(111e80733ec69304ab2b06162088f3c5) Importer(815301076,1909f56bfc062723c751e8b465ee728b)
Start importing Assets/NatureManufacture Assets/Advanced Foliage Pack/Unity grass/Unity Billboard Grass/T_grass_10_Mt_AO_Sm.png using Guid(111e80733ec69304ab2b06162088f3c5) Importer(815301076,1909f56bfc062723c751e8b465ee728b) [PhysX] Initialized MultithreadedTaskDispatcher with 16 workers.
[PhysX] Initialized MultithreadedTaskDispatcher with 16 workers.
 -> (artifact id: 'a7f81f05e3f981b6b6fb068173e90fbc') in 0.028192 seconds
Number of updated asset objects reloaded before import = 0
Number of asset objects unloaded after import = 2
========================================================================
Received Import Request.
  Time since last request: 0.000070 seconds.
  path: Assets/NatureManufacture Assets/Advanced Foliage Pack/Advanced Grass/SM_grass_bush_simple_03.fbx
  artifactKey: Guid(4c9bf01711c0b25449985b0181531445) Importer(815301076,1909f56bfc062723c751e8b465ee728b)
Start importing Assets/NatureManufacture Assets/Advanced Foliage Pack/Advanced Grass/SM_grass_bush_simple_03.fbx using Guid(4c9bf01711c0b25449985b0181531445) Importer(815301076,1909f56bfc062723c751e8b465ee728b) [PhysX] Initialized MultithreadedTaskDispatcher with 16 workers.
[PhysX] Initialized MultithreadedTaskDispatcher with 16 workers.
[PhysX] Initialized MultithreadedTaskDispatcher with 16 workers.
 -> (artifact id: '879347856b38b5707366b375d7cdc3f6') in 0.039865 seconds
Number of updated asset objects reloaded before import = 0
Number of asset objects unloaded after import = 7
========================================================================
Received Import Request.
  Time since last request: 0.000046 seconds.
  path: Assets/TerrainSampleAssets/Textures/Details/Grass_A_Thickness.tif
  artifactKey: Guid(5bdbe53dce2414e458937234dce49479) Importer(815301076,1909f56bfc062723c751e8b465ee728b)
Start importing Assets/TerrainSampleAssets/Textures/Details/Grass_A_Thickness.tif using Guid(5bdbe53dce2414e458937234dce49479) Importer(815301076,1909f56bfc062723c751e8b465ee728b) [PhysX] Initialized MultithreadedTaskDispatcher with 16 workers.
[PhysX] Initialized MultithreadedTaskDispatcher with 16 workers.
 -> (artifact id: '030d599a2574d1666309ded6d81b4cb3') in 0.027484 seconds
Number of updated asset objects reloaded before import = 0
Number of asset objects unloaded after import = 2
========================================================================
Received Import Request.
  Time since last request: 0.000033 seconds.
  path: Assets/NatureManufacture Assets/Advanced Foliage Pack/Unity grass/Unity Grass Models/Materials/M_Unity_Grass_forest_heather_01.mat
  artifactKey: Guid(69774f30f635efb469d925473f017a71) Importer(815301076,1909f56bfc062723c751e8b465ee728b)
Start importing Assets/NatureManufacture Assets/Advanced Foliage Pack/Unity grass/Unity Grass Models/Materials/M_Unity_Grass_forest_heather_01.mat using Guid(69774f30f635efb469d925473f017a71) Importer(815301076,1909f56bfc062723c751e8b465ee728b) [PhysX] Initialized MultithreadedTaskDispatcher with 16 workers.
[PhysX] Initialized MultithreadedTaskDispatcher with 16 workers.
 -> (artifact id: '79d2cba0ba5297bf1f4a415896efbc71') in 0.023517 seconds
Number of updated asset objects reloaded before import = 0
Number of asset objects unloaded after import = 4
========================================================================
Received Import Request.
  Time since last request: 0.000042 seconds.
  path: Assets/PBR_Grass_Flowers_Pack_01/ExtraMeshes/GrassDetMesh02.fbx
  artifactKey: Guid(bd95add8c003f864fa110ea948deb2c2) Importer(815301076,1909f56bfc062723c751e8b465ee728b)
Start importing Assets/PBR_Grass_Flowers_Pack_01/ExtraMeshes/GrassDetMesh02.fbx using Guid(bd95add8c003f864fa110ea948deb2c2) Importer(815301076,1909f56bfc062723c751e8b465ee728b) [PhysX] Initialized MultithreadedTaskDispatcher with 16 workers.
[PhysX] Initialized MultithreadedTaskDispatcher with 16 workers.
[PhysX] Initialized MultithreadedTaskDispatcher with 16 workers.
 -> (artifact id: '38a70b2e338e96eb801d66b4c6f6a924') in 0.070280 seconds
Number of updated asset objects reloaded before import = 0
Number of asset objects unloaded after import = 11
========================================================================
Received Import Request.
  Time since last request: 0.000045 seconds.
  path: Assets/PBR_Grass_Flowers_Pack_01/ExtraMeshes/GrassDetMesh02White.fbx
  artifactKey: Guid(d428fcfce55b93e4fa9370c31e48cb21) Importer(815301076,1909f56bfc062723c751e8b465ee728b)
Start importing Assets/PBR_Grass_Flowers_Pack_01/ExtraMeshes/GrassDetMesh02White.fbx using Guid(d428fcfce55b93e4fa9370c31e48cb21) Importer(815301076,1909f56bfc062723c751e8b465ee728b) [PhysX] Initialized MultithreadedTaskDispatcher with 16 workers.
[PhysX] Initialized MultithreadedTaskDispatcher with 16 workers.
[PhysX] Initialized MultithreadedTaskDispatcher with 16 workers.
 -> (artifact id: '9df670ed265c1f8cae97f0f677498642') in 0.079607 seconds
Number of updated asset objects reloaded before import = 0
Number of asset objects unloaded after import = 11
========================================================================
Received Import Request.
  Time since last request: 0.000077 seconds.
  path: Assets/TerrainSampleAssets/Models/Grass_C.asset
  artifactKey: Guid(e4775a09ccd762a42b26cb448a2763f0) Importer(815301076,1909f56bfc062723c751e8b465ee728b)
Start importing Assets/TerrainSampleAssets/Models/Grass_C.asset using Guid(e4775a09ccd762a42b26cb448a2763f0) Importer(815301076,1909f56bfc062723c751e8b465ee728b) [PhysX] Initialized MultithreadedTaskDispatcher with 16 workers.
[PhysX] Initialized MultithreadedTaskDispatcher with 16 workers.
 -> (artifact id: 'f4e9ab732cab42f30b7f54f5c66b5fef') in 0.023391 seconds
Number of updated asset objects reloaded before import = 0
Number of asset objects unloaded after import = 2
========================================================================
Received Import Request.
  Time since last request: 0.000034 seconds.
  path: Assets/NatureManufacture Assets/Advanced Foliage Pack/Unity grass/Unity Grass Models/unity_grass_fern_01_2.fbx
  artifactKey: Guid(a84b3d63db8add24bb6e25fa2ffcb1f1) Importer(815301076,1909f56bfc062723c751e8b465ee728b)
Start importing Assets/NatureManufacture Assets/Advanced Foliage Pack/Unity grass/Unity Grass Models/unity_grass_fern_01_2.fbx using Guid(a84b3d63db8add24bb6e25fa2ffcb1f1) Importer(815301076,1909f56bfc062723c751e8b465ee728b) [PhysX] Initialized MultithreadedTaskDispatcher with 16 workers.
[PhysX] Initialized MultithreadedTaskDispatcher with 16 workers.
[PhysX] Initialized MultithreadedTaskDispatcher with 16 workers.
 -> (artifact id: '24e0f0793ca1c44142f9fcb8641c4ef7') in 0.042292 seconds
Number of updated asset objects reloaded before import = 0
Number of asset objects unloaded after import = 7
========================================================================
Received Import Request.
  Time since last request: 0.000033 seconds.
  path: Assets/TerrainDemoScene_HDRP/Terrain/Textures/Grass_Moss_A/Grass_Moss_A_Albedo.tif
  artifactKey: Guid(d9ed78a767a0ee244b19c3a30f2a5898) Importer(815301076,1909f56bfc062723c751e8b465ee728b)
Start importing Assets/TerrainDemoScene_HDRP/Terrain/Textures/Grass_Moss_A/Grass_Moss_A_Albedo.tif using Guid(d9ed78a767a0ee244b19c3a30f2a5898) Importer(815301076,1909f56bfc062723c751e8b465ee728b) [PhysX] Initialized MultithreadedTaskDispatcher with 16 workers.
[PhysX] Initialized MultithreadedTaskDispatcher with 16 workers.
 -> (artifact id: 'b68cb431cda11d09ef98e61aa43d2073') in 0.030102 seconds
Number of updated asset objects reloaded before import = 0
Number of asset objects unloaded after import = 2
========================================================================
Received Import Request.
  Time since last request: 0.000037 seconds.
  path: Assets/NatureManufacture Assets/Advanced Foliage Pack/Unity grass/Unity Grass Models/unity_grass_forest_heather_01.fbx
  artifactKey: Guid(07004f1734de0c044a20871d56454bde) Importer(815301076,1909f56bfc062723c751e8b465ee728b)
Start importing Assets/NatureManufacture Assets/Advanced Foliage Pack/Unity grass/Unity Grass Models/unity_grass_forest_heather_01.fbx using Guid(07004f1734de0c044a20871d56454bde) Importer(815301076,1909f56bfc062723c751e8b465ee728b) [PhysX] Initialized MultithreadedTaskDispatcher with 16 workers.
[PhysX] Initialized MultithreadedTaskDispatcher with 16 workers.
[PhysX] Initialized MultithreadedTaskDispatcher with 16 workers.
 -> (artifact id: 'ca80907fcf400b325ee52828f55302b5') in 0.036691 seconds
Number of updated asset objects reloaded before import = 0
Number of asset objects unloaded after import = 7
========================================================================
Received Import Request.
  Time since last request: 0.000044 seconds.
  path: Assets/NatureManufacture Assets/Advanced Foliage Pack/Unity grass/Unity Billboard Grass/T_grass_09_N.png
  artifactKey: Guid(a0f7e7997df243741ab9bf4e716e85f7) Importer(815301076,1909f56bfc062723c751e8b465ee728b)
Start importing Assets/NatureManufacture Assets/Advanced Foliage Pack/Unity grass/Unity Billboard Grass/T_grass_09_N.png using Guid(a0f7e7997df243741ab9bf4e716e85f7) Importer(815301076,1909f56bfc062723c751e8b465ee728b) [PhysX] Initialized MultithreadedTaskDispatcher with 16 workers.
[PhysX] Initialized MultithreadedTaskDispatcher with 16 workers.
 -> (artifact id: '7f1af3316956b3ae01edac11484b4e9a') in 0.027759 seconds
Number of updated asset objects reloaded before import = 0
Number of asset objects unloaded after import = 2
========================================================================
Received Import Request.
  Time since last request: 0.000057 seconds.
  path: Assets/NatureManufacture Assets/Advanced Foliage Pack/Unity grass/Unity Billboard Grass/T_grass_10_dry_A_M.png
  artifactKey: Guid(a8bc9d72d0742424eafc435cd8cc1370) Importer(815301076,1909f56bfc062723c751e8b465ee728b)
Start importing Assets/NatureManufacture Assets/Advanced Foliage Pack/Unity grass/Unity Billboard Grass/T_grass_10_dry_A_M.png using Guid(a8bc9d72d0742424eafc435cd8cc1370) Importer(815301076,1909f56bfc062723c751e8b465ee728b) [PhysX] Initialized MultithreadedTaskDispatcher with 16 workers.
[PhysX] Initialized MultithreadedTaskDispatcher with 16 workers.
 -> (artifact id: 'ad49aa3280cf9f08d8553ea51d57430b') in 0.027213 seconds
Number of updated asset objects reloaded before import = 0
Number of asset objects unloaded after import = 2
========================================================================
Received Import Request.
  Time since last request: 0.000038 seconds.
  path: Assets/NatureManufacture Assets/Advanced Foliage Pack/Unity grass/Unity Billboard Grass/T_grass_03_Mt_AO_Sm.png
  artifactKey: Guid(d1cbeb63e0a532142928215ab8c378df) Importer(815301076,1909f56bfc062723c751e8b465ee728b)
Start importing Assets/NatureManufacture Assets/Advanced Foliage Pack/Unity grass/Unity Billboard Grass/T_grass_03_Mt_AO_Sm.png using Guid(d1cbeb63e0a532142928215ab8c378df) Importer(815301076,1909f56bfc062723c751e8b465ee728b) [PhysX] Initialized MultithreadedTaskDispatcher with 16 workers.
[PhysX] Initialized MultithreadedTaskDispatcher with 16 workers.
 -> (artifact id: 'dcb414d00621fc3791fb0ce67a0dd608') in 0.029052 seconds
Number of updated asset objects reloaded before import = 0
Number of asset objects unloaded after import = 2
========================================================================
Received Import Request.
  Time since last request: 0.000051 seconds.
  path: Assets/PBR_Grass_Flowers_Pack_01/materials/SwampGrass01.mat
  artifactKey: Guid(8a0e95f4686e7324780c34eae666fe67) Importer(815301076,1909f56bfc062723c751e8b465ee728b)
Start importing Assets/PBR_Grass_Flowers_Pack_01/materials/SwampGrass01.mat using Guid(8a0e95f4686e7324780c34eae666fe67) Importer(815301076,1909f56bfc062723c751e8b465ee728b) [PhysX] Initialized MultithreadedTaskDispatcher with 16 workers.
[PhysX] Initialized MultithreadedTaskDispatcher with 16 workers.
 -> (artifact id: '4d686e4aa84af7b72e6475906c300625') in 0.020000 seconds
Number of updated asset objects reloaded before import = 0
Number of asset objects unloaded after import = 1
========================================================================
Received Import Request.
  Time since last request: 0.000132 seconds.
  path: Assets/NatureManufacture Assets/Advanced Foliage Pack/Unity grass/Unity Grass Models/unity_grass_grass_bush_04.fbx
  artifactKey: Guid(4d7636d185230df49abc1103f360ec0c) Importer(815301076,1909f56bfc062723c751e8b465ee728b)
Start importing Assets/NatureManufacture Assets/Advanced Foliage Pack/Unity grass/Unity Grass Models/unity_grass_grass_bush_04.fbx using Guid(4d7636d185230df49abc1103f360ec0c) Importer(815301076,1909f56bfc062723c751e8b465ee728b) [PhysX] Initialized MultithreadedTaskDispatcher with 16 workers.
[PhysX] Initialized MultithreadedTaskDispatcher with 16 workers.
[PhysX] Initialized MultithreadedTaskDispatcher with 16 workers.
 -> (artifact id: '60dfa3a15d7ed733cf27138d363dd94c') in 0.036060 seconds
Number of updated asset objects reloaded before import = 0
Number of asset objects unloaded after import = 7
========================================================================
Received Import Request.
  Time since last request: 0.000037 seconds.
  path: Assets/CityGen3D/Textures/Terrain/GrassLeaves_n.png
  artifactKey: Guid(b11cfd1873d04e9498a5c280f048591b) Importer(815301076,1909f56bfc062723c751e8b465ee728b)
Start importing Assets/CityGen3D/Textures/Terrain/GrassLeaves_n.png using Guid(b11cfd1873d04e9498a5c280f048591b) Importer(815301076,1909f56bfc062723c751e8b465ee728b) [PhysX] Initialized MultithreadedTaskDispatcher with 16 workers.
[PhysX] Initialized MultithreadedTaskDispatcher with 16 workers.
 -> (artifact id: 'fb394ccc46e815d219e1daa1faf536fc') in 0.024748 seconds
Number of updated asset objects reloaded before import = 0
Number of asset objects unloaded after import = 2
========================================================================
Received Import Request.
  Time since last request: 0.000052 seconds.
  path: Assets/NatureManufacture Assets/Advanced Foliage Pack/Unity grass/Unity Grass Models/Materials Snow/M_Unity_Snow_Grass_ground_foliage_01.mat
  artifactKey: Guid(c78862d21a9e20c499f143bcf88a65b7) Importer(815301076,1909f56bfc062723c751e8b465ee728b)
Start importing Assets/NatureManufacture Assets/Advanced Foliage Pack/Unity grass/Unity Grass Models/Materials Snow/M_Unity_Snow_Grass_ground_foliage_01.mat using Guid(c78862d21a9e20c499f143bcf88a65b7) Importer(815301076,1909f56bfc062723c751e8b465ee728b) [PhysX] Initialized MultithreadedTaskDispatcher with 16 workers.
[PhysX] Initialized MultithreadedTaskDispatcher with 16 workers.
 -> (artifact id: '0c95ac80054ffcd7c78bbcea7226091d') in 0.035522 seconds
Number of updated asset objects reloaded before import = 0
Number of asset objects unloaded after import = 5
========================================================================
Received Import Request.
  Time since last request: 0.000061 seconds.
  path: Assets/PBR_Grass_Flowers_Pack_01/models/GrassDetail04.prefab
  artifactKey: Guid(cae04d96efb34604588929d9eda0d456) Importer(815301076,1909f56bfc062723c751e8b465ee728b)
Start importing Assets/PBR_Grass_Flowers_Pack_01/models/GrassDetail04.prefab using Guid(cae04d96efb34604588929d9eda0d456) Importer(815301076,1909f56bfc062723c751e8b465ee728b) [PhysX] Initialized MultithreadedTaskDispatcher with 16 workers.
[PhysX] Initialized MultithreadedTaskDispatcher with 16 workers.
[PhysX] Initialized MultithreadedTaskDispatcher with 16 workers.
[PhysX] Initialized MultithreadedTaskDispatcher with 16 workers.
[PhysX] Initialized MultithreadedTaskDispatcher with 16 workers.
 -> (artifact id: '4f2f140939631bfebe7160c131216278') in 0.087711 seconds
Number of updated asset objects reloaded before import = 0
Number of asset objects unloaded after import = 31
========================================================================
Received Import Request.
  Time since last request: 0.000055 seconds.
  path: Assets/NatureManufacture Assets/Advanced Foliage Pack/Ground Textures/Materials/T_Ground_Grass_01.mat
  artifactKey: Guid(dc4ca68f31ed9844db92a2896418c97e) Importer(815301076,1909f56bfc062723c751e8b465ee728b)
Start importing Assets/NatureManufacture Assets/Advanced Foliage Pack/Ground Textures/Materials/T_Ground_Grass_01.mat using Guid(dc4ca68f31ed9844db92a2896418c97e) Importer(815301076,1909f56bfc062723c751e8b465ee728b) [PhysX] Initialized MultithreadedTaskDispatcher with 16 workers.
[PhysX] Initialized MultithreadedTaskDispatcher with 16 workers.
 -> (artifact id: 'cd3960f2f8f6838b8552b42382154a1c') in 0.041140 seconds
Number of updated asset objects reloaded before import = 0
Number of asset objects unloaded after import = 5
========================================================================
Received Import Request.
  Time since last request: 0.000048 seconds.
  path: Assets/PBR_Grass_Flowers_Pack_01/models/GrassDetail05.prefab
  artifactKey: Guid(903f180fded18ee4992c0922fe379f68) Importer(815301076,1909f56bfc062723c751e8b465ee728b)
Start importing Assets/PBR_Grass_Flowers_Pack_01/models/GrassDetail05.prefab using Guid(903f180fded18ee4992c0922fe379f68) Importer(815301076,1909f56bfc062723c751e8b465ee728b) [PhysX] Initialized MultithreadedTaskDispatcher with 16 workers.
[PhysX] Initialized MultithreadedTaskDispatcher with 16 workers.
[PhysX] Initialized MultithreadedTaskDispatcher with 16 workers.
[PhysX] Initialized MultithreadedTaskDispatcher with 16 workers.
[PhysX] Initialized MultithreadedTaskDispatcher with 16 workers.
 -> (artifact id: '697c3ced24a3c923cfe4a8cc473ef1bb') in 0.076177 seconds
Number of updated asset objects reloaded before import = 0
Number of asset objects unloaded after import = 31
========================================================================
Received Import Request.
  Time since last request: 0.000049 seconds.
  path: Assets/PBR_Grass_Flowers_Pack_01/ExtraMeshes/GrassDetMesh03_2.fbx
  artifactKey: Guid(c8ddfdbbd604b72428bc4ad2b7b3476b) Importer(815301076,1909f56bfc062723c751e8b465ee728b)
Start importing Assets/PBR_Grass_Flowers_Pack_01/ExtraMeshes/GrassDetMesh03_2.fbx using Guid(c8ddfdbbd604b72428bc4ad2b7b3476b) Importer(815301076,1909f56bfc062723c751e8b465ee728b) [PhysX] Initialized MultithreadedTaskDispatcher with 16 workers.
[PhysX] Initialized MultithreadedTaskDispatcher with 16 workers.
[PhysX] Initialized MultithreadedTaskDispatcher with 16 workers.
 -> (artifact id: '33bfc996070217e559a0ce65f85f48cc') in 0.065456 seconds
Number of updated asset objects reloaded before import = 0
Number of asset objects unloaded after import = 11
========================================================================
Received Import Request.
  Time since last request: 0.000062 seconds.
  path: Assets/TerrainSampleAssets/Textures/Details/GrassDry_Normal.tif
  artifactKey: Guid(17cc5677d5a413843b9003e53261c859) Importer(815301076,1909f56bfc062723c751e8b465ee728b)
Start importing Assets/TerrainSampleAssets/Textures/Details/GrassDry_Normal.tif using Guid(17cc5677d5a413843b9003e53261c859) Importer(815301076,1909f56bfc062723c751e8b465ee728b) [PhysX] Initialized MultithreadedTaskDispatcher with 16 workers.
[PhysX] Initialized MultithreadedTaskDispatcher with 16 workers.
 -> (artifact id: 'b489afa79c955a495da4cfa3a0eb3999') in 0.027126 seconds
Number of updated asset objects reloaded before import = 0
Number of asset objects unloaded after import = 2
========================================================================
Received Import Request.
  Time since last request: 0.000041 seconds.
  path: Assets/NatureManufacture Assets/Advanced Foliage Pack/Advanced Grass/SM_grass_bush_simple_04.fbx
  artifactKey: Guid(57127ceed8cab9143909468ca6f703d4) Importer(815301076,1909f56bfc062723c751e8b465ee728b)
Start importing Assets/NatureManufacture Assets/Advanced Foliage Pack/Advanced Grass/SM_grass_bush_simple_04.fbx using Guid(57127ceed8cab9143909468ca6f703d4) Importer(815301076,1909f56bfc062723c751e8b465ee728b) [PhysX] Initialized MultithreadedTaskDispatcher with 16 workers.
[PhysX] Initialized MultithreadedTaskDispatcher with 16 workers.
[PhysX] Initialized MultithreadedTaskDispatcher with 16 workers.
 -> (artifact id: 'a8636d8b7cc855fc65a956220ab24d00') in 0.047952 seconds
Number of updated asset objects reloaded before import = 0
Number of asset objects unloaded after import = 7
========================================================================
Received Import Request.
  Time since last request: 0.000041 seconds.
  path: Assets/NatureManufacture Assets/Advanced Foliage Pack/Ground Textures/Materials/T_Ground_Grass_03.mat
  artifactKey: Guid(057451d2456630849bd4b259e75f2185) Importer(815301076,1909f56bfc062723c751e8b465ee728b)
Start importing Assets/NatureManufacture Assets/Advanced Foliage Pack/Ground Textures/Materials/T_Ground_Grass_03.mat using Guid(057451d2456630849bd4b259e75f2185) Importer(815301076,1909f56bfc062723c751e8b465ee728b) [PhysX] Initialized MultithreadedTaskDispatcher with 16 workers.
[PhysX] Initialized MultithreadedTaskDispatcher with 16 workers.
 -> (artifact id: '390072a248eb75b30fad464a7031d459') in 0.039563 seconds
Number of updated asset objects reloaded before import = 0
Number of asset objects unloaded after import = 5
========================================================================
Received Import Request.
  Time since last request: 0.000056 seconds.
  path: Assets/TerrainSampleAssets/Textures/Terrain/Grass_Moss_MaskMap.tif
  artifactKey: Guid(2d41276a33f8bc949b93fed615e212c4) Importer(815301076,1909f56bfc062723c751e8b465ee728b)
Start importing Assets/TerrainSampleAssets/Textures/Terrain/Grass_Moss_MaskMap.tif using Guid(2d41276a33f8bc949b93fed615e212c4) Importer(815301076,1909f56bfc062723c751e8b465ee728b) [PhysX] Initialized MultithreadedTaskDispatcher with 16 workers.
[PhysX] Initialized MultithreadedTaskDispatcher with 16 workers.
 -> (artifact id: '26d666a2f9eac28c965c254b44ed4fd3') in 0.044701 seconds
Number of updated asset objects reloaded before import = 0
Number of asset objects unloaded after import = 2
========================================================================
Received Import Request.
  Time since last request: 0.000073 seconds.
  path: Assets/NatureManufacture Assets/Advanced Foliage Pack/Unity grass/Unity Grass Models/unity_grass_ground_foliage_01.fbx
  artifactKey: Guid(b96f2e439439c704d92fdfea8bb564c0) Importer(815301076,1909f56bfc062723c751e8b465ee728b)
Start importing Assets/NatureManufacture Assets/Advanced Foliage Pack/Unity grass/Unity Grass Models/unity_grass_ground_foliage_01.fbx using Guid(b96f2e439439c704d92fdfea8bb564c0) Importer(815301076,1909f56bfc062723c751e8b465ee728b) [PhysX] Initialized MultithreadedTaskDispatcher with 16 workers.
[PhysX] Initialized MultithreadedTaskDispatcher with 16 workers.
[PhysX] Initialized MultithreadedTaskDispatcher with 16 workers.
 -> (artifact id: '8aa4dd6683ff60b5fcd0f3b151d1ccbd') in 0.049556 seconds
Number of updated asset objects reloaded before import = 0
Number of asset objects unloaded after import = 7
========================================================================
Received Import Request.
  Time since last request: 0.000038 seconds.
  path: Assets/TerrainSampleAssets/Textures/Details/GrassDry_Thickness.tif
  artifactKey: Guid(77efac6da14b90f48895b89d90b5ef3f) Importer(815301076,1909f56bfc062723c751e8b465ee728b)
Start importing Assets/TerrainSampleAssets/Textures/Details/GrassDry_Thickness.tif using Guid(77efac6da14b90f48895b89d90b5ef3f) Importer(815301076,1909f56bfc062723c751e8b465ee728b) [PhysX] Initialized MultithreadedTaskDispatcher with 16 workers.
[PhysX] Initialized MultithreadedTaskDispatcher with 16 workers.
 -> (artifact id: '3e9ae0be11c44736b142d5da7045df71') in 0.030771 seconds
Number of updated asset objects reloaded before import = 0
Number of asset objects unloaded after import = 2
========================================================================
Received Import Request.
  Time since last request: 0.000062 seconds.
  path: Assets/PBR_Grass_Flowers_Pack_01/ExtraMeshes/GrassBigDet01_1.fbx
  artifactKey: Guid(206da026d7066504690e46c13f636960) Importer(815301076,1909f56bfc062723c751e8b465ee728b)
Start importing Assets/PBR_Grass_Flowers_Pack_01/ExtraMeshes/GrassBigDet01_1.fbx using Guid(206da026d7066504690e46c13f636960) Importer(815301076,1909f56bfc062723c751e8b465ee728b) [PhysX] Initialized MultithreadedTaskDispatcher with 16 workers.
[PhysX] Initialized MultithreadedTaskDispatcher with 16 workers.
[PhysX] Initialized MultithreadedTaskDispatcher with 16 workers.
 -> (artifact id: '917f69bb5c648afee0e69e72d9a41dc1') in 0.077538 seconds
Number of updated asset objects reloaded before import = 0
Number of asset objects unloaded after import = 11
========================================================================
Received Import Request.
  Time since last request: 0.000061 seconds.
  path: Assets/NatureManufacture Assets/Advanced Foliage Pack/Unity grass/Unity Grass Models/Materials Snow/M_Unity_Snow_Grass_ground_foliage_02.mat
  artifactKey: Guid(f874126b342f13c4a8148455ee4e628c) Importer(815301076,1909f56bfc062723c751e8b465ee728b)
Start importing Assets/NatureManufacture Assets/Advanced Foliage Pack/Unity grass/Unity Grass Models/Materials Snow/M_Unity_Snow_Grass_ground_foliage_02.mat using Guid(f874126b342f13c4a8148455ee4e628c) Importer(815301076,1909f56bfc062723c751e8b465ee728b) [PhysX] Initialized MultithreadedTaskDispatcher with 16 workers.
[PhysX] Initialized MultithreadedTaskDispatcher with 16 workers.
 -> (artifact id: 'd2aa4757bab593739842979816082dd4') in 0.038505 seconds
Number of updated asset objects reloaded before import = 0
Number of asset objects unloaded after import = 5
========================================================================
Received Import Request.
  Time since last request: 0.000105 seconds.
  path: Assets/NatureManufacture Assets/Advanced Foliage Pack/Ground Textures/T_Ground_Grass_01_N.png
  artifactKey: Guid(c0b71397b986b6e4baf9c54d4b7ccabe) Importer(815301076,1909f56bfc062723c751e8b465ee728b)
Start importing Assets/NatureManufacture Assets/Advanced Foliage Pack/Ground Textures/T_Ground_Grass_01_N.png using Guid(c0b71397b986b6e4baf9c54d4b7ccabe) Importer(815301076,1909f56bfc062723c751e8b465ee728b) [PhysX] Initialized MultithreadedTaskDispatcher with 16 workers.
[PhysX] Initialized MultithreadedTaskDispatcher with 16 workers.
 -> (artifact id: 'ef7308c100dc31fc651b9f62e71a6502') in 0.034249 seconds
Number of updated asset objects reloaded before import = 0
Number of asset objects unloaded after import = 2
========================================================================
Received Import Request.
  Time since last request: 0.000062 seconds.
  path: Assets/NatureManufacture Assets/Advanced Foliage Pack/Unity grass/Unity Grass Models/unity_grass_clover_01.fbx
  artifactKey: Guid(a002faeb68ace664ba5c37ccd3438b3c) Importer(815301076,1909f56bfc062723c751e8b465ee728b)
Start importing Assets/NatureManufacture Assets/Advanced Foliage Pack/Unity grass/Unity Grass Models/unity_grass_clover_01.fbx using Guid(a002faeb68ace664ba5c37ccd3438b3c) Importer(815301076,1909f56bfc062723c751e8b465ee728b) [PhysX] Initialized MultithreadedTaskDispatcher with 16 workers.
[PhysX] Initialized MultithreadedTaskDispatcher with 16 workers.
[PhysX] Initialized MultithreadedTaskDispatcher with 16 workers.
 -> (artifact id: '8ab2bf3b55e30366a95d29a3e8445b5d') in 0.042447 seconds
Number of updated asset objects reloaded before import = 0
Number of asset objects unloaded after import = 7
========================================================================
Received Import Request.
  Time since last request: 0.000058 seconds.
  path: Assets/TerrainSampleAssets/Prefabs/Details/Textures/Grass_Dry_Thickness.tif
  artifactKey: Guid(99c510da2dd217442b92c10c98d23575) Importer(815301076,1909f56bfc062723c751e8b465ee728b)
Start importing Assets/TerrainSampleAssets/Prefabs/Details/Textures/Grass_Dry_Thickness.tif using Guid(99c510da2dd217442b92c10c98d23575) Importer(815301076,1909f56bfc062723c751e8b465ee728b) [PhysX] Initialized MultithreadedTaskDispatcher with 16 workers.
[PhysX] Initialized MultithreadedTaskDispatcher with 16 workers.
 -> (artifact id: '8450771ba0a03050c757b8f2fa9b1c36') in 0.035414 seconds
Number of updated asset objects reloaded before import = 0
Number of asset objects unloaded after import = 2
========================================================================
Received Import Request.
  Time since last request: 0.000054 seconds.
  path: Assets/NatureManufacture Assets/Advanced Foliage Pack/Ground Textures/T_Ground_Grass_03_A_Sm.tga
  artifactKey: Guid(c6abe5fa59addb7498da38719eaabe0c) Importer(815301076,1909f56bfc062723c751e8b465ee728b)
Start importing Assets/NatureManufacture Assets/Advanced Foliage Pack/Ground Textures/T_Ground_Grass_03_A_Sm.tga using Guid(c6abe5fa59addb7498da38719eaabe0c) Importer(815301076,1909f56bfc062723c751e8b465ee728b) [PhysX] Initialized MultithreadedTaskDispatcher with 16 workers.
[PhysX] Initialized MultithreadedTaskDispatcher with 16 workers.
 -> (artifact id: '37e16ed73f1695148bdfcc62c463effb') in 0.031093 seconds
Number of updated asset objects reloaded before import = 0
Number of asset objects unloaded after import = 2
========================================================================
Received Import Request.
  Time since last request: 0.000038 seconds.
  path: Assets/NatureManufacture Assets/Advanced Foliage Pack/Unity grass/Unity Billboard Grass/T_grass_08_dry_A_M.png
  artifactKey: Guid(03a42a5a0c5b54342a0c0f5985ab8fa4) Importer(815301076,1909f56bfc062723c751e8b465ee728b)
Start importing Assets/NatureManufacture Assets/Advanced Foliage Pack/Unity grass/Unity Billboard Grass/T_grass_08_dry_A_M.png using Guid(03a42a5a0c5b54342a0c0f5985ab8fa4) Importer(815301076,1909f56bfc062723c751e8b465ee728b) [PhysX] Initialized MultithreadedTaskDispatcher with 16 workers.
[PhysX] Initialized MultithreadedTaskDispatcher with 16 workers.
 -> (artifact id: 'b87641f541281144886f13fb573fa8c4') in 0.026092 seconds
Number of updated asset objects reloaded before import = 0
Number of asset objects unloaded after import = 2
========================================================================
Received Import Request.
  Time since last request: 0.000036 seconds.
  path: Assets/NatureManufacture Assets/Advanced Foliage Pack/Unity grass/Unity Grass Models/unity_grass_ground_foliage_04_0.fbx
  artifactKey: Guid(65a8ab55172849a4297021513a9d4792) Importer(815301076,1909f56bfc062723c751e8b465ee728b)
Start importing Assets/NatureManufacture Assets/Advanced Foliage Pack/Unity grass/Unity Grass Models/unity_grass_ground_foliage_04_0.fbx using Guid(65a8ab55172849a4297021513a9d4792) Importer(815301076,1909f56bfc062723c751e8b465ee728b) [PhysX] Initialized MultithreadedTaskDispatcher with 16 workers.
[PhysX] Initialized MultithreadedTaskDispatcher with 16 workers.
[PhysX] Initialized MultithreadedTaskDispatcher with 16 workers.
 -> (artifact id: '45362b61fb45d8d855cee0447423519e') in 0.046529 seconds
Number of updated asset objects reloaded before import = 0
Number of asset objects unloaded after import = 7
========================================================================
Received Import Request.
  Time since last request: 0.000044 seconds.
  path: Assets/NatureManufacture Assets/Advanced Foliage Pack/Ground Textures/T_Ground_Grass_01_3_A_Sm.tga
  artifactKey: Guid(d818eee07b21ad445aecd924579088aa) Importer(815301076,1909f56bfc062723c751e8b465ee728b)
Start importing Assets/NatureManufacture Assets/Advanced Foliage Pack/Ground Textures/T_Ground_Grass_01_3_A_Sm.tga using Guid(d818eee07b21ad445aecd924579088aa) Importer(815301076,1909f56bfc062723c751e8b465ee728b) [PhysX] Initialized MultithreadedTaskDispatcher with 16 workers.
[PhysX] Initialized MultithreadedTaskDispatcher with 16 workers.
 -> (artifact id: '4df3f3690c8f8739a7e961289dea4768') in 0.029573 seconds
Number of updated asset objects reloaded before import = 0
Number of asset objects unloaded after import = 2
========================================================================
Received Import Request.
  Time since last request: 0.000056 seconds.
  path: Assets/PBR_Grass_Flowers_Pack_01/ExtraMeshes/Textures/GrassDetMap03_G.tga
  artifactKey: Guid(eee32791dcdfaa44cb4c3a9d837c1d01) Importer(815301076,1909f56bfc062723c751e8b465ee728b)
Start importing Assets/PBR_Grass_Flowers_Pack_01/ExtraMeshes/Textures/GrassDetMap03_G.tga using Guid(eee32791dcdfaa44cb4c3a9d837c1d01) Importer(815301076,1909f56bfc062723c751e8b465ee728b) [PhysX] Initialized MultithreadedTaskDispatcher with 16 workers.
[PhysX] Initialized MultithreadedTaskDispatcher with 16 workers.
 -> (artifact id: 'a4bca786001337b0c399b14debf7468d') in 0.013564 seconds
Number of updated asset objects reloaded before import = 0
Number of asset objects unloaded after import = 2
========================================================================
Received Import Request.
  Time since last request: 0.000068 seconds.
  path: Assets/TerrainSampleAssets/Materials/Grass_C.asset
  artifactKey: Guid(d3f698d8d13edc2478d19e143b436434) Importer(815301076,1909f56bfc062723c751e8b465ee728b)
Start importing Assets/TerrainSampleAssets/Materials/Grass_C.asset using Guid(d3f698d8d13edc2478d19e143b436434) Importer(815301076,1909f56bfc062723c751e8b465ee728b) [PhysX] Initialized MultithreadedTaskDispatcher with 16 workers.
[PhysX] Initialized MultithreadedTaskDispatcher with 16 workers.
 -> (artifact id: 'bc50b31255cc86c8e65be5bb45aecc7f') in 0.043356 seconds
Number of updated asset objects reloaded before import = 0
Number of asset objects unloaded after import = 7
========================================================================
Received Import Request.
  Time since last request: 0.000055 seconds.
  path: Assets/NatureManufacture Assets/Advanced Foliage Pack/Unity grass/Unity Billboard Grass/T_grass_07_A_M.png
  artifactKey: Guid(44313f9336a7ca6429e4d5c1201755a2) Importer(815301076,1909f56bfc062723c751e8b465ee728b)
Start importing Assets/NatureManufacture Assets/Advanced Foliage Pack/Unity grass/Unity Billboard Grass/T_grass_07_A_M.png using Guid(44313f9336a7ca6429e4d5c1201755a2) Importer(815301076,1909f56bfc062723c751e8b465ee728b) [PhysX] Initialized MultithreadedTaskDispatcher with 16 workers.
[PhysX] Initialized MultithreadedTaskDispatcher with 16 workers.
 -> (artifact id: '40416771e138db2408ae8df7f9ad3ab8') in 0.029194 seconds
Number of updated asset objects reloaded before import = 0
Number of asset objects unloaded after import = 2
========================================================================
Received Import Request.
  Time since last request: 0.000040 seconds.
  path: Assets/TerrainDemoScene_HDRP/Terrain/Textures/Grass_Moss_A/Grass_Moss_A_MaskMap.asset
  artifactKey: Guid(835143c061b74c547b99b8fbe4224207) Importer(815301076,1909f56bfc062723c751e8b465ee728b)
Start importing Assets/TerrainDemoScene_HDRP/Terrain/Textures/Grass_Moss_A/Grass_Moss_A_MaskMap.asset using Guid(835143c061b74c547b99b8fbe4224207) Importer(815301076,1909f56bfc062723c751e8b465ee728b) [PhysX] Initialized MultithreadedTaskDispatcher with 16 workers.
 -> (artifact id: '4d0e5d2ccb416eb60420792543a29558') in 0.001823 seconds
Number of updated asset objects reloaded before import = 0
Number of asset objects unloaded after import = 1
========================================================================
Received Import Request.
  Time since last request: 0.000042 seconds.
  path: Assets/TerrainSampleAssets/Models/GrassDry_A.asset
  artifactKey: Guid(95c06121a3f5d524c8cad4ff4e302950) Importer(815301076,1909f56bfc062723c751e8b465ee728b)
Start importing Assets/TerrainSampleAssets/Models/GrassDry_A.asset using Guid(95c06121a3f5d524c8cad4ff4e302950) Importer(815301076,1909f56bfc062723c751e8b465ee728b) [PhysX] Initialized MultithreadedTaskDispatcher with 16 workers.
[PhysX] Initialized MultithreadedTaskDispatcher with 16 workers.
 -> (artifact id: '37f8ffebd312d071200aba3e64ed94d8') in 0.027353 seconds
Number of updated asset objects reloaded before import = 0
Number of asset objects unloaded after import = 2
========================================================================
Received Import Request.
  Time since last request: 0.000046 seconds.
  path: Assets/NatureManufacture Assets/Advanced Foliage Pack/Ground Textures/T_Ground_Grass_01_0_A_Sm.tga
  artifactKey: Guid(c55d4927c04833243b667ab3974f5da7) Importer(815301076,1909f56bfc062723c751e8b465ee728b)
Start importing Assets/NatureManufacture Assets/Advanced Foliage Pack/Ground Textures/T_Ground_Grass_01_0_A_Sm.tga using Guid(c55d4927c04833243b667ab3974f5da7) Importer(815301076,1909f56bfc062723c751e8b465ee728b) [PhysX] Initialized MultithreadedTaskDispatcher with 16 workers.
[PhysX] Initialized MultithreadedTaskDispatcher with 16 workers.
 -> (artifact id: 'dc3dcce1e509faccad9521dcf4b285b3') in 0.031612 seconds
Number of updated asset objects reloaded before import = 0
Number of asset objects unloaded after import = 2
========================================================================
Received Import Request.
  Time since last request: 0.000036 seconds.
  path: Assets/PBR_Grass_Flowers_Pack_01/textures/SpurgeGrass01_N.png
  artifactKey: Guid(de5a36d92560c4843b7fff3bff7774c1) Importer(815301076,1909f56bfc062723c751e8b465ee728b)
Start importing Assets/PBR_Grass_Flowers_Pack_01/textures/SpurgeGrass01_N.png using Guid(de5a36d92560c4843b7fff3bff7774c1) Importer(815301076,1909f56bfc062723c751e8b465ee728b) [PhysX] Initialized MultithreadedTaskDispatcher with 16 workers.
[PhysX] Initialized MultithreadedTaskDispatcher with 16 workers.
 -> (artifact id: '6558059dbeba376af0e594b4cf1cce9a') in 0.041152 seconds
Number of updated asset objects reloaded before import = 0
Number of asset objects unloaded after import = 2
========================================================================
Received Import Request.
  Time since last request: 0.000046 seconds.
  path: Assets/NatureManufacture Assets/Advanced Foliage Pack/Unity grass/Unity Grass Models/Materials/M_Unity_Grass_nettle_01.mat
  artifactKey: Guid(0c987c97204cbf545a3189a55669035b) Importer(815301076,1909f56bfc062723c751e8b465ee728b)
Start importing Assets/NatureManufacture Assets/Advanced Foliage Pack/Unity grass/Unity Grass Models/Materials/M_Unity_Grass_nettle_01.mat using Guid(0c987c97204cbf545a3189a55669035b) Importer(815301076,1909f56bfc062723c751e8b465ee728b) [PhysX] Initialized MultithreadedTaskDispatcher with 16 workers.
[PhysX] Initialized MultithreadedTaskDispatcher with 16 workers.
 -> (artifact id: 'e0c47eec70408f65f119ec77688d9f71') in 0.029910 seconds
Number of updated asset objects reloaded before import = 0
Number of asset objects unloaded after import = 4
========================================================================
Received Import Request.
  Time since last request: 0.000053 seconds.
  path: Assets/CityGen3D/Textures/Terrain/GrassLeaves_mask.png
  artifactKey: Guid(430eebfcab28e5d4185cf740219000f5) Importer(815301076,1909f56bfc062723c751e8b465ee728b)
Start importing Assets/CityGen3D/Textures/Terrain/GrassLeaves_mask.png using Guid(430eebfcab28e5d4185cf740219000f5) Importer(815301076,1909f56bfc062723c751e8b465ee728b) [PhysX] Initialized MultithreadedTaskDispatcher with 16 workers.
[PhysX] Initialized MultithreadedTaskDispatcher with 16 workers.
 -> (artifact id: '1bf75995e8f53f8e0ef592852ecc3de1') in 0.032898 seconds
Number of updated asset objects reloaded before import = 0
Number of asset objects unloaded after import = 2
========================================================================
Received Import Request.
  Time since last request: 0.000044 seconds.
  path: Assets/TerrainSampleAssets/TerrainLayers/Grass_B_TerrainLayer.terrainlayer
  artifactKey: Guid(bd1fcb10d2c5b5d4ba6e01a34e4735be) Importer(815301076,1909f56bfc062723c751e8b465ee728b)
Start importing Assets/TerrainSampleAssets/TerrainLayers/Grass_B_TerrainLayer.terrainlayer using Guid(bd1fcb10d2c5b5d4ba6e01a34e4735be) Importer(815301076,1909f56bfc062723c751e8b465ee728b) [PhysX] Initialized MultithreadedTaskDispatcher with 16 workers.
 -> (artifact id: 'ce871ac206f1f72aca0f6f3079c24540') in 0.042557 seconds
Number of updated asset objects reloaded before import = 0
Number of asset objects unloaded after import = 5
========================================================================
Received Import Request.
  Time since last request: 0.000052 seconds.
  path: Assets/PalmTreePack/Textures/Props/TexturesCom_Grass0139_1_seamless_S.png
  artifactKey: Guid(1be7a6043ba3a5f42945c2c019024f3b) Importer(815301076,1909f56bfc062723c751e8b465ee728b)
Start importing Assets/PalmTreePack/Textures/Props/TexturesCom_Grass0139_1_seamless_S.png using Guid(1be7a6043ba3a5f42945c2c019024f3b) Importer(815301076,1909f56bfc062723c751e8b465ee728b) [PhysX] Initialized MultithreadedTaskDispatcher with 16 workers.
[PhysX] Initialized MultithreadedTaskDispatcher with 16 workers.
 -> (artifact id: '2847810b7ea4d546b793f6c2e0434a88') in 0.031806 seconds
Number of updated asset objects reloaded before import = 0
Number of asset objects unloaded after import = 2
========================================================================
Received Import Request.
  Time since last request: 0.000041 seconds.
  path: Assets/TerrainSampleAssets/Prefabs/Details/Models/GrassDry_C.asset
  artifactKey: Guid(eafe2ee975c6eaf47b3a3d7a6f1546dc) Importer(815301076,1909f56bfc062723c751e8b465ee728b)
Start importing Assets/TerrainSampleAssets/Prefabs/Details/Models/GrassDry_C.asset using Guid(eafe2ee975c6eaf47b3a3d7a6f1546dc) Importer(815301076,1909f56bfc062723c751e8b465ee728b) [PhysX] Initialized MultithreadedTaskDispatcher with 16 workers.
[PhysX] Initialized MultithreadedTaskDispatcher with 16 workers.
 -> (artifact id: '24c09a29819cc050a6011c48b606514d') in 0.029076 seconds
Number of updated asset objects reloaded before import = 0
Number of asset objects unloaded after import = 2
========================================================================
Received Import Request.
  Time since last request: 0.000079 seconds.
  path: Assets/PBR_Grass_Flowers_Pack_01/GroundTextures/GroundGrassGreen_BigUV_01.tga
  artifactKey: Guid(f60d153b8d1e0e546bb5604c0c0788f1) Importer(815301076,1909f56bfc062723c751e8b465ee728b)
Start importing Assets/PBR_Grass_Flowers_Pack_01/GroundTextures/GroundGrassGreen_BigUV_01.tga using Guid(f60d153b8d1e0e546bb5604c0c0788f1) Importer(815301076,1909f56bfc062723c751e8b465ee728b) [PhysX] Initialized MultithreadedTaskDispatcher with 16 workers.
[PhysX] Initialized MultithreadedTaskDispatcher with 16 workers.
 -> (artifact id: 'dc5a871e4d0852e9d2fed70525537147') in 0.169612 seconds
Number of updated asset objects reloaded before import = 0
Number of asset objects unloaded after import = 2
========================================================================
Received Import Request.
  Time since last request: 0.000041 seconds.
  path: Assets/NatureManufacture Assets/Advanced Foliage Pack/Unity grass/Unity Billboard Grass/T_grass_02_Mt_AO_Sm.png
  artifactKey: Guid(db2392e1fcc4ce040b25606cea24d8f5) Importer(815301076,1909f56bfc062723c751e8b465ee728b)
Start importing Assets/NatureManufacture Assets/Advanced Foliage Pack/Unity grass/Unity Billboard Grass/T_grass_02_Mt_AO_Sm.png using Guid(db2392e1fcc4ce040b25606cea24d8f5) Importer(815301076,1909f56bfc062723c751e8b465ee728b) [PhysX] Initialized MultithreadedTaskDispatcher with 16 workers.
[PhysX] Initialized MultithreadedTaskDispatcher with 16 workers.
 -> (artifact id: '28e7c4b5cb0a5e04144bc19d3f008eff') in 0.027775 seconds
Number of updated asset objects reloaded before import = 0
Number of asset objects unloaded after import = 2
========================================================================
Received Import Request.
  Time since last request: 0.000061 seconds.
  path: Assets/TerrainDemoScene_HDRP/Terrain/Layers/Grass_Soil_A.terrainlayer
  artifactKey: Guid(ffb94bff813c3c041b5c22cc023fb25e) Importer(815301076,1909f56bfc062723c751e8b465ee728b)
Start importing Assets/TerrainDemoScene_HDRP/Terrain/Layers/Grass_Soil_A.terrainlayer using Guid(ffb94bff813c3c041b5c22cc023fb25e) Importer(815301076,1909f56bfc062723c751e8b465ee728b) [PhysX] Initialized MultithreadedTaskDispatcher with 16 workers.
 -> (artifact id: 'd3c35086cc0c697486c971841b5a075b') in 0.038313 seconds
Number of updated asset objects reloaded before import = 0
Number of asset objects unloaded after import = 5
========================================================================
Received Import Request.
  Time since last request: 0.000038 seconds.
  path: Assets/TerrainSampleAssets/Prefabs/Details/Models/GrassDry_B.asset
  artifactKey: Guid(750e55140f4f0f14cb96082e2f555c72) Importer(815301076,1909f56bfc062723c751e8b465ee728b)
Start importing Assets/TerrainSampleAssets/Prefabs/Details/Models/GrassDry_B.asset using Guid(750e55140f4f0f14cb96082e2f555c72) Importer(815301076,1909f56bfc062723c751e8b465ee728b) [PhysX] Initialized MultithreadedTaskDispatcher with 16 workers.
[PhysX] Initialized MultithreadedTaskDispatcher with 16 workers.
 -> (artifact id: '9166b3dadf4f20a8878014071cca1899') in 0.016253 seconds
Number of updated asset objects reloaded before import = 0
Number of asset objects unloaded after import = 2
========================================================================
Received Import Request.
  Time since last request: 0.000076 seconds.
  path: Assets/TerrainSampleAssets/Textures/Details/GrassDry_MaskMap.tif
  artifactKey: Guid(d3cf4500414007c4c895584cfcf1fbc3) Importer(815301076,1909f56bfc062723c751e8b465ee728b)
Start importing Assets/TerrainSampleAssets/Textures/Details/GrassDry_MaskMap.tif using Guid(d3cf4500414007c4c895584cfcf1fbc3) Importer(815301076,1909f56bfc062723c751e8b465ee728b) [PhysX] Initialized MultithreadedTaskDispatcher with 16 workers.
[PhysX] Initialized MultithreadedTaskDispatcher with 16 workers.
 -> (artifact id: '942ed26298ffb812422791d7bdab637e') in 0.026706 seconds
Number of updated asset objects reloaded before import = 0
Number of asset objects unloaded after import = 2
========================================================================
Received Import Request.
  Time since last request: 0.000038 seconds.
  path: Assets/TerrainDemoScene_HDRP/Terrain/Textures/Grass_Soil_A/Grass_Soil_A_Albedo.tif
  artifactKey: Guid(8d132b50decf7aa429d6d84a9e7a1217) Importer(815301076,1909f56bfc062723c751e8b465ee728b)
Start importing Assets/TerrainDemoScene_HDRP/Terrain/Textures/Grass_Soil_A/Grass_Soil_A_Albedo.tif using Guid(8d132b50decf7aa429d6d84a9e7a1217) Importer(815301076,1909f56bfc062723c751e8b465ee728b) [PhysX] Initialized MultithreadedTaskDispatcher with 16 workers.
[PhysX] Initialized MultithreadedTaskDispatcher with 16 workers.
 -> (artifact id: '163f313991b619172f91025b95fdb416') in 0.030597 seconds
Number of updated asset objects reloaded before import = 0
Number of asset objects unloaded after import = 2
========================================================================
Received Import Request.
  Time since last request: 0.000074 seconds.
  path: Assets/NatureManufacture Assets/Advanced Foliage Pack/Unity grass/Unity Billboard Grass/T_grass_08_Mt_AO_Sm.png
  artifactKey: Guid(b55cf55b3d153bd4bbf8b685e2937c38) Importer(815301076,1909f56bfc062723c751e8b465ee728b)
Start importing Assets/NatureManufacture Assets/Advanced Foliage Pack/Unity grass/Unity Billboard Grass/T_grass_08_Mt_AO_Sm.png using Guid(b55cf55b3d153bd4bbf8b685e2937c38) Importer(815301076,1909f56bfc062723c751e8b465ee728b) [PhysX] Initialized MultithreadedTaskDispatcher with 16 workers.
[PhysX] Initialized MultithreadedTaskDispatcher with 16 workers.
 -> (artifact id: 'e013a5758e2b905d1f2f655d344ec7a0') in 0.025619 seconds
Number of updated asset objects reloaded before import = 0
Number of asset objects unloaded after import = 2
========================================================================
Received Import Request.
  Time since last request: 0.000038 seconds.
  path: Assets/TerrainSampleAssets/Textures/Details/GrassDry_BaseColor.tif
  artifactKey: Guid(3785d5abd275c7147a10aa4bf8720df4) Importer(815301076,1909f56bfc062723c751e8b465ee728b)
Start importing Assets/TerrainSampleAssets/Textures/Details/GrassDry_BaseColor.tif using Guid(3785d5abd275c7147a10aa4bf8720df4) Importer(815301076,1909f56bfc062723c751e8b465ee728b) [PhysX] Initialized MultithreadedTaskDispatcher with 16 workers.
[PhysX] Initialized MultithreadedTaskDispatcher with 16 workers.
 -> (artifact id: '83961e59be5dacb2ff07b56873c4ff0f') in 0.028181 seconds
Number of updated asset objects reloaded before import = 0
Number of asset objects unloaded after import = 2
========================================================================
Received Import Request.
  Time since last request: 0.000040 seconds.
  path: Assets/PBR_Grass_Flowers_Pack_01/ExtraMeshes/GrassDetMesh03_1.fbx
  artifactKey: Guid(9f190dd75702ed447b64338fc10115e0) Importer(815301076,1909f56bfc062723c751e8b465ee728b)
Start importing Assets/PBR_Grass_Flowers_Pack_01/ExtraMeshes/GrassDetMesh03_1.fbx using Guid(9f190dd75702ed447b64338fc10115e0) Importer(815301076,1909f56bfc062723c751e8b465ee728b) [PhysX] Initialized MultithreadedTaskDispatcher with 16 workers.
[PhysX] Initialized MultithreadedTaskDispatcher with 16 workers.
[PhysX] Initialized MultithreadedTaskDispatcher with 16 workers.
 -> (artifact id: '093884e9d1e1aca70997ba4bad4c6afe') in 0.055005 seconds
Number of updated asset objects reloaded before import = 0
Number of asset objects unloaded after import = 11
========================================================================
Received Import Request.
  Time since last request: 0.000063 seconds.
  path: Assets/CityGen3D/Materials/Terrain/GrassLeaves.mat
  artifactKey: Guid(b9f08a278d743674dbf008e62a2f9ccc) Importer(815301076,1909f56bfc062723c751e8b465ee728b)
Start importing Assets/CityGen3D/Materials/Terrain/GrassLeaves.mat using Guid(b9f08a278d743674dbf008e62a2f9ccc) Importer(815301076,1909f56bfc062723c751e8b465ee728b) [PhysX] Initialized MultithreadedTaskDispatcher with 16 workers.
[PhysX] Initialized MultithreadedTaskDispatcher with 16 workers.
 -> (artifact id: '054e74af3478786963cbd59cf8081fc8') in 0.055734 seconds
Number of updated asset objects reloaded before import = 0
Number of asset objects unloaded after import = 4
========================================================================
Received Import Request.
  Time since last request: 0.000079 seconds.
  path: Assets/NatureManufacture Assets/Advanced Foliage Pack/Ground Textures/T_Ground_Grass_01_2_A_Sm.tga
  artifactKey: Guid(7b4352dd52a53d249999ca48bdc5123d) Importer(815301076,1909f56bfc062723c751e8b465ee728b)
Start importing Assets/NatureManufacture Assets/Advanced Foliage Pack/Ground Textures/T_Ground_Grass_01_2_A_Sm.tga using Guid(7b4352dd52a53d249999ca48bdc5123d) Importer(815301076,1909f56bfc062723c751e8b465ee728b) [PhysX] Initialized MultithreadedTaskDispatcher with 16 workers.
[PhysX] Initialized MultithreadedTaskDispatcher with 16 workers.
 -> (artifact id: 'a63b1b31a61795a22b022b8150a5abd3') in 0.032120 seconds
Number of updated asset objects reloaded before import = 0
Number of asset objects unloaded after import = 2
Editor requested this worker to shutdown with reason: Scaling down because of idle timeout
TcpMessagingSession - receive error: operation aborted. errorcode: 995, details: Der E/A-Vorgang wurde wegen eines Threadendes oder einer Anwendungsanforderung abgebrochen.
AssetImportWorker is now disconnected from the server
Process exiting
Exiting without the bug reporter. Application will terminate with return code 0