Using pre-set license
Built from '2022.3/staging' branch; Version is '2022.3.62f1 (4af31df58517) revision 4911901'; Using compiler version '192829333'; Build Type 'Release'
OS: 'Windows 10  (10.0.19045) 64bit Professional' Language: 'de' Physical Memory: 32700 MB
BatchMode: 1, IsHumanControllingUs: 0, StartBugReporterOnCrash: 0, Is64bit: 1, IsPro: 1

COMMAND LINE ARGUMENTS:
C:\Program Files\Unity\Hub\Editor\2022.3.62f1\Editor\Unity.exe
-adb2
-batchMode
-noUpm
-name
AssetImportWorker33
-projectPath
C:/StudentProjects/Serious game group 18/My project
-logFile
Logs/AssetImportWorker33.log
-srvPort
58467
Successfully changed project path to: C:/StudentProjects/Serious game group 18/My project
C:/StudentProjects/Serious game group 18/My project
[UnityMemory] Configuration Parameters - Can be set up in boot.config
    "memorysetup-bucket-allocator-granularity=16"
    "memorysetup-bucket-allocator-bucket-count=8"
    "memorysetup-bucket-allocator-block-size=33554432"
    "memorysetup-bucket-allocator-block-count=8"
    "memorysetup-main-allocator-block-size=16777216"
    "memorysetup-thread-allocator-block-size=16777216"
    "memorysetup-gfx-main-allocator-block-size=16777216"
    "memorysetup-gfx-thread-allocator-block-size=16777216"
    "memorysetup-cache-allocator-block-size=4194304"
    "memorysetup-typetree-allocator-block-size=2097152"
    "memorysetup-profiler-bucket-allocator-granularity=16"
    "memorysetup-profiler-bucket-allocator-bucket-count=8"
    "memorysetup-profiler-bucket-allocator-block-size=33554432"
    "memorysetup-profiler-bucket-allocator-block-count=8"
    "memorysetup-profiler-allocator-block-size=16777216"
    "memorysetup-profiler-editor-allocator-block-size=1048576"
    "memorysetup-temp-allocator-size-main=16777216"
    "memorysetup-job-temp-allocator-block-size=2097152"
    "memorysetup-job-temp-allocator-block-size-background=1048576"
    "memorysetup-job-temp-allocator-reduction-small-platforms=262144"
    "memorysetup-allocator-temp-initial-block-size-main=262144"
    "memorysetup-allocator-temp-initial-block-size-worker=262144"
    "memorysetup-temp-allocator-size-background-worker=32768"
    "memorysetup-temp-allocator-size-job-worker=262144"
    "memorysetup-temp-allocator-size-preload-manager=33554432"
    "memorysetup-temp-allocator-size-nav-mesh-worker=65536"
    "memorysetup-temp-allocator-size-audio-worker=65536"
    "memorysetup-temp-allocator-size-cloud-worker=32768"
    "memorysetup-temp-allocator-size-gi-baking-worker=262144"
    "memorysetup-temp-allocator-size-gfx=262144"
Player connection [8928]  Target information:

Player connection [8928]  * "[IP] 192.168.253.171 [Port] 0 [Flags] 2 [Guid] 617703106 [EditorId] 617703106 [Version] 1048832 [Id] WindowsEditor(7,DESKTOP-66DGGND) [Debug] 1 [PackageName] WindowsEditor [ProjectName] Editor" 

Player connection [8928] Host joined multi-casting on [225.0.0.222:54997]...
Player connection [8928] Host joined alternative multi-casting on [225.0.0.222:34997]...
Input System module state changed to: Initialized.
[PhysX] Initialized MultithreadedTaskDispatcher with 16 workers.
Refreshing native plugins compatible for Editor in 68.05 ms, found 12 plugins.
Preloading 0 native plugins for Editor in 0.00 ms.
Initialize engine version: 2022.3.62f1 (4af31df58517)
[Subsystems] Discovering subsystems at path C:/Program Files/Unity/Hub/Editor/2022.3.62f1/Editor/Data/Resources/UnitySubsystems
[Subsystems] Discovering subsystems at path C:/StudentProjects/Serious game group 18/My project/Assets
GfxDevice: creating device client; threaded=0; jobified=0
Direct3D:
    Version:  Direct3D 11.0 [level 11.1]
    Renderer: Radeon RX Vega (ID=0x687f)
    Vendor:   ATI
    VRAM:     8119 MB
    Driver:   31.0.12027.9001
Shader 'Fristy/Nature/Leaves': fallback shader 'TransparentCutout' not found
Shader 'Fristy/Nature/Leaves 2': fallback shader 'TransparentCutout' not found
Shader 'Fristy/Nature/Leaves 2': fallback shader 'TransparentCutout' not found
Shader 'Fristy/Nature/Leaves': fallback shader 'TransparentCutout' not found
Initialize mono
Mono path[0] = 'C:/Program Files/Unity/Hub/Editor/2022.3.62f1/Editor/Data/Managed'
Mono path[1] = 'C:/Program Files/Unity/Hub/Editor/2022.3.62f1/Editor/Data/MonoBleedingEdge/lib/mono/unityjit-win32'
Mono config path = 'C:/Program Files/Unity/Hub/Editor/2022.3.62f1/Editor/Data/MonoBleedingEdge/etc'
Using monoOptions --debugger-agent=transport=dt_socket,embedding=1,server=y,suspend=n,address=127.0.0.1:56156
Begin MonoManager ReloadAssembly
Registering precompiled unity dll's ...
Register platform support module: C:/Program Files/Unity/Hub/Editor/2022.3.62f1/Editor/Data/PlaybackEngines/WindowsStandaloneSupport/UnityEditor.WindowsStandalone.Extensions.dll
Registered in 0.019229 seconds.
- Loaded All Assemblies, in  0.573 seconds
Native extension for WindowsStandalone target not found
Mono: successfully reloaded assembly
- Finished resetting the current domain, in  0.427 seconds
Domain Reload Profiling: 996ms
	BeginReloadAssembly (177ms)
		ExecutionOrderSort (0ms)
		DisableScriptedObjects (0ms)
		BackupInstance (0ms)
		ReleaseScriptingObjects (0ms)
		CreateAndSetChildDomain (1ms)
	RebuildCommonClasses (57ms)
	RebuildNativeTypeToScriptingClass (19ms)
	initialDomainReloadingComplete (110ms)
	LoadAllAssembliesAndSetupDomain (207ms)
		LoadAssemblies (172ms)
		RebuildTransferFunctionScriptingTraits (0ms)
		AnalyzeDomain (204ms)
			TypeCache.Refresh (202ms)
				TypeCache.ScanAssembly (183ms)
			ScanForSourceGeneratedMonoScriptInfo (1ms)
			ResolveRequiredComponents (1ms)
	FinalizeReload (427ms)
		ReleaseScriptCaches (0ms)
		RebuildScriptCaches (0ms)
		SetupLoadedEditorAssemblies (361ms)
			LogAssemblyErrors (0ms)
			InitializePlatformSupportModulesInManaged (17ms)
			SetLoadedEditorAssemblies (11ms)
			RefreshPlugins (0ms)
			BeforeProcessingInitializeOnLoad (5ms)
			ProcessInitializeOnLoadAttributes (239ms)
			ProcessInitializeOnLoadMethodAttributes (89ms)
			AfterProcessingInitializeOnLoad (0ms)
			EditorAssembliesLoaded (0ms)
		ExecutionOrderSort2 (0ms)
		AwakeInstancesAfterBackupRestoration (0ms)
========================================================================
Worker process is ready to serve import requests
Caller must complete domain reload
Begin MonoManager ReloadAssembly
- Loaded All Assemblies, in  1.644 seconds
Native extension for WindowsStandalone target not found
Package Manager log level set to [2]
[Package Manager] Server::EnsureServerProcessIsRunning -- launch failed, reason: Unity was launched with the -noUpm command-line argument
[Package Manager] UpmClient::Send -- Unable to send message (not connected to UPM process).
[Package Manager] Cannot connect to Unity Package Manager local server
Mono: successfully reloaded assembly
[Package Manager] Server::EnsureServerProcessIsRunning -- launch failed, reason: Unity was launched with the -noUpm command-line argument
[Package Manager] UpmClient::Send -- Unable to send message (not connected to UPM process).
[Package Manager] Cannot connect to Unity Package Manager local server
[Package Manager] Server::EnsureServerProcessIsRunning -- launch failed, reason: Unity was launched with the -noUpm command-line argument
[Package Manager] UpmClient::Send -- Unable to send message (not connected to UPM process).
[Package Manager] Cannot connect to Unity Package Manager local server
- Finished resetting the current domain, in  1.909 seconds
Domain Reload Profiling: 3539ms
	BeginReloadAssembly (242ms)
		ExecutionOrderSort (0ms)
		DisableScriptedObjects (9ms)
		BackupInstance (0ms)
		ReleaseScriptingObjects (0ms)
		CreateAndSetChildDomain (31ms)
	RebuildCommonClasses (53ms)
	RebuildNativeTypeToScriptingClass (17ms)
	initialDomainReloadingComplete (79ms)
	LoadAllAssembliesAndSetupDomain (1239ms)
		LoadAssemblies (776ms)
		RebuildTransferFunctionScriptingTraits (0ms)
		AnalyzeDomain (608ms)
			TypeCache.Refresh (500ms)
				TypeCache.ScanAssembly (463ms)
			ScanForSourceGeneratedMonoScriptInfo (79ms)
			ResolveRequiredComponents (27ms)
	FinalizeReload (1910ms)
		ReleaseScriptCaches (0ms)
		RebuildScriptCaches (0ms)
		SetupLoadedEditorAssemblies (1531ms)
			LogAssemblyErrors (0ms)
			InitializePlatformSupportModulesInManaged (11ms)
			SetLoadedEditorAssemblies (8ms)
			RefreshPlugins (0ms)
			BeforeProcessingInitializeOnLoad (188ms)
			ProcessInitializeOnLoadAttributes (899ms)
			ProcessInitializeOnLoadMethodAttributes (411ms)
			AfterProcessingInitializeOnLoad (15ms)
			EditorAssembliesLoaded (0ms)
		ExecutionOrderSort2 (0ms)
		AwakeInstancesAfterBackupRestoration (11ms)
WARNING: Shader Unsupported: 'Hidden/Builtin_TerrainVisualization' - All subshaders removed
WARNING: Shader Did you use #pragma only_renderers and omit this platform?
WARNING: Shader If subshaders removal was intentional, you may have forgotten turning Fallback off?
WARNING: Shader Unsupported: 'Hidden/Builtin_TerrainVisualization' - All subshaders removed
WARNING: Shader Did you use #pragma only_renderers and omit this platform?
WARNING: Shader If subshaders removal was intentional, you may have forgotten turning Fallback off?
WARNING: Shader Unsupported: 'Hidden/Universal Render Pipeline/Terrain/Lit (Base Pass)' - All subshaders removed
WARNING: Shader Did you use #pragma only_renderers and omit this platform?
WARNING: Shader If subshaders removal was intentional, you may have forgotten turning Fallback off?
WARNING: Shader Unsupported: 'Hidden/Universal Render Pipeline/Terrain/Lit (Base Pass)' - All subshaders removed
WARNING: Shader Did you use #pragma only_renderers and omit this platform?
WARNING: Shader If subshaders removal was intentional, you may have forgotten turning Fallback off?
WARNING: Shader Unsupported: 'Universal Render Pipeline/Terrain/Lit' - All subshaders removed
WARNING: Shader Did you use #pragma only_renderers and omit this platform?
WARNING: Shader If subshaders removal was intentional, you may have forgotten turning Fallback off?
WARNING: Shader Unsupported: 'Universal Render Pipeline/Terrain/Lit' - All subshaders removed
WARNING: Shader Did you use #pragma only_renderers and omit this platform?
WARNING: Shader If subshaders removal was intentional, you may have forgotten turning Fallback off?
Shader 'Fristy/Nature/Leaves 2': fallback shader 'TransparentCutout' not found
Shader 'Fristy/Nature/Leaves 2': fallback shader 'TransparentCutout' not found
Shader 'Fristy/Nature/Leaves': fallback shader 'TransparentCutout' not found
Shader 'Fristy/Nature/Leaves': fallback shader 'TransparentCutout' not found
Launched and connected shader compiler UnityShaderCompiler.exe after 0.06 seconds
Refreshing native plugins compatible for Editor in 37.07 ms, found 12 plugins.
Preloading 0 native plugins for Editor in 0.00 ms.
Unloading 9320 Unused Serialized files (Serialized files now loaded: 0)
Unloading 167 unused Assets / (7.6 MB). Loaded Objects now: 9860.
Memory consumption went from 0.50 GB to 507.2 MB.
Total: 9.609500 ms (FindLiveObjects: 1.147700 ms CreateObjectMapping: 0.895100 ms MarkObjects: 4.991300 ms  DeleteObjects: 2.573400 ms)

AssetImportParameters requested are different than current active one (requested -> active):
  custom:container-demuxer-ogg: 62fdf1f143b41e24485cea50d1cbac27 -> 
  custom:framework-win-MediaFoundation: 216162199b28c13a410421893ffa2e32 -> 
  custom:container-muxer-webm: aa71ff27fc2769a1b78a27578f13a17b -> 
  custom:video-decoder-webm-vp8: 9c59270c3fd7afecdb556c50c9e8de78 -> 
  custom:SearchIndexIgnoredProperties: e643bd26f0fe6173181afceb89e7c659 -> 
  custom:AudioImporter_EditorPlatform: d09bf68614088b80899f8185d706f6e7 -> 
  custom:audio-decoder-ogg-vorbis: bf7c407c2cedff20999df2af8eb42d56 -> 
  custom:audio-encoder-webm-vorbis: bf7c407c2cedff20999df2af8eb42d56 -> 
  custom:video-codec-MediaFoundation-h265: 746d11721c4dcdbdad8f713fa42b33f4 -> 
  custom:video-decoder-ogg-theora: a1e56fd34408186e4bbccfd4996cb3dc -> 
  custom:CustomObjectIndexerAttribute: 3ead1caaecf1c488f20bcfeb224b6af5 -> 
  custom:container-demuxer-webm: 4f35f7cbe854078d1ac9338744f61a02 -> 
  custom:video-encoder-webm-vp8: eb34c28f22e8b96e1ab97ce403110664 -> 
========================================================================
Received Import Request.
  Time since last request: 977363.863152 seconds.
  path: Assets/NatureManufacture Assets/Advanced Foliage Pack/HD and URP Support Packs Foliage/Readme about rendering piplines.txt
  artifactKey: Guid(d79bf211b624fcd42a2d814413adaa4d) Importer(815301076,1909f56bfc062723c751e8b465ee728b)
Start importing Assets/NatureManufacture Assets/Advanced Foliage Pack/HD and URP Support Packs Foliage/Readme about rendering piplines.txt using Guid(d79bf211b624fcd42a2d814413adaa4d) Importer(815301076,1909f56bfc062723c751e8b465ee728b) [PhysX] Initialized MultithreadedTaskDispatcher with 16 workers.
 -> (artifact id: '5ad1e1b6abe2e23d2849f52bae07648f') in 0.039844 seconds
Number of updated asset objects reloaded before import = 0
Number of asset objects unloaded after import = 1
========================================================================
Received Import Request.
  Time since last request: 70.938925 seconds.
  path: Assets/Toby Fredson/The Toby Foliage Engine/(TTFE)_Demo/Meshes/Meshes_Vegetation/MV_Ground Plants/GrassShort_A.fbx
  artifactKey: Guid(14952afb965020e489225833ff495dea) Importer(815301076,1909f56bfc062723c751e8b465ee728b)
Start importing Assets/Toby Fredson/The Toby Foliage Engine/(TTFE)_Demo/Meshes/Meshes_Vegetation/MV_Ground Plants/GrassShort_A.fbx using Guid(14952afb965020e489225833ff495dea) Importer(815301076,1909f56bfc062723c751e8b465ee728b) [PhysX] Initialized MultithreadedTaskDispatcher with 16 workers.
[PhysX] Initialized MultithreadedTaskDispatcher with 16 workers.
[PhysX] Initialized MultithreadedTaskDispatcher with 16 workers.
[PhysX] Initialized MultithreadedTaskDispatcher with 16 workers.
[PhysX] Initialized MultithreadedTaskDispatcher with 16 workers.
[PhysX] Initialized MultithreadedTaskDispatcher with 16 workers.
[PhysX] Initialized MultithreadedTaskDispatcher with 16 workers.
 -> (artifact id: 'f8984a7312e5271a6edfc0d1b7d928fd') in 1.123199 seconds
Number of updated asset objects reloaded before import = 0
Number of asset objects unloaded after import = 81
========================================================================
Received Import Request.
  Time since last request: 26.713521 seconds.
  path: Assets/CityGen3D/Resources/Prefabs/URP/Environment URP.prefab
  artifactKey: Guid(541eea4cea460114bbb028ad073bc15a) Importer(815301076,1909f56bfc062723c751e8b465ee728b)
Start importing Assets/CityGen3D/Resources/Prefabs/URP/Environment URP.prefab using Guid(541eea4cea460114bbb028ad073bc15a) Importer(815301076,1909f56bfc062723c751e8b465ee728b) [PhysX] Initialized MultithreadedTaskDispatcher with 16 workers.
 -> (artifact id: 'c154433b67d6613f32a4f5b8121accdd') in 0.034028 seconds
Number of updated asset objects reloaded before import = 0
Number of asset objects unloaded after import = 23
========================================================================
Received Import Request.
  Time since last request: 0.000036 seconds.
  path: Assets/Fristy stylize Modular Assets 2/Textures/Rock_Tile_NM_2.png
  artifactKey: Guid(c31766923ee23b243a1b7cd794fad3a2) Importer(815301076,1909f56bfc062723c751e8b465ee728b)
Start importing Assets/Fristy stylize Modular Assets 2/Textures/Rock_Tile_NM_2.png using Guid(c31766923ee23b243a1b7cd794fad3a2) Importer(815301076,1909f56bfc062723c751e8b465ee728b) [PhysX] Initialized MultithreadedTaskDispatcher with 16 workers.
[PhysX] Initialized MultithreadedTaskDispatcher with 16 workers.
 -> (artifact id: 'c635419b721b8334e7ddb2bab20b5fee') in 0.064000 seconds
Number of updated asset objects reloaded before import = 0
Number of asset objects unloaded after import = 2
========================================================================
Received Import Request.
  Time since last request: 0.000060 seconds.
  path: Assets/NatureManufacture Assets/Object Shaders/NM_Object_VSPro_Indirect.cginc
  artifactKey: Guid(2ed03aef5c310b44c993495daa831c86) Importer(815301076,1909f56bfc062723c751e8b465ee728b)
Start importing Assets/NatureManufacture Assets/Object Shaders/NM_Object_VSPro_Indirect.cginc using Guid(2ed03aef5c310b44c993495daa831c86) Importer(815301076,1909f56bfc062723c751e8b465ee728b) [PhysX] Initialized MultithreadedTaskDispatcher with 16 workers.
 -> (artifact id: '3ef2e76fbaef17e49072caa2b500c7b4') in 0.001593 seconds
Number of updated asset objects reloaded before import = 0
Number of asset objects unloaded after import = 1
========================================================================
Received Import Request.
  Time since last request: 0.000034 seconds.
  path: Assets/ProceduralTerrainPainter/_Demo/PTP_TerrainMat.mat
  artifactKey: Guid(b8b309b499f9d104baca1fbf190fd575) Importer(815301076,1909f56bfc062723c751e8b465ee728b)
Start importing Assets/ProceduralTerrainPainter/_Demo/PTP_TerrainMat.mat using Guid(b8b309b499f9d104baca1fbf190fd575) Importer(815301076,1909f56bfc062723c751e8b465ee728b) [PhysX] Initialized MultithreadedTaskDispatcher with 16 workers.
[PhysX] Initialized MultithreadedTaskDispatcher with 16 workers.
 -> (artifact id: 'bee0e79ba46034d065d4b98a9d4e7297') in 0.020948 seconds
Number of updated asset objects reloaded before import = 0
Number of asset objects unloaded after import = 3
========================================================================
Received Import Request.
  Time since last request: 21.617825 seconds.
  path: Assets/NatureManufacture Assets/NatureManufacture Wind/3DNoise.psd
  artifactKey: Guid(eb58c36f965ff024cb94d9bba46e33e7) Importer(815301076,1909f56bfc062723c751e8b465ee728b)
Start importing Assets/NatureManufacture Assets/NatureManufacture Wind/3DNoise.psd using Guid(eb58c36f965ff024cb94d9bba46e33e7) Importer(815301076,1909f56bfc062723c751e8b465ee728b) [PhysX] Initialized MultithreadedTaskDispatcher with 16 workers.
[PhysX] Initialized MultithreadedTaskDispatcher with 16 workers.
 -> (artifact id: '01e5d7675a9994d565c8a5de86684b77') in 0.023607 seconds
Number of updated asset objects reloaded before import = 0
Number of asset objects unloaded after import = 2
========================================================================
Received Import Request.
  Time since last request: 88.989142 seconds.
  path: Assets/NatureManufacture Assets/Foliage Shaders
  artifactKey: Guid(8e35d6c7b733450468d2c75e2473d6cc) Importer(815301076,1909f56bfc062723c751e8b465ee728b)
Start importing Assets/NatureManufacture Assets/Foliage Shaders using Guid(8e35d6c7b733450468d2c75e2473d6cc) Importer(815301076,1909f56bfc062723c751e8b465ee728b) [PhysX] Initialized MultithreadedTaskDispatcher with 16 workers.
 -> (artifact id: '0a04e4477d70c67e2f32701d4b0eb4e2') in 0.000805 seconds
Number of updated asset objects reloaded before import = 0
Number of asset objects unloaded after import = 0
========================================================================
Received Import Request.
  Time since last request: 7.061494 seconds.
  path: Assets/NatureManufacture Assets/Foliage Shaders/Advanced Grass Light.shader
  artifactKey: Guid(14642f160589e354db97395ba4bdc651) Importer(815301076,1909f56bfc062723c751e8b465ee728b)
Start importing Assets/NatureManufacture Assets/Foliage Shaders/Advanced Grass Light.shader using Guid(14642f160589e354db97395ba4bdc651) Importer(815301076,1909f56bfc062723c751e8b465ee728b) [PhysX] Initialized MultithreadedTaskDispatcher with 16 workers.
 -> (artifact id: '978b411940fd02aa2e9469ea1d280f57') in 0.001137 seconds
Number of updated asset objects reloaded before import = 0
Number of asset objects unloaded after import = 0
========================================================================
Received Import Request.
  Time since last request: 0.501906 seconds.
  path: Assets/NatureManufacture Assets/Foliage Shaders/Advanced Grass Light Snow.shader
  artifactKey: Guid(f485d5c76878320459be5dc2aba396ee) Importer(815301076,1909f56bfc062723c751e8b465ee728b)
Start importing Assets/NatureManufacture Assets/Foliage Shaders/Advanced Grass Light Snow.shader using Guid(f485d5c76878320459be5dc2aba396ee) Importer(815301076,1909f56bfc062723c751e8b465ee728b) [PhysX] Initialized MultithreadedTaskDispatcher with 16 workers.
 -> (artifact id: '9ab5ccf420a9dfacbbf53c6d9bcbefe0') in 0.001154 seconds
Number of updated asset objects reloaded before import = 0
Number of asset objects unloaded after import = 0
========================================================================
Received Import Request.
  Time since last request: 0.399217 seconds.
  path: Assets/NatureManufacture Assets/Foliage Shaders/Advanced Grass Specular.shader
  artifactKey: Guid(e7e3fa6205f1c3b4999f678b922e5301) Importer(815301076,1909f56bfc062723c751e8b465ee728b)
Start importing Assets/NatureManufacture Assets/Foliage Shaders/Advanced Grass Specular.shader using Guid(e7e3fa6205f1c3b4999f678b922e5301) Importer(815301076,1909f56bfc062723c751e8b465ee728b) [PhysX] Initialized MultithreadedTaskDispatcher with 16 workers.
 -> (artifact id: 'ffb6091610418aa61ca331d91a5ac45c') in 0.001041 seconds
Number of updated asset objects reloaded before import = 0
Number of asset objects unloaded after import = 0
========================================================================
Received Import Request.
  Time since last request: 4.988418 seconds.
  path: Assets/NatureManufacture Assets/NatureManufacture Wind
  artifactKey: Guid(a1bc2fc75e8c45348a852d8d971ed114) Importer(815301076,1909f56bfc062723c751e8b465ee728b)
Start importing Assets/NatureManufacture Assets/NatureManufacture Wind using Guid(a1bc2fc75e8c45348a852d8d971ed114) Importer(815301076,1909f56bfc062723c751e8b465ee728b) [PhysX] Initialized MultithreadedTaskDispatcher with 16 workers.
 -> (artifact id: '5db66b429df352afacfda5ac11776b26') in 0.000681 seconds
Number of updated asset objects reloaded before import = 0
Number of asset objects unloaded after import = 0
========================================================================
Received Import Request.
  Time since last request: 0.040578 seconds.
  path: Assets/NatureManufacture Assets/NatureManufacture Wind/Prefab_Wind.prefab
  artifactKey: Guid(8dfd17a03533a0241b37daf2264ebdfd) Importer(815301076,1909f56bfc062723c751e8b465ee728b)
Start importing Assets/NatureManufacture Assets/NatureManufacture Wind/Prefab_Wind.prefab using Guid(8dfd17a03533a0241b37daf2264ebdfd) Importer(815301076,1909f56bfc062723c751e8b465ee728b) [PhysX] Initialized MultithreadedTaskDispatcher with 16 workers.
 -> (artifact id: 'd7fd309667f56738bfde8b7362d9fb03') in 0.020335 seconds
Number of updated asset objects reloaded before import = 0
Number of asset objects unloaded after import = 8
========================================================================
Received Import Request.
  Time since last request: 3.174007 seconds.
  path: Assets/NatureManufacture Assets/Advanced Foliage Pack
  artifactKey: Guid(ed9d9161748df944a898d5abe0504c29) Importer(815301076,1909f56bfc062723c751e8b465ee728b)
Start importing Assets/NatureManufacture Assets/Advanced Foliage Pack using Guid(ed9d9161748df944a898d5abe0504c29) Importer(815301076,1909f56bfc062723c751e8b465ee728b) [PhysX] Initialized MultithreadedTaskDispatcher with 16 workers.
 -> (artifact id: '9a33afec67a50e1ba7c994bafb5677e1') in 0.000676 seconds
Number of updated asset objects reloaded before import = 0
Number of asset objects unloaded after import = 0
========================================================================
Received Import Request.
  Time since last request: 93.379596 seconds.
  path: Assets/HDRPDefaultResources/DefaultSettingsVolumeProfile.asset
  artifactKey: Guid(34b4409d3ff8e8545af73e7e5c2ca43d) Importer(2089858483,0ecaa5967403d082aa24f35e1b516d23)
Start importing Assets/HDRPDefaultResources/DefaultSettingsVolumeProfile.asset using Guid(34b4409d3ff8e8545af73e7e5c2ca43d) Importer(2089858483,0ecaa5967403d082aa24f35e1b516d23) [PhysX] Initialized MultithreadedTaskDispatcher with 16 workers.
 -> (artifact id: '4f1dddbf37fe5e1c9b64e26d4505e392') in 0.266005 seconds
Number of updated asset objects reloaded before import = 12
Number of asset objects unloaded after import = 1
========================================================================
Received Import Request.
  Time since last request: 46.877019 seconds.
  path: Assets/NatureManufacture Assets/Advanced Foliage Pack/Crooked Roots/Prefabs/prefab_crooked_roots_small.prefab
  artifactKey: Guid(ee97057eb3692ff4f83a7c6f513895d0) Importer(2089858483,0ecaa5967403d082aa24f35e1b516d23)
Start importing Assets/NatureManufacture Assets/Advanced Foliage Pack/Crooked Roots/Prefabs/prefab_crooked_roots_small.prefab using Guid(ee97057eb3692ff4f83a7c6f513895d0) Importer(2089858483,0ecaa5967403d082aa24f35e1b516d23) [PhysX] Initialized MultithreadedTaskDispatcher with 16 workers.
 -> (artifact id: '32da27d395bcdc84f4cc9385ed29ced5') in 0.260083 seconds
Number of updated asset objects reloaded before import = 6
Number of asset objects unloaded after import = 10
========================================================================
Received Import Request.
  Time since last request: 0.031428 seconds.
  path: Assets/NatureManufacture Assets/Advanced Foliage Pack/Demo/Terrain HD RP.mat
  artifactKey: Guid(d68fea9f3f542ba4a960839921cd6ea3) Importer(2089858483,0ecaa5967403d082aa24f35e1b516d23)
Start importing Assets/NatureManufacture Assets/Advanced Foliage Pack/Demo/Terrain HD RP.mat using Guid(d68fea9f3f542ba4a960839921cd6ea3) Importer(2089858483,0ecaa5967403d082aa24f35e1b516d23) [PhysX] Initialized MultithreadedTaskDispatcher with 16 workers.
 -> (artifact id: 'a809442004e1c41a2629870775f3442a') in 0.081032 seconds
Number of updated asset objects reloaded before import = 0
Number of asset objects unloaded after import = 1
========================================================================
Received Import Request.
  Time since last request: 0.005936 seconds.
  path: Assets/NatureManufacture Assets/Advanced Foliage Pack/Unity grass/Unity Grass Models/Prefabs/prefab_unity_grass_ground_foliage_02_1.prefab
  artifactKey: Guid(baee919e1f44c4a46820364c4843ac4f) Importer(2089858483,0ecaa5967403d082aa24f35e1b516d23)
Start importing Assets/NatureManufacture Assets/Advanced Foliage Pack/Unity grass/Unity Grass Models/Prefabs/prefab_unity_grass_ground_foliage_02_1.prefab using Guid(baee919e1f44c4a46820364c4843ac4f) Importer(2089858483,0ecaa5967403d082aa24f35e1b516d23) [PhysX] Initialized MultithreadedTaskDispatcher with 16 workers.
 -> (artifact id: '8f3f2da02280f125938fb7f3f75a3094') in 0.190553 seconds
Number of updated asset objects reloaded before import = 0
Number of asset objects unloaded after import = 7
========================================================================
Received Import Request.
  Time since last request: 0.000089 seconds.
  path: Assets/NatureManufacture Assets/Advanced Foliage Pack/Unity grass/Unity Grass Models/Prefabs/prefab_unity_grass_grass_bush_01.prefab
  artifactKey: Guid(4783008bdd614ec44b38001c339af0dc) Importer(2089858483,0ecaa5967403d082aa24f35e1b516d23)
Start importing Assets/NatureManufacture Assets/Advanced Foliage Pack/Unity grass/Unity Grass Models/Prefabs/prefab_unity_grass_grass_bush_01.prefab using Guid(4783008bdd614ec44b38001c339af0dc) Importer(2089858483,0ecaa5967403d082aa24f35e1b516d23) [PhysX] Initialized MultithreadedTaskDispatcher with 16 workers.
 -> (artifact id: '2b34587f38a3204d68718ddb35a366e9') in 0.120032 seconds
Number of updated asset objects reloaded before import = 0
Number of asset objects unloaded after import = 7
========================================================================
Received Import Request.
  Time since last request: 0.000102 seconds.
  path: Assets/NatureManufacture Assets/Advanced Foliage Pack/Demo/HD RP Demo with Unity Grass/ReflectionProbe-3.exr
  artifactKey: Guid(8c89e9442ede74a48bcbb23ab4a77b2a) Importer(2089858483,0ecaa5967403d082aa24f35e1b516d23)
Start importing Assets/NatureManufacture Assets/Advanced Foliage Pack/Demo/HD RP Demo with Unity Grass/ReflectionProbe-3.exr using Guid(8c89e9442ede74a48bcbb23ab4a77b2a) Importer(2089858483,0ecaa5967403d082aa24f35e1b516d23) [PhysX] Initialized MultithreadedTaskDispatcher with 16 workers.
 -> (artifact id: '808340e4f723a36e0d4964bf516c0050') in 0.151314 seconds
Number of updated asset objects reloaded before import = 0
Number of asset objects unloaded after import = 1
========================================================================
Received Import Request.
  Time since last request: 0.000955 seconds.
  path: Assets/NatureManufacture Assets/Advanced Foliage Pack/Trunks/Materials/M_trunk_01.mat
  artifactKey: Guid(883ad5f860a992c44ad3de5f4d0fe2d8) Importer(2089858483,0ecaa5967403d082aa24f35e1b516d23)
Start importing Assets/NatureManufacture Assets/Advanced Foliage Pack/Trunks/Materials/M_trunk_01.mat using Guid(883ad5f860a992c44ad3de5f4d0fe2d8) Importer(2089858483,0ecaa5967403d082aa24f35e1b516d23) [PhysX] Initialized MultithreadedTaskDispatcher with 16 workers.
 -> (artifact id: 'e94d93d8d929f6cc8ab33e36ad8f62f6') in 1.621007 seconds
Number of updated asset objects reloaded before import = 0
Number of asset objects unloaded after import = 4
========================================================================
Received Import Request.
  Time since last request: 0.001178 seconds.
  path: Assets/NatureManufacture Assets/Advanced Foliage Pack/Unity grass/Unity Grass Models/Prefabs/prefab_unity_grass_fern_01_0.prefab
  artifactKey: Guid(95133c6c706394c479e5da7699cac586) Importer(2089858483,0ecaa5967403d082aa24f35e1b516d23)
Start importing Assets/NatureManufacture Assets/Advanced Foliage Pack/Unity grass/Unity Grass Models/Prefabs/prefab_unity_grass_fern_01_0.prefab using Guid(95133c6c706394c479e5da7699cac586) Importer(2089858483,0ecaa5967403d082aa24f35e1b516d23) [PhysX] Initialized MultithreadedTaskDispatcher with 16 workers.
 -> (artifact id: 'bcbb64a0459074b7ea222c643fd44224') in 0.075649 seconds
Number of updated asset objects reloaded before import = 0
Number of asset objects unloaded after import = 7
========================================================================
Received Import Request.
  Time since last request: 0.000107 seconds.
  path: Assets/NatureManufacture Assets/Advanced Foliage Pack/Unity grass/Unity Grass Models/Materials/M_Unity_Grass_ground_foliage_04.mat
  artifactKey: Guid(301a6df8ec7fc6840baeb20c666f85b8) Importer(2089858483,0ecaa5967403d082aa24f35e1b516d23)
Start importing Assets/NatureManufacture Assets/Advanced Foliage Pack/Unity grass/Unity Grass Models/Materials/M_Unity_Grass_ground_foliage_04.mat using Guid(301a6df8ec7fc6840baeb20c666f85b8) Importer(2089858483,0ecaa5967403d082aa24f35e1b516d23) [PhysX] Initialized MultithreadedTaskDispatcher with 16 workers.
 -> (artifact id: '2e03bd448ae6669a60c12c9d122fa36b') in 1.749136 seconds
Number of updated asset objects reloaded before import = 0
Number of asset objects unloaded after import = 5
========================================================================
Received Import Request.
  Time since last request: 0.000085 seconds.
  path: Assets/NatureManufacture Assets/Advanced Foliage Pack/Unity grass/Unity Grass Models/Prefabs Snow/prefab_unity_Snow_grass_grass_bush_simple_05.prefab
  artifactKey: Guid(689b5de1db86f4c4e845ffbf1b4a29c5) Importer(2089858483,0ecaa5967403d082aa24f35e1b516d23)
Start importing Assets/NatureManufacture Assets/Advanced Foliage Pack/Unity grass/Unity Grass Models/Prefabs Snow/prefab_unity_Snow_grass_grass_bush_simple_05.prefab using Guid(689b5de1db86f4c4e845ffbf1b4a29c5) Importer(2089858483,0ecaa5967403d082aa24f35e1b516d23) [PhysX] Initialized MultithreadedTaskDispatcher with 16 workers.
 -> (artifact id: 'fc3aa9d550435fe27a1b986b739a0bc3') in 0.043231 seconds
Number of updated asset objects reloaded before import = 0
Number of asset objects unloaded after import = 7
========================================================================
Received Import Request.
  Time since last request: 0.000058 seconds.
  path: Assets/NatureManufacture Assets/Advanced Foliage Pack/Demo/HD RP Demo with Unity Grass.unity
  artifactKey: Guid(1d79226781537914eaac4db06ab0ec67) Importer(2089858483,0ecaa5967403d082aa24f35e1b516d23)
Start importing Assets/NatureManufacture Assets/Advanced Foliage Pack/Demo/HD RP Demo with Unity Grass.unity using Guid(1d79226781537914eaac4db06ab0ec67) Importer(2089858483,0ecaa5967403d082aa24f35e1b516d23) [PhysX] Initialized MultithreadedTaskDispatcher with 16 workers.
 -> (artifact id: '192f43051b91ac2d8dfc28f57457b176') in 0.034799 seconds
Number of updated asset objects reloaded before import = 0
Number of asset objects unloaded after import = 1
========================================================================
Received Import Request.
  Time since last request: 0.000079 seconds.
  path: Assets/NatureManufacture Assets/Advanced Foliage Pack/Advanced Grass/Materials/M_clover_01.mat
  artifactKey: Guid(bf28a9f41a0e84f49a647da27e4c199b) Importer(2089858483,0ecaa5967403d082aa24f35e1b516d23)
Start importing Assets/NatureManufacture Assets/Advanced Foliage Pack/Advanced Grass/Materials/M_clover_01.mat using Guid(bf28a9f41a0e84f49a647da27e4c199b) Importer(2089858483,0ecaa5967403d082aa24f35e1b516d23) [PhysX] Initialized MultithreadedTaskDispatcher with 16 workers.
 -> (artifact id: '307ca6a4f12a657971b823c8e8aaed43') in 0.063204 seconds
Number of updated asset objects reloaded before import = 0
Number of asset objects unloaded after import = 5
========================================================================
Received Import Request.
  Time since last request: 0.000093 seconds.
  path: Assets/NatureManufacture Assets/Advanced Foliage Pack/Crooked Roots
  artifactKey: Guid(bd773dfd87e20aa4fbab8d4d0cc7fe15) Importer(2089858483,0ecaa5967403d082aa24f35e1b516d23)
Start importing Assets/NatureManufacture Assets/Advanced Foliage Pack/Crooked Roots using Guid(bd773dfd87e20aa4fbab8d4d0cc7fe15) Importer(2089858483,0ecaa5967403d082aa24f35e1b516d23) [PhysX] Initialized MultithreadedTaskDispatcher with 16 workers.
 -> (artifact id: 'b1bb031889345191e793b58d89a19c6a') in 0.045027 seconds
Number of updated asset objects reloaded before import = 0
Number of asset objects unloaded after import = 1
========================================================================
Received Import Request.
  Time since last request: 0.000054 seconds.
  path: Assets/NatureManufacture Assets/Advanced Foliage Pack/Advanced Grass/SM_grass_bush_02.fbx
  artifactKey: Guid(aa03e85ca674c124a9cf62a5b00bb19e) Importer(2089858483,0ecaa5967403d082aa24f35e1b516d23)
Start importing Assets/NatureManufacture Assets/Advanced Foliage Pack/Advanced Grass/SM_grass_bush_02.fbx using Guid(aa03e85ca674c124a9cf62a5b00bb19e) Importer(2089858483,0ecaa5967403d082aa24f35e1b516d23) [PhysX] Initialized MultithreadedTaskDispatcher with 16 workers.
 -> (artifact id: '83e59a994af76ea5aeb10c13924c6184') in 0.119724 seconds
Number of updated asset objects reloaded before import = 0
Number of asset objects unloaded after import = 20
========================================================================
Received Import Request.
  Time since last request: 0.000126 seconds.
  path: Assets/NatureManufacture Assets/Advanced Foliage Pack/Advanced Grass/Prefabs/prefab_SM_fern_01_1.prefab
  artifactKey: Guid(0eab4778608713248bb23b7272985900) Importer(2089858483,0ecaa5967403d082aa24f35e1b516d23)
Start importing Assets/NatureManufacture Assets/Advanced Foliage Pack/Advanced Grass/Prefabs/prefab_SM_fern_01_1.prefab using Guid(0eab4778608713248bb23b7272985900) Importer(2089858483,0ecaa5967403d082aa24f35e1b516d23) [PhysX] Initialized MultithreadedTaskDispatcher with 16 workers.
 -> (artifact id: '1c77eec10740220326623427f1e63c22') in 0.048670 seconds
Number of updated asset objects reloaded before import = 0
Number of asset objects unloaded after import = 20
========================================================================
Received Import Request.
  Time since last request: 0.000096 seconds.
  path: Assets/NatureManufacture Assets/HD Settings/Diffusion Profiles Settings
  artifactKey: Guid(da4eba1edb916bd488e932f081abef57) Importer(2089858483,0ecaa5967403d082aa24f35e1b516d23)
Start importing Assets/NatureManufacture Assets/HD Settings/Diffusion Profiles Settings using Guid(da4eba1edb916bd488e932f081abef57) Importer(2089858483,0ecaa5967403d082aa24f35e1b516d23) [PhysX] Initialized MultithreadedTaskDispatcher with 16 workers.
 -> (artifact id: '631a3ecb4bc495e3b7e946c0f2e06283') in 0.034730 seconds
Number of updated asset objects reloaded before import = 0
Number of asset objects unloaded after import = 1
========================================================================
Received Import Request.
  Time since last request: 0.000097 seconds.
  path: Assets/NatureManufacture Assets/Advanced Foliage Pack/Unity grass/Unity Grass Models/Prefabs Snow/prefab_unity_Snow_grass_nettle_01_1.prefab
  artifactKey: Guid(53f19acb8a0e24245a2353803beca658) Importer(2089858483,0ecaa5967403d082aa24f35e1b516d23)
Start importing Assets/NatureManufacture Assets/Advanced Foliage Pack/Unity grass/Unity Grass Models/Prefabs Snow/prefab_unity_Snow_grass_nettle_01_1.prefab using Guid(53f19acb8a0e24245a2353803beca658) Importer(2089858483,0ecaa5967403d082aa24f35e1b516d23) [PhysX] Initialized MultithreadedTaskDispatcher with 16 workers.
 -> (artifact id: '1069474b8c8096d9b9452840113467b3') in 0.048611 seconds
Number of updated asset objects reloaded before import = 0
Number of asset objects unloaded after import = 7
========================================================================
Received Import Request.
  Time since last request: 0.000118 seconds.
  path: Assets/NatureManufacture Assets/Advanced Foliage Pack/Unity grass/Unity Grass Models/Materials/M_Unity_Grass_clover_01.mat
  artifactKey: Guid(8aba6d9270d457f448989631de796cc0) Importer(2089858483,0ecaa5967403d082aa24f35e1b516d23)
Start importing Assets/NatureManufacture Assets/Advanced Foliage Pack/Unity grass/Unity Grass Models/Materials/M_Unity_Grass_clover_01.mat using Guid(8aba6d9270d457f448989631de796cc0) Importer(2089858483,0ecaa5967403d082aa24f35e1b516d23) [PhysX] Initialized MultithreadedTaskDispatcher with 16 workers.
 -> (artifact id: '26b00130f22e11524b8eaf4c5e027716') in 0.057773 seconds
Number of updated asset objects reloaded before import = 0
Number of asset objects unloaded after import = 5
========================================================================
Received Import Request.
  Time since last request: 0.000075 seconds.
  path: Assets/NatureManufacture Assets/Advanced Foliage Pack/Advanced Grass/Prefabs Snow/prefab_SM_grass_bush_simple_04.prefab
  artifactKey: Guid(37a471bdb84f09a40840325eb84f26fc) Importer(2089858483,0ecaa5967403d082aa24f35e1b516d23)
Start importing Assets/NatureManufacture Assets/Advanced Foliage Pack/Advanced Grass/Prefabs Snow/prefab_SM_grass_bush_simple_04.prefab using Guid(37a471bdb84f09a40840325eb84f26fc) Importer(2089858483,0ecaa5967403d082aa24f35e1b516d23) [PhysX] Initialized MultithreadedTaskDispatcher with 16 workers.
 -> (artifact id: '784b1c236a5b790da5551b4c23faaf76') in 0.036807 seconds
Number of updated asset objects reloaded before import = 0
Number of asset objects unloaded after import = 8
========================================================================
Received Import Request.
  Time since last request: 0.000072 seconds.
  path: Assets/NatureManufacture Assets/Advanced Foliage Pack/Unity grass/Unity Grass Models/unity_grass_ground_foliage_02_0.fbx
  artifactKey: Guid(5a9a4a7ee024cfd42a3c536a03a09a2c) Importer(2089858483,0ecaa5967403d082aa24f35e1b516d23)
Start importing Assets/NatureManufacture Assets/Advanced Foliage Pack/Unity grass/Unity Grass Models/unity_grass_ground_foliage_02_0.fbx using Guid(5a9a4a7ee024cfd42a3c536a03a09a2c) Importer(2089858483,0ecaa5967403d082aa24f35e1b516d23) [PhysX] Initialized MultithreadedTaskDispatcher with 16 workers.
 -> (artifact id: 'b2ac9fc4c37f3e5fe1b2a109215d8023') in 0.044836 seconds
Number of updated asset objects reloaded before import = 0
Number of asset objects unloaded after import = 7
========================================================================
Received Import Request.
  Time since last request: 0.000066 seconds.
  path: Assets/NatureManufacture Assets/Advanced Foliage Pack/Unity grass/Unity Grass Models/Materials/M_Unity_Grass_ground_foliage_03.mat
  artifactKey: Guid(f29a9b5ef6bcef64a85d36a3b716a5e6) Importer(2089858483,0ecaa5967403d082aa24f35e1b516d23)
Start importing Assets/NatureManufacture Assets/Advanced Foliage Pack/Unity grass/Unity Grass Models/Materials/M_Unity_Grass_ground_foliage_03.mat using Guid(f29a9b5ef6bcef64a85d36a3b716a5e6) Importer(2089858483,0ecaa5967403d082aa24f35e1b516d23) [PhysX] Initialized MultithreadedTaskDispatcher with 16 workers.
 -> (artifact id: 'cb774d6ba0b2846b18f39a26cf0ea436') in 0.073847 seconds
Number of updated asset objects reloaded before import = 0
Number of asset objects unloaded after import = 5
========================================================================
Received Import Request.
  Time since last request: 0.000047 seconds.
  path: Assets/NatureManufacture Assets/Advanced Foliage Pack/Unity grass/Unity Grass Models/unity_grass_clover_01_flowery.fbx
  artifactKey: Guid(e1a6e949ca594dd4eadd836349617d05) Importer(2089858483,0ecaa5967403d082aa24f35e1b516d23)
Start importing Assets/NatureManufacture Assets/Advanced Foliage Pack/Unity grass/Unity Grass Models/unity_grass_clover_01_flowery.fbx using Guid(e1a6e949ca594dd4eadd836349617d05) Importer(2089858483,0ecaa5967403d082aa24f35e1b516d23) [PhysX] Initialized MultithreadedTaskDispatcher with 16 workers.
 -> (artifact id: 'cc0ae3121d4da553ed8df213fbb97010') in 0.060904 seconds
Number of updated asset objects reloaded before import = 0
Number of asset objects unloaded after import = 7
========================================================================
Received Import Request.
  Time since last request: 0.000064 seconds.
  path: Assets/NatureManufacture Assets/Advanced Foliage Pack/Trunks/Prefabs Snow/Prefab_Snow_trunk_02.prefab
  artifactKey: Guid(c6883d790d73dad49837c640235be46e) Importer(2089858483,0ecaa5967403d082aa24f35e1b516d23)
Start importing Assets/NatureManufacture Assets/Advanced Foliage Pack/Trunks/Prefabs Snow/Prefab_Snow_trunk_02.prefab using Guid(c6883d790d73dad49837c640235be46e) Importer(2089858483,0ecaa5967403d082aa24f35e1b516d23) [PhysX] Initialized MultithreadedTaskDispatcher with 16 workers.
 -> (artifact id: '27ad99536001e8c90e2c6d964bfa224d') in 0.033912 seconds
Number of updated asset objects reloaded before import = 0
Number of asset objects unloaded after import = 26
========================================================================
Received Import Request.
  Time since last request: 0.000100 seconds.
  path: Assets/NatureManufacture Assets/Advanced Foliage Pack/Ground Textures/Materials/ground.mat
  artifactKey: Guid(a4d4d75454206da4288f9560ed84f0e2) Importer(2089858483,0ecaa5967403d082aa24f35e1b516d23)
Start importing Assets/NatureManufacture Assets/Advanced Foliage Pack/Ground Textures/Materials/ground.mat using Guid(a4d4d75454206da4288f9560ed84f0e2) Importer(2089858483,0ecaa5967403d082aa24f35e1b516d23) [PhysX] Initialized MultithreadedTaskDispatcher with 16 workers.
 -> (artifact id: 'b462890ea492ec5f93e5908a1eb770ed') in 0.031030 seconds
Number of updated asset objects reloaded before import = 0
Number of asset objects unloaded after import = 1
========================================================================
Received Import Request.
  Time since last request: 0.000053 seconds.
  path: Assets/NatureManufacture Assets/Advanced Foliage Pack/Unity grass/Unity Grass Models/Prefabs Snow/prefab_unity_Snow_grass_grass_bush_simple_02.prefab
  artifactKey: Guid(fe72ba0c0ab39b04ba44aab58af19956) Importer(2089858483,0ecaa5967403d082aa24f35e1b516d23)
Start importing Assets/NatureManufacture Assets/Advanced Foliage Pack/Unity grass/Unity Grass Models/Prefabs Snow/prefab_unity_Snow_grass_grass_bush_simple_02.prefab using Guid(fe72ba0c0ab39b04ba44aab58af19956) Importer(2089858483,0ecaa5967403d082aa24f35e1b516d23) [PhysX] Initialized MultithreadedTaskDispatcher with 16 workers.
 -> (artifact id: '25bbbbe06f015a702f51e75b7a007904') in 0.042007 seconds
Number of updated asset objects reloaded before import = 0
Number of asset objects unloaded after import = 7
========================================================================
Received Import Request.
  Time since last request: 0.000073 seconds.
  path: Assets/NatureManufacture Assets/Advanced Foliage Pack/Crooked Roots/Prefabs/prefab_crooked_root_03.prefab
  artifactKey: Guid(0b4a274bdbcf97140b7b74651da323f1) Importer(2089858483,0ecaa5967403d082aa24f35e1b516d23)
Start importing Assets/NatureManufacture Assets/Advanced Foliage Pack/Crooked Roots/Prefabs/prefab_crooked_root_03.prefab using Guid(0b4a274bdbcf97140b7b74651da323f1) Importer(2089858483,0ecaa5967403d082aa24f35e1b516d23) [PhysX] Initialized MultithreadedTaskDispatcher with 16 workers.
 -> (artifact id: 'c08e0f8f08c1360fbb064f4321fe42ae') in 0.033630 seconds
Number of updated asset objects reloaded before import = 0
Number of asset objects unloaded after import = 20
========================================================================
Received Import Request.
  Time since last request: 0.000073 seconds.
  path: Assets/NatureManufacture Assets/Advanced Foliage Pack/Crooked Roots/Materials/M_Snow_crooked_roots_02.mat
  artifactKey: Guid(27c51a9fa88816947a376a765abf7cc6) Importer(2089858483,0ecaa5967403d082aa24f35e1b516d23)
Start importing Assets/NatureManufacture Assets/Advanced Foliage Pack/Crooked Roots/Materials/M_Snow_crooked_roots_02.mat using Guid(27c51a9fa88816947a376a765abf7cc6) Importer(2089858483,0ecaa5967403d082aa24f35e1b516d23) [PhysX] Initialized MultithreadedTaskDispatcher with 16 workers.
 -> (artifact id: '2427e759f5bfea64ada3a50ee97ee728') in 0.909813 seconds
Number of updated asset objects reloaded before import = 0
Number of asset objects unloaded after import = 8
========================================================================
Received Import Request.
  Time since last request: 0.000053 seconds.
  path: Assets/NatureManufacture Assets/Advanced Foliage Pack/Unity grass/Unity Grass Models/Materials/M_Unity_Grass_fern_01.mat
  artifactKey: Guid(ff7b30ad32fa72e4c99b1366af53b7cc) Importer(2089858483,0ecaa5967403d082aa24f35e1b516d23)
Start importing Assets/NatureManufacture Assets/Advanced Foliage Pack/Unity grass/Unity Grass Models/Materials/M_Unity_Grass_fern_01.mat using Guid(ff7b30ad32fa72e4c99b1366af53b7cc) Importer(2089858483,0ecaa5967403d082aa24f35e1b516d23) [PhysX] Initialized MultithreadedTaskDispatcher with 16 workers.
 -> (artifact id: '9c1fa99e153d0d18dea8e1765d939e76') in 0.056615 seconds
Number of updated asset objects reloaded before import = 0
Number of asset objects unloaded after import = 5
========================================================================
Received Import Request.
  Time since last request: 0.000062 seconds.
  path: Assets/NatureManufacture Assets/Advanced Foliage Pack/Ground Textures/Materials/T_Ground_Grass_02.mat
  artifactKey: Guid(4983ae17de4a30845884e0440b1a500f) Importer(2089858483,0ecaa5967403d082aa24f35e1b516d23)
Start importing Assets/NatureManufacture Assets/Advanced Foliage Pack/Ground Textures/Materials/T_Ground_Grass_02.mat using Guid(4983ae17de4a30845884e0440b1a500f) Importer(2089858483,0ecaa5967403d082aa24f35e1b516d23) [PhysX] Initialized MultithreadedTaskDispatcher with 16 workers.
 -> (artifact id: 'e86164be364bbf2b8d5c8e334de7b09a') in 0.466844 seconds
Number of updated asset objects reloaded before import = 0
Number of asset objects unloaded after import = 5
========================================================================
Received Import Request.
  Time since last request: 0.000057 seconds.
  path: Assets/NatureManufacture Assets/Advanced Foliage Pack/Advanced Grass/SM_forest_heather_01.fbx
  artifactKey: Guid(bc6fb0446c20740448a06c490325a8fb) Importer(2089858483,0ecaa5967403d082aa24f35e1b516d23)
Start importing Assets/NatureManufacture Assets/Advanced Foliage Pack/Advanced Grass/SM_forest_heather_01.fbx using Guid(bc6fb0446c20740448a06c490325a8fb) Importer(2089858483,0ecaa5967403d082aa24f35e1b516d23) [PhysX] Initialized MultithreadedTaskDispatcher with 16 workers.
 -> (artifact id: '02b5827a260b4e29312e6a4b5dd8176e') in 0.032409 seconds
Number of updated asset objects reloaded before import = 0
Number of asset objects unloaded after import = 15
========================================================================
Received Import Request.
  Time since last request: 0.000055 seconds.
  path: Assets/NatureManufacture Assets/Advanced Foliage Pack/Advanced Grass/Materials Snow/M_Snow_clover_01.mat
  artifactKey: Guid(358e02caaeffcc54aa26506140bccb90) Importer(2089858483,0ecaa5967403d082aa24f35e1b516d23)
Start importing Assets/NatureManufacture Assets/Advanced Foliage Pack/Advanced Grass/Materials Snow/M_Snow_clover_01.mat using Guid(358e02caaeffcc54aa26506140bccb90) Importer(2089858483,0ecaa5967403d082aa24f35e1b516d23) [PhysX] Initialized MultithreadedTaskDispatcher with 16 workers.
 -> (artifact id: 'd3f94c31bffe80175607d99385d6efb1') in 1.075651 seconds
Number of updated asset objects reloaded before import = 0
Number of asset objects unloaded after import = 8
========================================================================
Received Import Request.
  Time since last request: 0.000080 seconds.
  path: Assets/NatureManufacture Assets/Advanced Foliage Pack/Unity grass/Unity Grass Models/unity_grass_forest_heather_simple_01.fbx
  artifactKey: Guid(82a5f429466ca3e48a743cb24f41d009) Importer(2089858483,0ecaa5967403d082aa24f35e1b516d23)
Start importing Assets/NatureManufacture Assets/Advanced Foliage Pack/Unity grass/Unity Grass Models/unity_grass_forest_heather_simple_01.fbx using Guid(82a5f429466ca3e48a743cb24f41d009) Importer(2089858483,0ecaa5967403d082aa24f35e1b516d23) [PhysX] Initialized MultithreadedTaskDispatcher with 16 workers.
 -> (artifact id: '102033d4d69780e0743aa54c2ed723d6') in 0.043104 seconds
Number of updated asset objects reloaded before import = 0
Number of asset objects unloaded after import = 7
========================================================================
Received Import Request.
  Time since last request: 0.000070 seconds.
  path: Assets/NatureManufacture Assets/Foliage Shaders/NM_Foliage.shader
  artifactKey: Guid(adce0b63bca75a84e9f786201b7d7b0b) Importer(2089858483,0ecaa5967403d082aa24f35e1b516d23)
Start importing Assets/NatureManufacture Assets/Foliage Shaders/NM_Foliage.shader using Guid(adce0b63bca75a84e9f786201b7d7b0b) Importer(2089858483,0ecaa5967403d082aa24f35e1b516d23) [PhysX] Initialized MultithreadedTaskDispatcher with 16 workers.
 -> (artifact id: '89d8a52eb3d18ccff75ce20dd5034ebd') in 0.062002 seconds
Number of updated asset objects reloaded before import = 0
Number of asset objects unloaded after import = 1
========================================================================
Received Import Request.
  Time since last request: 0.000069 seconds.
  path: Assets/NatureManufacture Assets/Advanced Foliage Pack/Advanced Grass/Prefabs/prefab_SM_ground_foliage_02_0.prefab
  artifactKey: Guid(580755607bfe1e248ba2ed516475b06c) Importer(2089858483,0ecaa5967403d082aa24f35e1b516d23)
Start importing Assets/NatureManufacture Assets/Advanced Foliage Pack/Advanced Grass/Prefabs/prefab_SM_ground_foliage_02_0.prefab using Guid(580755607bfe1e248ba2ed516475b06c) Importer(2089858483,0ecaa5967403d082aa24f35e1b516d23) [PhysX] Initialized MultithreadedTaskDispatcher with 16 workers.
 -> (artifact id: '4a0fb5368c8ac2eda43d4d671268d44c') in 0.056018 seconds
Number of updated asset objects reloaded before import = 0
Number of asset objects unloaded after import = 20
========================================================================
Received Import Request.
  Time since last request: 0.000086 seconds.
  path: Assets/NatureManufacture Assets/Advanced Foliage Pack/Unity grass/Unity Grass Models/unity_grass_ground_foliage_04_0.fbx
  artifactKey: Guid(65a8ab55172849a4297021513a9d4792) Importer(2089858483,0ecaa5967403d082aa24f35e1b516d23)
Start importing Assets/NatureManufacture Assets/Advanced Foliage Pack/Unity grass/Unity Grass Models/unity_grass_ground_foliage_04_0.fbx using Guid(65a8ab55172849a4297021513a9d4792) Importer(2089858483,0ecaa5967403d082aa24f35e1b516d23) [PhysX] Initialized MultithreadedTaskDispatcher with 16 workers.
 -> (artifact id: 'cc36d74f6a4e945dec4cb228c5790f9f') in 0.049148 seconds
Number of updated asset objects reloaded before import = 0
Number of asset objects unloaded after import = 7
========================================================================
Received Import Request.
  Time since last request: 0.000061 seconds.
  path: Assets/NatureManufacture Assets/Advanced Foliage Pack/Unity grass/Unity Grass Models/Prefabs Snow/prefab_unity_Snow_grass_fern_01_0.prefab
  artifactKey: Guid(74d76c897f6947440b05376b6267010f) Importer(2089858483,0ecaa5967403d082aa24f35e1b516d23)
Start importing Assets/NatureManufacture Assets/Advanced Foliage Pack/Unity grass/Unity Grass Models/Prefabs Snow/prefab_unity_Snow_grass_fern_01_0.prefab using Guid(74d76c897f6947440b05376b6267010f) Importer(2089858483,0ecaa5967403d082aa24f35e1b516d23) [PhysX] Initialized MultithreadedTaskDispatcher with 16 workers.
 -> (artifact id: 'b9ce5b8167e9869ab5f571772c5864d3') in 0.026450 seconds
Number of updated asset objects reloaded before import = 0
Number of asset objects unloaded after import = 7
========================================================================
Received Import Request.
  Time since last request: 0.000046 seconds.
  path: Assets/NatureManufacture Assets/Advanced Foliage Pack/Demo/_TerrainAutoUpgrade/layer_T_Ground_Sand_02_A_SmT_Ground_Sand_02_N(6.000,6.000)(0.000,0.000)(0.000,0.000,0.000),0.000,0.000.terrainlayer
  artifactKey: Guid(c1ac7b2c2d847ae4a887e8ea8d54a8a3) Importer(2089858483,0ecaa5967403d082aa24f35e1b516d23)
Start importing Assets/NatureManufacture Assets/Advanced Foliage Pack/Demo/_TerrainAutoUpgrade/layer_T_Ground_Sand_02_A_SmT_Ground_Sand_02_N(6.000,6.000)(0.000,0.000)(0.000,0.000,0.000),0.000,0.000.terrainlayer using Guid(c1ac7b2c2d847ae4a887e8ea8d54a8a3) Importer(2089858483,0ecaa5967403d082aa24f35e1b516d23) [PhysX] Initialized MultithreadedTaskDispatcher with 16 workers.
 -> (artifact id: '766f57be1a52daaa2ea2c326c06406f9') in 0.046294 seconds
Number of updated asset objects reloaded before import = 0
Number of asset objects unloaded after import = 4
========================================================================
Received Import Request.
  Time since last request: 0.000061 seconds.
  path: Assets/NatureManufacture Assets/Advanced Foliage Pack/Trunks/Prefabs Snow/Prefab_Snow_trunk_01.prefab
  artifactKey: Guid(14b8088885f82884f8aa39d51e4387d6) Importer(2089858483,0ecaa5967403d082aa24f35e1b516d23)
Start importing Assets/NatureManufacture Assets/Advanced Foliage Pack/Trunks/Prefabs Snow/Prefab_Snow_trunk_01.prefab using Guid(14b8088885f82884f8aa39d51e4387d6) Importer(2089858483,0ecaa5967403d082aa24f35e1b516d23) [PhysX] Initialized MultithreadedTaskDispatcher with 16 workers.
 -> (artifact id: '774e232c559686ae28fc2459506fb56d') in 0.028873 seconds
Number of updated asset objects reloaded before import = 0
Number of asset objects unloaded after import = 26
========================================================================
Received Import Request.
  Time since last request: 0.000080 seconds.
  path: Assets/NatureManufacture Assets/HD Settings
  artifactKey: Guid(890326e48157f9141ac9bd545213762e) Importer(2089858483,0ecaa5967403d082aa24f35e1b516d23)
Start importing Assets/NatureManufacture Assets/HD Settings using Guid(890326e48157f9141ac9bd545213762e) Importer(2089858483,0ecaa5967403d082aa24f35e1b516d23) [PhysX] Initialized MultithreadedTaskDispatcher with 16 workers.
 -> (artifact id: '9c864a38a539ac054759896cce497562') in 0.023633 seconds
Number of updated asset objects reloaded before import = 0
Number of asset objects unloaded after import = 1
========================================================================
Received Import Request.
  Time since last request: 0.000057 seconds.
  path: Assets/NatureManufacture Assets/Advanced Foliage Pack/Ground Textures/Materials/T_Ground_Roots_03.mat
  artifactKey: Guid(7b30ff9ded0e25e4f89a2fe5cea6f2db) Importer(2089858483,0ecaa5967403d082aa24f35e1b516d23)
Start importing Assets/NatureManufacture Assets/Advanced Foliage Pack/Ground Textures/Materials/T_Ground_Roots_03.mat using Guid(7b30ff9ded0e25e4f89a2fe5cea6f2db) Importer(2089858483,0ecaa5967403d082aa24f35e1b516d23) [PhysX] Initialized MultithreadedTaskDispatcher with 16 workers.
 -> (artifact id: '6576bd18625c70bf864791c85a1d0b8d') in 0.055085 seconds
Number of updated asset objects reloaded before import = 0
Number of asset objects unloaded after import = 5
========================================================================
Received Import Request.
  Time since last request: 0.000079 seconds.
  path: Assets/NatureManufacture Assets/Object Shaders/NM_Lit_Triplanar_Cover.shader
  artifactKey: Guid(f79e2f3e76396684abac4061519155d4) Importer(2089858483,0ecaa5967403d082aa24f35e1b516d23)
Start importing Assets/NatureManufacture Assets/Object Shaders/NM_Lit_Triplanar_Cover.shader using Guid(f79e2f3e76396684abac4061519155d4) Importer(2089858483,0ecaa5967403d082aa24f35e1b516d23) [PhysX] Initialized MultithreadedTaskDispatcher with 16 workers.
 -> (artifact id: 'b7f906901f44a03dda42a3fe0dc485fc') in 0.035074 seconds
Number of updated asset objects reloaded before import = 0
Number of asset objects unloaded after import = 1
========================================================================
Received Import Request.
  Time since last request: 0.000076 seconds.
  path: Assets/NatureManufacture Assets/Advanced Foliage Pack/Ground Textures/Materials/Test_Ground_Snow.mat
  artifactKey: Guid(21f2564fbe5ce58499c8ce491bf17f93) Importer(2089858483,0ecaa5967403d082aa24f35e1b516d23)
Start importing Assets/NatureManufacture Assets/Advanced Foliage Pack/Ground Textures/Materials/Test_Ground_Snow.mat using Guid(21f2564fbe5ce58499c8ce491bf17f93) Importer(2089858483,0ecaa5967403d082aa24f35e1b516d23) [PhysX] Initialized MultithreadedTaskDispatcher with 16 workers.
 -> (artifact id: '7c8ad0a0194f3dcec467daa8633499e1') in 0.044839 seconds
Number of updated asset objects reloaded before import = 0
Number of asset objects unloaded after import = 4
========================================================================
Received Import Request.
  Time since last request: 0.000054 seconds.
  path: Assets/NatureManufacture Assets/Advanced Foliage Pack/Unity grass/Unity Grass Models/unity_grass_grass_bush_04.fbx
  artifactKey: Guid(4d7636d185230df49abc1103f360ec0c) Importer(2089858483,0ecaa5967403d082aa24f35e1b516d23)
Start importing Assets/NatureManufacture Assets/Advanced Foliage Pack/Unity grass/Unity Grass Models/unity_grass_grass_bush_04.fbx using Guid(4d7636d185230df49abc1103f360ec0c) Importer(2089858483,0ecaa5967403d082aa24f35e1b516d23) [PhysX] Initialized MultithreadedTaskDispatcher with 16 workers.
 -> (artifact id: '7c8452c5be8a6cc53cb65c5e3226b64b') in 0.035682 seconds
Number of updated asset objects reloaded before import = 0
Number of asset objects unloaded after import = 7
========================================================================
Received Import Request.
  Time since last request: 0.000049 seconds.
  path: Assets/NatureManufacture Assets/Advanced Foliage Pack/Trunks/Materials/M_Snow_trunk_02.mat
  artifactKey: Guid(f42129c5b6925684f80496d5d87f4e95) Importer(2089858483,0ecaa5967403d082aa24f35e1b516d23)
Start importing Assets/NatureManufacture Assets/Advanced Foliage Pack/Trunks/Materials/M_Snow_trunk_02.mat using Guid(f42129c5b6925684f80496d5d87f4e95) Importer(2089858483,0ecaa5967403d082aa24f35e1b516d23) [PhysX] Initialized MultithreadedTaskDispatcher with 16 workers.
 -> (artifact id: '8bb4cd2a207785e220edc6478e174883') in 0.059277 seconds
Number of updated asset objects reloaded before import = 0
Number of asset objects unloaded after import = 7
========================================================================
Received Import Request.
  Time since last request: 0.000061 seconds.
  path: Assets/NatureManufacture Assets/Advanced Foliage Pack/Advanced Grass/Materials/M_ground_foliage_02.mat
  artifactKey: Guid(7abaa921a5319714dadcec8b6a34a6ab) Importer(2089858483,0ecaa5967403d082aa24f35e1b516d23)
Start importing Assets/NatureManufacture Assets/Advanced Foliage Pack/Advanced Grass/Materials/M_ground_foliage_02.mat using Guid(7abaa921a5319714dadcec8b6a34a6ab) Importer(2089858483,0ecaa5967403d082aa24f35e1b516d23) [PhysX] Initialized MultithreadedTaskDispatcher with 16 workers.
 -> (artifact id: 'e22d92ae81ccacef58dac4f7ec39bb82') in 0.037935 seconds
Number of updated asset objects reloaded before import = 0
Number of asset objects unloaded after import = 5
========================================================================
Received Import Request.
  Time since last request: 0.000045 seconds.
  path: Assets/NatureManufacture Assets/Advanced Foliage Pack/Unity grass/Unity Grass Models/Prefabs/prefab_unity_grass_fern_01_2.prefab
  artifactKey: Guid(2714167ea71bf0c499cda24213ada456) Importer(2089858483,0ecaa5967403d082aa24f35e1b516d23)
Start importing Assets/NatureManufacture Assets/Advanced Foliage Pack/Unity grass/Unity Grass Models/Prefabs/prefab_unity_grass_fern_01_2.prefab using Guid(2714167ea71bf0c499cda24213ada456) Importer(2089858483,0ecaa5967403d082aa24f35e1b516d23) [PhysX] Initialized MultithreadedTaskDispatcher with 16 workers.
 -> (artifact id: '42844317747d337fe8d1234018bb0d6b') in 0.036652 seconds
Number of updated asset objects reloaded before import = 0
Number of asset objects unloaded after import = 7
========================================================================
Received Import Request.
  Time since last request: 0.000049 seconds.
  path: Assets/NatureManufacture Assets/Advanced Foliage Pack/Unity grass/Unity Grass Models/Prefabs Snow/prefab_unity_Snow_grass_clover_01.prefab
  artifactKey: Guid(5132d463c3a10a64f935e8ca1350e565) Importer(2089858483,0ecaa5967403d082aa24f35e1b516d23)
Start importing Assets/NatureManufacture Assets/Advanced Foliage Pack/Unity grass/Unity Grass Models/Prefabs Snow/prefab_unity_Snow_grass_clover_01.prefab using Guid(5132d463c3a10a64f935e8ca1350e565) Importer(2089858483,0ecaa5967403d082aa24f35e1b516d23) [PhysX] Initialized MultithreadedTaskDispatcher with 16 workers.
 -> (artifact id: 'f3c56a1eb34ad99b9b01bce4d5d71bf6') in 0.036562 seconds
Number of updated asset objects reloaded before import = 0
Number of asset objects unloaded after import = 7
========================================================================
Received Import Request.
  Time since last request: 0.000053 seconds.
  path: Assets/NatureManufacture Assets/Advanced Foliage Pack/Unity grass/Unity Grass Models/Materials/M_Unity_Grass_nettle_01.mat
  artifactKey: Guid(0c987c97204cbf545a3189a55669035b) Importer(2089858483,0ecaa5967403d082aa24f35e1b516d23)
Start importing Assets/NatureManufacture Assets/Advanced Foliage Pack/Unity grass/Unity Grass Models/Materials/M_Unity_Grass_nettle_01.mat using Guid(0c987c97204cbf545a3189a55669035b) Importer(2089858483,0ecaa5967403d082aa24f35e1b516d23) [PhysX] Initialized MultithreadedTaskDispatcher with 16 workers.
 -> (artifact id: 'cd55080367ea5043c800686d0763fa61') in 0.041415 seconds
Number of updated asset objects reloaded before import = 0
Number of asset objects unloaded after import = 5
========================================================================
Received Import Request.
  Time since last request: 0.000063 seconds.
  path: Assets/NatureManufacture Assets/Advanced Foliage Pack/Advanced Grass/Prefabs/prefab_SM_ground_foliage_01_flowery.prefab
  artifactKey: Guid(ab70fed5e863c1b489650d34d5a8c977) Importer(2089858483,0ecaa5967403d082aa24f35e1b516d23)
Start importing Assets/NatureManufacture Assets/Advanced Foliage Pack/Advanced Grass/Prefabs/prefab_SM_ground_foliage_01_flowery.prefab using Guid(ab70fed5e863c1b489650d34d5a8c977) Importer(2089858483,0ecaa5967403d082aa24f35e1b516d23) [PhysX] Initialized MultithreadedTaskDispatcher with 16 workers.
 -> (artifact id: 'c1742eaf6ce77c236f307f0c227d3019') in 0.039488 seconds
Number of updated asset objects reloaded before import = 0
Number of asset objects unloaded after import = 20
========================================================================
Received Import Request.
  Time since last request: 0.000041 seconds.
  path: Assets/NatureManufacture Assets/Advanced Foliage Pack/Advanced Grass/SM_grass_bush_simple_02.fbx
  artifactKey: Guid(13c8284c88003384884786e30ffbd608) Importer(2089858483,0ecaa5967403d082aa24f35e1b516d23)
Start importing Assets/NatureManufacture Assets/Advanced Foliage Pack/Advanced Grass/SM_grass_bush_simple_02.fbx using Guid(13c8284c88003384884786e30ffbd608) Importer(2089858483,0ecaa5967403d082aa24f35e1b516d23) [PhysX] Initialized MultithreadedTaskDispatcher with 16 workers.
 -> (artifact id: '83138b3f6dfde3692ba49c7fa4938413') in 0.033285 seconds
Number of updated asset objects reloaded before import = 0
Number of asset objects unloaded after import = 7
========================================================================
Received Import Request.
  Time since last request: 0.000079 seconds.
  path: Assets/NatureManufacture Assets/Advanced Foliage Pack/Advanced Grass/SM_grass_bush_01.fbx
  artifactKey: Guid(70059553411f9b940b2ae8e72a448950) Importer(2089858483,0ecaa5967403d082aa24f35e1b516d23)
Start importing Assets/NatureManufacture Assets/Advanced Foliage Pack/Advanced Grass/SM_grass_bush_01.fbx using Guid(70059553411f9b940b2ae8e72a448950) Importer(2089858483,0ecaa5967403d082aa24f35e1b516d23) [PhysX] Initialized MultithreadedTaskDispatcher with 16 workers.
 -> (artifact id: '717ee1857a559cf8d428a815edc960a2') in 0.070533 seconds
Number of updated asset objects reloaded before import = 0
Number of asset objects unloaded after import = 15
========================================================================
Received Import Request.
  Time since last request: 0.000056 seconds.
  path: Assets/NatureManufacture Assets/Advanced Foliage Pack/Unity grass/Unity Grass Models/Prefabs/prefab_unity_grass_grass_bush_04.prefab
  artifactKey: Guid(ddbee68d1655416438238b56bd770657) Importer(2089858483,0ecaa5967403d082aa24f35e1b516d23)
Start importing Assets/NatureManufacture Assets/Advanced Foliage Pack/Unity grass/Unity Grass Models/Prefabs/prefab_unity_grass_grass_bush_04.prefab using Guid(ddbee68d1655416438238b56bd770657) Importer(2089858483,0ecaa5967403d082aa24f35e1b516d23) [PhysX] Initialized MultithreadedTaskDispatcher with 16 workers.
 -> (artifact id: '9539738bea151d422141549400ccb246') in 0.030669 seconds
Number of updated asset objects reloaded before import = 0
Number of asset objects unloaded after import = 7
========================================================================
Received Import Request.
  Time since last request: 0.000048 seconds.
  path: Assets/NatureManufacture Assets/Advanced Foliage Pack/Ground Textures/Materials/T_Ground_Leaves_02.mat
  artifactKey: Guid(5aa15638098f01d44a81c34969eefac7) Importer(2089858483,0ecaa5967403d082aa24f35e1b516d23)
Start importing Assets/NatureManufacture Assets/Advanced Foliage Pack/Ground Textures/Materials/T_Ground_Leaves_02.mat using Guid(5aa15638098f01d44a81c34969eefac7) Importer(2089858483,0ecaa5967403d082aa24f35e1b516d23) [PhysX] Initialized MultithreadedTaskDispatcher with 16 workers.
 -> (artifact id: '6633104ac6a455eb4b7a6b5a8e2aae5c') in 0.050496 seconds
Number of updated asset objects reloaded before import = 0
Number of asset objects unloaded after import = 5
========================================================================
Received Import Request.
  Time since last request: 0.000078 seconds.
  path: Assets/NatureManufacture Assets/Advanced Foliage Pack/Unity grass/Unity Grass Models/Prefabs/prefab_unity_grass_grass_bush_simple_03.prefab
  artifactKey: Guid(2c386396ecf14504ea5faf696308db3d) Importer(2089858483,0ecaa5967403d082aa24f35e1b516d23)
Start importing Assets/NatureManufacture Assets/Advanced Foliage Pack/Unity grass/Unity Grass Models/Prefabs/prefab_unity_grass_grass_bush_simple_03.prefab using Guid(2c386396ecf14504ea5faf696308db3d) Importer(2089858483,0ecaa5967403d082aa24f35e1b516d23) [PhysX] Initialized MultithreadedTaskDispatcher with 16 workers.
 -> (artifact id: '803bdf78cb8228813919ae7f7d51bf87') in 0.034799 seconds
Number of updated asset objects reloaded before import = 0
Number of asset objects unloaded after import = 6
========================================================================
Received Import Request.
  Time since last request: 0.000050 seconds.
  path: Assets/NatureManufacture Assets/Advanced Foliage Pack/Unity grass/Unity Grass Models/Prefabs Snow/prefab_unity_Snow_grass_ground_foliage_03.prefab
  artifactKey: Guid(5889f48d5787da84ba5469f2f2847bfe) Importer(2089858483,0ecaa5967403d082aa24f35e1b516d23)
Start importing Assets/NatureManufacture Assets/Advanced Foliage Pack/Unity grass/Unity Grass Models/Prefabs Snow/prefab_unity_Snow_grass_ground_foliage_03.prefab using Guid(5889f48d5787da84ba5469f2f2847bfe) Importer(2089858483,0ecaa5967403d082aa24f35e1b516d23) [PhysX] Initialized MultithreadedTaskDispatcher with 16 workers.
 -> (artifact id: '0b3f7413e72afd32188eedbdbe9de352') in 0.030710 seconds
Number of updated asset objects reloaded before import = 0
Number of asset objects unloaded after import = 7
========================================================================
Received Import Request.
  Time since last request: 0.000058 seconds.
  path: Assets/NatureManufacture Assets/Advanced Foliage Pack/Advanced Grass/Materials Snow/M_Snow_ground_foliage_02.mat
  artifactKey: Guid(b0a429c09bbad5c46b2c98cf0d1f7fd8) Importer(2089858483,0ecaa5967403d082aa24f35e1b516d23)
Start importing Assets/NatureManufacture Assets/Advanced Foliage Pack/Advanced Grass/Materials Snow/M_Snow_ground_foliage_02.mat using Guid(b0a429c09bbad5c46b2c98cf0d1f7fd8) Importer(2089858483,0ecaa5967403d082aa24f35e1b516d23) [PhysX] Initialized MultithreadedTaskDispatcher with 16 workers.
 -> (artifact id: 'e6bab1f647c81e3c9c21cf1f055dd491') in 0.057738 seconds
Number of updated asset objects reloaded before import = 0
Number of asset objects unloaded after import = 8
========================================================================
Received Import Request.
  Time since last request: 0.000068 seconds.
  path: Assets/NatureManufacture Assets/Advanced Foliage Pack/Advanced Grass/SM_nettle_01_0.fbx
  artifactKey: Guid(8ab17d33beadbde42a3ec5e1dc309b70) Importer(2089858483,0ecaa5967403d082aa24f35e1b516d23)
Start importing Assets/NatureManufacture Assets/Advanced Foliage Pack/Advanced Grass/SM_nettle_01_0.fbx using Guid(8ab17d33beadbde42a3ec5e1dc309b70) Importer(2089858483,0ecaa5967403d082aa24f35e1b516d23) [PhysX] Initialized MultithreadedTaskDispatcher with 16 workers.
 -> (artifact id: '7bc761e3cbfb0b162ad9786af09af064') in 0.046959 seconds
Number of updated asset objects reloaded before import = 0
Number of asset objects unloaded after import = 20
========================================================================
Received Import Request.
  Time since last request: 0.000045 seconds.
  path: Assets/NatureManufacture Assets/Advanced Foliage Pack/Demo/HD SRP Overview SceneSettings.lighting
  artifactKey: Guid(6685d52008dcadc408bdf705c0e5cef3) Importer(2089858483,0ecaa5967403d082aa24f35e1b516d23)
Start importing Assets/NatureManufacture Assets/Advanced Foliage Pack/Demo/HD SRP Overview SceneSettings.lighting using Guid(6685d52008dcadc408bdf705c0e5cef3) Importer(2089858483,0ecaa5967403d082aa24f35e1b516d23) [PhysX] Initialized MultithreadedTaskDispatcher with 16 workers.
LightingSettings: switching bake backend from 1 to 2.
 -> (artifact id: 'be5bd20dab80f7ab814da018d9d2b00b') in 0.053436 seconds
Number of updated asset objects reloaded before import = 0
Number of asset objects unloaded after import = 1
========================================================================
Received Import Request.
  Time since last request: 0.000048 seconds.
  path: Assets/NatureManufacture Assets/Advanced Foliage Pack/Unity grass/Unity Grass Models/Prefabs Snow/prefab_unity_Snow_grass_ground_foliage_04_0.prefab
  artifactKey: Guid(f5597057df5daa74c94fac2f381d839c) Importer(2089858483,0ecaa5967403d082aa24f35e1b516d23)
Start importing Assets/NatureManufacture Assets/Advanced Foliage Pack/Unity grass/Unity Grass Models/Prefabs Snow/prefab_unity_Snow_grass_ground_foliage_04_0.prefab using Guid(f5597057df5daa74c94fac2f381d839c) Importer(2089858483,0ecaa5967403d082aa24f35e1b516d23) [PhysX] Initialized MultithreadedTaskDispatcher with 16 workers.
 -> (artifact id: 'f29f19a157db377a17136cf2fb0c9f15') in 0.027680 seconds
Number of updated asset objects reloaded before import = 0
Number of asset objects unloaded after import = 7
========================================================================
Received Import Request.
  Time since last request: 0.000053 seconds.
  path: Assets/NatureManufacture Assets/Advanced Foliage Pack/Advanced Grass/Materials Snow/M_Snow_nettle_01.mat
  artifactKey: Guid(8701d59336a60824bb31b63ec1fb6d52) Importer(2089858483,0ecaa5967403d082aa24f35e1b516d23)
Start importing Assets/NatureManufacture Assets/Advanced Foliage Pack/Advanced Grass/Materials Snow/M_Snow_nettle_01.mat using Guid(8701d59336a60824bb31b63ec1fb6d52) Importer(2089858483,0ecaa5967403d082aa24f35e1b516d23) [PhysX] Initialized MultithreadedTaskDispatcher with 16 workers.
 -> (artifact id: 'aa3fd6834fcd436b1956349838bea81e') in 0.148410 seconds
Number of updated asset objects reloaded before import = 0
Number of asset objects unloaded after import = 8
========================================================================
Received Import Request.
  Time since last request: 0.000057 seconds.
  path: Assets/NatureManufacture Assets/Advanced Foliage Pack/Advanced Grass/Materials/M_forest_heather_01.mat
  artifactKey: Guid(d9b34471926638746b8e4cf6eff452b1) Importer(2089858483,0ecaa5967403d082aa24f35e1b516d23)
Start importing Assets/NatureManufacture Assets/Advanced Foliage Pack/Advanced Grass/Materials/M_forest_heather_01.mat using Guid(d9b34471926638746b8e4cf6eff452b1) Importer(2089858483,0ecaa5967403d082aa24f35e1b516d23) [PhysX] Initialized MultithreadedTaskDispatcher with 16 workers.
 -> (artifact id: 'a13b2e208d1046d314be712411ebe4c2') in 0.035652 seconds
Number of updated asset objects reloaded before import = 0
Number of asset objects unloaded after import = 5
========================================================================
Received Import Request.
  Time since last request: 0.000054 seconds.
  path: Assets/NatureManufacture Assets/Advanced Foliage Pack/Unity grass/Unity Grass Models/unity_grass_grass_bush_01.fbx
  artifactKey: Guid(c4fee96e9bc12e645adc42c8e0edd34f) Importer(2089858483,0ecaa5967403d082aa24f35e1b516d23)
Start importing Assets/NatureManufacture Assets/Advanced Foliage Pack/Unity grass/Unity Grass Models/unity_grass_grass_bush_01.fbx using Guid(c4fee96e9bc12e645adc42c8e0edd34f) Importer(2089858483,0ecaa5967403d082aa24f35e1b516d23) [PhysX] Initialized MultithreadedTaskDispatcher with 16 workers.
 -> (artifact id: '2c7351a586ed971a01efa77f671765b6') in 0.049196 seconds
Number of updated asset objects reloaded before import = 0
Number of asset objects unloaded after import = 7
========================================================================
Received Import Request.
  Time since last request: 0.000054 seconds.
  path: Assets/NatureManufacture Assets/Advanced Foliage Pack/Ground Textures/Materials/T_Ground_Leaves_01.mat
  artifactKey: Guid(89f71e4935de826489acade1266aed0c) Importer(2089858483,0ecaa5967403d082aa24f35e1b516d23)
Start importing Assets/NatureManufacture Assets/Advanced Foliage Pack/Ground Textures/Materials/T_Ground_Leaves_01.mat using Guid(89f71e4935de826489acade1266aed0c) Importer(2089858483,0ecaa5967403d082aa24f35e1b516d23) [PhysX] Initialized MultithreadedTaskDispatcher with 16 workers.
 -> (artifact id: '238472c9fff793990d5cc2a37810e273') in 0.046073 seconds
Number of updated asset objects reloaded before import = 0
Number of asset objects unloaded after import = 5
========================================================================
Received Import Request.
  Time since last request: 0.000053 seconds.
  path: Assets/NatureManufacture Assets/Advanced Foliage Pack/Crooked Roots/Prefabs_Snow/prefab_Snow_crooked_root_05.prefab
  artifactKey: Guid(9e08209f923fb0c499166ea6abd1f2cf) Importer(2089858483,0ecaa5967403d082aa24f35e1b516d23)
Start importing Assets/NatureManufacture Assets/Advanced Foliage Pack/Crooked Roots/Prefabs_Snow/prefab_Snow_crooked_root_05.prefab using Guid(9e08209f923fb0c499166ea6abd1f2cf) Importer(2089858483,0ecaa5967403d082aa24f35e1b516d23) [PhysX] Initialized MultithreadedTaskDispatcher with 16 workers.
 -> (artifact id: '310c2f8663dea1dab614835c6f92d6e8') in 0.024513 seconds
Number of updated asset objects reloaded before import = 0
Number of asset objects unloaded after import = 25
========================================================================
Received Import Request.
  Time since last request: 0.000056 seconds.
  path: Assets/NatureManufacture Assets/Advanced Foliage Pack/Unity grass/Unity Grass Models/unity_grass_ground_foliage_02_2.fbx
  artifactKey: Guid(7af70308576cbc3419c25271918ee400) Importer(2089858483,0ecaa5967403d082aa24f35e1b516d23)
Start importing Assets/NatureManufacture Assets/Advanced Foliage Pack/Unity grass/Unity Grass Models/unity_grass_ground_foliage_02_2.fbx using Guid(7af70308576cbc3419c25271918ee400) Importer(2089858483,0ecaa5967403d082aa24f35e1b516d23) [PhysX] Initialized MultithreadedTaskDispatcher with 16 workers.
 -> (artifact id: '196c487e09e4421c970cbffbbf4acef5') in 0.037172 seconds
Number of updated asset objects reloaded before import = 0
Number of asset objects unloaded after import = 7
========================================================================
Received Import Request.
  Time since last request: 0.000056 seconds.
  path: Assets/NatureManufacture Assets/Advanced Foliage Pack/Advanced Grass/Prefabs/prefab_SM_grass_bush_simple_04.prefab
  artifactKey: Guid(4237bad11094d7e478ef825d2e14085c) Importer(2089858483,0ecaa5967403d082aa24f35e1b516d23)
Start importing Assets/NatureManufacture Assets/Advanced Foliage Pack/Advanced Grass/Prefabs/prefab_SM_grass_bush_simple_04.prefab using Guid(4237bad11094d7e478ef825d2e14085c) Importer(2089858483,0ecaa5967403d082aa24f35e1b516d23) [PhysX] Initialized MultithreadedTaskDispatcher with 16 workers.
 -> (artifact id: 'c23f3c477f15090d19048274c69fc621') in 0.035692 seconds
Number of updated asset objects reloaded before import = 0
Number of asset objects unloaded after import = 8
========================================================================
Received Import Request.
  Time since last request: 0.000062 seconds.
  path: Assets/NatureManufacture Assets/Advanced Foliage Pack/Advanced Grass/Materials/M_ground_foliage_01.mat
  artifactKey: Guid(4320f3a6118c79749a5df0df8b804e16) Importer(2089858483,0ecaa5967403d082aa24f35e1b516d23)
Start importing Assets/NatureManufacture Assets/Advanced Foliage Pack/Advanced Grass/Materials/M_ground_foliage_01.mat using Guid(4320f3a6118c79749a5df0df8b804e16) Importer(2089858483,0ecaa5967403d082aa24f35e1b516d23) [PhysX] Initialized MultithreadedTaskDispatcher with 16 workers.
 -> (artifact id: 'd476a973bcd75c8a368ef0140d796f5c') in 0.066109 seconds
Number of updated asset objects reloaded before import = 0
Number of asset objects unloaded after import = 5
========================================================================
Received Import Request.
  Time since last request: 0.000079 seconds.
  path: Assets/NatureManufacture Assets/Advanced Foliage Pack/Unity grass/Unity Grass Models/unity_grass_nettle_01_1.fbx
  artifactKey: Guid(615b36b21f292ba4cbd19670c515433e) Importer(2089858483,0ecaa5967403d082aa24f35e1b516d23)
Start importing Assets/NatureManufacture Assets/Advanced Foliage Pack/Unity grass/Unity Grass Models/unity_grass_nettle_01_1.fbx using Guid(615b36b21f292ba4cbd19670c515433e) Importer(2089858483,0ecaa5967403d082aa24f35e1b516d23) [PhysX] Initialized MultithreadedTaskDispatcher with 16 workers.
 -> (artifact id: '8b0c70d4f55e2a8180fe033c16137e0e') in 0.040642 seconds
Number of updated asset objects reloaded before import = 0
Number of asset objects unloaded after import = 7
========================================================================
Received Import Request.
  Time since last request: 0.000058 seconds.
  path: Assets/NatureManufacture Assets/Advanced Foliage Pack/Advanced Grass/Prefabs/prefab_SM_grass_bush_01.prefab
  artifactKey: Guid(95cc2ac5f6f9eb54e91e5a4e6c45f96d) Importer(2089858483,0ecaa5967403d082aa24f35e1b516d23)
Start importing Assets/NatureManufacture Assets/Advanced Foliage Pack/Advanced Grass/Prefabs/prefab_SM_grass_bush_01.prefab using Guid(95cc2ac5f6f9eb54e91e5a4e6c45f96d) Importer(2089858483,0ecaa5967403d082aa24f35e1b516d23) [PhysX] Initialized MultithreadedTaskDispatcher with 16 workers.
 -> (artifact id: '3ebaf68ffc311a8ecd5a7cee5c4b19a9') in 0.027544 seconds
Number of updated asset objects reloaded before import = 0
Number of asset objects unloaded after import = 15
========================================================================
Received Import Request.
  Time since last request: 0.000055 seconds.
  path: Assets/NatureManufacture Assets/Advanced Foliage Pack/Crooked Roots/Prefabs_Snow/prefab_Snow_crooked_root_03.prefab
  artifactKey: Guid(3a4eb0ab27a76574eb68c7b7e83814e2) Importer(2089858483,0ecaa5967403d082aa24f35e1b516d23)
Start importing Assets/NatureManufacture Assets/Advanced Foliage Pack/Crooked Roots/Prefabs_Snow/prefab_Snow_crooked_root_03.prefab using Guid(3a4eb0ab27a76574eb68c7b7e83814e2) Importer(2089858483,0ecaa5967403d082aa24f35e1b516d23) [PhysX] Initialized MultithreadedTaskDispatcher with 16 workers.
 -> (artifact id: '283b926cc2ca5687ce380eeeb59f007f') in 0.030902 seconds
Number of updated asset objects reloaded before import = 0
Number of asset objects unloaded after import = 20
========================================================================
Received Import Request.
  Time since last request: 0.000081 seconds.
  path: Assets/NatureManufacture Assets/Advanced Foliage Pack/Advanced Grass/Materials Snow/M_Snow_atlas_grass_01.mat
  artifactKey: Guid(6f0f4141137014c47b9573b3c45a56e6) Importer(2089858483,0ecaa5967403d082aa24f35e1b516d23)
Start importing Assets/NatureManufacture Assets/Advanced Foliage Pack/Advanced Grass/Materials Snow/M_Snow_atlas_grass_01.mat using Guid(6f0f4141137014c47b9573b3c45a56e6) Importer(2089858483,0ecaa5967403d082aa24f35e1b516d23) [PhysX] Initialized MultithreadedTaskDispatcher with 16 workers.
 -> (artifact id: '7118c8db35e1fba553ea02d3f5d35da6') in 0.084217 seconds
Number of updated asset objects reloaded before import = 0
Number of asset objects unloaded after import = 8
========================================================================
Received Import Request.
  Time since last request: 0.000073 seconds.
  path: Assets/NatureManufacture Assets/Advanced Foliage Pack/Unity grass/Unity Grass Models/Prefabs Snow/prefab_unity_Snow_grass_ground_foliage_02_2.prefab
  artifactKey: Guid(ca9a0fb2f837fdb4d87ce335f4ef0986) Importer(2089858483,0ecaa5967403d082aa24f35e1b516d23)
Start importing Assets/NatureManufacture Assets/Advanced Foliage Pack/Unity grass/Unity Grass Models/Prefabs Snow/prefab_unity_Snow_grass_ground_foliage_02_2.prefab using Guid(ca9a0fb2f837fdb4d87ce335f4ef0986) Importer(2089858483,0ecaa5967403d082aa24f35e1b516d23) [PhysX] Initialized MultithreadedTaskDispatcher with 16 workers.
 -> (artifact id: '2b837aa14fbb2cb1156673d5ceff96e1') in 0.037175 seconds
Number of updated asset objects reloaded before import = 0
Number of asset objects unloaded after import = 7
========================================================================
Received Import Request.
  Time since last request: 0.000063 seconds.
  path: Assets/NatureManufacture Assets/Advanced Foliage Pack/Unity grass/Unity Grass Models/unity_grass_ground_foliage_02_1.fbx
  artifactKey: Guid(ff6de4a33d4751b4b9dab2e1b2e189e5) Importer(2089858483,0ecaa5967403d082aa24f35e1b516d23)
Start importing Assets/NatureManufacture Assets/Advanced Foliage Pack/Unity grass/Unity Grass Models/unity_grass_ground_foliage_02_1.fbx using Guid(ff6de4a33d4751b4b9dab2e1b2e189e5) Importer(2089858483,0ecaa5967403d082aa24f35e1b516d23) [PhysX] Initialized MultithreadedTaskDispatcher with 16 workers.
 -> (artifact id: '215e457d7770b94bd3594f5bfdc24027') in 0.057008 seconds
Number of updated asset objects reloaded before import = 0
Number of asset objects unloaded after import = 7
========================================================================
Received Import Request.
  Time since last request: 0.000063 seconds.
  path: Assets/NatureManufacture Assets/Advanced Foliage Pack/Demo/HD RP Demo with Unity Grass/ReflectionProbe-0.exr
  artifactKey: Guid(c4e666eaf1b1c124c9c7939aeced6719) Importer(2089858483,0ecaa5967403d082aa24f35e1b516d23)
Start importing Assets/NatureManufacture Assets/Advanced Foliage Pack/Demo/HD RP Demo with Unity Grass/ReflectionProbe-0.exr using Guid(c4e666eaf1b1c124c9c7939aeced6719) Importer(2089858483,0ecaa5967403d082aa24f35e1b516d23) [PhysX] Initialized MultithreadedTaskDispatcher with 16 workers.
 -> (artifact id: 'a5231c251675910c1ba8b2177e8c7870') in 0.040472 seconds
Number of updated asset objects reloaded before import = 0
Number of asset objects unloaded after import = 1
========================================================================
Received Import Request.
  Time since last request: 0.000053 seconds.
  path: Assets/NatureManufacture Assets/Advanced Foliage Pack/Ground Textures/Materials/T_Ground_Rock_02.mat
  artifactKey: Guid(489ceaf3ebad2c84983fe84898477800) Importer(2089858483,0ecaa5967403d082aa24f35e1b516d23)
Start importing Assets/NatureManufacture Assets/Advanced Foliage Pack/Ground Textures/Materials/T_Ground_Rock_02.mat using Guid(489ceaf3ebad2c84983fe84898477800) Importer(2089858483,0ecaa5967403d082aa24f35e1b516d23) [PhysX] Initialized MultithreadedTaskDispatcher with 16 workers.
 -> (artifact id: 'ea5312bdf813a011cd55fde94b7256e7') in 0.060193 seconds
Number of updated asset objects reloaded before import = 0
Number of asset objects unloaded after import = 5
========================================================================
Received Import Request.
  Time since last request: 0.000063 seconds.
  path: Assets/NatureManufacture Assets/Advanced Foliage Pack/Crooked Roots/Prefabs/prefab_crooked_root_04.prefab
  artifactKey: Guid(e84e689f4af3ca443a5cd8ae1b560d9b) Importer(2089858483,0ecaa5967403d082aa24f35e1b516d23)
Start importing Assets/NatureManufacture Assets/Advanced Foliage Pack/Crooked Roots/Prefabs/prefab_crooked_root_04.prefab using Guid(e84e689f4af3ca443a5cd8ae1b560d9b) Importer(2089858483,0ecaa5967403d082aa24f35e1b516d23) [PhysX] Initialized MultithreadedTaskDispatcher with 16 workers.
 -> (artifact id: '262ac2d7f55cbafc39bd30e14513a677') in 0.028817 seconds
Number of updated asset objects reloaded before import = 0
Number of asset objects unloaded after import = 25
========================================================================
Received Import Request.
  Time since last request: 0.000080 seconds.
  path: Assets/NatureManufacture Assets/Advanced Foliage Pack/Ground Textures
  artifactKey: Guid(aeaa218b040f21f4e8e7d6cd9f88b1b8) Importer(2089858483,0ecaa5967403d082aa24f35e1b516d23)
Start importing Assets/NatureManufacture Assets/Advanced Foliage Pack/Ground Textures using Guid(aeaa218b040f21f4e8e7d6cd9f88b1b8) Importer(2089858483,0ecaa5967403d082aa24f35e1b516d23) [PhysX] Initialized MultithreadedTaskDispatcher with 16 workers.
 -> (artifact id: '79a35aa0488718e183c191a995b0fa55') in 0.026267 seconds
Number of updated asset objects reloaded before import = 0
Number of asset objects unloaded after import = 1
========================================================================
Received Import Request.
  Time since last request: 0.000089 seconds.
  path: Assets/NatureManufacture Assets/Advanced Foliage Pack/Unity grass/Unity Grass Models/Prefabs Snow/prefab_unity_Snow_grass_nettle_01_0.prefab
  artifactKey: Guid(ea65aff557ca93d4bba4f2e6ad495b66) Importer(2089858483,0ecaa5967403d082aa24f35e1b516d23)
Start importing Assets/NatureManufacture Assets/Advanced Foliage Pack/Unity grass/Unity Grass Models/Prefabs Snow/prefab_unity_Snow_grass_nettle_01_0.prefab using Guid(ea65aff557ca93d4bba4f2e6ad495b66) Importer(2089858483,0ecaa5967403d082aa24f35e1b516d23) [PhysX] Initialized MultithreadedTaskDispatcher with 16 workers.
 -> (artifact id: '9e9d7469a1462efcac891a1389736416') in 0.036608 seconds
Number of updated asset objects reloaded before import = 0
Number of asset objects unloaded after import = 7
========================================================================
Received Import Request.
  Time since last request: 0.000066 seconds.
  path: Assets/NatureManufacture Assets/Advanced Foliage Pack/Unity grass/Unity Grass Models/unity_grass_fern_01_1.fbx
  artifactKey: Guid(5009e9da418b87a40b752d6ad4851628) Importer(2089858483,0ecaa5967403d082aa24f35e1b516d23)
Start importing Assets/NatureManufacture Assets/Advanced Foliage Pack/Unity grass/Unity Grass Models/unity_grass_fern_01_1.fbx using Guid(5009e9da418b87a40b752d6ad4851628) Importer(2089858483,0ecaa5967403d082aa24f35e1b516d23) [PhysX] Initialized MultithreadedTaskDispatcher with 16 workers.
 -> (artifact id: '72de9a096acb3d6c42ca9d39626c78d1') in 0.038851 seconds
Number of updated asset objects reloaded before import = 0
Number of asset objects unloaded after import = 7
========================================================================
Received Import Request.
  Time since last request: 0.000068 seconds.
  path: Assets/NatureManufacture Assets/Advanced Foliage Pack/Ground Textures/Materials/T_Ground_Rock_04.mat
  artifactKey: Guid(39c4067b98040a446b4b9fc2c3ad1237) Importer(2089858483,0ecaa5967403d082aa24f35e1b516d23)
Start importing Assets/NatureManufacture Assets/Advanced Foliage Pack/Ground Textures/Materials/T_Ground_Rock_04.mat using Guid(39c4067b98040a446b4b9fc2c3ad1237) Importer(2089858483,0ecaa5967403d082aa24f35e1b516d23) [PhysX] Initialized MultithreadedTaskDispatcher with 16 workers.
 -> (artifact id: 'ee05644ff4bb5dd6ccffe801de7029bd') in 0.074489 seconds
Number of updated asset objects reloaded before import = 0
Number of asset objects unloaded after import = 5
========================================================================
Received Import Request.
  Time since last request: 0.000063 seconds.
  path: Assets/NatureManufacture Assets/Advanced Foliage Pack/Unity grass/Unity Grass Models/Prefabs Snow/prefab_unity_Snow_grass_fern_01_1.prefab
  artifactKey: Guid(7c22d0258380cad42a7d6ea964f9cbc1) Importer(2089858483,0ecaa5967403d082aa24f35e1b516d23)
Start importing Assets/NatureManufacture Assets/Advanced Foliage Pack/Unity grass/Unity Grass Models/Prefabs Snow/prefab_unity_Snow_grass_fern_01_1.prefab using Guid(7c22d0258380cad42a7d6ea964f9cbc1) Importer(2089858483,0ecaa5967403d082aa24f35e1b516d23) [PhysX] Initialized MultithreadedTaskDispatcher with 16 workers.
 -> (artifact id: '03792cbf372701c0ceff460860c28533') in 0.036799 seconds
Number of updated asset objects reloaded before import = 0
Number of asset objects unloaded after import = 7
========================================================================
Received Import Request.
  Time since last request: 0.000094 seconds.
  path: Assets/NatureManufacture Assets/Advanced Foliage Pack/Unity grass/Unity Grass Models/Prefabs/prefab_unity_grass_ground_foliage_04_0.prefab
  artifactKey: Guid(a4a9e2a8087ec864d864d7b3033126da) Importer(2089858483,0ecaa5967403d082aa24f35e1b516d23)
Start importing Assets/NatureManufacture Assets/Advanced Foliage Pack/Unity grass/Unity Grass Models/Prefabs/prefab_unity_grass_ground_foliage_04_0.prefab using Guid(a4a9e2a8087ec864d864d7b3033126da) Importer(2089858483,0ecaa5967403d082aa24f35e1b516d23) [PhysX] Initialized MultithreadedTaskDispatcher with 16 workers.
 -> (artifact id: 'b236b988ec5ca1d14eab28d32562b33e') in 0.035647 seconds
Number of updated asset objects reloaded before import = 0
Number of asset objects unloaded after import = 7
========================================================================
Received Import Request.
  Time since last request: 0.000071 seconds.
  path: Assets/NatureManufacture Assets/Advanced Foliage Pack/Unity grass/Unity Grass Models/unity_grass_ground_foliage_03.fbx
  artifactKey: Guid(06f780eea624616468e4907d3ac1018a) Importer(2089858483,0ecaa5967403d082aa24f35e1b516d23)
Start importing Assets/NatureManufacture Assets/Advanced Foliage Pack/Unity grass/Unity Grass Models/unity_grass_ground_foliage_03.fbx using Guid(06f780eea624616468e4907d3ac1018a) Importer(2089858483,0ecaa5967403d082aa24f35e1b516d23) [PhysX] Initialized MultithreadedTaskDispatcher with 16 workers.
 -> (artifact id: '3db2a989f4b627b4bd84f5fd29f2c6ef') in 0.048797 seconds
Number of updated asset objects reloaded before import = 0
Number of asset objects unloaded after import = 7
========================================================================
Received Import Request.
  Time since last request: 0.000130 seconds.
  path: Assets/NatureManufacture Assets/Advanced Foliage Pack/Unity grass/Unity Grass Models/Prefabs/prefab_unity_grass_grass_bush_02.prefab
  artifactKey: Guid(dc9ebae8f0fccf34a88de7cba39b0ba8) Importer(2089858483,0ecaa5967403d082aa24f35e1b516d23)
Start importing Assets/NatureManufacture Assets/Advanced Foliage Pack/Unity grass/Unity Grass Models/Prefabs/prefab_unity_grass_grass_bush_02.prefab using Guid(dc9ebae8f0fccf34a88de7cba39b0ba8) Importer(2089858483,0ecaa5967403d082aa24f35e1b516d23) [PhysX] Initialized MultithreadedTaskDispatcher with 16 workers.
 -> (artifact id: 'f9b570a79a0d79fecc984b2b6390d697') in 0.032341 seconds
Number of updated asset objects reloaded before import = 0
Number of asset objects unloaded after import = 7
========================================================================
Received Import Request.
  Time since last request: 0.000065 seconds.
  path: Assets/NatureManufacture Assets/Advanced Foliage Pack/Unity grass/Unity Grass Models/unity_grass_ground_foliage_04_1.fbx
  artifactKey: Guid(21529711b1e8b1846ba9a79cf1556521) Importer(2089858483,0ecaa5967403d082aa24f35e1b516d23)
Start importing Assets/NatureManufacture Assets/Advanced Foliage Pack/Unity grass/Unity Grass Models/unity_grass_ground_foliage_04_1.fbx using Guid(21529711b1e8b1846ba9a79cf1556521) Importer(2089858483,0ecaa5967403d082aa24f35e1b516d23) [PhysX] Initialized MultithreadedTaskDispatcher with 16 workers.
 -> (artifact id: '0cbf00620715417c89d5f82d60b54acc') in 0.051264 seconds
Number of updated asset objects reloaded before import = 0
Number of asset objects unloaded after import = 7
========================================================================
Received Import Request.
  Time since last request: 0.000121 seconds.
  path: Assets/NatureManufacture Assets/Advanced Foliage Pack/Demo/HD RP Demo with Unity Grass/Lightmap-0_comp_light.exr
  artifactKey: Guid(f613ea78b70e45043b7d8d41359d96a9) Importer(2089858483,0ecaa5967403d082aa24f35e1b516d23)
Start importing Assets/NatureManufacture Assets/Advanced Foliage Pack/Demo/HD RP Demo with Unity Grass/Lightmap-0_comp_light.exr using Guid(f613ea78b70e45043b7d8d41359d96a9) Importer(2089858483,0ecaa5967403d082aa24f35e1b516d23) [PhysX] Initialized MultithreadedTaskDispatcher with 16 workers.
 -> (artifact id: '80c4779a3124dbdca247df475bac7fe9') in 0.048977 seconds
Number of updated asset objects reloaded before import = 0
Number of asset objects unloaded after import = 1
========================================================================
Received Import Request.
  Time since last request: 0.000047 seconds.
  path: Assets/NatureManufacture Assets/Advanced Foliage Pack/Demo
  artifactKey: Guid(c1f80563ab57b8949a463f85651d98c5) Importer(2089858483,0ecaa5967403d082aa24f35e1b516d23)
Start importing Assets/NatureManufacture Assets/Advanced Foliage Pack/Demo using Guid(c1f80563ab57b8949a463f85651d98c5) Importer(2089858483,0ecaa5967403d082aa24f35e1b516d23) [PhysX] Initialized MultithreadedTaskDispatcher with 16 workers.
 -> (artifact id: '627e7eeb01991ad9196788204fbbcd7c') in 0.029518 seconds
Number of updated asset objects reloaded before import = 0
Number of asset objects unloaded after import = 1
========================================================================
Received Import Request.
  Time since last request: 0.000049 seconds.
  path: Assets/NatureManufacture Assets/Advanced Foliage Pack/Trunks/Prefabs/Prefab_trunk_01.prefab
  artifactKey: Guid(d16bf8171b87a5e4eb33323f322c483b) Importer(2089858483,0ecaa5967403d082aa24f35e1b516d23)
Start importing Assets/NatureManufacture Assets/Advanced Foliage Pack/Trunks/Prefabs/Prefab_trunk_01.prefab using Guid(d16bf8171b87a5e4eb33323f322c483b) Importer(2089858483,0ecaa5967403d082aa24f35e1b516d23) [PhysX] Initialized MultithreadedTaskDispatcher with 16 workers.
 -> (artifact id: '9a17266f14db601e851baa72186ad5e6') in 0.029015 seconds
Number of updated asset objects reloaded before import = 0
Number of asset objects unloaded after import = 26
========================================================================
Received Import Request.
  Time since last request: 0.000098 seconds.
  path: Assets/NatureManufacture Assets/Advanced Foliage Pack/Advanced Grass/Prefabs/prefab_SM_grass_bush_03.prefab
  artifactKey: Guid(7fc9fe983470a9b43a92d22e45bdeb34) Importer(2089858483,0ecaa5967403d082aa24f35e1b516d23)
Start importing Assets/NatureManufacture Assets/Advanced Foliage Pack/Advanced Grass/Prefabs/prefab_SM_grass_bush_03.prefab using Guid(7fc9fe983470a9b43a92d22e45bdeb34) Importer(2089858483,0ecaa5967403d082aa24f35e1b516d23) [PhysX] Initialized MultithreadedTaskDispatcher with 16 workers.
 -> (artifact id: '635ce7d8b2f62a886a4dc68a5785255c') in 0.028893 seconds
Number of updated asset objects reloaded before import = 0
Number of asset objects unloaded after import = 20
========================================================================
Received Import Request.
  Time since last request: 0.000055 seconds.
  path: Assets/NatureManufacture Assets/Advanced Foliage Pack/Advanced Grass/SM_grass_bush_03.fbx
  artifactKey: Guid(9a14e844b76e8ac4384b88e99d089287) Importer(2089858483,0ecaa5967403d082aa24f35e1b516d23)
Start importing Assets/NatureManufacture Assets/Advanced Foliage Pack/Advanced Grass/SM_grass_bush_03.fbx using Guid(9a14e844b76e8ac4384b88e99d089287) Importer(2089858483,0ecaa5967403d082aa24f35e1b516d23) [PhysX] Initialized MultithreadedTaskDispatcher with 16 workers.
 -> (artifact id: '91b584cefa2c62c6638b904b94aced79') in 0.039135 seconds
Number of updated asset objects reloaded before import = 0
Number of asset objects unloaded after import = 20
========================================================================
Received Import Request.
  Time since last request: 0.000043 seconds.
  path: Assets/NatureManufacture Assets/Advanced Foliage Pack/Unity grass/Unity Grass Models/Materials/M_Unity_Grass_atlas_grass_01.mat
  artifactKey: Guid(6727486d89fa8374c95834be9f113bb2) Importer(2089858483,0ecaa5967403d082aa24f35e1b516d23)
Start importing Assets/NatureManufacture Assets/Advanced Foliage Pack/Unity grass/Unity Grass Models/Materials/M_Unity_Grass_atlas_grass_01.mat using Guid(6727486d89fa8374c95834be9f113bb2) Importer(2089858483,0ecaa5967403d082aa24f35e1b516d23) [PhysX] Initialized MultithreadedTaskDispatcher with 16 workers.
 -> (artifact id: 'a448500139b7547da96591ff75e64f69') in 0.053065 seconds
Number of updated asset objects reloaded before import = 0
Number of asset objects unloaded after import = 5
========================================================================
Received Import Request.
  Time since last request: 0.000074 seconds.
  path: Assets/NatureManufacture Assets/HD Settings/Diffusion Profiles Settings/NM_SSSSettings_Skin_Foliage.asset
  artifactKey: Guid(cb824b513c3aa274db0944d6fb82a86c) Importer(2089858483,0ecaa5967403d082aa24f35e1b516d23)
Start importing Assets/NatureManufacture Assets/HD Settings/Diffusion Profiles Settings/NM_SSSSettings_Skin_Foliage.asset using Guid(cb824b513c3aa274db0944d6fb82a86c) Importer(2089858483,0ecaa5967403d082aa24f35e1b516d23) [PhysX] Initialized MultithreadedTaskDispatcher with 16 workers.
 -> (artifact id: '0d8d5a7fe522dda5e076f5539c2d2a8f') in 0.048894 seconds
Number of updated asset objects reloaded before import = 0
Number of asset objects unloaded after import = 1
========================================================================
Received Import Request.
  Time since last request: 0.000073 seconds.
  path: Assets/NatureManufacture Assets/Advanced Foliage Pack/Advanced Grass/Materials/M_atlas_grass_01.mat
  artifactKey: Guid(60ebafc534e7d164ca554165a90ca71b) Importer(2089858483,0ecaa5967403d082aa24f35e1b516d23)
Start importing Assets/NatureManufacture Assets/Advanced Foliage Pack/Advanced Grass/Materials/M_atlas_grass_01.mat using Guid(60ebafc534e7d164ca554165a90ca71b) Importer(2089858483,0ecaa5967403d082aa24f35e1b516d23) [PhysX] Initialized MultithreadedTaskDispatcher with 16 workers.
 -> (artifact id: 'd9457e0c7b66185b5205ee76c21f14a0') in 0.066485 seconds
Number of updated asset objects reloaded before import = 0
Number of asset objects unloaded after import = 5
========================================================================
Received Import Request.
  Time since last request: 0.000111 seconds.
  path: Assets/NatureManufacture Assets/Advanced Foliage Pack/Unity grass/Unity Grass Models/Prefabs/prefab_unity_grass_ground_foliage_01.prefab
  artifactKey: Guid(b52247261fbfac54eb9dfef486bc80b6) Importer(2089858483,0ecaa5967403d082aa24f35e1b516d23)
Start importing Assets/NatureManufacture Assets/Advanced Foliage Pack/Unity grass/Unity Grass Models/Prefabs/prefab_unity_grass_ground_foliage_01.prefab using Guid(b52247261fbfac54eb9dfef486bc80b6) Importer(2089858483,0ecaa5967403d082aa24f35e1b516d23) [PhysX] Initialized MultithreadedTaskDispatcher with 16 workers.
 -> (artifact id: '29b5be1d3e914624eefa22ed6f3ef10e') in 0.027037 seconds
Number of updated asset objects reloaded before import = 0
Number of asset objects unloaded after import = 7
========================================================================
Received Import Request.
  Time since last request: 0.000053 seconds.
  path: Assets/NatureManufacture Assets/Advanced Foliage Pack/Advanced Grass/Materials/M_nettle_01.mat
  artifactKey: Guid(c681fcbe31db1cf47880451767fbfe8e) Importer(2089858483,0ecaa5967403d082aa24f35e1b516d23)
Start importing Assets/NatureManufacture Assets/Advanced Foliage Pack/Advanced Grass/Materials/M_nettle_01.mat using Guid(c681fcbe31db1cf47880451767fbfe8e) Importer(2089858483,0ecaa5967403d082aa24f35e1b516d23) [PhysX] Initialized MultithreadedTaskDispatcher with 16 workers.
 -> (artifact id: 'db11d8dbd6c64683d895725c1cd17547') in 0.062028 seconds
Number of updated asset objects reloaded before import = 0
Number of asset objects unloaded after import = 5
========================================================================
Received Import Request.
  Time since last request: 0.000056 seconds.
  path: Assets/NatureManufacture Assets/Advanced Foliage Pack/Unity grass/Unity Grass Models/Prefabs Snow/prefab_unity_Snow_grass_ground_foliage_02_1.prefab
  artifactKey: Guid(4463929529982e448b85adc63c3114e6) Importer(2089858483,0ecaa5967403d082aa24f35e1b516d23)
Start importing Assets/NatureManufacture Assets/Advanced Foliage Pack/Unity grass/Unity Grass Models/Prefabs Snow/prefab_unity_Snow_grass_ground_foliage_02_1.prefab using Guid(4463929529982e448b85adc63c3114e6) Importer(2089858483,0ecaa5967403d082aa24f35e1b516d23) [PhysX] Initialized MultithreadedTaskDispatcher with 16 workers.
 -> (artifact id: '3b6a19f71dabf8b93e0883f10ce4d34f') in 0.031277 seconds
Number of updated asset objects reloaded before import = 0
Number of asset objects unloaded after import = 7
========================================================================
Received Import Request.
  Time since last request: 0.000040 seconds.
  path: Assets/NatureManufacture Assets/Advanced Foliage Pack/Unity grass/Unity Grass Models/Prefabs Snow/prefab_unity_Snow_grass_grass_bush_04.prefab
  artifactKey: Guid(e63d1fef5ae11154a8a7ba7b3d76f9da) Importer(2089858483,0ecaa5967403d082aa24f35e1b516d23)
Start importing Assets/NatureManufacture Assets/Advanced Foliage Pack/Unity grass/Unity Grass Models/Prefabs Snow/prefab_unity_Snow_grass_grass_bush_04.prefab using Guid(e63d1fef5ae11154a8a7ba7b3d76f9da) Importer(2089858483,0ecaa5967403d082aa24f35e1b516d23) [PhysX] Initialized MultithreadedTaskDispatcher with 16 workers.
 -> (artifact id: 'af56948370a7359090027d046869c8c3') in 0.032017 seconds
Number of updated asset objects reloaded before import = 0
Number of asset objects unloaded after import = 7
========================================================================
Received Import Request.
  Time since last request: 0.000050 seconds.
  path: Assets/NatureManufacture Assets/Advanced Foliage Pack/Unity grass/Unity Grass Models/unity_grass_grass_bush_simple_02.fbx
  artifactKey: Guid(9b09bceb79b83ed4d931b8fc432eca76) Importer(2089858483,0ecaa5967403d082aa24f35e1b516d23)
Start importing Assets/NatureManufacture Assets/Advanced Foliage Pack/Unity grass/Unity Grass Models/unity_grass_grass_bush_simple_02.fbx using Guid(9b09bceb79b83ed4d931b8fc432eca76) Importer(2089858483,0ecaa5967403d082aa24f35e1b516d23) [PhysX] Initialized MultithreadedTaskDispatcher with 16 workers.
 -> (artifact id: '1e23856948766b3baf2356d3d1e28793') in 0.041932 seconds
Number of updated asset objects reloaded before import = 0
Number of asset objects unloaded after import = 7
========================================================================
Received Import Request.
  Time since last request: 0.000044 seconds.
  path: Assets/NatureManufacture Assets/Advanced Foliage Pack/Ground Textures/Materials/T_Ground_Pebbles_01.mat
  artifactKey: Guid(d6485d8e6ec6c4349b0fd5f264ab1bb7) Importer(2089858483,0ecaa5967403d082aa24f35e1b516d23)
Start importing Assets/NatureManufacture Assets/Advanced Foliage Pack/Ground Textures/Materials/T_Ground_Pebbles_01.mat using Guid(d6485d8e6ec6c4349b0fd5f264ab1bb7) Importer(2089858483,0ecaa5967403d082aa24f35e1b516d23) [PhysX] Initialized MultithreadedTaskDispatcher with 16 workers.
 -> (artifact id: 'a7376b9f349d19b79546d95ee766b57b') in 0.057504 seconds
Number of updated asset objects reloaded before import = 0
Number of asset objects unloaded after import = 5
========================================================================
Received Import Request.
  Time since last request: 0.000047 seconds.
  path: Assets/NatureManufacture Assets/Advanced Foliage Pack/Trunks/Materials/M_trunk_02.mat
  artifactKey: Guid(db41c8312c079f249b058c91a9634745) Importer(2089858483,0ecaa5967403d082aa24f35e1b516d23)
Start importing Assets/NatureManufacture Assets/Advanced Foliage Pack/Trunks/Materials/M_trunk_02.mat using Guid(db41c8312c079f249b058c91a9634745) Importer(2089858483,0ecaa5967403d082aa24f35e1b516d23) [PhysX] Initialized MultithreadedTaskDispatcher with 16 workers.
 -> (artifact id: '36799a3a226f96dee0806557d9a16f87') in 0.035395 seconds
Number of updated asset objects reloaded before import = 0
Number of asset objects unloaded after import = 4
========================================================================
Received Import Request.
  Time since last request: 0.000062 seconds.
  path: Assets/NatureManufacture Assets/Advanced Foliage Pack/Unity grass/Unity Grass Models/Prefabs/prefab_unity_grass_grass_bush_simple_04.prefab
  artifactKey: Guid(15ebbea7ad2230e4b9bd7bb636d8d545) Importer(2089858483,0ecaa5967403d082aa24f35e1b516d23)
Start importing Assets/NatureManufacture Assets/Advanced Foliage Pack/Unity grass/Unity Grass Models/Prefabs/prefab_unity_grass_grass_bush_simple_04.prefab using Guid(15ebbea7ad2230e4b9bd7bb636d8d545) Importer(2089858483,0ecaa5967403d082aa24f35e1b516d23) [PhysX] Initialized MultithreadedTaskDispatcher with 16 workers.
 -> (artifact id: 'd2bf4a6249ff2089ac59622319de9dda') in 0.037713 seconds
Number of updated asset objects reloaded before import = 0
Number of asset objects unloaded after import = 7
========================================================================
Received Import Request.
  Time since last request: 0.000074 seconds.
  path: Assets/NatureManufacture Assets/Advanced Foliage Pack/Unity grass/Unity Grass Models/Prefabs Snow/prefab_unity_Snow_grass_grass_bush_03.prefab
  artifactKey: Guid(454a172349fd4a84b950c60998f29b04) Importer(2089858483,0ecaa5967403d082aa24f35e1b516d23)
Start importing Assets/NatureManufacture Assets/Advanced Foliage Pack/Unity grass/Unity Grass Models/Prefabs Snow/prefab_unity_Snow_grass_grass_bush_03.prefab using Guid(454a172349fd4a84b950c60998f29b04) Importer(2089858483,0ecaa5967403d082aa24f35e1b516d23) [PhysX] Initialized MultithreadedTaskDispatcher with 16 workers.
 -> (artifact id: 'ece11cbfb08f56d86ffad88e7571d7e1') in 0.027196 seconds
Number of updated asset objects reloaded before import = 0
Number of asset objects unloaded after import = 7
========================================================================
Received Import Request.
  Time since last request: 0.000057 seconds.
  path: Assets/NatureManufacture Assets/Advanced Foliage Pack/Ground Textures/Materials/T_Ground_Rock_03.mat
  artifactKey: Guid(b8c0c6bf2c035b746b7e7b64817fb4b8) Importer(2089858483,0ecaa5967403d082aa24f35e1b516d23)
Start importing Assets/NatureManufacture Assets/Advanced Foliage Pack/Ground Textures/Materials/T_Ground_Rock_03.mat using Guid(b8c0c6bf2c035b746b7e7b64817fb4b8) Importer(2089858483,0ecaa5967403d082aa24f35e1b516d23) [PhysX] Initialized MultithreadedTaskDispatcher with 16 workers.
 -> (artifact id: '51330d7d8cfcab8879826a9049535c49') in 0.049503 seconds
Number of updated asset objects reloaded before import = 0
Number of asset objects unloaded after import = 5
========================================================================
Received Import Request.
  Time since last request: 48.393268 seconds.
  path: Assets/NatureManufacture Assets/Advanced Foliage Pack/Advanced Grass/SM_clover_01.fbx
  artifactKey: Guid(4ed72a4bae2d72b4fbbd9dbda29eff4a) Importer(815301076,1909f56bfc062723c751e8b465ee728b)
Start importing Assets/NatureManufacture Assets/Advanced Foliage Pack/Advanced Grass/SM_clover_01.fbx using Guid(4ed72a4bae2d72b4fbbd9dbda29eff4a) Importer(815301076,1909f56bfc062723c751e8b465ee728b) [PhysX] Initialized MultithreadedTaskDispatcher with 16 workers.
[PhysX] Initialized MultithreadedTaskDispatcher with 16 workers.
[PhysX] Initialized MultithreadedTaskDispatcher with 16 workers.
[PhysX] Initialized MultithreadedTaskDispatcher with 16 workers.
[PhysX] Initialized MultithreadedTaskDispatcher with 16 workers.
[PhysX] Initialized MultithreadedTaskDispatcher with 16 workers.
 -> (artifact id: '0b7379e11e0f17f0b2e9e6369dade19a') in 0.072382 seconds
Number of updated asset objects reloaded before import = 0
Number of asset objects unloaded after import = 15
========================================================================
Received Import Request.
  Time since last request: 0.000045 seconds.
  path: Assets/NatureManufacture Assets/Advanced Foliage Pack/Advanced Grass/SM_nettle_01_1.fbx
  artifactKey: Guid(b0a6bac0ea80fc54787da46a2ee6c30e) Importer(815301076,1909f56bfc062723c751e8b465ee728b)
Start importing Assets/NatureManufacture Assets/Advanced Foliage Pack/Advanced Grass/SM_nettle_01_1.fbx using Guid(b0a6bac0ea80fc54787da46a2ee6c30e) Importer(815301076,1909f56bfc062723c751e8b465ee728b) [PhysX] Initialized MultithreadedTaskDispatcher with 16 workers.
[PhysX] Initialized MultithreadedTaskDispatcher with 16 workers.
[PhysX] Initialized MultithreadedTaskDispatcher with 16 workers.
[PhysX] Initialized MultithreadedTaskDispatcher with 16 workers.
[PhysX] Initialized MultithreadedTaskDispatcher with 16 workers.
[PhysX] Initialized MultithreadedTaskDispatcher with 16 workers.
[PhysX] Initialized MultithreadedTaskDispatcher with 16 workers.
[PhysX] Initialized MultithreadedTaskDispatcher with 16 workers.
 -> (artifact id: '48f2ffbaa21bfb2989b8770b9a65f790') in 0.090937 seconds
Number of updated asset objects reloaded before import = 0
Number of asset objects unloaded after import = 20
========================================================================
Received Import Request.
  Time since last request: 0.000042 seconds.
  path: Assets/NatureManufacture Assets/Advanced Foliage Pack/Advanced Grass/SM_ground_foliage_02_0.fbx
  artifactKey: Guid(bd85ca950b6cc7d4f959427ae60daeba) Importer(815301076,1909f56bfc062723c751e8b465ee728b)
Start importing Assets/NatureManufacture Assets/Advanced Foliage Pack/Advanced Grass/SM_ground_foliage_02_0.fbx using Guid(bd85ca950b6cc7d4f959427ae60daeba) Importer(815301076,1909f56bfc062723c751e8b465ee728b) [PhysX] Initialized MultithreadedTaskDispatcher with 16 workers.
[PhysX] Initialized MultithreadedTaskDispatcher with 16 workers.
[PhysX] Initialized MultithreadedTaskDispatcher with 16 workers.
[PhysX] Initialized MultithreadedTaskDispatcher with 16 workers.
[PhysX] Initialized MultithreadedTaskDispatcher with 16 workers.
[PhysX] Initialized MultithreadedTaskDispatcher with 16 workers.
[PhysX] Initialized MultithreadedTaskDispatcher with 16 workers.
[PhysX] Initialized MultithreadedTaskDispatcher with 16 workers.
 -> (artifact id: '450c604ae03f83168539bcdff564b5d5') in 0.083234 seconds
Number of updated asset objects reloaded before import = 0
Number of asset objects unloaded after import = 20
========================================================================
Received Import Request.
  Time since last request: 0.000044 seconds.
  path: Assets/NatureManufacture Assets/Advanced Foliage Pack/Advanced Grass/SM_grass_bush_04.fbx
  artifactKey: Guid(50fbf2c5634ac174bb95ffbbea22192d) Importer(815301076,1909f56bfc062723c751e8b465ee728b)
Start importing Assets/NatureManufacture Assets/Advanced Foliage Pack/Advanced Grass/SM_grass_bush_04.fbx using Guid(50fbf2c5634ac174bb95ffbbea22192d) Importer(815301076,1909f56bfc062723c751e8b465ee728b) [PhysX] Initialized MultithreadedTaskDispatcher with 16 workers.
[PhysX] Initialized MultithreadedTaskDispatcher with 16 workers.
[PhysX] Initialized MultithreadedTaskDispatcher with 16 workers.
[PhysX] Initialized MultithreadedTaskDispatcher with 16 workers.
[PhysX] Initialized MultithreadedTaskDispatcher with 16 workers.
[PhysX] Initialized MultithreadedTaskDispatcher with 16 workers.
[PhysX] Initialized MultithreadedTaskDispatcher with 16 workers.
[PhysX] Initialized MultithreadedTaskDispatcher with 16 workers.
 -> (artifact id: '0c2a3eb57a1a5086a72656617055a9ef') in 0.081245 seconds
Number of updated asset objects reloaded before import = 0
Number of asset objects unloaded after import = 20
========================================================================
Received Import Request.
  Time since last request: 0.000037 seconds.
  path: Assets/NatureManufacture Assets/Advanced Foliage Pack/Advanced Grass/SM_grass_bush_022 (2).fbx
  artifactKey: Guid(6093ec0abf2ae5f458741cf4af11ba45) Importer(815301076,1909f56bfc062723c751e8b465ee728b)
Start importing Assets/NatureManufacture Assets/Advanced Foliage Pack/Advanced Grass/SM_grass_bush_022 (2).fbx using Guid(6093ec0abf2ae5f458741cf4af11ba45) Importer(815301076,1909f56bfc062723c751e8b465ee728b) [PhysX] Initialized MultithreadedTaskDispatcher with 16 workers.
[PhysX] Initialized MultithreadedTaskDispatcher with 16 workers.
[PhysX] Initialized MultithreadedTaskDispatcher with 16 workers.
[PhysX] Initialized MultithreadedTaskDispatcher with 16 workers.
[PhysX] Initialized MultithreadedTaskDispatcher with 16 workers.
[PhysX] Initialized MultithreadedTaskDispatcher with 16 workers.
[PhysX] Initialized MultithreadedTaskDispatcher with 16 workers.
[PhysX] Initialized MultithreadedTaskDispatcher with 16 workers.
 -> (artifact id: 'b057ec6784fe45ccf9b4f8ff51bc5f1f') in 1.515991 seconds
Number of updated asset objects reloaded before import = 0
Number of asset objects unloaded after import = 25
========================================================================
Received Import Request.
  Time since last request: 8.977876 seconds.
  path: Assets/NatureManufacture Assets/Advanced Foliage Pack/Demo/Demo Terrain.asset
  artifactKey: Guid(920df2148c51e814fb992100b950d19a) Importer(815301076,1909f56bfc062723c751e8b465ee728b)
Start importing Assets/NatureManufacture Assets/Advanced Foliage Pack/Demo/Demo Terrain.asset using Guid(920df2148c51e814fb992100b950d19a) Importer(815301076,1909f56bfc062723c751e8b465ee728b) [PhysX] Initialized MultithreadedTaskDispatcher with 16 workers.
[PhysX] Initialized MultithreadedTaskDispatcher with 16 workers.
[PhysX] Initialized MultithreadedTaskDispatcher with 16 workers.
 -> (artifact id: '8826b0263c0412b567754416d8835202') in 0.048703 seconds
Number of updated asset objects reloaded before import = 0
Number of asset objects unloaded after import = 65
========================================================================
Received Import Request.
  Time since last request: 0.000038 seconds.
  path: Assets/NatureManufacture Assets/Advanced Foliage Pack/Demo/OverviewPostProcessingSettings Foliage.asset
  artifactKey: Guid(49f228d53f6a8be48a64b92d43b3bc96) Importer(815301076,1909f56bfc062723c751e8b465ee728b)
Start importing Assets/NatureManufacture Assets/Advanced Foliage Pack/Demo/OverviewPostProcessingSettings Foliage.asset using Guid(49f228d53f6a8be48a64b92d43b3bc96) Importer(815301076,1909f56bfc062723c751e8b465ee728b) [PhysX] Initialized MultithreadedTaskDispatcher with 16 workers.
 -> (artifact id: '857bb58da691c6adad28adccc8961141') in 0.003239 seconds
Number of updated asset objects reloaded before import = 0
Number of asset objects unloaded after import = 7
========================================================================
Received Import Request.
  Time since last request: 10.403559 seconds.
  path: Assets/NatureManufacture Assets/Advanced Foliage Pack/Demo/HD RP Demo with Unity Grass/Lightmap-0_comp_dir.png
  artifactKey: Guid(8eec5989f847dee4cb8358590d7728ca) Importer(815301076,1909f56bfc062723c751e8b465ee728b)
Start importing Assets/NatureManufacture Assets/Advanced Foliage Pack/Demo/HD RP Demo with Unity Grass/Lightmap-0_comp_dir.png using Guid(8eec5989f847dee4cb8358590d7728ca) Importer(815301076,1909f56bfc062723c751e8b465ee728b) [PhysX] Initialized MultithreadedTaskDispatcher with 16 workers.
[PhysX] Initialized MultithreadedTaskDispatcher with 16 workers.
 -> (artifact id: '0783958a4825f40627669b13830462e0') in 0.022257 seconds
Number of updated asset objects reloaded before import = 0
Number of asset objects unloaded after import = 2
========================================================================
Received Import Request.
  Time since last request: 0.000032 seconds.
  path: Assets/NatureManufacture Assets/Advanced Foliage Pack/Demo/HD RP Demo with Unity Grass/ReflectionProbe-2.exr
  artifactKey: Guid(40981ce65bfc7904a86fa9af8b7be45d) Importer(815301076,1909f56bfc062723c751e8b465ee728b)
Start importing Assets/NatureManufacture Assets/Advanced Foliage Pack/Demo/HD RP Demo with Unity Grass/ReflectionProbe-2.exr using Guid(40981ce65bfc7904a86fa9af8b7be45d) Importer(815301076,1909f56bfc062723c751e8b465ee728b) [PhysX] Initialized MultithreadedTaskDispatcher with 16 workers.
[PhysX] Initialized MultithreadedTaskDispatcher with 16 workers.
[PhysX] Initialized MultithreadedTaskDispatcher with 16 workers.
 -> (artifact id: 'a47f960a323c149e05cb8c1ad45252d1') in 0.042356 seconds
Number of updated asset objects reloaded before import = 0
Number of asset objects unloaded after import = 1
Editor requested this worker to shutdown with reason: Scaling down because of idle timeout
TcpMessagingSession - receive error: operation aborted. errorcode: 995, details: Der E/A-Vorgang wurde wegen eines Threadendes oder einer Anwendungsanforderung abgebrochen.
AssetImportWorker is now disconnected from the server
Process exiting
Exiting without the bug reporter. Application will terminate with return code 0