Using pre-set license
Built from '2022.3/staging' branch; Version is '2022.3.62f1 (4af31df58517) revision 4911901'; Using compiler version '192829333'; Build Type 'Release'
OS: 'Windows 10  (10.0.19045) 64bit Professional' Language: 'de' Physical Memory: 32700 MB
BatchMode: 1, IsHumanControllingUs: 0, StartBugReporterOnCrash: 0, Is64bit: 1, IsPro: 1

COMMAND LINE ARGUMENTS:
C:\Program Files\Unity\Hub\Editor\2022.3.62f1\Editor\Unity.exe
-adb2
-batchMode
-noUpm
-name
AssetImportWorker29
-projectPath
C:/StudentProjects/Serious game group 18/My project
-logFile
Logs/AssetImportWorker29.log
-srvPort
58467
Successfully changed project path to: C:/StudentProjects/Serious game group 18/My project
C:/StudentProjects/Serious game group 18/My project
[UnityMemory] Configuration Parameters - Can be set up in boot.config
    "memorysetup-bucket-allocator-granularity=16"
    "memorysetup-bucket-allocator-bucket-count=8"
    "memorysetup-bucket-allocator-block-size=33554432"
    "memorysetup-bucket-allocator-block-count=8"
    "memorysetup-main-allocator-block-size=16777216"
    "memorysetup-thread-allocator-block-size=16777216"
    "memorysetup-gfx-main-allocator-block-size=16777216"
    "memorysetup-gfx-thread-allocator-block-size=16777216"
    "memorysetup-cache-allocator-block-size=4194304"
    "memorysetup-typetree-allocator-block-size=2097152"
    "memorysetup-profiler-bucket-allocator-granularity=16"
    "memorysetup-profiler-bucket-allocator-bucket-count=8"
    "memorysetup-profiler-bucket-allocator-block-size=33554432"
    "memorysetup-profiler-bucket-allocator-block-count=8"
    "memorysetup-profiler-allocator-block-size=16777216"
    "memorysetup-profiler-editor-allocator-block-size=1048576"
    "memorysetup-temp-allocator-size-main=16777216"
    "memorysetup-job-temp-allocator-block-size=2097152"
    "memorysetup-job-temp-allocator-block-size-background=1048576"
    "memorysetup-job-temp-allocator-reduction-small-platforms=262144"
    "memorysetup-allocator-temp-initial-block-size-main=262144"
    "memorysetup-allocator-temp-initial-block-size-worker=262144"
    "memorysetup-temp-allocator-size-background-worker=32768"
    "memorysetup-temp-allocator-size-job-worker=262144"
    "memorysetup-temp-allocator-size-preload-manager=33554432"
    "memorysetup-temp-allocator-size-nav-mesh-worker=65536"
    "memorysetup-temp-allocator-size-audio-worker=65536"
    "memorysetup-temp-allocator-size-cloud-worker=32768"
    "memorysetup-temp-allocator-size-gi-baking-worker=262144"
    "memorysetup-temp-allocator-size-gfx=262144"
Player connection [4368]  Target information:

Player connection [4368]  * "[IP] 192.168.253.171 [Port] 0 [Flags] 2 [Guid] 2609131664 [EditorId] 2609131664 [Version] 1048832 [Id] WindowsEditor(7,DESKTOP-66DGGND) [Debug] 1 [PackageName] WindowsEditor [ProjectName] Editor" 

Player connection [4368] Host joined multi-casting on [225.0.0.222:54997]...
Player connection [4368] Host joined alternative multi-casting on [225.0.0.222:34997]...
Input System module state changed to: Initialized.
[PhysX] Initialized MultithreadedTaskDispatcher with 16 workers.
Refreshing native plugins compatible for Editor in 63.52 ms, found 12 plugins.
Preloading 0 native plugins for Editor in 0.00 ms.
Initialize engine version: 2022.3.62f1 (4af31df58517)
[Subsystems] Discovering subsystems at path C:/Program Files/Unity/Hub/Editor/2022.3.62f1/Editor/Data/Resources/UnitySubsystems
[Subsystems] Discovering subsystems at path C:/StudentProjects/Serious game group 18/My project/Assets
GfxDevice: creating device client; threaded=0; jobified=0
Direct3D:
    Version:  Direct3D 11.0 [level 11.1]
    Renderer: Radeon RX Vega (ID=0x687f)
    Vendor:   ATI
    VRAM:     8119 MB
    Driver:   31.0.12027.9001
Shader 'Fristy/Nature/Leaves': fallback shader 'TransparentCutout' not found
Shader 'Fristy/Nature/Leaves 2': fallback shader 'TransparentCutout' not found
Shader 'Fristy/Nature/Leaves 2': fallback shader 'TransparentCutout' not found
Shader 'Fristy/Nature/Leaves': fallback shader 'TransparentCutout' not found
Initialize mono
Mono path[0] = 'C:/Program Files/Unity/Hub/Editor/2022.3.62f1/Editor/Data/Managed'
Mono path[1] = 'C:/Program Files/Unity/Hub/Editor/2022.3.62f1/Editor/Data/MonoBleedingEdge/lib/mono/unityjit-win32'
Mono config path = 'C:/Program Files/Unity/Hub/Editor/2022.3.62f1/Editor/Data/MonoBleedingEdge/etc'
Using monoOptions --debugger-agent=transport=dt_socket,embedding=1,server=y,suspend=n,address=127.0.0.1:56708
Begin MonoManager ReloadAssembly
Registering precompiled unity dll's ...
Register platform support module: C:/Program Files/Unity/Hub/Editor/2022.3.62f1/Editor/Data/PlaybackEngines/WindowsStandaloneSupport/UnityEditor.WindowsStandalone.Extensions.dll
Registered in 0.014329 seconds.
- Loaded All Assemblies, in  0.528 seconds
Native extension for WindowsStandalone target not found
Mono: successfully reloaded assembly
- Finished resetting the current domain, in  0.413 seconds
Domain Reload Profiling: 937ms
	BeginReloadAssembly (165ms)
		ExecutionOrderSort (0ms)
		DisableScriptedObjects (0ms)
		BackupInstance (0ms)
		ReleaseScriptingObjects (0ms)
		CreateAndSetChildDomain (1ms)
	RebuildCommonClasses (51ms)
	RebuildNativeTypeToScriptingClass (16ms)
	initialDomainReloadingComplete (90ms)
	LoadAllAssembliesAndSetupDomain (201ms)
		LoadAssemblies (160ms)
		RebuildTransferFunctionScriptingTraits (0ms)
		AnalyzeDomain (199ms)
			TypeCache.Refresh (196ms)
				TypeCache.ScanAssembly (177ms)
			ScanForSourceGeneratedMonoScriptInfo (1ms)
			ResolveRequiredComponents (1ms)
	FinalizeReload (413ms)
		ReleaseScriptCaches (0ms)
		RebuildScriptCaches (0ms)
		SetupLoadedEditorAssemblies (349ms)
			LogAssemblyErrors (0ms)
			InitializePlatformSupportModulesInManaged (14ms)
			SetLoadedEditorAssemblies (11ms)
			RefreshPlugins (0ms)
			BeforeProcessingInitializeOnLoad (3ms)
			ProcessInitializeOnLoadAttributes (227ms)
			ProcessInitializeOnLoadMethodAttributes (93ms)
			AfterProcessingInitializeOnLoad (0ms)
			EditorAssembliesLoaded (0ms)
		ExecutionOrderSort2 (0ms)
		AwakeInstancesAfterBackupRestoration (0ms)
========================================================================
Worker process is ready to serve import requests
Caller must complete domain reload
Begin MonoManager ReloadAssembly
- Loaded All Assemblies, in  1.531 seconds
Native extension for WindowsStandalone target not found
Package Manager log level set to [2]
[Package Manager] Server::EnsureServerProcessIsRunning -- launch failed, reason: Unity was launched with the -noUpm command-line argument
[Package Manager] UpmClient::Send -- Unable to send message (not connected to UPM process).
[Package Manager] Cannot connect to Unity Package Manager local server
Mono: successfully reloaded assembly
[Package Manager] Server::EnsureServerProcessIsRunning -- launch failed, reason: Unity was launched with the -noUpm command-line argument
[Package Manager] UpmClient::Send -- Unable to send message (not connected to UPM process).
[Package Manager] Cannot connect to Unity Package Manager local server
[Package Manager] Server::EnsureServerProcessIsRunning -- launch failed, reason: Unity was launched with the -noUpm command-line argument
[Package Manager] UpmClient::Send -- Unable to send message (not connected to UPM process).
[Package Manager] Cannot connect to Unity Package Manager local server
- Finished resetting the current domain, in  2.140 seconds
Domain Reload Profiling: 3660ms
	BeginReloadAssembly (204ms)
		ExecutionOrderSort (0ms)
		DisableScriptedObjects (8ms)
		BackupInstance (0ms)
		ReleaseScriptingObjects (0ms)
		CreateAndSetChildDomain (26ms)
	RebuildCommonClasses (48ms)
	RebuildNativeTypeToScriptingClass (15ms)
	initialDomainReloadingComplete (67ms)
	LoadAllAssembliesAndSetupDomain (1186ms)
		LoadAssemblies (689ms)
		RebuildTransferFunctionScriptingTraits (0ms)
		AnalyzeDomain (618ms)
			TypeCache.Refresh (514ms)
				TypeCache.ScanAssembly (475ms)
			ScanForSourceGeneratedMonoScriptInfo (69ms)
			ResolveRequiredComponents (30ms)
	FinalizeReload (2141ms)
		ReleaseScriptCaches (0ms)
		RebuildScriptCaches (0ms)
		SetupLoadedEditorAssemblies (1728ms)
			LogAssemblyErrors (0ms)
			InitializePlatformSupportModulesInManaged (14ms)
			SetLoadedEditorAssemblies (9ms)
			RefreshPlugins (0ms)
			BeforeProcessingInitializeOnLoad (204ms)
			ProcessInitializeOnLoadAttributes (1018ms)
			ProcessInitializeOnLoadMethodAttributes (468ms)
			AfterProcessingInitializeOnLoad (15ms)
			EditorAssembliesLoaded (0ms)
		ExecutionOrderSort2 (0ms)
		AwakeInstancesAfterBackupRestoration (11ms)
WARNING: Shader Unsupported: 'Hidden/Builtin_TerrainVisualization' - All subshaders removed
WARNING: Shader Did you use #pragma only_renderers and omit this platform?
WARNING: Shader If subshaders removal was intentional, you may have forgotten turning Fallback off?
WARNING: Shader Unsupported: 'Hidden/Builtin_TerrainVisualization' - All subshaders removed
WARNING: Shader Did you use #pragma only_renderers and omit this platform?
WARNING: Shader If subshaders removal was intentional, you may have forgotten turning Fallback off?
WARNING: Shader Unsupported: 'Hidden/Universal Render Pipeline/Terrain/Lit (Base Pass)' - All subshaders removed
WARNING: Shader Did you use #pragma only_renderers and omit this platform?
WARNING: Shader If subshaders removal was intentional, you may have forgotten turning Fallback off?
WARNING: Shader Unsupported: 'Hidden/Universal Render Pipeline/Terrain/Lit (Base Pass)' - All subshaders removed
WARNING: Shader Did you use #pragma only_renderers and omit this platform?
WARNING: Shader If subshaders removal was intentional, you may have forgotten turning Fallback off?
WARNING: Shader Unsupported: 'Universal Render Pipeline/Terrain/Lit' - All subshaders removed
WARNING: Shader Did you use #pragma only_renderers and omit this platform?
WARNING: Shader If subshaders removal was intentional, you may have forgotten turning Fallback off?
WARNING: Shader Unsupported: 'Universal Render Pipeline/Terrain/Lit' - All subshaders removed
WARNING: Shader Did you use #pragma only_renderers and omit this platform?
WARNING: Shader If subshaders removal was intentional, you may have forgotten turning Fallback off?
Shader 'Fristy/Nature/Leaves': fallback shader 'TransparentCutout' not found
Shader 'Fristy/Nature/Leaves 2': fallback shader 'TransparentCutout' not found
Shader 'Fristy/Nature/Leaves 2': fallback shader 'TransparentCutout' not found
Shader 'Fristy/Nature/Leaves': fallback shader 'TransparentCutout' not found
Launched and connected shader compiler UnityShaderCompiler.exe after 0.06 seconds
Refreshing native plugins compatible for Editor in 35.55 ms, found 12 plugins.
Preloading 0 native plugins for Editor in 0.00 ms.
Unloading 9311 Unused Serialized files (Serialized files now loaded: 0)
Unloading 167 unused Assets / (7.6 MB). Loaded Objects now: 9851.
Memory consumption went from 491.6 MB to 484.0 MB.
Total: 9.001600 ms (FindLiveObjects: 0.997200 ms CreateObjectMapping: 0.413300 ms MarkObjects: 5.145100 ms  DeleteObjects: 2.443900 ms)

AssetImportParameters requested are different than current active one (requested -> active):
  custom:container-demuxer-ogg: 62fdf1f143b41e24485cea50d1cbac27 -> 
  custom:framework-win-MediaFoundation: 216162199b28c13a410421893ffa2e32 -> 
  custom:container-muxer-webm: aa71ff27fc2769a1b78a27578f13a17b -> 
  custom:video-decoder-webm-vp8: 9c59270c3fd7afecdb556c50c9e8de78 -> 
  custom:SearchIndexIgnoredProperties: e643bd26f0fe6173181afceb89e7c659 -> 
  custom:AudioImporter_EditorPlatform: d09bf68614088b80899f8185d706f6e7 -> 
  custom:audio-decoder-ogg-vorbis: bf7c407c2cedff20999df2af8eb42d56 -> 
  custom:audio-encoder-webm-vorbis: bf7c407c2cedff20999df2af8eb42d56 -> 
  custom:video-codec-MediaFoundation-h265: 746d11721c4dcdbdad8f713fa42b33f4 -> 
  custom:video-decoder-ogg-theora: a1e56fd34408186e4bbccfd4996cb3dc -> 
  custom:CustomObjectIndexerAttribute: 3ead1caaecf1c488f20bcfeb224b6af5 -> 
  custom:container-demuxer-webm: 4f35f7cbe854078d1ac9338744f61a02 -> 
  custom:video-encoder-webm-vp8: eb34c28f22e8b96e1ab97ce403110664 -> 
========================================================================
Received Import Request.
  Time since last request: 976894.322376 seconds.
  path: Assets/Toby Fredson/The Toby Foliage Engine/(TTFE)_Core/Resources/(TTFE) GLOBAL CONTROLLER/(TTFE) GLOBAL CONTROLLER.prefab
  artifactKey: Guid(100790e2ed0b2bb4d8ba03d1126aff32) Importer(815301076,1909f56bfc062723c751e8b465ee728b)
Start importing Assets/Toby Fredson/The Toby Foliage Engine/(TTFE)_Core/Resources/(TTFE) GLOBAL CONTROLLER/(TTFE) GLOBAL CONTROLLER.prefab using Guid(100790e2ed0b2bb4d8ba03d1126aff32) Importer(815301076,1909f56bfc062723c751e8b465ee728b) [PhysX] Initialized MultithreadedTaskDispatcher with 16 workers.
[PhysX] Initialized MultithreadedTaskDispatcher with 16 workers.
Shader error in 'Toby Fredson/The Toby Foliage Engine/(TTFE) Tree Foliage': 'ApplyDecalToSurfaceData': no matching 3 parameter function at Foliage.shader(887) (on d3d11)

Compiling Subshader: 0, Pass: GBuffer, Fragment program with DECALS_3RT DECAL_SURFACE_GRADIENT LOD_FADE_CROSSFADE PROBE_VOLUMES_OFF _ALPHATEST_ON _DOUBLESIDED_ON _LEAFFLUTTER_ON _SELFSHADING_ON _WINDTYPE_GENTLEBREEZE
Platform defines: SHADER_API_DESKTOP UNITY_ENABLE_DETAIL_NORMALMAP UNITY_ENABLE_REFLECTION_BUFFERS UNITY_LIGHTMAP_FULL_HDR UNITY_LIGHT_PROBE_PROXY_VOLUME UNITY_PBS_USE_BRDF1 UNITY_SPECCUBE_BLENDING UNITY_SPECCUBE_BOX_PROJECTION UNITY_USE_DITHER_MASK_FOR_ALPHABLENDED_SHADOWS
Disabled keywords: DEBUG_DISPLAY DECALS_4RT DECALS_OFF DIRLIGHTMAP_COMBINED DOTS_INSTANCING_ON DYNAMICLIGHTMAP_ON INSTANCING_ON LIGHTMAP_ON LIGHT_LAYERS PROBE_VOLUMES_L1 PROBE_VOLUMES_L2 SHADER_API_GLES30 SHADOWS_SHADOWMASK UNITY_ASTC_NORMALMAP_ENCODING UNITY_COLORSPACE_GAMMA UNITY_FRAMEBUFFER_FETCH_AVAILABLE UNITY_HALF_PRECISION_FRAGMENT_SHADER_REGISTERS UNITY_HARDWARE_TIER1 UNITY_HARDWARE_TIER2 UNITY_HARDWARE_TIER3 UNITY_LIGHTMAP_DLDR_ENCODING UNITY_LIGHTMAP_RGBM_ENCODING UNITY_METAL_SHADOWS_USE_POINT_FILTERING UNITY_NO_DXT5nm UNITY_NO_FULL_STANDARD_SHADER UNITY_NO_SCREENSPACE_SHADOWS UNITY_PBS_USE_BRDF2 UNITY_PBS_USE_BRDF3 UNITY_PRETRANSFORM_TO_DISPLAY_ORIENTATION UNITY_UNIFIED_SHADER_PRECISION_MODEL UNITY_VIRTUAL_TEXTURING _ENABLE_FOG_ON_TRANSPARENT _SURFACE_TYPE_TRANSPARENT _TRANSPARENT_WRITES_MOTION_VEC _WINDTYPE_WINDOFF
Shader error in 'Toby Fredson/The Toby Foliage Engine/Utility/(TTFE) Global Controller': 'ApplyDecalToSurfaceData': no matching 3 parameter function at CONTROLLER.shader(802) (on d3d11)

Compiling Subshader: 0, Pass: GBuffer, Fragment program with DECALS_3RT DECAL_SURFACE_GRADIENT PROBE_VOLUMES_OFF _WINDTYPE_WINDOFF
Platform defines: SHADER_API_DESKTOP UNITY_ENABLE_DETAIL_NORMALMAP UNITY_ENABLE_REFLECTION_BUFFERS UNITY_LIGHTMAP_FULL_HDR UNITY_LIGHT_PROBE_PROXY_VOLUME UNITY_PBS_USE_BRDF1 UNITY_SPECCUBE_BLENDING UNITY_SPECCUBE_BOX_PROJECTION UNITY_USE_DITHER_MASK_FOR_ALPHABLENDED_SHADOWS
Disabled keywords: DEBUG_DISPLAY DECALS_4RT DECALS_OFF DIRLIGHTMAP_COMBINED DOTS_INSTANCING_ON DYNAMICLIGHTMAP_ON INSTANCING_ON LIGHTMAP_ON LIGHT_LAYERS PROBE_VOLUMES_L1 PROBE_VOLUMES_L2 SHADER_API_GLES30 SHADOWS_SHADOWMASK UNITY_ASTC_NORMALMAP_ENCODING UNITY_COLORSPACE_GAMMA UNITY_FRAMEBUFFER_FETCH_AVAILABLE UNITY_HALF_PRECISION_FRAGMENT_SHADER_REGISTERS UNITY_HARDWARE_TIER1 UNITY_HARDWARE_TIER2 UNITY_HARDWARE_TIER3 UNITY_LIGHTMAP_DLDR_ENCODING UNITY_LIGHTMAP_RGBM_ENCODING UNITY_METAL_SHADOWS_USE_POINT_FILTERING UNITY_NO_DXT5nm UNITY_NO_FULL_STANDARD_SHADER UNITY_NO_SCREENSPACE_SHADOWS UNITY_PBS_USE_BRDF2 UNITY_PBS_USE_BRDF3 UNITY_PRETRANSFORM_TO_DISPLAY_ORIENTATION UNITY_UNIFIED_SHADER_PRECISION_MODEL UNITY_VIRTUAL_TEXTURING _DISABLE_SSR _DOUBLESIDED_ON _ENABLE_FOG_ON_TRANSPARENT _SURFACE_TYPE_TRANSPARENT _TRANSPARENT_WRITES_MOTION_VEC _WINDTYPE_GENTLEBREEZE
Shader error in 'Toby Fredson/The Toby Foliage Engine/(TTFE) Tree Foliage': 'ApplyDecalToSurfaceData': no matching 3 parameter function at Foliage.shader(887) (on d3d11)

Compiling Subshader: 0, Pass: GBuffer, Fragment program with DECALS_3RT DECAL_SURFACE_GRADIENT LOD_FADE_CROSSFADE PROBE_VOLUMES_OFF _ALPHATEST_ON _DOUBLESIDED_ON _LEAFFLUTTER_ON _SELFSHADING_ON _WINDTYPE_GENTLEBREEZE
Platform defines: SHADER_API_DESKTOP UNITY_ENABLE_DETAIL_NORMALMAP UNITY_ENABLE_REFLECTION_BUFFERS UNITY_LIGHTMAP_FULL_HDR UNITY_LIGHT_PROBE_PROXY_VOLUME UNITY_PBS_USE_BRDF1 UNITY_SPECCUBE_BLENDING UNITY_SPECCUBE_BOX_PROJECTION UNITY_USE_DITHER_MASK_FOR_ALPHABLENDED_SHADOWS
Disabled keywords: DEBUG_DISPLAY DECALS_4RT DECALS_OFF DIRLIGHTMAP_COMBINED DOTS_INSTANCING_ON DYNAMICLIGHTMAP_ON INSTANCING_ON LIGHTMAP_ON LIGHT_LAYERS PROBE_VOLUMES_L1 PROBE_VOLUMES_L2 SHADER_API_GLES30 SHADOWS_SHADOWMASK UNITY_ASTC_NORMALMAP_ENCODING UNITY_COLORSPACE_GAMMA UNITY_FRAMEBUFFER_FETCH_AVAILABLE UNITY_HALF_PRECISION_FRAGMENT_SHADER_REGISTERS UNITY_HARDWARE_TIER1 UNITY_HARDWARE_TIER2 UNITY_HARDWARE_TIER3 UNITY_LIGHTMAP_DLDR_ENCODING UNITY_LIGHTMAP_RGBM_ENCODING UNITY_METAL_SHADOWS_USE_POINT_FILTERING UNITY_NO_DXT5nm UNITY_NO_FULL_STANDARD_SHADER UNITY_NO_SCREENSPACE_SHADOWS UNITY_PBS_USE_BRDF2 UNITY_PBS_USE_BRDF3 UNITY_PRETRANSFORM_TO_DISPLAY_ORIENTATION UNITY_UNIFIED_SHADER_PRECISION_MODEL UNITY_VIRTUAL_TEXTURING _ENABLE_FOG_ON_TRANSPARENT _SURFACE_TYPE_TRANSPARENT _TRANSPARENT_WRITES_MOTION_VEC _WINDTYPE_WINDOFF
 -> (artifact id: '6e42570dcc19f5987ac97a79e58bab43') in 1.220014 seconds
Number of updated asset objects reloaded before import = 0
Number of asset objects unloaded after import = 99
========================================================================
Received Import Request.
  Time since last request: 0.000051 seconds.
  path: Assets/Realistic Tree/Prefabs/URP/Birch/Birch 2.prefab
  artifactKey: Guid(d84fef165871de449b201d71418260b4) Importer(815301076,1909f56bfc062723c751e8b465ee728b)
Start importing Assets/Realistic Tree/Prefabs/URP/Birch/Birch 2.prefab using Guid(d84fef165871de449b201d71418260b4) Importer(815301076,1909f56bfc062723c751e8b465ee728b) [PhysX] Initialized MultithreadedTaskDispatcher with 16 workers.
[PhysX] Initialized MultithreadedTaskDispatcher with 16 workers.
 -> (artifact id: '8d6e504fa86fefd084469df76f2eaefb') in 0.090668 seconds
Number of updated asset objects reloaded before import = 0
Number of asset objects unloaded after import = 136
========================================================================
Received Import Request.
  Time since last request: 0.000070 seconds.
  path: Assets/CityGen3D/Facades/Apartments 03.prefab
  artifactKey: Guid(4a5ddc894655080448720143af069e9d) Importer(815301076,1909f56bfc062723c751e8b465ee728b)
Start importing Assets/CityGen3D/Facades/Apartments 03.prefab using Guid(4a5ddc894655080448720143af069e9d) Importer(815301076,1909f56bfc062723c751e8b465ee728b) [PhysX] Initialized MultithreadedTaskDispatcher with 16 workers.
 -> (artifact id: 'db26331da073dcf6d41d94befaf08231') in 0.007633 seconds
Number of updated asset objects reloaded before import = 0
Number of asset objects unloaded after import = 8
========================================================================
Received Import Request.
  Time since last request: 0.000034 seconds.
  path: Assets/Realistic Tree/Prefabs/Standard/Birch/Birch 2.prefab
  artifactKey: Guid(6bada98011d8805438c8a657e6e85c71) Importer(815301076,1909f56bfc062723c751e8b465ee728b)
Start importing Assets/Realistic Tree/Prefabs/Standard/Birch/Birch 2.prefab using Guid(6bada98011d8805438c8a657e6e85c71) Importer(815301076,1909f56bfc062723c751e8b465ee728b) [PhysX] Initialized MultithreadedTaskDispatcher with 16 workers.
[PhysX] Initialized MultithreadedTaskDispatcher with 16 workers.
 -> (artifact id: 'dac20090a8d758cacddd85d1cfcea5ce') in 0.054084 seconds
Number of updated asset objects reloaded before import = 0
Number of asset objects unloaded after import = 132
========================================================================
Received Import Request.
  Time since last request: 0.000038 seconds.
  path: Assets/Stylized Stone/prefab/Solitary stone/Solitary_Stone_004 Variant.prefab
  artifactKey: Guid(ac57c9f073ba9ae44a56c777187167cc) Importer(815301076,1909f56bfc062723c751e8b465ee728b)
Start importing Assets/Stylized Stone/prefab/Solitary stone/Solitary_Stone_004 Variant.prefab using Guid(ac57c9f073ba9ae44a56c777187167cc) Importer(815301076,1909f56bfc062723c751e8b465ee728b) [PhysX] Initialized MultithreadedTaskDispatcher with 16 workers.
[PhysX] Initialized MultithreadedTaskDispatcher with 16 workers.
 -> (artifact id: 'aef04db802d56a11493da27d61742675') in 0.056611 seconds
Number of updated asset objects reloaded before import = 0
Number of asset objects unloaded after import = 48
========================================================================
Received Import Request.
  Time since last request: 0.000067 seconds.
  path: Assets/Realistic Tree/Prefabs/URP/Birch/Birch 4.prefab
  artifactKey: Guid(d545a4c991f4a394fa3eafaddfdc0f83) Importer(815301076,1909f56bfc062723c751e8b465ee728b)
Start importing Assets/Realistic Tree/Prefabs/URP/Birch/Birch 4.prefab using Guid(d545a4c991f4a394fa3eafaddfdc0f83) Importer(815301076,1909f56bfc062723c751e8b465ee728b) [PhysX] Initialized MultithreadedTaskDispatcher with 16 workers.
[PhysX] Initialized MultithreadedTaskDispatcher with 16 workers.
 -> (artifact id: '06950f0aa5ec19d7d64d44455c480cd1') in 0.067722 seconds
Number of updated asset objects reloaded before import = 0
Number of asset objects unloaded after import = 137
========================================================================
Received Import Request.
  Time since last request: 0.000052 seconds.
  path: Assets/Realistic Tree/Prefabs/URP/Ash/Ash 7.prefab
  artifactKey: Guid(9e065bacc309f8a4c877f23b4b5eebf8) Importer(815301076,1909f56bfc062723c751e8b465ee728b)
Start importing Assets/Realistic Tree/Prefabs/URP/Ash/Ash 7.prefab using Guid(9e065bacc309f8a4c877f23b4b5eebf8) Importer(815301076,1909f56bfc062723c751e8b465ee728b) [PhysX] Initialized MultithreadedTaskDispatcher with 16 workers.
[PhysX] Initialized MultithreadedTaskDispatcher with 16 workers.
 -> (artifact id: '9ea74a9f746d1a28979814aac09af8c4') in 0.088572 seconds
Number of updated asset objects reloaded before import = 0
Number of asset objects unloaded after import = 137
========================================================================
Received Import Request.
  Time since last request: 0.000039 seconds.
  path: Assets/Realistic Tree/Prefabs/Standard/Ash/Ash 5.prefab
  artifactKey: Guid(792408f9ce579c64d988399cc6f8d36d) Importer(815301076,1909f56bfc062723c751e8b465ee728b)
Start importing Assets/Realistic Tree/Prefabs/Standard/Ash/Ash 5.prefab using Guid(792408f9ce579c64d988399cc6f8d36d) Importer(815301076,1909f56bfc062723c751e8b465ee728b) [PhysX] Initialized MultithreadedTaskDispatcher with 16 workers.
[PhysX] Initialized MultithreadedTaskDispatcher with 16 workers.
 -> (artifact id: '13c43a38705ee3c16177cc2e1637b9aa') in 0.065004 seconds
Number of updated asset objects reloaded before import = 0
Number of asset objects unloaded after import = 132
========================================================================
Received Import Request.
  Time since last request: 0.000086 seconds.
  path: Assets/Realistic Tree/Prefabs/URP/Birch/Birch 8.prefab
  artifactKey: Guid(b4b2a6f205b7d064f87f3566a03e10a9) Importer(815301076,1909f56bfc062723c751e8b465ee728b)
Start importing Assets/Realistic Tree/Prefabs/URP/Birch/Birch 8.prefab using Guid(b4b2a6f205b7d064f87f3566a03e10a9) Importer(815301076,1909f56bfc062723c751e8b465ee728b) [PhysX] Initialized MultithreadedTaskDispatcher with 16 workers.
[PhysX] Initialized MultithreadedTaskDispatcher with 16 workers.
 -> (artifact id: '7e89320c18e13741b1735ba8dde25cf9') in 0.066719 seconds
Number of updated asset objects reloaded before import = 0
Number of asset objects unloaded after import = 136
========================================================================
Received Import Request.
  Time since last request: 0.000043 seconds.
  path: Assets/Stylized Stone/HDRP/prefab_HDRP/Solitary stone/Solitary_Stone_002 Variant.prefab
  artifactKey: Guid(e9ee6d246f4768f44aa8bbe685a2257f) Importer(815301076,1909f56bfc062723c751e8b465ee728b)
Start importing Assets/Stylized Stone/HDRP/prefab_HDRP/Solitary stone/Solitary_Stone_002 Variant.prefab using Guid(e9ee6d246f4768f44aa8bbe685a2257f) Importer(815301076,1909f56bfc062723c751e8b465ee728b) [PhysX] Initialized MultithreadedTaskDispatcher with 16 workers.
[PhysX] Initialized MultithreadedTaskDispatcher with 16 workers.
 -> (artifact id: '7bf2690a41310d4e2c32d7f151f49f55') in 0.073254 seconds
Number of updated asset objects reloaded before import = 0
Number of asset objects unloaded after import = 35
========================================================================
Received Import Request.
  Time since last request: 0.000041 seconds.
  path: Assets/Realistic Tree/Prefabs/URP/Birch/Birch 5.prefab
  artifactKey: Guid(80e6f5c1539d4224db7b9fbd16fc3022) Importer(815301076,1909f56bfc062723c751e8b465ee728b)
Start importing Assets/Realistic Tree/Prefabs/URP/Birch/Birch 5.prefab using Guid(80e6f5c1539d4224db7b9fbd16fc3022) Importer(815301076,1909f56bfc062723c751e8b465ee728b) [PhysX] Initialized MultithreadedTaskDispatcher with 16 workers.
[PhysX] Initialized MultithreadedTaskDispatcher with 16 workers.
 -> (artifact id: '5b153fce7f36c29cc894ced3e9e93318') in 0.110501 seconds
Number of updated asset objects reloaded before import = 0
Number of asset objects unloaded after import = 136
========================================================================
Received Import Request.
  Time since last request: 0.000070 seconds.
  path: Assets/Realistic Tree/Prefabs/HDRP/Ash/Ash 5.prefab
  artifactKey: Guid(0ec898abd07c1fe4f8f81609640390ac) Importer(815301076,1909f56bfc062723c751e8b465ee728b)
Start importing Assets/Realistic Tree/Prefabs/HDRP/Ash/Ash 5.prefab using Guid(0ec898abd07c1fe4f8f81609640390ac) Importer(815301076,1909f56bfc062723c751e8b465ee728b) [PhysX] Initialized MultithreadedTaskDispatcher with 16 workers.
[PhysX] Initialized MultithreadedTaskDispatcher with 16 workers.
 -> (artifact id: 'feffae945da8d7de9654c2daab9bc5ef') in 2.498082 seconds
Number of updated asset objects reloaded before import = 0
Number of asset objects unloaded after import = 133
========================================================================
Received Import Request.
  Time since last request: 0.000055 seconds.
  path: Assets/SteamVR/InteractionSystem/Longbow/Prefabs/Balloon.prefab
  artifactKey: Guid(8e13c6e5a21aeea4db3c25ef0e529308) Importer(815301076,1909f56bfc062723c751e8b465ee728b)
Start importing Assets/SteamVR/InteractionSystem/Longbow/Prefabs/Balloon.prefab using Guid(8e13c6e5a21aeea4db3c25ef0e529308) Importer(815301076,1909f56bfc062723c751e8b465ee728b) [PhysX] Initialized MultithreadedTaskDispatcher with 16 workers.
[PhysX] Initialized MultithreadedTaskDispatcher with 16 workers.
Refreshing native plugins compatible for Editor in 30.03 ms, found 12 plugins.
Preloading 0 native plugins for Editor in 0.00 ms.
 -> (artifact id: '81cbce11ec062e53a19f762de92b7c87') in 0.425167 seconds
Number of updated asset objects reloaded before import = 0
Number of asset objects unloaded after import = 70
========================================================================
Received Import Request.
  Time since last request: 0.000072 seconds.
  path: Assets/Realistic Tree/Prefabs/URP/Ash/Ash 3.prefab
  artifactKey: Guid(189457b8a8df4454e955c74118b57a4d) Importer(815301076,1909f56bfc062723c751e8b465ee728b)
Start importing Assets/Realistic Tree/Prefabs/URP/Ash/Ash 3.prefab using Guid(189457b8a8df4454e955c74118b57a4d) Importer(815301076,1909f56bfc062723c751e8b465ee728b) [PhysX] Initialized MultithreadedTaskDispatcher with 16 workers.
[PhysX] Initialized MultithreadedTaskDispatcher with 16 workers.
 -> (artifact id: '7ccaa694a782958b3f603184ed12da15') in 0.068420 seconds
Number of updated asset objects reloaded before import = 0
Number of asset objects unloaded after import = 135
========================================================================
Received Import Request.
  Time since last request: 0.000063 seconds.
  path: Assets/Stylized Stone/URP/prefab_URP/Solitary stone/Solitary_Stone_004 .prefab
  artifactKey: Guid(240875fb585254848996625e87d1518e) Importer(815301076,1909f56bfc062723c751e8b465ee728b)
Start importing Assets/Stylized Stone/URP/prefab_URP/Solitary stone/Solitary_Stone_004 .prefab using Guid(240875fb585254848996625e87d1518e) Importer(815301076,1909f56bfc062723c751e8b465ee728b) [PhysX] Initialized MultithreadedTaskDispatcher with 16 workers.
[PhysX] Initialized MultithreadedTaskDispatcher with 16 workers.
 -> (artifact id: 'a3c99a8723cba14b1b2b1525dae0c2f9') in 0.053939 seconds
Number of updated asset objects reloaded before import = 0
Number of asset objects unloaded after import = 29
========================================================================
Received Import Request.
  Time since last request: 0.000067 seconds.
  path: Assets/Realistic Tree/Prefabs/Standard/Birch/Birch 6.prefab
  artifactKey: Guid(1f14f87b5b2ebb44ab13d657de58abbb) Importer(815301076,1909f56bfc062723c751e8b465ee728b)
Start importing Assets/Realistic Tree/Prefabs/Standard/Birch/Birch 6.prefab using Guid(1f14f87b5b2ebb44ab13d657de58abbb) Importer(815301076,1909f56bfc062723c751e8b465ee728b) [PhysX] Initialized MultithreadedTaskDispatcher with 16 workers.
[PhysX] Initialized MultithreadedTaskDispatcher with 16 workers.
 -> (artifact id: '6dac7981464f975a76c7a89560813b10') in 0.048090 seconds
Number of updated asset objects reloaded before import = 0
Number of asset objects unloaded after import = 132
========================================================================
Received Import Request.
  Time since last request: 0.000053 seconds.
  path: Assets/Realistic Tree/Prefabs/Standard/Birch/Birch 1.prefab
  artifactKey: Guid(617dd519e2d012a4e92fdf45b5b1f888) Importer(815301076,1909f56bfc062723c751e8b465ee728b)
Start importing Assets/Realistic Tree/Prefabs/Standard/Birch/Birch 1.prefab using Guid(617dd519e2d012a4e92fdf45b5b1f888) Importer(815301076,1909f56bfc062723c751e8b465ee728b) [PhysX] Initialized MultithreadedTaskDispatcher with 16 workers.
[PhysX] Initialized MultithreadedTaskDispatcher with 16 workers.
 -> (artifact id: '89a1b37a0885ceb8740e2b8635be3810') in 0.049787 seconds
Number of updated asset objects reloaded before import = 0
Number of asset objects unloaded after import = 132
========================================================================
Received Import Request.
  Time since last request: 0.000079 seconds.
  path: Assets/SteamVR/InteractionSystem/Longbow/Prefabs/BalloonPopNoSound.prefab
  artifactKey: Guid(a41945a8549c580408301691c2fd374e) Importer(815301076,1909f56bfc062723c751e8b465ee728b)
Start importing Assets/SteamVR/InteractionSystem/Longbow/Prefabs/BalloonPopNoSound.prefab using Guid(a41945a8549c580408301691c2fd374e) Importer(815301076,1909f56bfc062723c751e8b465ee728b) [PhysX] Initialized MultithreadedTaskDispatcher with 16 workers.
[PhysX] Initialized MultithreadedTaskDispatcher with 16 workers.
 -> (artifact id: 'b0a129a5d41b9f79feb9bae3b8f7fdf9') in 0.102594 seconds
Number of updated asset objects reloaded before import = 0
Number of asset objects unloaded after import = 15
========================================================================
Received Import Request.
  Time since last request: 0.000057 seconds.
  path: Assets/Stylized Stone/HDRP/prefab_HDRP/Stacked_Boulder/_Stacked_Boulder_001.prefab
  artifactKey: Guid(4db9febaddbbafd4abbffb248fa78b62) Importer(815301076,1909f56bfc062723c751e8b465ee728b)
Start importing Assets/Stylized Stone/HDRP/prefab_HDRP/Stacked_Boulder/_Stacked_Boulder_001.prefab using Guid(4db9febaddbbafd4abbffb248fa78b62) Importer(815301076,1909f56bfc062723c751e8b465ee728b) [PhysX] Initialized MultithreadedTaskDispatcher with 16 workers.
[PhysX] Initialized MultithreadedTaskDispatcher with 16 workers.
 -> (artifact id: '0dd0c638bee42889ef9074f3bb1c4ba9') in 0.051353 seconds
Number of updated asset objects reloaded before import = 0
Number of asset objects unloaded after import = 29
========================================================================
Received Import Request.
  Time since last request: 0.000053 seconds.
  path: Assets/Realistic Tree/Prefabs/URP/Ash/Ash 8.prefab
  artifactKey: Guid(0a3312199122e69409623fdbdbe357d0) Importer(815301076,1909f56bfc062723c751e8b465ee728b)
Start importing Assets/Realistic Tree/Prefabs/URP/Ash/Ash 8.prefab using Guid(0a3312199122e69409623fdbdbe357d0) Importer(815301076,1909f56bfc062723c751e8b465ee728b) [PhysX] Initialized MultithreadedTaskDispatcher with 16 workers.
[PhysX] Initialized MultithreadedTaskDispatcher with 16 workers.
 -> (artifact id: '90d0b8770aaad0e40756dd40459f75ee') in 0.075909 seconds
Number of updated asset objects reloaded before import = 0
Number of asset objects unloaded after import = 137
========================================================================
Received Import Request.
  Time since last request: 0.000037 seconds.
  path: Assets/Realistic Tree/Prefabs/Standard/Birch/Birch 5.prefab
  artifactKey: Guid(36acd1bd5b29c4742824737019d6f2aa) Importer(815301076,1909f56bfc062723c751e8b465ee728b)
Start importing Assets/Realistic Tree/Prefabs/Standard/Birch/Birch 5.prefab using Guid(36acd1bd5b29c4742824737019d6f2aa) Importer(815301076,1909f56bfc062723c751e8b465ee728b) [PhysX] Initialized MultithreadedTaskDispatcher with 16 workers.
[PhysX] Initialized MultithreadedTaskDispatcher with 16 workers.
 -> (artifact id: '58c91978eb716751126bc3e9e681e6bb') in 0.050452 seconds
Number of updated asset objects reloaded before import = 0
Number of asset objects unloaded after import = 132
========================================================================
Received Import Request.
  Time since last request: 0.000040 seconds.
  path: Assets/CityGen3D/Prefabs/Bench_01.prefab
  artifactKey: Guid(33811c8f048192649bc7bd3829f37d2b) Importer(815301076,1909f56bfc062723c751e8b465ee728b)
Start importing Assets/CityGen3D/Prefabs/Bench_01.prefab using Guid(33811c8f048192649bc7bd3829f37d2b) Importer(815301076,1909f56bfc062723c751e8b465ee728b) [PhysX] Initialized MultithreadedTaskDispatcher with 16 workers.
[PhysX] Initialized MultithreadedTaskDispatcher with 16 workers.
 -> (artifact id: '7011e02c7f33107e06e7d8550dc799bb') in 0.172946 seconds
Number of updated asset objects reloaded before import = 0
Number of asset objects unloaded after import = 18
========================================================================
Received Import Request.
  Time since last request: 0.000054 seconds.
  path: Assets/Realistic Tree/Prefabs/HDRP/Birch/Birch Group 3.prefab
  artifactKey: Guid(e05c7807d9e5f6b46a4c94349742296e) Importer(815301076,1909f56bfc062723c751e8b465ee728b)
Start importing Assets/Realistic Tree/Prefabs/HDRP/Birch/Birch Group 3.prefab using Guid(e05c7807d9e5f6b46a4c94349742296e) Importer(815301076,1909f56bfc062723c751e8b465ee728b) [PhysX] Initialized MultithreadedTaskDispatcher with 16 workers.
[PhysX] Initialized MultithreadedTaskDispatcher with 16 workers.
 -> (artifact id: '484c06df4136fa882b5b538e531e2b54') in 0.064917 seconds
Number of updated asset objects reloaded before import = 0
Number of asset objects unloaded after import = 133
========================================================================
Received Import Request.
  Time since last request: 0.000068 seconds.
  path: Assets/Realistic Tree/Prefabs/Standard/Birch/Birch 3.prefab
  artifactKey: Guid(ffa44ddf50d9ae343bcf69db4abdc01f) Importer(815301076,1909f56bfc062723c751e8b465ee728b)
Start importing Assets/Realistic Tree/Prefabs/Standard/Birch/Birch 3.prefab using Guid(ffa44ddf50d9ae343bcf69db4abdc01f) Importer(815301076,1909f56bfc062723c751e8b465ee728b) [PhysX] Initialized MultithreadedTaskDispatcher with 16 workers.
[PhysX] Initialized MultithreadedTaskDispatcher with 16 workers.
 -> (artifact id: '2185b4eaf7740d58d9b9630456929c03') in 0.047154 seconds
Number of updated asset objects reloaded before import = 0
Number of asset objects unloaded after import = 132
========================================================================
Received Import Request.
  Time since last request: 0.000047 seconds.
  path: Assets/Stylized Stone/HDRP/prefab_HDRP/Solitary stone/Solitary_Stone Variant.prefab
  artifactKey: Guid(82a04604c0621f249ae8083bfe165a9b) Importer(815301076,1909f56bfc062723c751e8b465ee728b)
Start importing Assets/Stylized Stone/HDRP/prefab_HDRP/Solitary stone/Solitary_Stone Variant.prefab using Guid(82a04604c0621f249ae8083bfe165a9b) Importer(815301076,1909f56bfc062723c751e8b465ee728b) [PhysX] Initialized MultithreadedTaskDispatcher with 16 workers.
[PhysX] Initialized MultithreadedTaskDispatcher with 16 workers.
 -> (artifact id: '76e08b757899fe2ac65a558bbcd413bd') in 0.052256 seconds
Number of updated asset objects reloaded before import = 0
Number of asset objects unloaded after import = 29
========================================================================
Received Import Request.
  Time since last request: 0.000086 seconds.
  path: Assets/Stylized Stone/HDRP/prefab_HDRP/Solitary stone/Solitary_Stone_004 Variant.prefab
  artifactKey: Guid(be8561951c0ee9a49a8eaecbae227b8b) Importer(815301076,1909f56bfc062723c751e8b465ee728b)
Start importing Assets/Stylized Stone/HDRP/prefab_HDRP/Solitary stone/Solitary_Stone_004 Variant.prefab using Guid(be8561951c0ee9a49a8eaecbae227b8b) Importer(815301076,1909f56bfc062723c751e8b465ee728b) [PhysX] Initialized MultithreadedTaskDispatcher with 16 workers.
[PhysX] Initialized MultithreadedTaskDispatcher with 16 workers.
 -> (artifact id: '2c76c6ac8be10b97bc85f980d016e4db') in 0.046269 seconds
Number of updated asset objects reloaded before import = 0
Number of asset objects unloaded after import = 29
========================================================================
Received Import Request.
  Time since last request: 11.423492 seconds.
  path: Assets/SteamVR/InteractionSystem/Samples/Prefabs/Buggy Controller.prefab
  artifactKey: Guid(d9803cc69067105488f4a78449f2aeec) Importer(815301076,1909f56bfc062723c751e8b465ee728b)
Start importing Assets/SteamVR/InteractionSystem/Samples/Prefabs/Buggy Controller.prefab using Guid(d9803cc69067105488f4a78449f2aeec) Importer(815301076,1909f56bfc062723c751e8b465ee728b) [PhysX] Initialized MultithreadedTaskDispatcher with 16 workers.
[PhysX] Initialized MultithreadedTaskDispatcher with 16 workers.
 -> (artifact id: '50a64a62ca3a5c494e8bd4dc83a904d5') in 0.177211 seconds
Number of updated asset objects reloaded before import = 0
Number of asset objects unloaded after import = 96
========================================================================
Received Import Request.
  Time since last request: 0.000054 seconds.
  path: Assets/NatureManufacture Assets/Advanced Foliage Pack/Trunks/Prefabs/Prefab_trunk_01.prefab
  artifactKey: Guid(88cef25c1c5d42749bac7de9c381c63c) Importer(815301076,1909f56bfc062723c751e8b465ee728b)
Start importing Assets/NatureManufacture Assets/Advanced Foliage Pack/Trunks/Prefabs/Prefab_trunk_01.prefab using Guid(88cef25c1c5d42749bac7de9c381c63c) Importer(815301076,1909f56bfc062723c751e8b465ee728b) [PhysX] Initialized MultithreadedTaskDispatcher with 16 workers.
[PhysX] Initialized MultithreadedTaskDispatcher with 16 workers.
 -> (artifact id: '642e2e3e170cf1598338f4bffd3a2f29') in 0.061459 seconds
Number of updated asset objects reloaded before import = 0
Number of asset objects unloaded after import = 30
========================================================================
Received Import Request.
  Time since last request: 0.000053 seconds.
  path: Assets/SteamVR/InteractionSystem/Core/Prefabs/RightRenderModelFloppy.prefab
  artifactKey: Guid(4c5fea2300124fe49a30168e29627064) Importer(815301076,1909f56bfc062723c751e8b465ee728b)
Start importing Assets/SteamVR/InteractionSystem/Core/Prefabs/RightRenderModelFloppy.prefab using Guid(4c5fea2300124fe49a30168e29627064) Importer(815301076,1909f56bfc062723c751e8b465ee728b) [PhysX] Initialized MultithreadedTaskDispatcher with 16 workers.
 -> (artifact id: 'd18164f2a873bd45af24caabf4153c26') in 0.040662 seconds
Number of updated asset objects reloaded before import = 0
Number of asset objects unloaded after import = 201
========================================================================
Received Import Request.
  Time since last request: 0.000036 seconds.
  path: Assets/SteamVR/InteractionSystem/Core/Prefabs/LeftRenderModel Alien.prefab
  artifactKey: Guid(d8d1e5711b2c77d48ac96e769aaff27a) Importer(815301076,1909f56bfc062723c751e8b465ee728b)
Start importing Assets/SteamVR/InteractionSystem/Core/Prefabs/LeftRenderModel Alien.prefab using Guid(d8d1e5711b2c77d48ac96e769aaff27a) Importer(815301076,1909f56bfc062723c751e8b465ee728b) [PhysX] Initialized MultithreadedTaskDispatcher with 16 workers.
 -> (artifact id: '5679583e57fa50fc7ab68a4fa3099ef1') in 0.031277 seconds
Number of updated asset objects reloaded before import = 0
Number of asset objects unloaded after import = 142
========================================================================
Received Import Request.
  Time since last request: 0.000053 seconds.
  path: Assets/Realistic Tree/Prefabs/URP/Ash/The Great Ash Tree.prefab
  artifactKey: Guid(43fc8139f33d4ff4c842012a7dc9fed4) Importer(815301076,1909f56bfc062723c751e8b465ee728b)
Start importing Assets/Realistic Tree/Prefabs/URP/Ash/The Great Ash Tree.prefab using Guid(43fc8139f33d4ff4c842012a7dc9fed4) Importer(815301076,1909f56bfc062723c751e8b465ee728b) [PhysX] Initialized MultithreadedTaskDispatcher with 16 workers.
[PhysX] Initialized MultithreadedTaskDispatcher with 16 workers.
 -> (artifact id: '9f5a89fe17700d195279114264f22e84') in 0.075259 seconds
Number of updated asset objects reloaded before import = 0
Number of asset objects unloaded after import = 138
========================================================================
Received Import Request.
  Time since last request: 0.000041 seconds.
  path: Assets/CityGen3D/Facades/Primitive Industrial.prefab
  artifactKey: Guid(8929c97392e85de4c8f8f540f8f11a0c) Importer(815301076,1909f56bfc062723c751e8b465ee728b)
Start importing Assets/CityGen3D/Facades/Primitive Industrial.prefab using Guid(8929c97392e85de4c8f8f540f8f11a0c) Importer(815301076,1909f56bfc062723c751e8b465ee728b) [PhysX] Initialized MultithreadedTaskDispatcher with 16 workers.
 -> (artifact id: 'e3aba392a58a1df519f803c278a574c6') in 0.003893 seconds
Number of updated asset objects reloaded before import = 0
Number of asset objects unloaded after import = 6
========================================================================
Received Import Request.
  Time since last request: 0.000044 seconds.
  path: Assets/CityGen3D/Facades/Industrial 01c.prefab
  artifactKey: Guid(418cc2ba8a9c4a94b8f0e0daa43ea9e0) Importer(815301076,1909f56bfc062723c751e8b465ee728b)
Start importing Assets/CityGen3D/Facades/Industrial 01c.prefab using Guid(418cc2ba8a9c4a94b8f0e0daa43ea9e0) Importer(815301076,1909f56bfc062723c751e8b465ee728b) [PhysX] Initialized MultithreadedTaskDispatcher with 16 workers.
 -> (artifact id: '450262bce6d7e2433ab9e9c3b9cd98de') in 0.006342 seconds
Number of updated asset objects reloaded before import = 0
Number of asset objects unloaded after import = 8
========================================================================
Received Import Request.
  Time since last request: 0.000037 seconds.
  path: Assets/NatureManufacture Assets/Advanced Foliage Pack/Trunks/Prefabs/Prefab_trunk_02.prefab
  artifactKey: Guid(5cc71c776f423cf43bdacf7281f4854c) Importer(815301076,1909f56bfc062723c751e8b465ee728b)
Start importing Assets/NatureManufacture Assets/Advanced Foliage Pack/Trunks/Prefabs/Prefab_trunk_02.prefab using Guid(5cc71c776f423cf43bdacf7281f4854c) Importer(815301076,1909f56bfc062723c751e8b465ee728b) [PhysX] Initialized MultithreadedTaskDispatcher with 16 workers.
[PhysX] Initialized MultithreadedTaskDispatcher with 16 workers.
 -> (artifact id: '8877cb147d4cd3086cb3143b29265f86') in 0.066662 seconds
Number of updated asset objects reloaded before import = 0
Number of asset objects unloaded after import = 30
========================================================================
Received Import Request.
  Time since last request: 0.000049 seconds.
  path: Assets/Forst/Lux Instant Vegetation/Demo/Content/HDRP/Prefabs/PF_TreeIt fully procedural Fake LOD HDRP.prefab
  artifactKey: Guid(46f73aab3698f52419420e050a309581) Importer(815301076,1909f56bfc062723c751e8b465ee728b)
Start importing Assets/Forst/Lux Instant Vegetation/Demo/Content/HDRP/Prefabs/PF_TreeIt fully procedural Fake LOD HDRP.prefab using Guid(46f73aab3698f52419420e050a309581) Importer(815301076,1909f56bfc062723c751e8b465ee728b) [PhysX] Initialized MultithreadedTaskDispatcher with 16 workers.
[PhysX] Initialized MultithreadedTaskDispatcher with 16 workers.
 -> (artifact id: 'd517c0ffb883eec6a00fdd9e34e21ab7') in 1.797800 seconds
Number of updated asset objects reloaded before import = 0
Number of asset objects unloaded after import = 35
========================================================================
Received Import Request.
  Time since last request: 162.252864 seconds.
  path: Assets/TerrainDemoScene_HDRP/Readme.asset
  artifactKey: Guid(83c2ed844a8c74b779a4c823d16594b1) Importer(815301076,1909f56bfc062723c751e8b465ee728b)
Start importing Assets/TerrainDemoScene_HDRP/Readme.asset using Guid(83c2ed844a8c74b779a4c823d16594b1) Importer(815301076,1909f56bfc062723c751e8b465ee728b) [PhysX] Initialized MultithreadedTaskDispatcher with 16 workers.
 -> (artifact id: '5f8e2532ed37c915d2ab53d2298432c0') in 0.001922 seconds
Number of updated asset objects reloaded before import = 0
Number of asset objects unloaded after import = 1
========================================================================
Received Import Request.
  Time since last request: 4.195016 seconds.
  path: Assets/TerrainDemoScene_HDRP/Terrain
  artifactKey: Guid(1c7d9479254419746b6bef253ae5853b) Importer(815301076,1909f56bfc062723c751e8b465ee728b)
Start importing Assets/TerrainDemoScene_HDRP/Terrain using Guid(1c7d9479254419746b6bef253ae5853b) Importer(815301076,1909f56bfc062723c751e8b465ee728b) [PhysX] Initialized MultithreadedTaskDispatcher with 16 workers.
 -> (artifact id: '76bdb21d333cc0b1930bb42a750a0c17') in 0.000729 seconds
Number of updated asset objects reloaded before import = 0
Number of asset objects unloaded after import = 0
========================================================================
Received Import Request.
  Time since last request: 3.269823 seconds.
  path: Assets/TerrainDemoScene_HDRP/Terrain/Materials
  artifactKey: Guid(275a1332c4e0e8e408def59f8bd871eb) Importer(815301076,1909f56bfc062723c751e8b465ee728b)
Start importing Assets/TerrainDemoScene_HDRP/Terrain/Materials using Guid(275a1332c4e0e8e408def59f8bd871eb) Importer(815301076,1909f56bfc062723c751e8b465ee728b) [PhysX] Initialized MultithreadedTaskDispatcher with 16 workers.
 -> (artifact id: 'fc67be1786a68887e50b4125da20eb67') in 0.000735 seconds
Number of updated asset objects reloaded before import = 0
Number of asset objects unloaded after import = 0
========================================================================
Received Import Request.
  Time since last request: 0.038500 seconds.
  path: Assets/TerrainDemoScene_HDRP/Terrain/Materials/TerrainLit.mat
  artifactKey: Guid(0b6d251ba3ab07a45beb3c4a6ac4b68b) Importer(815301076,1909f56bfc062723c751e8b465ee728b)
Start importing Assets/TerrainDemoScene_HDRP/Terrain/Materials/TerrainLit.mat using Guid(0b6d251ba3ab07a45beb3c4a6ac4b68b) Importer(815301076,1909f56bfc062723c751e8b465ee728b) [PhysX] Initialized MultithreadedTaskDispatcher with 16 workers.
[PhysX] Initialized MultithreadedTaskDispatcher with 16 workers.
 -> (artifact id: '50f6298daede3c6093c3abf8612bc263') in 0.674281 seconds
Number of updated asset objects reloaded before import = 0
Number of asset objects unloaded after import = 1
========================================================================
Received Import Request.
  Time since last request: 4.836351 seconds.
  path: Assets/TerrainDemoScene_HDRP/Scenes
  artifactKey: Guid(92a07c90fbef0af4c8a47600f87f22fa) Importer(815301076,1909f56bfc062723c751e8b465ee728b)
Start importing Assets/TerrainDemoScene_HDRP/Scenes using Guid(92a07c90fbef0af4c8a47600f87f22fa) Importer(815301076,1909f56bfc062723c751e8b465ee728b) [PhysX] Initialized MultithreadedTaskDispatcher with 16 workers.
 -> (artifact id: 'c10d335d03a93b654e0232b366dd5196') in 0.000742 seconds
Number of updated asset objects reloaded before import = 0
Number of asset objects unloaded after import = 0
========================================================================
Received Import Request.
  Time since last request: 1.142251 seconds.
  path: Assets/TerrainDemoScene_HDRP/Scenes/TerrainDemoScene.unity
  artifactKey: Guid(9a18cc5d35536fd428eb6e90b3402589) Importer(815301076,1909f56bfc062723c751e8b465ee728b)
Start importing Assets/TerrainDemoScene_HDRP/Scenes/TerrainDemoScene.unity using Guid(9a18cc5d35536fd428eb6e90b3402589) Importer(815301076,1909f56bfc062723c751e8b465ee728b) [PhysX] Initialized MultithreadedTaskDispatcher with 16 workers.
 -> (artifact id: 'e1e89d0ae3b87d77937a0c2dd83b708c') in 0.000773 seconds
Number of updated asset objects reloaded before import = 0
Number of asset objects unloaded after import = 0
========================================================================
Received Import Request.
  Time since last request: 83.118841 seconds.
  path: Assets/TerrainSampleAssets/Prefabs/Bush_A.prefab
  artifactKey: Guid(0ec1c69bd47ad864f96cc2b516f6cd4b) Importer(815301076,1909f56bfc062723c751e8b465ee728b)
Start importing Assets/TerrainSampleAssets/Prefabs/Bush_A.prefab using Guid(0ec1c69bd47ad864f96cc2b516f6cd4b) Importer(815301076,1909f56bfc062723c751e8b465ee728b) [PhysX] Initialized MultithreadedTaskDispatcher with 16 workers.
[PhysX] Initialized MultithreadedTaskDispatcher with 16 workers.
 -> (artifact id: 'bffe9ec1d544c9ace76680334094eca0') in 0.132433 seconds
Number of updated asset objects reloaded before import = 0
Number of asset objects unloaded after import = 11
========================================================================
Received Import Request.
  Time since last request: 6.389676 seconds.
  path: Assets/CityGen3D/Meshes/Bushes/Bush 01.fbx
  artifactKey: Guid(da0f2ba5718c7a74e978a78a6b710e0b) Importer(815301076,1909f56bfc062723c751e8b465ee728b)
Start importing Assets/CityGen3D/Meshes/Bushes/Bush 01.fbx using Guid(da0f2ba5718c7a74e978a78a6b710e0b) Importer(815301076,1909f56bfc062723c751e8b465ee728b) [PhysX] Initialized MultithreadedTaskDispatcher with 16 workers.
[PhysX] Initialized MultithreadedTaskDispatcher with 16 workers.
[PhysX] Initialized MultithreadedTaskDispatcher with 16 workers.
 -> (artifact id: '219a40b33d2d0dae0bcda7a02c664551') in 0.075561 seconds
Number of updated asset objects reloaded before import = 0
Number of asset objects unloaded after import = 10
========================================================================
Received Import Request.
  Time since last request: 0.000045 seconds.
  path: Assets/TerrainSampleAssets/Prefabs/Details/Bush_Red.prefab
  artifactKey: Guid(a18ae5a380cefaa42984dd62c858aa2b) Importer(815301076,1909f56bfc062723c751e8b465ee728b)
Start importing Assets/TerrainSampleAssets/Prefabs/Details/Bush_Red.prefab using Guid(a18ae5a380cefaa42984dd62c858aa2b) Importer(815301076,1909f56bfc062723c751e8b465ee728b) [PhysX] Initialized MultithreadedTaskDispatcher with 16 workers.
[PhysX] Initialized MultithreadedTaskDispatcher with 16 workers.
 -> (artifact id: 'f62bbb7181dd0039b8bdd7a92568ef3e') in 0.047955 seconds
Number of updated asset objects reloaded before import = 0
Number of asset objects unloaded after import = 16
========================================================================
Received Import Request.
  Time since last request: 0.000058 seconds.
  path: Assets/CityGen3D/Meshes/Bushes/Bush 01 n.tga
  artifactKey: Guid(77e39849944c9ea40936668794aff485) Importer(815301076,1909f56bfc062723c751e8b465ee728b)
Start importing Assets/CityGen3D/Meshes/Bushes/Bush 01 n.tga using Guid(77e39849944c9ea40936668794aff485) Importer(815301076,1909f56bfc062723c751e8b465ee728b) [PhysX] Initialized MultithreadedTaskDispatcher with 16 workers.
[PhysX] Initialized MultithreadedTaskDispatcher with 16 workers.
 -> (artifact id: '129cb47b49c063d040f359bb9ae76e23') in 0.100211 seconds
Number of updated asset objects reloaded before import = 0
Number of asset objects unloaded after import = 2
========================================================================
Received Import Request.
  Time since last request: 0.000051 seconds.
  path: Assets/TerrainSampleAssets/Prefabs/Details/Textures/Bush_Twig_Normal.tif
  artifactKey: Guid(bb37b3ee0574d9f41b6660d3a38b0cf1) Importer(815301076,1909f56bfc062723c751e8b465ee728b)
Start importing Assets/TerrainSampleAssets/Prefabs/Details/Textures/Bush_Twig_Normal.tif using Guid(bb37b3ee0574d9f41b6660d3a38b0cf1) Importer(815301076,1909f56bfc062723c751e8b465ee728b) [PhysX] Initialized MultithreadedTaskDispatcher with 16 workers.
[PhysX] Initialized MultithreadedTaskDispatcher with 16 workers.
 -> (artifact id: '31607b6c4a6629c2010dd1038de3f1b6') in 0.061587 seconds
Number of updated asset objects reloaded before import = 0
Number of asset objects unloaded after import = 2
========================================================================
Received Import Request.
  Time since last request: 0.000042 seconds.
  path: Assets/Grass And Flowers Pack 1/Bush/Bush 4.png
  artifactKey: Guid(05da3951b3b9a8344b2f353d88539ce1) Importer(815301076,1909f56bfc062723c751e8b465ee728b)
Start importing Assets/Grass And Flowers Pack 1/Bush/Bush 4.png using Guid(05da3951b3b9a8344b2f353d88539ce1) Importer(815301076,1909f56bfc062723c751e8b465ee728b) [PhysX] Initialized MultithreadedTaskDispatcher with 16 workers.
[PhysX] Initialized MultithreadedTaskDispatcher with 16 workers.
 -> (artifact id: 'c96c35ad4e5db843c0ecf7d5363b2beb') in 0.039638 seconds
Number of updated asset objects reloaded before import = 0
Number of asset objects unloaded after import = 2
========================================================================
Received Import Request.
  Time since last request: 0.000066 seconds.
  path: Assets/TerrainSampleAssets/Prefabs/Details/Textures/Bush_Dry_BaseColor.tif
  artifactKey: Guid(f856d30c51eb8914b994c3430e4f9362) Importer(815301076,1909f56bfc062723c751e8b465ee728b)
Start importing Assets/TerrainSampleAssets/Prefabs/Details/Textures/Bush_Dry_BaseColor.tif using Guid(f856d30c51eb8914b994c3430e4f9362) Importer(815301076,1909f56bfc062723c751e8b465ee728b) [PhysX] Initialized MultithreadedTaskDispatcher with 16 workers.
[PhysX] Initialized MultithreadedTaskDispatcher with 16 workers.
 -> (artifact id: 'dbf69d4edb030a6538c94a26e4c134c4') in 0.049448 seconds
Number of updated asset objects reloaded before import = 0
Number of asset objects unloaded after import = 2
========================================================================
Received Import Request.
  Time since last request: 0.000045 seconds.
  path: Assets/Forst/Lux Instant Vegetation/Demo/Content/URP/Prefabs/PF_RedBush_Var1 URP.prefab
  artifactKey: Guid(9e050b6c82114ac4aa5b296410bd2d1f) Importer(815301076,1909f56bfc062723c751e8b465ee728b)
Start importing Assets/Forst/Lux Instant Vegetation/Demo/Content/URP/Prefabs/PF_RedBush_Var1 URP.prefab using Guid(9e050b6c82114ac4aa5b296410bd2d1f) Importer(815301076,1909f56bfc062723c751e8b465ee728b) [PhysX] Initialized MultithreadedTaskDispatcher with 16 workers.
[PhysX] Initialized MultithreadedTaskDispatcher with 16 workers.
 -> (artifact id: '4827643a9114e9e56e7d79254141c5a4') in 0.102522 seconds
Number of updated asset objects reloaded before import = 0
Number of asset objects unloaded after import = 25
========================================================================
Received Import Request.
  Time since last request: 0.000055 seconds.
  path: Assets/CityGen3D/Meshes/Bushes/Bush 05.tga
  artifactKey: Guid(212e56850546aea40bf6378e86412283) Importer(815301076,1909f56bfc062723c751e8b465ee728b)
Start importing Assets/CityGen3D/Meshes/Bushes/Bush 05.tga using Guid(212e56850546aea40bf6378e86412283) Importer(815301076,1909f56bfc062723c751e8b465ee728b) [PhysX] Initialized MultithreadedTaskDispatcher with 16 workers.
[PhysX] Initialized MultithreadedTaskDispatcher with 16 workers.
 -> (artifact id: '74a4cfcea165fad04cf91e1fd286abf8') in 0.029531 seconds
Number of updated asset objects reloaded before import = 0
Number of asset objects unloaded after import = 2
========================================================================
Received Import Request.
  Time since last request: 0.000047 seconds.
  path: Assets/CityGen3D/Meshes/Bushes/Bush 03 n.tga
  artifactKey: Guid(7cd3253767a4f7e4a9d4d9459b35eba6) Importer(815301076,1909f56bfc062723c751e8b465ee728b)
Start importing Assets/CityGen3D/Meshes/Bushes/Bush 03 n.tga using Guid(7cd3253767a4f7e4a9d4d9459b35eba6) Importer(815301076,1909f56bfc062723c751e8b465ee728b) [PhysX] Initialized MultithreadedTaskDispatcher with 16 workers.
[PhysX] Initialized MultithreadedTaskDispatcher with 16 workers.
 -> (artifact id: '114cf9e8276080ac9978b75189869d1d') in 0.036917 seconds
Number of updated asset objects reloaded before import = 0
Number of asset objects unloaded after import = 2
========================================================================
Received Import Request.
  Time since last request: 0.000052 seconds.
  path: Assets/CityGen3D/Meshes/Bushes/Bush 05 n.tga
  artifactKey: Guid(fa3c64f0fa5850f40ae095641126c44c) Importer(815301076,1909f56bfc062723c751e8b465ee728b)
Start importing Assets/CityGen3D/Meshes/Bushes/Bush 05 n.tga using Guid(fa3c64f0fa5850f40ae095641126c44c) Importer(815301076,1909f56bfc062723c751e8b465ee728b) [PhysX] Initialized MultithreadedTaskDispatcher with 16 workers.
[PhysX] Initialized MultithreadedTaskDispatcher with 16 workers.
 -> (artifact id: '3321ae13fe3095c11c1c381b8bd6c608') in 0.055753 seconds
Number of updated asset objects reloaded before import = 0
Number of asset objects unloaded after import = 2
========================================================================
Received Import Request.
  Time since last request: 0.000035 seconds.
  path: Assets/Grass And Flowers Pack 1/Bush/Bush 3.png
  artifactKey: Guid(2ac19523fbb044e4e90bcad0aefaecaf) Importer(815301076,1909f56bfc062723c751e8b465ee728b)
Start importing Assets/Grass And Flowers Pack 1/Bush/Bush 3.png using Guid(2ac19523fbb044e4e90bcad0aefaecaf) Importer(815301076,1909f56bfc062723c751e8b465ee728b) [PhysX] Initialized MultithreadedTaskDispatcher with 16 workers.
[PhysX] Initialized MultithreadedTaskDispatcher with 16 workers.
 -> (artifact id: '0f8445df642585346bede858c4c61583') in 0.050324 seconds
Number of updated asset objects reloaded before import = 0
Number of asset objects unloaded after import = 2
========================================================================
Received Import Request.
  Time since last request: 0.000040 seconds.
  path: Assets/CityGen3D/Prefabs/Bush 02.prefab
  artifactKey: Guid(d3a87fdbeea9865459bd6f35fbf37e0b) Importer(815301076,1909f56bfc062723c751e8b465ee728b)
Start importing Assets/CityGen3D/Prefabs/Bush 02.prefab using Guid(d3a87fdbeea9865459bd6f35fbf37e0b) Importer(815301076,1909f56bfc062723c751e8b465ee728b) [PhysX] Initialized MultithreadedTaskDispatcher with 16 workers.
[PhysX] Initialized MultithreadedTaskDispatcher with 16 workers.
 -> (artifact id: 'd867f98699783bacb23685f17a54f72c') in 0.067174 seconds
Number of updated asset objects reloaded before import = 0
Number of asset objects unloaded after import = 10
========================================================================
Received Import Request.
  Time since last request: 0.000042 seconds.
  path: Assets/TerrainSampleAssets/Prefabs/BushDry_A.prefab
  artifactKey: Guid(176a42107ce66c44aa74a67424591597) Importer(815301076,1909f56bfc062723c751e8b465ee728b)
Start importing Assets/TerrainSampleAssets/Prefabs/BushDry_A.prefab using Guid(176a42107ce66c44aa74a67424591597) Importer(815301076,1909f56bfc062723c751e8b465ee728b) [PhysX] Initialized MultithreadedTaskDispatcher with 16 workers.
[PhysX] Initialized MultithreadedTaskDispatcher with 16 workers.
 -> (artifact id: '765bbb455cc1f0699f05579cbf55634e') in 0.073810 seconds
Number of updated asset objects reloaded before import = 0
Number of asset objects unloaded after import = 12
========================================================================
Received Import Request.
  Time since last request: 0.000041 seconds.
  path: Assets/TerrainSampleAssets/Textures/Details/BushDry_MaskMap.tif
  artifactKey: Guid(ba5d550271efae04b84eeb0e550be656) Importer(815301076,1909f56bfc062723c751e8b465ee728b)
Start importing Assets/TerrainSampleAssets/Textures/Details/BushDry_MaskMap.tif using Guid(ba5d550271efae04b84eeb0e550be656) Importer(815301076,1909f56bfc062723c751e8b465ee728b) [PhysX] Initialized MultithreadedTaskDispatcher with 16 workers.
[PhysX] Initialized MultithreadedTaskDispatcher with 16 workers.
 -> (artifact id: 'eb34038fc7f98512f6a7de8bcbc7a6a4') in 0.022607 seconds
Number of updated asset objects reloaded before import = 0
Number of asset objects unloaded after import = 2
========================================================================
Received Import Request.
  Time since last request: 0.000042 seconds.
  path: Assets/CityGen3D/Meshes/Bushes/Bush 03.tga
  artifactKey: Guid(a93429116a114944b87f3c19a192f724) Importer(815301076,1909f56bfc062723c751e8b465ee728b)
Start importing Assets/CityGen3D/Meshes/Bushes/Bush 03.tga using Guid(a93429116a114944b87f3c19a192f724) Importer(815301076,1909f56bfc062723c751e8b465ee728b) [PhysX] Initialized MultithreadedTaskDispatcher with 16 workers.
[PhysX] Initialized MultithreadedTaskDispatcher with 16 workers.
 -> (artifact id: '3213c84c75e6d062fa242a84bf2ba204') in 0.062354 seconds
Number of updated asset objects reloaded before import = 0
Number of asset objects unloaded after import = 2
========================================================================
Received Import Request.
  Time since last request: 0.000043 seconds.
  path: Assets/CityGen3D/Meshes/Bushes/Bush 02.mat
  artifactKey: Guid(35ad4f4555470ce4bb69f488fdfbf945) Importer(815301076,1909f56bfc062723c751e8b465ee728b)
Start importing Assets/CityGen3D/Meshes/Bushes/Bush 02.mat using Guid(35ad4f4555470ce4bb69f488fdfbf945) Importer(815301076,1909f56bfc062723c751e8b465ee728b) [PhysX] Initialized MultithreadedTaskDispatcher with 16 workers.
[PhysX] Initialized MultithreadedTaskDispatcher with 16 workers.
 -> (artifact id: '46fef62eb4706e8bcc1917ea327088e6') in 0.034162 seconds
Number of updated asset objects reloaded before import = 0
Number of asset objects unloaded after import = 3
========================================================================
Received Import Request.
  Time since last request: 0.000038 seconds.
  path: Assets/TerrainSampleAssets/Materials/BushDry.asset
  artifactKey: Guid(238ad6ea99d845f498c3a2334f75358a) Importer(815301076,1909f56bfc062723c751e8b465ee728b)
Start importing Assets/TerrainSampleAssets/Materials/BushDry.asset using Guid(238ad6ea99d845f498c3a2334f75358a) Importer(815301076,1909f56bfc062723c751e8b465ee728b) [PhysX] Initialized MultithreadedTaskDispatcher with 16 workers.
[PhysX] Initialized MultithreadedTaskDispatcher with 16 workers.
 -> (artifact id: '89aea1886e4a301f3b2d8847bc9a2228') in 0.053845 seconds
Number of updated asset objects reloaded before import = 0
Number of asset objects unloaded after import = 5
========================================================================
Received Import Request.
  Time since last request: 0.000042 seconds.
  path: Assets/Forst/Lux Instant Vegetation/Demo/Content/HDRP/Materials/M_RedBush_Debug HDRP.mat
  artifactKey: Guid(0416d9e4accb8694db97657f14b9af8f) Importer(815301076,1909f56bfc062723c751e8b465ee728b)
Start importing Assets/Forst/Lux Instant Vegetation/Demo/Content/HDRP/Materials/M_RedBush_Debug HDRP.mat using Guid(0416d9e4accb8694db97657f14b9af8f) Importer(815301076,1909f56bfc062723c751e8b465ee728b) [PhysX] Initialized MultithreadedTaskDispatcher with 16 workers.
[PhysX] Initialized MultithreadedTaskDispatcher with 16 workers.
 -> (artifact id: 'e677bd935aa1c563d1f897b9c3354798') in 1.167732 seconds
Number of updated asset objects reloaded before import = 0
Number of asset objects unloaded after import = 2
========================================================================
Received Import Request.
  Time since last request: 0.000045 seconds.
  path: Assets/TerrainSampleAssets/Prefabs/Details/Textures/Bush_Twig_BaseColor.tif
  artifactKey: Guid(e46379dffbb1ffd4db4312b654ed68b8) Importer(815301076,1909f56bfc062723c751e8b465ee728b)
Start importing Assets/TerrainSampleAssets/Prefabs/Details/Textures/Bush_Twig_BaseColor.tif using Guid(e46379dffbb1ffd4db4312b654ed68b8) Importer(815301076,1909f56bfc062723c751e8b465ee728b) [PhysX] Initialized MultithreadedTaskDispatcher with 16 workers.
[PhysX] Initialized MultithreadedTaskDispatcher with 16 workers.
 -> (artifact id: '13799feec5b8aee492be5a0e4b74cf30') in 0.056957 seconds
Number of updated asset objects reloaded before import = 0
Number of asset objects unloaded after import = 2
========================================================================
Received Import Request.
  Time since last request: 0.000046 seconds.
  path: Assets/TerrainSampleAssets/Prefabs/Bush_B.prefab
  artifactKey: Guid(b273de0d6e5818a4cb3195ce4f376ccb) Importer(815301076,1909f56bfc062723c751e8b465ee728b)
Start importing Assets/TerrainSampleAssets/Prefabs/Bush_B.prefab using Guid(b273de0d6e5818a4cb3195ce4f376ccb) Importer(815301076,1909f56bfc062723c751e8b465ee728b) [PhysX] Initialized MultithreadedTaskDispatcher with 16 workers.
[PhysX] Initialized MultithreadedTaskDispatcher with 16 workers.
 -> (artifact id: 'c7c7586104d008946bc55fb0e52b2744') in 0.052524 seconds
Number of updated asset objects reloaded before import = 0
Number of asset objects unloaded after import = 11
========================================================================
Received Import Request.
  Time since last request: 0.000045 seconds.
  path: Assets/Grass And Flowers Pack 1/Bush/Bush 6.png
  artifactKey: Guid(9441c1d70a7b1ad45adbf887f14ec1e9) Importer(815301076,1909f56bfc062723c751e8b465ee728b)
Start importing Assets/Grass And Flowers Pack 1/Bush/Bush 6.png using Guid(9441c1d70a7b1ad45adbf887f14ec1e9) Importer(815301076,1909f56bfc062723c751e8b465ee728b) [PhysX] Initialized MultithreadedTaskDispatcher with 16 workers.
[PhysX] Initialized MultithreadedTaskDispatcher with 16 workers.
 -> (artifact id: '4bfb97bf170bed9fac43afb5adbb7974') in 0.046994 seconds
Number of updated asset objects reloaded before import = 0
Number of asset objects unloaded after import = 2
========================================================================
Received Import Request.
  Time since last request: 0.000044 seconds.
  path: Assets/TerrainSampleAssets/Textures/Details/Bush_A_Normal.tif
  artifactKey: Guid(e1ef57925b58e624bb0ddcc506f28e94) Importer(815301076,1909f56bfc062723c751e8b465ee728b)
Start importing Assets/TerrainSampleAssets/Textures/Details/Bush_A_Normal.tif using Guid(e1ef57925b58e624bb0ddcc506f28e94) Importer(815301076,1909f56bfc062723c751e8b465ee728b) [PhysX] Initialized MultithreadedTaskDispatcher with 16 workers.
[PhysX] Initialized MultithreadedTaskDispatcher with 16 workers.
 -> (artifact id: 'caa65a57b74ae26090d8f9ede792695e') in 0.054577 seconds
Number of updated asset objects reloaded before import = 0
Number of asset objects unloaded after import = 2
========================================================================
Received Import Request.
  Time since last request: 0.000058 seconds.
  path: Assets/TerrainSampleAssets/Textures/Details/BushDry_Thickness.tif
  artifactKey: Guid(100a50e8b1d0bc04b95bc2f03cb760db) Importer(815301076,1909f56bfc062723c751e8b465ee728b)
Start importing Assets/TerrainSampleAssets/Textures/Details/BushDry_Thickness.tif using Guid(100a50e8b1d0bc04b95bc2f03cb760db) Importer(815301076,1909f56bfc062723c751e8b465ee728b) [PhysX] Initialized MultithreadedTaskDispatcher with 16 workers.
[PhysX] Initialized MultithreadedTaskDispatcher with 16 workers.
 -> (artifact id: '3386fb08b73e1a2cf32bba652fcae925') in 0.046093 seconds
Number of updated asset objects reloaded before import = 0
Number of asset objects unloaded after import = 2
========================================================================
Received Import Request.
  Time since last request: 0.000049 seconds.
  path: Assets/TerrainSampleAssets/Prefabs/Details/Textures/Bush_Twig_MaskMap.tif
  artifactKey: Guid(99c8d7f7d5b72054688fa02133cee2db) Importer(815301076,1909f56bfc062723c751e8b465ee728b)
Start importing Assets/TerrainSampleAssets/Prefabs/Details/Textures/Bush_Twig_MaskMap.tif using Guid(99c8d7f7d5b72054688fa02133cee2db) Importer(815301076,1909f56bfc062723c751e8b465ee728b) [PhysX] Initialized MultithreadedTaskDispatcher with 16 workers.
[PhysX] Initialized MultithreadedTaskDispatcher with 16 workers.
 -> (artifact id: '3cc7638310d122116947c75f714b7fe7') in 0.054802 seconds
Number of updated asset objects reloaded before import = 0
Number of asset objects unloaded after import = 2
========================================================================
Received Import Request.
  Time since last request: 0.000049 seconds.
  path: Assets/CityGen3D/Meshes/Bushes/Bush 01.tga
  artifactKey: Guid(21de88915d3f7dd419fc8adcb795b471) Importer(815301076,1909f56bfc062723c751e8b465ee728b)
Start importing Assets/CityGen3D/Meshes/Bushes/Bush 01.tga using Guid(21de88915d3f7dd419fc8adcb795b471) Importer(815301076,1909f56bfc062723c751e8b465ee728b) [PhysX] Initialized MultithreadedTaskDispatcher with 16 workers.
[PhysX] Initialized MultithreadedTaskDispatcher with 16 workers.
 -> (artifact id: 'dabea09f2194557ff6cd9d6ded2dc038') in 0.055295 seconds
Number of updated asset objects reloaded before import = 0
Number of asset objects unloaded after import = 2
========================================================================
Received Import Request.
  Time since last request: 0.000056 seconds.
  path: Assets/CityGen3D/Meshes/Bushes/Bush 03.fbx
  artifactKey: Guid(d851e116132c6ac43bf75995cb63ac6a) Importer(815301076,1909f56bfc062723c751e8b465ee728b)
Start importing Assets/CityGen3D/Meshes/Bushes/Bush 03.fbx using Guid(d851e116132c6ac43bf75995cb63ac6a) Importer(815301076,1909f56bfc062723c751e8b465ee728b) [PhysX] Initialized MultithreadedTaskDispatcher with 16 workers.
[PhysX] Initialized MultithreadedTaskDispatcher with 16 workers.
[PhysX] Initialized MultithreadedTaskDispatcher with 16 workers.
 -> (artifact id: '0874963062ceb8061598506ef2d42220') in 0.055161 seconds
Number of updated asset objects reloaded before import = 0
Number of asset objects unloaded after import = 10
========================================================================
Received Import Request.
  Time since last request: 0.000037 seconds.
  path: Assets/CityGen3D/Meshes/Bushes/Bush 04 n.tga
  artifactKey: Guid(4605eb5506127ff49a6182d88d7a2c56) Importer(815301076,1909f56bfc062723c751e8b465ee728b)
Start importing Assets/CityGen3D/Meshes/Bushes/Bush 04 n.tga using Guid(4605eb5506127ff49a6182d88d7a2c56) Importer(815301076,1909f56bfc062723c751e8b465ee728b) [PhysX] Initialized MultithreadedTaskDispatcher with 16 workers.
[PhysX] Initialized MultithreadedTaskDispatcher with 16 workers.
 -> (artifact id: '252a53b83c70c467c01e5de99d62498f') in 0.036310 seconds
Number of updated asset objects reloaded before import = 0
Number of asset objects unloaded after import = 2
========================================================================
Received Import Request.
  Time since last request: 0.000054 seconds.
  path: Assets/Grass And Flowers Pack 1/Bush/Bush 5.png
  artifactKey: Guid(1d0acc09e270a62458265b3ebddd4ebd) Importer(815301076,1909f56bfc062723c751e8b465ee728b)
Start importing Assets/Grass And Flowers Pack 1/Bush/Bush 5.png using Guid(1d0acc09e270a62458265b3ebddd4ebd) Importer(815301076,1909f56bfc062723c751e8b465ee728b) [PhysX] Initialized MultithreadedTaskDispatcher with 16 workers.
[PhysX] Initialized MultithreadedTaskDispatcher with 16 workers.
 -> (artifact id: '9de244f3b87889647be07500c084b492') in 0.048285 seconds
Number of updated asset objects reloaded before import = 0
Number of asset objects unloaded after import = 2
========================================================================
Received Import Request.
  Time since last request: 0.000037 seconds.
  path: Assets/TerrainSampleAssets/Prefabs/Details/Materials/Bush_Dry.asset
  artifactKey: Guid(95d170dba9b315841a93bacceea04926) Importer(815301076,1909f56bfc062723c751e8b465ee728b)
Start importing Assets/TerrainSampleAssets/Prefabs/Details/Materials/Bush_Dry.asset using Guid(95d170dba9b315841a93bacceea04926) Importer(815301076,1909f56bfc062723c751e8b465ee728b) [PhysX] Initialized MultithreadedTaskDispatcher with 16 workers.
[PhysX] Initialized MultithreadedTaskDispatcher with 16 workers.
 -> (artifact id: '45791eca55e4cd365906897b932fbe95') in 0.050662 seconds
Number of updated asset objects reloaded before import = 0
Number of asset objects unloaded after import = 6
========================================================================
Received Import Request.
  Time since last request: 0.000048 seconds.
  path: Assets/TerrainSampleAssets/Textures/Details/BushDry_BaseColor.tif
  artifactKey: Guid(a366a386d5147ee47b6111652608c240) Importer(815301076,1909f56bfc062723c751e8b465ee728b)
Start importing Assets/TerrainSampleAssets/Textures/Details/BushDry_BaseColor.tif using Guid(a366a386d5147ee47b6111652608c240) Importer(815301076,1909f56bfc062723c751e8b465ee728b) [PhysX] Initialized MultithreadedTaskDispatcher with 16 workers.
[PhysX] Initialized MultithreadedTaskDispatcher with 16 workers.
 -> (artifact id: '6720436e094abec31f1f2f3a4c7786fc') in 0.035030 seconds
Number of updated asset objects reloaded before import = 0
Number of asset objects unloaded after import = 2
========================================================================
Received Import Request.
  Time since last request: 0.000044 seconds.
  path: Assets/Forst/Lux Instant Vegetation/Demo/Content/HDRP/Prefabs/PF_RedBush_Var1 HDRP.prefab
  artifactKey: Guid(d6ef592e930b5f746925937640342c8c) Importer(815301076,1909f56bfc062723c751e8b465ee728b)
Start importing Assets/Forst/Lux Instant Vegetation/Demo/Content/HDRP/Prefabs/PF_RedBush_Var1 HDRP.prefab using Guid(d6ef592e930b5f746925937640342c8c) Importer(815301076,1909f56bfc062723c751e8b465ee728b) [PhysX] Initialized MultithreadedTaskDispatcher with 16 workers.
[PhysX] Initialized MultithreadedTaskDispatcher with 16 workers.
 -> (artifact id: '71dd3e96d4b1515934cd09cef3e2773e') in 1.509969 seconds
Number of updated asset objects reloaded before import = 0
Number of asset objects unloaded after import = 25
========================================================================
Received Import Request.
  Time since last request: 1.015805 seconds.
  path: Assets/Toby Fredson/The Toby Foliage Engine/(TTFE)_Demo/Prefabs/Prefabs_Vegetation - (SL)/Vegetation_Trees - (SL)/VTSpecies_Shrub Fall/ShrubBush_B_Fall.prefab
  artifactKey: Guid(a192326c8750cae4b8c6d271de322ec9) Importer(815301076,1909f56bfc062723c751e8b465ee728b)
Start importing Assets/Toby Fredson/The Toby Foliage Engine/(TTFE)_Demo/Prefabs/Prefabs_Vegetation - (SL)/Vegetation_Trees - (SL)/VTSpecies_Shrub Fall/ShrubBush_B_Fall.prefab using Guid(a192326c8750cae4b8c6d271de322ec9) Importer(815301076,1909f56bfc062723c751e8b465ee728b) [PhysX] Initialized MultithreadedTaskDispatcher with 16 workers.
[PhysX] Initialized MultithreadedTaskDispatcher with 16 workers.
Shader error in 'Toby Fredson/The Toby Foliage Engine/(TTFE) Tree Bark': 'ApplyDecalToSurfaceData': no matching 3 parameter function at Bark.shader(806) (on d3d11)

Compiling Subshader: 0, Pass: GBuffer, Fragment program with DECALS_3RT DECAL_SURFACE_GRADIENT LOD_FADE_CROSSFADE PROBE_VOLUMES_OFF _WINDTYPE_GENTLEBREEZE
Platform defines: SHADER_API_DESKTOP UNITY_ENABLE_DETAIL_NORMALMAP UNITY_ENABLE_REFLECTION_BUFFERS UNITY_LIGHTMAP_FULL_HDR UNITY_LIGHT_PROBE_PROXY_VOLUME UNITY_PBS_USE_BRDF1 UNITY_SPECCUBE_BLENDING UNITY_SPECCUBE_BOX_PROJECTION UNITY_USE_DITHER_MASK_FOR_ALPHABLENDED_SHADOWS
Disabled keywords: DEBUG_DISPLAY DECALS_4RT DECALS_OFF DIRLIGHTMAP_COMBINED DOTS_INSTANCING_ON DYNAMICLIGHTMAP_ON INSTANCING_ON LIGHTMAP_ON LIGHT_LAYERS PROBE_VOLUMES_L1 PROBE_VOLUMES_L2 SHADER_API_GLES30 SHADOWS_SHADOWMASK UNITY_ASTC_NORMALMAP_ENCODING UNITY_COLORSPACE_GAMMA UNITY_FRAMEBUFFER_FETCH_AVAILABLE UNITY_HALF_PRECISION_FRAGMENT_SHADER_REGISTERS UNITY_HARDWARE_TIER1 UNITY_HARDWARE_TIER2 UNITY_HARDWARE_TIER3 UNITY_LIGHTMAP_DLDR_ENCODING UNITY_LIGHTMAP_RGBM_ENCODING UNITY_METAL_SHADOWS_USE_POINT_FILTERING UNITY_NO_DXT5nm UNITY_NO_FULL_STANDARD_SHADER UNITY_NO_SCREENSPACE_SHADOWS UNITY_PBS_USE_BRDF2 UNITY_PBS_USE_BRDF3 UNITY_PRETRANSFORM_TO_DISPLAY_ORIENTATION UNITY_UNIFIED_SHADER_PRECISION_MODEL UNITY_VIRTUAL_TEXTURING _DISABLE_DECALS _DOUBLESIDED_ON _ENABLE_FOG_ON_TRANSPARENT _SURFACE_TYPE_TRANSPARENT _TRANSPARENT_WRITES_MOTION_VEC _WINDTYPE_WINDOFF
Shader error in 'Toby Fredson/The Toby Foliage Engine/(TTFE) Tree Foliage': 'ApplyDecalToSurfaceData': no matching 3 parameter function at Foliage.shader(887) (on d3d11)

Compiling Subshader: 0, Pass: GBuffer, Fragment program with DECALS_3RT DECAL_SURFACE_GRADIENT LOD_FADE_CROSSFADE PROBE_VOLUMES_OFF _ALPHATEST_ON _DOUBLESIDED_ON _LEAFFLUTTER_ON _SELFSHADING_ON _WINDTYPE_GENTLEBREEZE
Platform defines: SHADER_API_DESKTOP UNITY_ENABLE_DETAIL_NORMALMAP UNITY_ENABLE_REFLECTION_BUFFERS UNITY_LIGHTMAP_FULL_HDR UNITY_LIGHT_PROBE_PROXY_VOLUME UNITY_PBS_USE_BRDF1 UNITY_SPECCUBE_BLENDING UNITY_SPECCUBE_BOX_PROJECTION UNITY_USE_DITHER_MASK_FOR_ALPHABLENDED_SHADOWS
Disabled keywords: DEBUG_DISPLAY DECALS_4RT DECALS_OFF DIRLIGHTMAP_COMBINED DOTS_INSTANCING_ON DYNAMICLIGHTMAP_ON INSTANCING_ON LIGHTMAP_ON LIGHT_LAYERS PROBE_VOLUMES_L1 PROBE_VOLUMES_L2 SHADER_API_GLES30 SHADOWS_SHADOWMASK UNITY_ASTC_NORMALMAP_ENCODING UNITY_COLORSPACE_GAMMA UNITY_FRAMEBUFFER_FETCH_AVAILABLE UNITY_HALF_PRECISION_FRAGMENT_SHADER_REGISTERS UNITY_HARDWARE_TIER1 UNITY_HARDWARE_TIER2 UNITY_HARDWARE_TIER3 UNITY_LIGHTMAP_DLDR_ENCODING UNITY_LIGHTMAP_RGBM_ENCODING UNITY_METAL_SHADOWS_USE_POINT_FILTERING UNITY_NO_DXT5nm UNITY_NO_FULL_STANDARD_SHADER UNITY_NO_SCREENSPACE_SHADOWS UNITY_PBS_USE_BRDF2 UNITY_PBS_USE_BRDF3 UNITY_PRETRANSFORM_TO_DISPLAY_ORIENTATION UNITY_UNIFIED_SHADER_PRECISION_MODEL UNITY_VIRTUAL_TEXTURING _ENABLE_FOG_ON_TRANSPARENT _SURFACE_TYPE_TRANSPARENT _TRANSPARENT_WRITES_MOTION_VEC _WINDTYPE_WINDOFF
 -> (artifact id: 'b9549dbb18973385ef0dd96a8d2b2a80') in 0.454484 seconds
Number of updated asset objects reloaded before import = 0
Number of asset objects unloaded after import = 57
========================================================================
Received Import Request.
  Time since last request: 15.575521 seconds.
  path: Assets/TerrainSampleAssets/Prefabs/Bush_A.prefab
  artifactKey: Guid(0ec1c69bd47ad864f96cc2b516f6cd4b) Importer(815301076,1909f56bfc062723c751e8b465ee728b)
Start importing Assets/TerrainSampleAssets/Prefabs/Bush_A.prefab using Guid(0ec1c69bd47ad864f96cc2b516f6cd4b) Importer(815301076,1909f56bfc062723c751e8b465ee728b) [PhysX] Initialized MultithreadedTaskDispatcher with 16 workers.
[PhysX] Initialized MultithreadedTaskDispatcher with 16 workers.
 -> (artifact id: '6a0b3ddd755fc06ace4e24e939d36576') in 0.104044 seconds
Number of updated asset objects reloaded before import = 0
Number of asset objects unloaded after import = 11
========================================================================
Received Import Request.
  Time since last request: 1.579560 seconds.
  path: Assets/TerrainSampleAssets/Materials/Grass_C.asset
  artifactKey: Guid(d3f698d8d13edc2478d19e143b436434) Importer(2089858483,0ecaa5967403d082aa24f35e1b516d23)
Start importing Assets/TerrainSampleAssets/Materials/Grass_C.asset using Guid(d3f698d8d13edc2478d19e143b436434) Importer(2089858483,0ecaa5967403d082aa24f35e1b516d23) [PhysX] Initialized MultithreadedTaskDispatcher with 16 workers.
 -> (artifact id: '2034cc400ccf47954cf3b05bfe9f8e1e') in 0.369332 seconds
Number of updated asset objects reloaded before import = 0
Number of asset objects unloaded after import = 5
========================================================================
Received Import Request.
  Time since last request: 0.000048 seconds.
  path: Assets/TerrainSampleAssets/Prefabs/Water/Materials/WaterDepthBased.mat
  artifactKey: Guid(606a2cf006c309d47bb99f421ada20ca) Importer(2089858483,0ecaa5967403d082aa24f35e1b516d23)
Start importing Assets/TerrainSampleAssets/Prefabs/Water/Materials/WaterDepthBased.mat using Guid(606a2cf006c309d47bb99f421ada20ca) Importer(2089858483,0ecaa5967403d082aa24f35e1b516d23) [PhysX] Initialized MultithreadedTaskDispatcher with 16 workers.
 -> (artifact id: 'd47394aee0c596435861524c57632c77') in 0.644600 seconds
Number of updated asset objects reloaded before import = 0
Number of asset objects unloaded after import = 6
========================================================================
Received Import Request.
  Time since last request: 4.184102 seconds.
  path: Assets/Realistic Tree/Prefabs/Standard/Chestnut/Chestnut 1.prefab
  artifactKey: Guid(31ba5c3a1b4ba5545a78485c6672365e) Importer(815301076,1909f56bfc062723c751e8b465ee728b)
Start importing Assets/Realistic Tree/Prefabs/Standard/Chestnut/Chestnut 1.prefab using Guid(31ba5c3a1b4ba5545a78485c6672365e) Importer(815301076,1909f56bfc062723c751e8b465ee728b) [PhysX] Initialized MultithreadedTaskDispatcher with 16 workers.
[PhysX] Initialized MultithreadedTaskDispatcher with 16 workers.
 -> (artifact id: '7ad0710a812dfe16b150ad70397ac859') in 0.109768 seconds
Number of updated asset objects reloaded before import = 0
Number of asset objects unloaded after import = 171
========================================================================
Received Import Request.
  Time since last request: 0.000044 seconds.
  path: Assets/Realistic Tree/Prefabs/Standard/Chestnut/Chestnut 8.prefab
  artifactKey: Guid(4b0b7f74bec98714c8538a3de574f7cb) Importer(815301076,1909f56bfc062723c751e8b465ee728b)
Start importing Assets/Realistic Tree/Prefabs/Standard/Chestnut/Chestnut 8.prefab using Guid(4b0b7f74bec98714c8538a3de574f7cb) Importer(815301076,1909f56bfc062723c751e8b465ee728b) [PhysX] Initialized MultithreadedTaskDispatcher with 16 workers.
[PhysX] Initialized MultithreadedTaskDispatcher with 16 workers.
 -> (artifact id: '9e2958876ca31baf0bcd8ba27e952a6d') in 0.086386 seconds
Number of updated asset objects reloaded before import = 0
Number of asset objects unloaded after import = 206
========================================================================
Received Import Request.
  Time since last request: 0.000051 seconds.
  path: Assets/Realistic Tree/Prefabs/HDRP/Chestnut/Chestnut 4.prefab
  artifactKey: Guid(c75aa25e9923fdd4daf671de36e0a36f) Importer(815301076,1909f56bfc062723c751e8b465ee728b)
Start importing Assets/Realistic Tree/Prefabs/HDRP/Chestnut/Chestnut 4.prefab using Guid(c75aa25e9923fdd4daf671de36e0a36f) Importer(815301076,1909f56bfc062723c751e8b465ee728b) [PhysX] Initialized MultithreadedTaskDispatcher with 16 workers.
[PhysX] Initialized MultithreadedTaskDispatcher with 16 workers.
 -> (artifact id: '435b86281d2d89bfcef0e037833b0184') in 0.069709 seconds
Number of updated asset objects reloaded before import = 0
Number of asset objects unloaded after import = 171
========================================================================
Received Import Request.
  Time since last request: 0.000041 seconds.
  path: Assets/Realistic Tree/Prefabs/URP/Chestnut/Chestnut 5.prefab
  artifactKey: Guid(0a37a79028ba9924a819af7ab8357711) Importer(815301076,1909f56bfc062723c751e8b465ee728b)
Start importing Assets/Realistic Tree/Prefabs/URP/Chestnut/Chestnut 5.prefab using Guid(0a37a79028ba9924a819af7ab8357711) Importer(815301076,1909f56bfc062723c751e8b465ee728b) [PhysX] Initialized MultithreadedTaskDispatcher with 16 workers.
[PhysX] Initialized MultithreadedTaskDispatcher with 16 workers.
 -> (artifact id: '5cd8c24fc72dca559342f46a8cfbd69f') in 0.085037 seconds
Number of updated asset objects reloaded before import = 0
Number of asset objects unloaded after import = 210
========================================================================
Received Import Request.
  Time since last request: 0.000040 seconds.
  path: Assets/TerrainSampleAssets/Prefabs/Lighting/ExtentsLightProbes.prefab
  artifactKey: Guid(67143f4ca4712b74d976245b72441097) Importer(815301076,1909f56bfc062723c751e8b465ee728b)
Start importing Assets/TerrainSampleAssets/Prefabs/Lighting/ExtentsLightProbes.prefab using Guid(67143f4ca4712b74d976245b72441097) Importer(815301076,1909f56bfc062723c751e8b465ee728b) [PhysX] Initialized MultithreadedTaskDispatcher with 16 workers.
 -> (artifact id: '085fb999481e8f4b73a2ebe86210b343') in 0.003748 seconds
Number of updated asset objects reloaded before import = 0
Number of asset objects unloaded after import = 5
========================================================================
Received Import Request.
  Time since last request: 0.000085 seconds.
  path: Assets/Realistic Tree/Prefabs/Standard/Chestnut/Chestnut 4.prefab
  artifactKey: Guid(fd7e122ecf175974fb367bcffbd16ba1) Importer(815301076,1909f56bfc062723c751e8b465ee728b)
Start importing Assets/Realistic Tree/Prefabs/Standard/Chestnut/Chestnut 4.prefab using Guid(fd7e122ecf175974fb367bcffbd16ba1) Importer(815301076,1909f56bfc062723c751e8b465ee728b) [PhysX] Initialized MultithreadedTaskDispatcher with 16 workers.
[PhysX] Initialized MultithreadedTaskDispatcher with 16 workers.
 -> (artifact id: '1b0ed9bf396861668ead89add031c3a5') in 0.111499 seconds
Number of updated asset objects reloaded before import = 0
Number of asset objects unloaded after import = 170
========================================================================
Received Import Request.
  Time since last request: 0.000101 seconds.
  path: Assets/Realistic Tree/Prefabs/HDRP/Chestnut/Chestnut 2.prefab
  artifactKey: Guid(10802329ab9ffcc45929153cba6c8023) Importer(815301076,1909f56bfc062723c751e8b465ee728b)
Start importing Assets/Realistic Tree/Prefabs/HDRP/Chestnut/Chestnut 2.prefab using Guid(10802329ab9ffcc45929153cba6c8023) Importer(815301076,1909f56bfc062723c751e8b465ee728b) [PhysX] Initialized MultithreadedTaskDispatcher with 16 workers.
[PhysX] Initialized MultithreadedTaskDispatcher with 16 workers.
 -> (artifact id: 'c2daacf59af19a8f4a50a7dce16eaa56') in 0.104996 seconds
Number of updated asset objects reloaded before import = 0
Number of asset objects unloaded after import = 171
========================================================================
Received Import Request.
  Time since last request: 0.000052 seconds.
  path: Assets/Realistic Tree/Prefabs/URP/Chestnut/Chestnut 2.prefab
  artifactKey: Guid(39460f06c7d6a25459bdfcf49f99a801) Importer(815301076,1909f56bfc062723c751e8b465ee728b)
Start importing Assets/Realistic Tree/Prefabs/URP/Chestnut/Chestnut 2.prefab using Guid(39460f06c7d6a25459bdfcf49f99a801) Importer(815301076,1909f56bfc062723c751e8b465ee728b) [PhysX] Initialized MultithreadedTaskDispatcher with 16 workers.
[PhysX] Initialized MultithreadedTaskDispatcher with 16 workers.
 -> (artifact id: '360fbb1a187da54d95db292dcd2cfb8e') in 0.108416 seconds
Number of updated asset objects reloaded before import = 0
Number of asset objects unloaded after import = 174
========================================================================
Received Import Request.
  Time since last request: 0.000048 seconds.
  path: Assets/Realistic Tree/Prefabs/Standard/Chestnut/Chestnut 3.prefab
  artifactKey: Guid(2cd7a1950f2cad949b3484396d7ce863) Importer(815301076,1909f56bfc062723c751e8b465ee728b)
Start importing Assets/Realistic Tree/Prefabs/Standard/Chestnut/Chestnut 3.prefab using Guid(2cd7a1950f2cad949b3484396d7ce863) Importer(815301076,1909f56bfc062723c751e8b465ee728b) [PhysX] Initialized MultithreadedTaskDispatcher with 16 workers.
[PhysX] Initialized MultithreadedTaskDispatcher with 16 workers.
 -> (artifact id: '0c0e08178956969cf9d0d54e06cc7502') in 0.100349 seconds
Number of updated asset objects reloaded before import = 0
Number of asset objects unloaded after import = 170
========================================================================
Received Import Request.
  Time since last request: 0.000058 seconds.
  path: Assets/Realistic Tree/Prefabs/URP/Chestnut/Chestnut 8.prefab
  artifactKey: Guid(c4b1d2c471aaff04898b4c566e7d08f2) Importer(815301076,1909f56bfc062723c751e8b465ee728b)
Start importing Assets/Realistic Tree/Prefabs/URP/Chestnut/Chestnut 8.prefab using Guid(c4b1d2c471aaff04898b4c566e7d08f2) Importer(815301076,1909f56bfc062723c751e8b465ee728b) [PhysX] Initialized MultithreadedTaskDispatcher with 16 workers.
[PhysX] Initialized MultithreadedTaskDispatcher with 16 workers.
 -> (artifact id: 'e5b56e92e740bafb85286491fdbf12bc') in 0.105683 seconds
Number of updated asset objects reloaded before import = 0
Number of asset objects unloaded after import = 210
========================================================================
Received Import Request.
  Time since last request: 0.000044 seconds.
  path: Assets/TerrainSampleAssets/Prefabs/Shots/ForestShot.prefab
  artifactKey: Guid(c06880acad686418fa27ce1fb2a02e57) Importer(815301076,1909f56bfc062723c751e8b465ee728b)
Start importing Assets/TerrainSampleAssets/Prefabs/Shots/ForestShot.prefab using Guid(c06880acad686418fa27ce1fb2a02e57) Importer(815301076,1909f56bfc062723c751e8b465ee728b) [PhysX] Initialized MultithreadedTaskDispatcher with 16 workers.
 -> (artifact id: '6f7950894cb45eea7be613a908d07582') in 0.013473 seconds
Number of updated asset objects reloaded before import = 0
Number of asset objects unloaded after import = 40
========================================================================
Received Import Request.
  Time since last request: 0.755467 seconds.
  path: Assets/TerrainSampleAssets/Prefabs/Grass_C.prefab
  artifactKey: Guid(4c72217d56dcb6749a897a75cad1f34e) Importer(815301076,1909f56bfc062723c751e8b465ee728b)
Start importing Assets/TerrainSampleAssets/Prefabs/Grass_C.prefab using Guid(4c72217d56dcb6749a897a75cad1f34e) Importer(815301076,1909f56bfc062723c751e8b465ee728b) [PhysX] Initialized MultithreadedTaskDispatcher with 16 workers.
[PhysX] Initialized MultithreadedTaskDispatcher with 16 workers.
 -> (artifact id: '905975f53a95002e75d175dc656da08d') in 0.077677 seconds
Number of updated asset objects reloaded before import = 0
Number of asset objects unloaded after import = 14
========================================================================
Received Import Request.
  Time since last request: 0.000046 seconds.
  path: Assets/Toby Fredson/The Toby Foliage Engine/(TTFE)_Demo/Prefabs/Prefabs_Vegetation - (SL)/Vegetation_Plants - (SL)/VP_Grass Fall/GrassShort_A_Fall.prefab
  artifactKey: Guid(8d7e5bce2f57dfc4ba95610779453301) Importer(815301076,1909f56bfc062723c751e8b465ee728b)
Start importing Assets/Toby Fredson/The Toby Foliage Engine/(TTFE)_Demo/Prefabs/Prefabs_Vegetation - (SL)/Vegetation_Plants - (SL)/VP_Grass Fall/GrassShort_A_Fall.prefab using Guid(8d7e5bce2f57dfc4ba95610779453301) Importer(815301076,1909f56bfc062723c751e8b465ee728b) [PhysX] Initialized MultithreadedTaskDispatcher with 16 workers.
[PhysX] Initialized MultithreadedTaskDispatcher with 16 workers.
Shader error in 'Toby Fredson/The Toby Foliage Engine/(TTFE) Grass Foliage': 'ApplyDecalToSurfaceData': no matching 3 parameter function at Foliage.shader(880) (on d3d11)

Compiling Subshader: 0, Pass: GBuffer, Fragment program with DECALS_3RT DECAL_SURFACE_GRADIENT LOD_FADE_CROSSFADE PROBE_VOLUMES_OFF _ALPHATEST_ON _CONTINUOUSWINDGENTLE_ON _DOUBLESIDED_ON _WINDTYPE_GENTLEBREEZE
Platform defines: SHADER_API_DESKTOP UNITY_ENABLE_DETAIL_NORMALMAP UNITY_ENABLE_REFLECTION_BUFFERS UNITY_LIGHTMAP_FULL_HDR UNITY_LIGHT_PROBE_PROXY_VOLUME UNITY_PBS_USE_BRDF1 UNITY_SPECCUBE_BLENDING UNITY_SPECCUBE_BOX_PROJECTION UNITY_USE_DITHER_MASK_FOR_ALPHABLENDED_SHADOWS
Disabled keywords: DEBUG_DISPLAY DECALS_4RT DECALS_OFF DIRLIGHTMAP_COMBINED DOTS_INSTANCING_ON DYNAMICLIGHTMAP_ON INSTANCING_ON LIGHTMAP_ON LIGHT_LAYERS PROBE_VOLUMES_L1 PROBE_VOLUMES_L2 SHADER_API_GLES30 SHADOWS_SHADOWMASK UNITY_ASTC_NORMALMAP_ENCODING UNITY_COLORSPACE_GAMMA UNITY_FRAMEBUFFER_FETCH_AVAILABLE UNITY_HALF_PRECISION_FRAGMENT_SHADER_REGISTERS UNITY_HARDWARE_TIER1 UNITY_HARDWARE_TIER2 UNITY_HARDWARE_TIER3 UNITY_LIGHTMAP_DLDR_ENCODING UNITY_LIGHTMAP_RGBM_ENCODING UNITY_METAL_SHADOWS_USE_POINT_FILTERING UNITY_NO_DXT5nm UNITY_NO_FULL_STANDARD_SHADER UNITY_NO_SCREENSPACE_SHADOWS UNITY_PBS_USE_BRDF2 UNITY_PBS_USE_BRDF3 UNITY_PRETRANSFORM_TO_DISPLAY_ORIENTATION UNITY_UNIFIED_SHADER_PRECISION_MODEL UNITY_VIRTUAL_TEXTURING _ENABLE_FOG_ON_TRANSPARENT _SURFACE_TYPE_TRANSPARENT _TRANSPARENT_WRITES_MOTION_VEC _WINDTYPE_WINDOFF
 -> (artifact id: '514b9a323907b2ad67e29c1150022054') in 0.879241 seconds
Number of updated asset objects reloaded before import = 0
Number of asset objects unloaded after import = 26
========================================================================
Received Import Request.
  Time since last request: 0.000049 seconds.
  path: Assets/Toby Fredson/The Toby Foliage Engine/(TTFE)_Demo/Prefabs/Prefabs_Vegetation - (SL)/Vegetation_Plants - (SL)/VP_Grass Fall/GrassMedium_D_Fall.prefab
  artifactKey: Guid(295ecb09bf5d4374fad17732fc477ee1) Importer(815301076,1909f56bfc062723c751e8b465ee728b)
Start importing Assets/Toby Fredson/The Toby Foliage Engine/(TTFE)_Demo/Prefabs/Prefabs_Vegetation - (SL)/Vegetation_Plants - (SL)/VP_Grass Fall/GrassMedium_D_Fall.prefab using Guid(295ecb09bf5d4374fad17732fc477ee1) Importer(815301076,1909f56bfc062723c751e8b465ee728b) [PhysX] Initialized MultithreadedTaskDispatcher with 16 workers.
[PhysX] Initialized MultithreadedTaskDispatcher with 16 workers.
Shader error in 'Toby Fredson/The Toby Foliage Engine/(TTFE) Grass Foliage': 'ApplyDecalToSurfaceData': no matching 3 parameter function at Foliage.shader(880) (on d3d11)

Compiling Subshader: 0, Pass: GBuffer, Fragment program with DECALS_3RT DECAL_SURFACE_GRADIENT LOD_FADE_CROSSFADE PROBE_VOLUMES_OFF _ALPHATEST_ON _CONTINUOUSWINDGENTLE_ON _DOUBLESIDED_ON _WINDTYPE_GENTLEBREEZE
Platform defines: SHADER_API_DESKTOP UNITY_ENABLE_DETAIL_NORMALMAP UNITY_ENABLE_REFLECTION_BUFFERS UNITY_LIGHTMAP_FULL_HDR UNITY_LIGHT_PROBE_PROXY_VOLUME UNITY_PBS_USE_BRDF1 UNITY_SPECCUBE_BLENDING UNITY_SPECCUBE_BOX_PROJECTION UNITY_USE_DITHER_MASK_FOR_ALPHABLENDED_SHADOWS
Disabled keywords: DEBUG_DISPLAY DECALS_4RT DECALS_OFF DIRLIGHTMAP_COMBINED DOTS_INSTANCING_ON DYNAMICLIGHTMAP_ON INSTANCING_ON LIGHTMAP_ON LIGHT_LAYERS PROBE_VOLUMES_L1 PROBE_VOLUMES_L2 SHADER_API_GLES30 SHADOWS_SHADOWMASK UNITY_ASTC_NORMALMAP_ENCODING UNITY_COLORSPACE_GAMMA UNITY_FRAMEBUFFER_FETCH_AVAILABLE UNITY_HALF_PRECISION_FRAGMENT_SHADER_REGISTERS UNITY_HARDWARE_TIER1 UNITY_HARDWARE_TIER2 UNITY_HARDWARE_TIER3 UNITY_LIGHTMAP_DLDR_ENCODING UNITY_LIGHTMAP_RGBM_ENCODING UNITY_METAL_SHADOWS_USE_POINT_FILTERING UNITY_NO_DXT5nm UNITY_NO_FULL_STANDARD_SHADER UNITY_NO_SCREENSPACE_SHADOWS UNITY_PBS_USE_BRDF2 UNITY_PBS_USE_BRDF3 UNITY_PRETRANSFORM_TO_DISPLAY_ORIENTATION UNITY_UNIFIED_SHADER_PRECISION_MODEL UNITY_VIRTUAL_TEXTURING _ENABLE_FOG_ON_TRANSPARENT _SURFACE_TYPE_TRANSPARENT _TRANSPARENT_WRITES_MOTION_VEC _WINDTYPE_WINDOFF
 -> (artifact id: 'b723964eb75f4577b84f4282b925bce1') in 0.239626 seconds
Number of updated asset objects reloaded before import = 0
Number of asset objects unloaded after import = 48
========================================================================
Received Import Request.
  Time since last request: 0.000064 seconds.
  path: Assets/Toby Fredson/The Toby Foliage Engine/(TTFE)_Demo/Prefabs/Prefabs_Vegetation - (SL)/Vegetation_Plants - (SL)/VP_Grass Fall/GrassShort_B_Fall.prefab
  artifactKey: Guid(2a848622621cfee49802d284e2216eb1) Importer(815301076,1909f56bfc062723c751e8b465ee728b)
Start importing Assets/Toby Fredson/The Toby Foliage Engine/(TTFE)_Demo/Prefabs/Prefabs_Vegetation - (SL)/Vegetation_Plants - (SL)/VP_Grass Fall/GrassShort_B_Fall.prefab using Guid(2a848622621cfee49802d284e2216eb1) Importer(815301076,1909f56bfc062723c751e8b465ee728b) [PhysX] Initialized MultithreadedTaskDispatcher with 16 workers.
[PhysX] Initialized MultithreadedTaskDispatcher with 16 workers.
 -> (artifact id: '4c6e9b0be51b6201e91a4dcbc05430ab') in 0.152184 seconds
Number of updated asset objects reloaded before import = 0
Number of asset objects unloaded after import = 26
========================================================================
Received Import Request.
  Time since last request: 0.000105 seconds.
  path: Assets/Toby Fredson/The Toby Foliage Engine/(TTFE)_Demo/Prefabs/Prefabs_Vegetation - (SL)/Vegetation_Plants - (SL)/VP_Grass Fall/GrassShort_D_Fall.prefab
  artifactKey: Guid(914c0aea023c53f46b75a47186494ae6) Importer(815301076,1909f56bfc062723c751e8b465ee728b)
Start importing Assets/Toby Fredson/The Toby Foliage Engine/(TTFE)_Demo/Prefabs/Prefabs_Vegetation - (SL)/Vegetation_Plants - (SL)/VP_Grass Fall/GrassShort_D_Fall.prefab using Guid(914c0aea023c53f46b75a47186494ae6) Importer(815301076,1909f56bfc062723c751e8b465ee728b) [PhysX] Initialized MultithreadedTaskDispatcher with 16 workers.
[PhysX] Initialized MultithreadedTaskDispatcher with 16 workers.
 -> (artifact id: 'b5d71f06efe2da59b7a7ecd73b9d90dc') in 0.146367 seconds
Number of updated asset objects reloaded before import = 0
Number of asset objects unloaded after import = 26
========================================================================
Received Import Request.
  Time since last request: 0.000106 seconds.
  path: Assets/Toby Fredson/The Toby Foliage Engine/(TTFE)_Demo/Prefabs/Prefabs_Vegetation - (SL)/Vegetation_Plants - (SL)/VP_Grass Fall/GrassShort_C_Fall.prefab
  artifactKey: Guid(dd28f181951d4cf4c905bf7a995b1a61) Importer(815301076,1909f56bfc062723c751e8b465ee728b)
Start importing Assets/Toby Fredson/The Toby Foliage Engine/(TTFE)_Demo/Prefabs/Prefabs_Vegetation - (SL)/Vegetation_Plants - (SL)/VP_Grass Fall/GrassShort_C_Fall.prefab using Guid(dd28f181951d4cf4c905bf7a995b1a61) Importer(815301076,1909f56bfc062723c751e8b465ee728b) [PhysX] Initialized MultithreadedTaskDispatcher with 16 workers.
[PhysX] Initialized MultithreadedTaskDispatcher with 16 workers.
 -> (artifact id: '1c57349be801cf818ce14a2c6766e088') in 0.110186 seconds
Number of updated asset objects reloaded before import = 0
Number of asset objects unloaded after import = 26
========================================================================
Received Import Request.
  Time since last request: 0.000053 seconds.
  path: Assets/Toby Fredson/The Toby Foliage Engine/(TTFE)_Demo/Prefabs/Prefabs_Vegetation - (SL)/Vegetation_Plants - (SL)/VP_GrassSingle Fall/Grass_Single_X_Fall.prefab
  artifactKey: Guid(1d6315690dff59541b19138f5d18ca34) Importer(815301076,1909f56bfc062723c751e8b465ee728b)
Start importing Assets/Toby Fredson/The Toby Foliage Engine/(TTFE)_Demo/Prefabs/Prefabs_Vegetation - (SL)/Vegetation_Plants - (SL)/VP_GrassSingle Fall/Grass_Single_X_Fall.prefab using Guid(1d6315690dff59541b19138f5d18ca34) Importer(815301076,1909f56bfc062723c751e8b465ee728b) [PhysX] Initialized MultithreadedTaskDispatcher with 16 workers.
[PhysX] Initialized MultithreadedTaskDispatcher with 16 workers.
 -> (artifact id: 'b9b4e6f3f47301a8b357dee5d3a9348a') in 0.115303 seconds
Number of updated asset objects reloaded before import = 0
Number of asset objects unloaded after import = 22
========================================================================
Received Import Request.
  Time since last request: 41.725559 seconds.
  path: Assets/NatureManufacture Assets/Advanced Foliage Pack
  artifactKey: Guid(ed9d9161748df944a898d5abe0504c29) Importer(815301076,1909f56bfc062723c751e8b465ee728b)
Start importing Assets/NatureManufacture Assets/Advanced Foliage Pack using Guid(ed9d9161748df944a898d5abe0504c29) Importer(815301076,1909f56bfc062723c751e8b465ee728b) [PhysX] Initialized MultithreadedTaskDispatcher with 16 workers.
 -> (artifact id: 'dd86c4c1cb619047dbc4006e87c8458d') in 0.000804 seconds
Number of updated asset objects reloaded before import = 0
Number of asset objects unloaded after import = 0
========================================================================
Received Import Request.
  Time since last request: 4.025396 seconds.
  path: Assets/NatureManufacture Assets/Advanced Foliage Pack/HD and URP Support Packs Foliage
  artifactKey: Guid(d4aeedd0db88d9349a3f49f0e27255cf) Importer(815301076,1909f56bfc062723c751e8b465ee728b)
Start importing Assets/NatureManufacture Assets/Advanced Foliage Pack/HD and URP Support Packs Foliage using Guid(d4aeedd0db88d9349a3f49f0e27255cf) Importer(815301076,1909f56bfc062723c751e8b465ee728b) [PhysX] Initialized MultithreadedTaskDispatcher with 16 workers.
 -> (artifact id: 'ba3a47f3cfab725cba2d94051f3f8528') in 0.000749 seconds
Number of updated asset objects reloaded before import = 0
Number of asset objects unloaded after import = 0
========================================================================
Received Import Request.
  Time since last request: 4.001774 seconds.
  path: Assets/NatureManufacture Assets/Advanced Foliage Pack/HD and URP Support Packs Foliage/HD RP 14.0+ Unity 2022.3f10 Advanced Foliage Pack.unitypackage
  artifactKey: Guid(4f69e8aa01ba2184fa5eb4fad81d0ac2) Importer(815301076,1909f56bfc062723c751e8b465ee728b)
Start importing Assets/NatureManufacture Assets/Advanced Foliage Pack/HD and URP Support Packs Foliage/HD RP 14.0+ Unity 2022.3f10 Advanced Foliage Pack.unitypackage using Guid(4f69e8aa01ba2184fa5eb4fad81d0ac2) Importer(815301076,1909f56bfc062723c751e8b465ee728b) [PhysX] Initialized MultithreadedTaskDispatcher with 16 workers.
 -> (artifact id: '2370514993db2e4f77f7f5d069228a09') in 0.001360 seconds
Number of updated asset objects reloaded before import = 0
Number of asset objects unloaded after import = 1
========================================================================
Received Import Request.
  Time since last request: 2.089405 seconds.
  path: Assets/NatureManufacture Assets/Advanced Foliage Pack/HD and URP Support Packs Foliage/URP 14.0+ Unity 2022.3 Advanced Foliage Pack.unitypackage
  artifactKey: Guid(121c0f0fd75272c43a12873548df6970) Importer(815301076,1909f56bfc062723c751e8b465ee728b)
Start importing Assets/NatureManufacture Assets/Advanced Foliage Pack/HD and URP Support Packs Foliage/URP 14.0+ Unity 2022.3 Advanced Foliage Pack.unitypackage using Guid(121c0f0fd75272c43a12873548df6970) Importer(815301076,1909f56bfc062723c751e8b465ee728b) [PhysX] Initialized MultithreadedTaskDispatcher with 16 workers.
 -> (artifact id: '3b3e362c8a64b87445986ae1005cd90d') in 0.001250 seconds
Number of updated asset objects reloaded before import = 0
Number of asset objects unloaded after import = 1
========================================================================
Received Import Request.
  Time since last request: 4.194248 seconds.
  path: Assets/NatureManufacture Assets/Advanced Foliage Pack/HD and URP Support Packs Foliage/README - 14.0 + HD RP Import Foliage.txt
  artifactKey: Guid(9bfcc965e0c5ee9409078874f448d32c) Importer(815301076,1909f56bfc062723c751e8b465ee728b)
Start importing Assets/NatureManufacture Assets/Advanced Foliage Pack/HD and URP Support Packs Foliage/README - 14.0 + HD RP Import Foliage.txt using Guid(9bfcc965e0c5ee9409078874f448d32c) Importer(815301076,1909f56bfc062723c751e8b465ee728b) [PhysX] Initialized MultithreadedTaskDispatcher with 16 workers.
 -> (artifact id: 'dca7869572c7d10d7cac2bf5a5835262') in 0.001391 seconds
Number of updated asset objects reloaded before import = 0
Number of asset objects unloaded after import = 1
========================================================================
Received Import Request.
  Time since last request: 57.489651 seconds.
  path: Assets/NatureManufacture Assets/Advanced Foliage Pack/Ground Textures/Materials/T_Ground_Grass_03.mat
  artifactKey: Guid(057451d2456630849bd4b259e75f2185) Importer(2089858483,0ecaa5967403d082aa24f35e1b516d23)
Start importing Assets/NatureManufacture Assets/Advanced Foliage Pack/Ground Textures/Materials/T_Ground_Grass_03.mat using Guid(057451d2456630849bd4b259e75f2185) Importer(2089858483,0ecaa5967403d082aa24f35e1b516d23) [PhysX] Initialized MultithreadedTaskDispatcher with 16 workers.
 -> (artifact id: '6a3c68299a40c02395071bfd4310abde') in 0.245397 seconds
Number of updated asset objects reloaded before import = 0
Number of asset objects unloaded after import = 5
========================================================================
Received Import Request.
  Time since last request: 0.000199 seconds.
  path: Assets/NatureManufacture Assets/Advanced Foliage Pack/Advanced Grass/Prefabs/prefab_SM_ground_foliage_04_0.prefab
  artifactKey: Guid(ce1acd70f28a9a449806805e271f3d5b) Importer(2089858483,0ecaa5967403d082aa24f35e1b516d23)
Start importing Assets/NatureManufacture Assets/Advanced Foliage Pack/Advanced Grass/Prefabs/prefab_SM_ground_foliage_04_0.prefab using Guid(ce1acd70f28a9a449806805e271f3d5b) Importer(2089858483,0ecaa5967403d082aa24f35e1b516d23) [PhysX] Initialized MultithreadedTaskDispatcher with 16 workers.
 -> (artifact id: '5b23eaece682a93ae4164ab1c5cd48d5') in 0.177388 seconds
Number of updated asset objects reloaded before import = 0
Number of asset objects unloaded after import = 15
========================================================================
Received Import Request.
  Time since last request: 0.000637 seconds.
  path: Assets/NatureManufacture Assets/Advanced Foliage Pack/Ground Textures/Materials/T_Ground_Forest_Dirt_01.mat
  artifactKey: Guid(8c0eab25bc0669d4a800bc83af0add88) Importer(2089858483,0ecaa5967403d082aa24f35e1b516d23)
Start importing Assets/NatureManufacture Assets/Advanced Foliage Pack/Ground Textures/Materials/T_Ground_Forest_Dirt_01.mat using Guid(8c0eab25bc0669d4a800bc83af0add88) Importer(2089858483,0ecaa5967403d082aa24f35e1b516d23) [PhysX] Initialized MultithreadedTaskDispatcher with 16 workers.
 -> (artifact id: '4da522815795645468efdd7fb8f36895') in 0.341117 seconds
Number of updated asset objects reloaded before import = 0
Number of asset objects unloaded after import = 5
========================================================================
Received Import Request.
  Time since last request: 0.001335 seconds.
  path: Assets/NatureManufacture Assets/Advanced Foliage Pack/Advanced Grass/Materials/M_fern_01.mat
  artifactKey: Guid(846647079a01dac4ba5d4a20d994921c) Importer(2089858483,0ecaa5967403d082aa24f35e1b516d23)
Start importing Assets/NatureManufacture Assets/Advanced Foliage Pack/Advanced Grass/Materials/M_fern_01.mat using Guid(846647079a01dac4ba5d4a20d994921c) Importer(2089858483,0ecaa5967403d082aa24f35e1b516d23) [PhysX] Initialized MultithreadedTaskDispatcher with 16 workers.
 -> (artifact id: '071377dfd1e8e55050c02f47f2bb6c5d') in 0.288403 seconds
Number of updated asset objects reloaded before import = 0
Number of asset objects unloaded after import = 5
========================================================================
Received Import Request.
  Time since last request: 0.000082 seconds.
  path: Assets/NatureManufacture Assets/Advanced Foliage Pack/Advanced Grass/Prefabs/prefab_SM_ground_foliage_02_1.prefab
  artifactKey: Guid(a5ccbc162888ca546b181cc382899bf5) Importer(2089858483,0ecaa5967403d082aa24f35e1b516d23)
Start importing Assets/NatureManufacture Assets/Advanced Foliage Pack/Advanced Grass/Prefabs/prefab_SM_ground_foliage_02_1.prefab using Guid(a5ccbc162888ca546b181cc382899bf5) Importer(2089858483,0ecaa5967403d082aa24f35e1b516d23) [PhysX] Initialized MultithreadedTaskDispatcher with 16 workers.
 -> (artifact id: '35cae4e3ff6d62ac6535589e564f06f3') in 0.223957 seconds
Number of updated asset objects reloaded before import = 0
Number of asset objects unloaded after import = 20
========================================================================
Received Import Request.
  Time since last request: 0.000145 seconds.
  path: Assets/NatureManufacture Assets/Advanced Foliage Pack/Advanced Grass/Materials Snow/M_Snow_ground_foliage_04.mat
  artifactKey: Guid(f854e68c703f8254f8c4cd6c3aed610b) Importer(2089858483,0ecaa5967403d082aa24f35e1b516d23)
Start importing Assets/NatureManufacture Assets/Advanced Foliage Pack/Advanced Grass/Materials Snow/M_Snow_ground_foliage_04.mat using Guid(f854e68c703f8254f8c4cd6c3aed610b) Importer(2089858483,0ecaa5967403d082aa24f35e1b516d23) [PhysX] Initialized MultithreadedTaskDispatcher with 16 workers.
 -> (artifact id: '80b56cc03bf594864a201ad5d516229f') in 0.166978 seconds
Number of updated asset objects reloaded before import = 0
Number of asset objects unloaded after import = 6
========================================================================
Received Import Request.
  Time since last request: 0.000068 seconds.
  path: Assets/NatureManufacture Assets/Advanced Foliage Pack/Advanced Grass/Materials/M_clover_01.mat
  artifactKey: Guid(bf28a9f41a0e84f49a647da27e4c199b) Importer(2089858483,0ecaa5967403d082aa24f35e1b516d23)
Start importing Assets/NatureManufacture Assets/Advanced Foliage Pack/Advanced Grass/Materials/M_clover_01.mat using Guid(bf28a9f41a0e84f49a647da27e4c199b) Importer(2089858483,0ecaa5967403d082aa24f35e1b516d23) [PhysX] Initialized MultithreadedTaskDispatcher with 16 workers.
 -> (artifact id: '5420efdef821860b5a5400f3dd694481') in 0.375820 seconds
Number of updated asset objects reloaded before import = 0
Number of asset objects unloaded after import = 5
========================================================================
Received Import Request.
  Time since last request: 0.034739 seconds.
  path: Assets/NatureManufacture Assets/Advanced Foliage Pack/Advanced Grass/Prefabs/prefab_SM_fern_01_1.prefab
  artifactKey: Guid(0eab4778608713248bb23b7272985900) Importer(2089858483,0ecaa5967403d082aa24f35e1b516d23)
Start importing Assets/NatureManufacture Assets/Advanced Foliage Pack/Advanced Grass/Prefabs/prefab_SM_fern_01_1.prefab using Guid(0eab4778608713248bb23b7272985900) Importer(2089858483,0ecaa5967403d082aa24f35e1b516d23) [PhysX] Initialized MultithreadedTaskDispatcher with 16 workers.
 -> (artifact id: 'be661f175541c039c837dec9e85a58ff') in 0.128594 seconds
Number of updated asset objects reloaded before import = 0
Number of asset objects unloaded after import = 20
========================================================================
Received Import Request.
  Time since last request: 0.010730 seconds.
  path: Assets/NatureManufacture Assets/Advanced Foliage Pack/Advanced Grass/Materials/M_ground_foliage_03.mat
  artifactKey: Guid(f4fd61d6d77da594994c711c7c7532f3) Importer(2089858483,0ecaa5967403d082aa24f35e1b516d23)
Start importing Assets/NatureManufacture Assets/Advanced Foliage Pack/Advanced Grass/Materials/M_ground_foliage_03.mat using Guid(f4fd61d6d77da594994c711c7c7532f3) Importer(2089858483,0ecaa5967403d082aa24f35e1b516d23) [PhysX] Initialized MultithreadedTaskDispatcher with 16 workers.
 -> (artifact id: '0a83a0a82dad453d4654cc3099df44e0') in 0.099308 seconds
Number of updated asset objects reloaded before import = 0
Number of asset objects unloaded after import = 5
========================================================================
Received Import Request.
  Time since last request: 0.001819 seconds.
  path: Assets/NatureManufacture Assets/Advanced Foliage Pack/Advanced Grass/Prefabs Snow/prefab_SM_grass_bush_simple_04.prefab
  artifactKey: Guid(37a471bdb84f09a40840325eb84f26fc) Importer(2089858483,0ecaa5967403d082aa24f35e1b516d23)
Start importing Assets/NatureManufacture Assets/Advanced Foliage Pack/Advanced Grass/Prefabs Snow/prefab_SM_grass_bush_simple_04.prefab using Guid(37a471bdb84f09a40840325eb84f26fc) Importer(2089858483,0ecaa5967403d082aa24f35e1b516d23) [PhysX] Initialized MultithreadedTaskDispatcher with 16 workers.
 -> (artifact id: '6cc93af6ec2f74155b8fc1bf63492214') in 0.068349 seconds
Number of updated asset objects reloaded before import = 0
Number of asset objects unloaded after import = 8
========================================================================
Received Import Request.
  Time since last request: 0.023431 seconds.
  path: Assets/NatureManufacture Assets/Object Shaders/NM_Lit_Top_Cover_Specular.shader
  artifactKey: Guid(162df11fc7ba9f845941731f2670ff02) Importer(2089858483,0ecaa5967403d082aa24f35e1b516d23)
Start importing Assets/NatureManufacture Assets/Object Shaders/NM_Lit_Top_Cover_Specular.shader using Guid(162df11fc7ba9f845941731f2670ff02) Importer(2089858483,0ecaa5967403d082aa24f35e1b516d23) [PhysX] Initialized MultithreadedTaskDispatcher with 16 workers.
 -> (artifact id: '00730d6c00829ed13ec16d0a5ef29fa5') in 0.054895 seconds
Number of updated asset objects reloaded before import = 0
Number of asset objects unloaded after import = 1
========================================================================
Received Import Request.
  Time since last request: 0.000084 seconds.
  path: Assets/NatureManufacture Assets/Advanced Foliage Pack/Demo/Demo with Unity Grass/ReflectionProbe-2.exr
  artifactKey: Guid(7d5dc3e2952d55f44b506debb11e106c) Importer(2089858483,0ecaa5967403d082aa24f35e1b516d23)
Start importing Assets/NatureManufacture Assets/Advanced Foliage Pack/Demo/Demo with Unity Grass/ReflectionProbe-2.exr using Guid(7d5dc3e2952d55f44b506debb11e106c) Importer(2089858483,0ecaa5967403d082aa24f35e1b516d23) [PhysX] Initialized MultithreadedTaskDispatcher with 16 workers.
 -> (artifact id: '8dd9c7ea65a021d3b1a8211e2ecdb0c9') in 0.126440 seconds
Number of updated asset objects reloaded before import = 0
Number of asset objects unloaded after import = 1
========================================================================
Received Import Request.
  Time since last request: 0.000076 seconds.
  path: Assets/NatureManufacture Assets/Advanced Foliage Pack/Unity grass/Unity Grass Models/Prefabs Snow/prefab_unity_Snow_grass_grass_bush_02.prefab
  artifactKey: Guid(5ab506f1277b27a4ca14d5955ad93369) Importer(2089858483,0ecaa5967403d082aa24f35e1b516d23)
Start importing Assets/NatureManufacture Assets/Advanced Foliage Pack/Unity grass/Unity Grass Models/Prefabs Snow/prefab_unity_Snow_grass_grass_bush_02.prefab using Guid(5ab506f1277b27a4ca14d5955ad93369) Importer(2089858483,0ecaa5967403d082aa24f35e1b516d23) [PhysX] Initialized MultithreadedTaskDispatcher with 16 workers.
 -> (artifact id: 'f8dbe56d7943200d72bcda9fd804d908') in 0.056642 seconds
Number of updated asset objects reloaded before import = 0
Number of asset objects unloaded after import = 7
========================================================================
Received Import Request.
  Time since last request: 0.001459 seconds.
  path: Assets/NatureManufacture Assets/Advanced Foliage Pack/Unity grass/Unity Grass Models/Prefabs/prefab_unity_grass_ground_foliage_04_1.prefab
  artifactKey: Guid(c0e4915921042894d9b37ff887b75761) Importer(2089858483,0ecaa5967403d082aa24f35e1b516d23)
Start importing Assets/NatureManufacture Assets/Advanced Foliage Pack/Unity grass/Unity Grass Models/Prefabs/prefab_unity_grass_ground_foliage_04_1.prefab using Guid(c0e4915921042894d9b37ff887b75761) Importer(2089858483,0ecaa5967403d082aa24f35e1b516d23) [PhysX] Initialized MultithreadedTaskDispatcher with 16 workers.
 -> (artifact id: 'd4e5b4131b297c9377331bafbe9938d8') in 0.036871 seconds
Number of updated asset objects reloaded before import = 0
Number of asset objects unloaded after import = 7
========================================================================
Received Import Request.
  Time since last request: 0.000058 seconds.
  path: Assets/NatureManufacture Assets/Advanced Foliage Pack/Crooked Roots/Prefabs/prefab_crooked_root_01.prefab
  artifactKey: Guid(8bb4d8c47a06a50488df242201080a83) Importer(2089858483,0ecaa5967403d082aa24f35e1b516d23)
Start importing Assets/NatureManufacture Assets/Advanced Foliage Pack/Crooked Roots/Prefabs/prefab_crooked_root_01.prefab using Guid(8bb4d8c47a06a50488df242201080a83) Importer(2089858483,0ecaa5967403d082aa24f35e1b516d23) [PhysX] Initialized MultithreadedTaskDispatcher with 16 workers.
 -> (artifact id: '9d607f16d3ca14251e55bb26d123ed7c') in 0.028885 seconds
Number of updated asset objects reloaded before import = 0
Number of asset objects unloaded after import = 25
========================================================================
Received Import Request.
  Time since last request: 0.000065 seconds.
  path: Assets/NatureManufacture Assets/Advanced Foliage Pack/Unity grass/Unity Grass Models/Prefabs/prefab_unity_grass_grass_bush_simple_02.prefab
  artifactKey: Guid(1ce2545741b8b484888ff1d29ac36d7e) Importer(2089858483,0ecaa5967403d082aa24f35e1b516d23)
Start importing Assets/NatureManufacture Assets/Advanced Foliage Pack/Unity grass/Unity Grass Models/Prefabs/prefab_unity_grass_grass_bush_simple_02.prefab using Guid(1ce2545741b8b484888ff1d29ac36d7e) Importer(2089858483,0ecaa5967403d082aa24f35e1b516d23) [PhysX] Initialized MultithreadedTaskDispatcher with 16 workers.
 -> (artifact id: 'b4dc7598070cd9332f9b68e290709493') in 0.030111 seconds
Number of updated asset objects reloaded before import = 0
Number of asset objects unloaded after import = 7
========================================================================
Received Import Request.
  Time since last request: 0.000046 seconds.
  path: Assets/NatureManufacture Assets/Advanced Foliage Pack/Advanced Grass
  artifactKey: Guid(b27ba50e26cb61a43bc62f59a5265dd8) Importer(2089858483,0ecaa5967403d082aa24f35e1b516d23)
Start importing Assets/NatureManufacture Assets/Advanced Foliage Pack/Advanced Grass using Guid(b27ba50e26cb61a43bc62f59a5265dd8) Importer(2089858483,0ecaa5967403d082aa24f35e1b516d23) [PhysX] Initialized MultithreadedTaskDispatcher with 16 workers.
 -> (artifact id: 'b13e8adfd2935596a5091fb12aef2689') in 0.020797 seconds
Number of updated asset objects reloaded before import = 0
Number of asset objects unloaded after import = 1
========================================================================
Received Import Request.
  Time since last request: 0.000042 seconds.
  path: Assets/NatureManufacture Assets/Advanced Foliage Pack/Unity grass/Unity Grass Models/Prefabs/prefab_unity_grass_grass_bush_simple_05.prefab
  artifactKey: Guid(062e1b74396db504695dfe10abf40595) Importer(2089858483,0ecaa5967403d082aa24f35e1b516d23)
Start importing Assets/NatureManufacture Assets/Advanced Foliage Pack/Unity grass/Unity Grass Models/Prefabs/prefab_unity_grass_grass_bush_simple_05.prefab using Guid(062e1b74396db504695dfe10abf40595) Importer(2089858483,0ecaa5967403d082aa24f35e1b516d23) [PhysX] Initialized MultithreadedTaskDispatcher with 16 workers.
 -> (artifact id: 'b0e1cd0a0830deefa21e4394f3dc051d') in 0.027214 seconds
Number of updated asset objects reloaded before import = 0
Number of asset objects unloaded after import = 7
========================================================================
Received Import Request.
  Time since last request: 0.000053 seconds.
  path: Assets/NatureManufacture Assets/Advanced Foliage Pack/Crooked Roots/Materials/M_Snow_crooked_roots_02.mat
  artifactKey: Guid(27c51a9fa88816947a376a765abf7cc6) Importer(2089858483,0ecaa5967403d082aa24f35e1b516d23)
Start importing Assets/NatureManufacture Assets/Advanced Foliage Pack/Crooked Roots/Materials/M_Snow_crooked_roots_02.mat using Guid(27c51a9fa88816947a376a765abf7cc6) Importer(2089858483,0ecaa5967403d082aa24f35e1b516d23) [PhysX] Initialized MultithreadedTaskDispatcher with 16 workers.
 -> (artifact id: '90e47c555c690fe8899c6ea0f1379d13') in 0.094408 seconds
Number of updated asset objects reloaded before import = 0
Number of asset objects unloaded after import = 8
========================================================================
Received Import Request.
  Time since last request: 0.000055 seconds.
  path: Assets/NatureManufacture Assets/Advanced Foliage Pack/Advanced Grass/Prefabs Snow/prefab_SM_fern_01_2.prefab
  artifactKey: Guid(a682c8999f5c4cb44ad6aa6dc5021311) Importer(2089858483,0ecaa5967403d082aa24f35e1b516d23)
Start importing Assets/NatureManufacture Assets/Advanced Foliage Pack/Advanced Grass/Prefabs Snow/prefab_SM_fern_01_2.prefab using Guid(a682c8999f5c4cb44ad6aa6dc5021311) Importer(2089858483,0ecaa5967403d082aa24f35e1b516d23) [PhysX] Initialized MultithreadedTaskDispatcher with 16 workers.
 -> (artifact id: '4e805c88ebdc79fcbec1fd58165e67bf') in 0.028103 seconds
Number of updated asset objects reloaded before import = 0
Number of asset objects unloaded after import = 20
========================================================================
Received Import Request.
  Time since last request: 0.000046 seconds.
  path: Assets/NatureManufacture Assets/Advanced Foliage Pack/Unity grass/Unity Grass Models/Prefabs/prefab_unity_grass_grass_bush_03.prefab
  artifactKey: Guid(46bfa179df12c014b8e0c1330c572dd4) Importer(2089858483,0ecaa5967403d082aa24f35e1b516d23)
Start importing Assets/NatureManufacture Assets/Advanced Foliage Pack/Unity grass/Unity Grass Models/Prefabs/prefab_unity_grass_grass_bush_03.prefab using Guid(46bfa179df12c014b8e0c1330c572dd4) Importer(2089858483,0ecaa5967403d082aa24f35e1b516d23) [PhysX] Initialized MultithreadedTaskDispatcher with 16 workers.
 -> (artifact id: '44ef34a33a5445f86446325d552c70cc') in 0.137289 seconds
Number of updated asset objects reloaded before import = 0
Number of asset objects unloaded after import = 7
========================================================================
Received Import Request.
  Time since last request: 0.000054 seconds.
  path: Assets/NatureManufacture Assets/Advanced Foliage Pack/Unity grass/Unity Grass Models/Prefabs Snow/prefab_unity_Snow_grass_fern_01_0.prefab
  artifactKey: Guid(74d76c897f6947440b05376b6267010f) Importer(2089858483,0ecaa5967403d082aa24f35e1b516d23)
Start importing Assets/NatureManufacture Assets/Advanced Foliage Pack/Unity grass/Unity Grass Models/Prefabs Snow/prefab_unity_Snow_grass_fern_01_0.prefab using Guid(74d76c897f6947440b05376b6267010f) Importer(2089858483,0ecaa5967403d082aa24f35e1b516d23) [PhysX] Initialized MultithreadedTaskDispatcher with 16 workers.
 -> (artifact id: 'fb5cb99179afb3131d3a1d7510c7fbe2') in 0.028490 seconds
Number of updated asset objects reloaded before import = 0
Number of asset objects unloaded after import = 7
========================================================================
Received Import Request.
  Time since last request: 0.000062 seconds.
  path: Assets/NatureManufacture Assets/Advanced Foliage Pack
  artifactKey: Guid(ed9d9161748df944a898d5abe0504c29) Importer(2089858483,0ecaa5967403d082aa24f35e1b516d23)
Start importing Assets/NatureManufacture Assets/Advanced Foliage Pack using Guid(ed9d9161748df944a898d5abe0504c29) Importer(2089858483,0ecaa5967403d082aa24f35e1b516d23) [PhysX] Initialized MultithreadedTaskDispatcher with 16 workers.
 -> (artifact id: 'f4564e5be1e8dc4814fef6b3fc2cd775') in 0.019216 seconds
Number of updated asset objects reloaded before import = 0
Number of asset objects unloaded after import = 1
========================================================================
Received Import Request.
  Time since last request: 0.000036 seconds.
  path: Assets/NatureManufacture Assets/Advanced Foliage Pack/Ground Textures/Materials/T_Ground_Roots_01.mat
  artifactKey: Guid(88860133a874a4f409d07e30ab30f800) Importer(2089858483,0ecaa5967403d082aa24f35e1b516d23)
Start importing Assets/NatureManufacture Assets/Advanced Foliage Pack/Ground Textures/Materials/T_Ground_Roots_01.mat using Guid(88860133a874a4f409d07e30ab30f800) Importer(2089858483,0ecaa5967403d082aa24f35e1b516d23) [PhysX] Initialized MultithreadedTaskDispatcher with 16 workers.
 -> (artifact id: 'f378a4409b0c4a5ddccefb73d5b7756b') in 0.068128 seconds
Number of updated asset objects reloaded before import = 0
Number of asset objects unloaded after import = 5
========================================================================
Received Import Request.
  Time since last request: 0.000074 seconds.
  path: Assets/NatureManufacture Assets/Advanced Foliage Pack/Unity grass/Unity Grass Models/Prefabs/prefab_unity_grass_forest_heather_01.prefab
  artifactKey: Guid(d2a1db6ab6d37ac4886c15220cf1c508) Importer(2089858483,0ecaa5967403d082aa24f35e1b516d23)
Start importing Assets/NatureManufacture Assets/Advanced Foliage Pack/Unity grass/Unity Grass Models/Prefabs/prefab_unity_grass_forest_heather_01.prefab using Guid(d2a1db6ab6d37ac4886c15220cf1c508) Importer(2089858483,0ecaa5967403d082aa24f35e1b516d23) [PhysX] Initialized MultithreadedTaskDispatcher with 16 workers.
 -> (artifact id: 'dee17587ed68527d0929e56b17f8c301') in 0.026701 seconds
Number of updated asset objects reloaded before import = 0
Number of asset objects unloaded after import = 7
========================================================================
Received Import Request.
  Time since last request: 0.000055 seconds.
  path: Assets/NatureManufacture Assets/Advanced Foliage Pack/Trunks/Materials/M_trunk_01.mat
  artifactKey: Guid(b0b544f48ef4a324ebf62d56c7cda101) Importer(2089858483,0ecaa5967403d082aa24f35e1b516d23)
Start importing Assets/NatureManufacture Assets/Advanced Foliage Pack/Trunks/Materials/M_trunk_01.mat using Guid(b0b544f48ef4a324ebf62d56c7cda101) Importer(2089858483,0ecaa5967403d082aa24f35e1b516d23) [PhysX] Initialized MultithreadedTaskDispatcher with 16 workers.
 -> (artifact id: 'd3bade6edf3b0fc9e04a12dc846e4bde') in 0.032585 seconds
Number of updated asset objects reloaded before import = 0
Number of asset objects unloaded after import = 5
========================================================================
Received Import Request.
  Time since last request: 0.000045 seconds.
  path: Assets/NatureManufacture Assets/Advanced Foliage Pack/Trunks/Prefabs Snow
  artifactKey: Guid(955ad3d081e490f4983c50173a18fb5c) Importer(2089858483,0ecaa5967403d082aa24f35e1b516d23)
Start importing Assets/NatureManufacture Assets/Advanced Foliage Pack/Trunks/Prefabs Snow using Guid(955ad3d081e490f4983c50173a18fb5c) Importer(2089858483,0ecaa5967403d082aa24f35e1b516d23) [PhysX] Initialized MultithreadedTaskDispatcher with 16 workers.
 -> (artifact id: '92d20fab8ed4671d4f2911f176d57001') in 0.020395 seconds
Number of updated asset objects reloaded before import = 0
Number of asset objects unloaded after import = 1
========================================================================
Received Import Request.
  Time since last request: 0.000040 seconds.
  path: Assets/NatureManufacture Assets/Advanced Foliage Pack/Trunks/Materials/M_trunk_02.mat
  artifactKey: Guid(b7b607b4e347b9d438c70a3b94e7aa20) Importer(2089858483,0ecaa5967403d082aa24f35e1b516d23)
Start importing Assets/NatureManufacture Assets/Advanced Foliage Pack/Trunks/Materials/M_trunk_02.mat using Guid(b7b607b4e347b9d438c70a3b94e7aa20) Importer(2089858483,0ecaa5967403d082aa24f35e1b516d23) [PhysX] Initialized MultithreadedTaskDispatcher with 16 workers.
 -> (artifact id: '25b709aa93ea1e3769ca1cdb6dd19260') in 0.039195 seconds
Number of updated asset objects reloaded before import = 0
Number of asset objects unloaded after import = 5
========================================================================
Received Import Request.
  Time since last request: 0.000052 seconds.
  path: Assets/NatureManufacture Assets/Advanced Foliage Pack/Demo/Overview Scene/LightingData.asset
  artifactKey: Guid(7b27ed84363e91c4aa7144b852d715e2) Importer(2089858483,0ecaa5967403d082aa24f35e1b516d23)
Start importing Assets/NatureManufacture Assets/Advanced Foliage Pack/Demo/Overview Scene/LightingData.asset using Guid(7b27ed84363e91c4aa7144b852d715e2) Importer(2089858483,0ecaa5967403d082aa24f35e1b516d23) [PhysX] Initialized MultithreadedTaskDispatcher with 16 workers.
 -> (artifact id: 'ad2e501161f6c2ee7ad25c25bc626043') in 0.025297 seconds
Number of updated asset objects reloaded before import = 0
Number of asset objects unloaded after import = 2
========================================================================
Received Import Request.
  Time since last request: 0.000061 seconds.
  path: Assets/NatureManufacture Assets/Advanced Foliage Pack/Advanced Grass/Materials Snow/M_Snow_clover_01.mat
  artifactKey: Guid(358e02caaeffcc54aa26506140bccb90) Importer(2089858483,0ecaa5967403d082aa24f35e1b516d23)
Start importing Assets/NatureManufacture Assets/Advanced Foliage Pack/Advanced Grass/Materials Snow/M_Snow_clover_01.mat using Guid(358e02caaeffcc54aa26506140bccb90) Importer(2089858483,0ecaa5967403d082aa24f35e1b516d23) [PhysX] Initialized MultithreadedTaskDispatcher with 16 workers.
 -> (artifact id: 'bf441e786961dcbd70329866b35f0769') in 0.037727 seconds
Number of updated asset objects reloaded before import = 0
Number of asset objects unloaded after import = 6
========================================================================
Received Import Request.
  Time since last request: 0.000048 seconds.
  path: Assets/NatureManufacture Assets/Advanced Foliage Pack/Advanced Grass/Prefabs Snow/prefab_SM_ground_foliage_01.prefab
  artifactKey: Guid(cefc1d9f30fbf494da5677307c75cfb6) Importer(2089858483,0ecaa5967403d082aa24f35e1b516d23)
Start importing Assets/NatureManufacture Assets/Advanced Foliage Pack/Advanced Grass/Prefabs Snow/prefab_SM_ground_foliage_01.prefab using Guid(cefc1d9f30fbf494da5677307c75cfb6) Importer(2089858483,0ecaa5967403d082aa24f35e1b516d23) [PhysX] Initialized MultithreadedTaskDispatcher with 16 workers.
 -> (artifact id: 'c061acc5a6720bbffa9e81c9c445e27a') in 0.031759 seconds
Number of updated asset objects reloaded before import = 0
Number of asset objects unloaded after import = 20
========================================================================
Received Import Request.
  Time since last request: 0.000044 seconds.
  path: Assets/NatureManufacture Assets/Advanced Foliage Pack/Trunks/Prefabs Snow/Prefab_Snow_trunk_01.prefab
  artifactKey: Guid(14b8088885f82884f8aa39d51e4387d6) Importer(2089858483,0ecaa5967403d082aa24f35e1b516d23)
Start importing Assets/NatureManufacture Assets/Advanced Foliage Pack/Trunks/Prefabs Snow/Prefab_Snow_trunk_01.prefab using Guid(14b8088885f82884f8aa39d51e4387d6) Importer(2089858483,0ecaa5967403d082aa24f35e1b516d23) [PhysX] Initialized MultithreadedTaskDispatcher with 16 workers.
 -> (artifact id: 'e9eef127dd493c97139b3fedacff77f7') in 0.027960 seconds
Number of updated asset objects reloaded before import = 0
Number of asset objects unloaded after import = 26
========================================================================
Received Import Request.
  Time since last request: 0.000041 seconds.
  path: Assets/NatureManufacture Assets/Foliage Shaders/NM_Foliage.shader
  artifactKey: Guid(adce0b63bca75a84e9f786201b7d7b0b) Importer(2089858483,0ecaa5967403d082aa24f35e1b516d23)
Start importing Assets/NatureManufacture Assets/Foliage Shaders/NM_Foliage.shader using Guid(adce0b63bca75a84e9f786201b7d7b0b) Importer(2089858483,0ecaa5967403d082aa24f35e1b516d23) [PhysX] Initialized MultithreadedTaskDispatcher with 16 workers.
 -> (artifact id: 'c420d7a8851c387672d99712c3e40942') in 0.028897 seconds
Number of updated asset objects reloaded before import = 0
Number of asset objects unloaded after import = 1
========================================================================
Received Import Request.
  Time since last request: 0.000049 seconds.
  path: Assets/NatureManufacture Assets/Advanced Foliage Pack/Ground Textures/Materials/T_Ground_Sand_02.mat
  artifactKey: Guid(5e4f4540239b9c641a83fdd9ce54289e) Importer(2089858483,0ecaa5967403d082aa24f35e1b516d23)
Start importing Assets/NatureManufacture Assets/Advanced Foliage Pack/Ground Textures/Materials/T_Ground_Sand_02.mat using Guid(5e4f4540239b9c641a83fdd9ce54289e) Importer(2089858483,0ecaa5967403d082aa24f35e1b516d23) [PhysX] Initialized MultithreadedTaskDispatcher with 16 workers.
 -> (artifact id: 'edc8cfc5cc682adbd04bde98da1c0f28') in 0.066212 seconds
Number of updated asset objects reloaded before import = 0
Number of asset objects unloaded after import = 5
========================================================================
Received Import Request.
  Time since last request: 0.000040 seconds.
  path: Assets/NatureManufacture Assets/Advanced Foliage Pack/Unity grass/Unity Grass Models/Prefabs/prefab_unity_grass_clover_01.prefab
  artifactKey: Guid(3ae9c15791082f74f95e77a9f34e4fbd) Importer(2089858483,0ecaa5967403d082aa24f35e1b516d23)
Start importing Assets/NatureManufacture Assets/Advanced Foliage Pack/Unity grass/Unity Grass Models/Prefabs/prefab_unity_grass_clover_01.prefab using Guid(3ae9c15791082f74f95e77a9f34e4fbd) Importer(2089858483,0ecaa5967403d082aa24f35e1b516d23) [PhysX] Initialized MultithreadedTaskDispatcher with 16 workers.
 -> (artifact id: '8bdd62e3fea978f6fb1696191be6ee44') in 0.022245 seconds
Number of updated asset objects reloaded before import = 0
Number of asset objects unloaded after import = 7
========================================================================
Received Import Request.
  Time since last request: 0.000048 seconds.
  path: Assets/NatureManufacture Assets/Advanced Foliage Pack/Unity grass/Unity Grass Models/Prefabs Snow/prefab_unity_Snow_grass_forest_heather_01.prefab
  artifactKey: Guid(2e60967bd37817643b6c17b7b600463a) Importer(2089858483,0ecaa5967403d082aa24f35e1b516d23)
Start importing Assets/NatureManufacture Assets/Advanced Foliage Pack/Unity grass/Unity Grass Models/Prefabs Snow/prefab_unity_Snow_grass_forest_heather_01.prefab using Guid(2e60967bd37817643b6c17b7b600463a) Importer(2089858483,0ecaa5967403d082aa24f35e1b516d23) [PhysX] Initialized MultithreadedTaskDispatcher with 16 workers.
 -> (artifact id: 'ec6bc4a834f1fc336b4ff094df8f41d5') in 0.027972 seconds
Number of updated asset objects reloaded before import = 0
Number of asset objects unloaded after import = 7
========================================================================
Received Import Request.
  Time since last request: 0.000051 seconds.
  path: Assets/NatureManufacture Assets/Advanced Foliage Pack/Unity grass/Unity Grass Models/Prefabs Snow/prefab_unity_Snow_grass_grass_bush_01.prefab
  artifactKey: Guid(7664a6318475baa49a3d8dbb423c2895) Importer(2089858483,0ecaa5967403d082aa24f35e1b516d23)
Start importing Assets/NatureManufacture Assets/Advanced Foliage Pack/Unity grass/Unity Grass Models/Prefabs Snow/prefab_unity_Snow_grass_grass_bush_01.prefab using Guid(7664a6318475baa49a3d8dbb423c2895) Importer(2089858483,0ecaa5967403d082aa24f35e1b516d23) [PhysX] Initialized MultithreadedTaskDispatcher with 16 workers.
 -> (artifact id: '5c1858576a23a7f8651a6e0b7aa633f3') in 0.023488 seconds
Number of updated asset objects reloaded before import = 0
Number of asset objects unloaded after import = 7
========================================================================
Received Import Request.
  Time since last request: 0.000045 seconds.
  path: Assets/NatureManufacture Assets/Advanced Foliage Pack/Crooked Roots/Prefabs_Snow/prefab_Snow_crooked_roots_small.prefab
  artifactKey: Guid(adb26d6b838c1024e9bf8bcd91481eca) Importer(2089858483,0ecaa5967403d082aa24f35e1b516d23)
Start importing Assets/NatureManufacture Assets/Advanced Foliage Pack/Crooked Roots/Prefabs_Snow/prefab_Snow_crooked_roots_small.prefab using Guid(adb26d6b838c1024e9bf8bcd91481eca) Importer(2089858483,0ecaa5967403d082aa24f35e1b516d23) [PhysX] Initialized MultithreadedTaskDispatcher with 16 workers.
 -> (artifact id: 'aa093a2e3acd2044d91ad8eb51bf9e96') in 0.025694 seconds
Number of updated asset objects reloaded before import = 0
Number of asset objects unloaded after import = 10
========================================================================
Received Import Request.
  Time since last request: 0.000035 seconds.
  path: Assets/NatureManufacture Assets/Advanced Foliage Pack/Trunks/Materials/M_Snow_trunk_02.mat
  artifactKey: Guid(f42129c5b6925684f80496d5d87f4e95) Importer(2089858483,0ecaa5967403d082aa24f35e1b516d23)
Start importing Assets/NatureManufacture Assets/Advanced Foliage Pack/Trunks/Materials/M_Snow_trunk_02.mat using Guid(f42129c5b6925684f80496d5d87f4e95) Importer(2089858483,0ecaa5967403d082aa24f35e1b516d23) [PhysX] Initialized MultithreadedTaskDispatcher with 16 workers.
 -> (artifact id: '59392d6d8cccf429dc0d96d9da9f81c2') in 0.056283 seconds
Number of updated asset objects reloaded before import = 0
Number of asset objects unloaded after import = 8
========================================================================
Received Import Request.
  Time since last request: 0.000080 seconds.
  path: Assets/NatureManufacture Assets/Advanced Foliage Pack/Advanced Grass/Materials/M_ground_foliage_02.mat
  artifactKey: Guid(7abaa921a5319714dadcec8b6a34a6ab) Importer(2089858483,0ecaa5967403d082aa24f35e1b516d23)
Start importing Assets/NatureManufacture Assets/Advanced Foliage Pack/Advanced Grass/Materials/M_ground_foliage_02.mat using Guid(7abaa921a5319714dadcec8b6a34a6ab) Importer(2089858483,0ecaa5967403d082aa24f35e1b516d23) [PhysX] Initialized MultithreadedTaskDispatcher with 16 workers.
 -> (artifact id: '468680317138f9bdf7dd365e99fea397') in 0.046505 seconds
Number of updated asset objects reloaded before import = 0
Number of asset objects unloaded after import = 5
========================================================================
Received Import Request.
  Time since last request: 0.000049 seconds.
  path: Assets/NatureManufacture Assets/Advanced Foliage Pack/Advanced Grass/Prefabs
  artifactKey: Guid(3848d111cbee6c54db99eb2aa3b264fc) Importer(2089858483,0ecaa5967403d082aa24f35e1b516d23)
Start importing Assets/NatureManufacture Assets/Advanced Foliage Pack/Advanced Grass/Prefabs using Guid(3848d111cbee6c54db99eb2aa3b264fc) Importer(2089858483,0ecaa5967403d082aa24f35e1b516d23) [PhysX] Initialized MultithreadedTaskDispatcher with 16 workers.
 -> (artifact id: 'baad1df53de05102b4ab4f5076a15f17') in 0.019767 seconds
Number of updated asset objects reloaded before import = 0
Number of asset objects unloaded after import = 1
========================================================================
Received Import Request.
  Time since last request: 0.000043 seconds.
  path: Assets/NatureManufacture Assets/Advanced Foliage Pack/Unity grass/Unity Grass Models/Prefabs/prefab_unity_grass_fern_01_2.prefab
  artifactKey: Guid(2714167ea71bf0c499cda24213ada456) Importer(2089858483,0ecaa5967403d082aa24f35e1b516d23)
Start importing Assets/NatureManufacture Assets/Advanced Foliage Pack/Unity grass/Unity Grass Models/Prefabs/prefab_unity_grass_fern_01_2.prefab using Guid(2714167ea71bf0c499cda24213ada456) Importer(2089858483,0ecaa5967403d082aa24f35e1b516d23) [PhysX] Initialized MultithreadedTaskDispatcher with 16 workers.
 -> (artifact id: 'a2978d94dc72c18f77bd6a4622b503b9') in 0.030304 seconds
Number of updated asset objects reloaded before import = 0
Number of asset objects unloaded after import = 7
========================================================================
Received Import Request.
  Time since last request: 0.000051 seconds.
  path: Assets/NatureManufacture Assets/Advanced Foliage Pack/Unity grass/Unity Grass Models/Prefabs Snow/prefab_unity_Snow_grass_fern_01_2.prefab
  artifactKey: Guid(0906758ffb7a1c748b4bd50b80cb135e) Importer(2089858483,0ecaa5967403d082aa24f35e1b516d23)
Start importing Assets/NatureManufacture Assets/Advanced Foliage Pack/Unity grass/Unity Grass Models/Prefabs Snow/prefab_unity_Snow_grass_fern_01_2.prefab using Guid(0906758ffb7a1c748b4bd50b80cb135e) Importer(2089858483,0ecaa5967403d082aa24f35e1b516d23) [PhysX] Initialized MultithreadedTaskDispatcher with 16 workers.
 -> (artifact id: 'b5bfa3d5d5ae3099369840a28d6cc8bc') in 0.030262 seconds
Number of updated asset objects reloaded before import = 0
Number of asset objects unloaded after import = 7
========================================================================
Received Import Request.
  Time since last request: 0.000043 seconds.
  path: Assets/NatureManufacture Assets/Advanced Foliage Pack/Unity grass/Unity Grass Models/Prefabs Snow/prefab_unity_Snow_grass_clover_01.prefab
  artifactKey: Guid(5132d463c3a10a64f935e8ca1350e565) Importer(2089858483,0ecaa5967403d082aa24f35e1b516d23)
Start importing Assets/NatureManufacture Assets/Advanced Foliage Pack/Unity grass/Unity Grass Models/Prefabs Snow/prefab_unity_Snow_grass_clover_01.prefab using Guid(5132d463c3a10a64f935e8ca1350e565) Importer(2089858483,0ecaa5967403d082aa24f35e1b516d23) [PhysX] Initialized MultithreadedTaskDispatcher with 16 workers.
 -> (artifact id: '8e377de0cd3c9881802074dea281cf20') in 0.032307 seconds
Number of updated asset objects reloaded before import = 0
Number of asset objects unloaded after import = 7
========================================================================
Received Import Request.
  Time since last request: 0.000053 seconds.
  path: Assets/NatureManufacture Assets/Advanced Foliage Pack/Demo/Overview Scene/Lightmap-0_comp_light.exr
  artifactKey: Guid(5a141f9670c3163468760f7c29feb331) Importer(2089858483,0ecaa5967403d082aa24f35e1b516d23)
Start importing Assets/NatureManufacture Assets/Advanced Foliage Pack/Demo/Overview Scene/Lightmap-0_comp_light.exr using Guid(5a141f9670c3163468760f7c29feb331) Importer(2089858483,0ecaa5967403d082aa24f35e1b516d23) [PhysX] Initialized MultithreadedTaskDispatcher with 16 workers.
 -> (artifact id: '007acf61b2a0ee21b086f7a8ba55ae5e') in 0.043281 seconds
Number of updated asset objects reloaded before import = 0
Number of asset objects unloaded after import = 1
========================================================================
Received Import Request.
  Time since last request: 0.000068 seconds.
  path: Assets/NatureManufacture Assets/NatureManufacture Wind/Prefab_Wind.prefab
  artifactKey: Guid(8dfd17a03533a0241b37daf2264ebdfd) Importer(2089858483,0ecaa5967403d082aa24f35e1b516d23)
Start importing Assets/NatureManufacture Assets/NatureManufacture Wind/Prefab_Wind.prefab using Guid(8dfd17a03533a0241b37daf2264ebdfd) Importer(2089858483,0ecaa5967403d082aa24f35e1b516d23) [PhysX] Initialized MultithreadedTaskDispatcher with 16 workers.
 -> (artifact id: 'a4bf61df7a256d0e60b6d7ac4cc36fec') in 0.067248 seconds
Number of updated asset objects reloaded before import = 0
Number of asset objects unloaded after import = 8
========================================================================
Received Import Request.
  Time since last request: 0.000052 seconds.
  path: Assets/NatureManufacture Assets/Advanced Foliage Pack/Advanced Grass/Prefabs/prefab_SM_ground_foliage_02_2.prefab
  artifactKey: Guid(febb4eb8492f964479f036004242426d) Importer(2089858483,0ecaa5967403d082aa24f35e1b516d23)
Start importing Assets/NatureManufacture Assets/Advanced Foliage Pack/Advanced Grass/Prefabs/prefab_SM_ground_foliage_02_2.prefab using Guid(febb4eb8492f964479f036004242426d) Importer(2089858483,0ecaa5967403d082aa24f35e1b516d23) [PhysX] Initialized MultithreadedTaskDispatcher with 16 workers.
 -> (artifact id: 'b5292b17edb38b530315827b41f18855') in 0.025010 seconds
Number of updated asset objects reloaded before import = 0
Number of asset objects unloaded after import = 20
========================================================================
Received Import Request.
  Time since last request: 0.000060 seconds.
  path: Assets/NatureManufacture Assets/Advanced Foliage Pack/Demo/Overview Scene.unity
  artifactKey: Guid(5739434b1af7f684781d5943b2b70f41) Importer(2089858483,0ecaa5967403d082aa24f35e1b516d23)
Start importing Assets/NatureManufacture Assets/Advanced Foliage Pack/Demo/Overview Scene.unity using Guid(5739434b1af7f684781d5943b2b70f41) Importer(2089858483,0ecaa5967403d082aa24f35e1b516d23) [PhysX] Initialized MultithreadedTaskDispatcher with 16 workers.
 -> (artifact id: 'cd46b2f6e3d4ff7765aeb388acc42497') in 0.018225 seconds
Number of updated asset objects reloaded before import = 0
Number of asset objects unloaded after import = 1
========================================================================
Received Import Request.
  Time since last request: 0.000046 seconds.
  path: Assets/NatureManufacture Assets/Object Shaders/NM_Object_VSPro_Indirect.cginc
  artifactKey: Guid(2ed03aef5c310b44c993495daa831c86) Importer(2089858483,0ecaa5967403d082aa24f35e1b516d23)
Start importing Assets/NatureManufacture Assets/Object Shaders/NM_Object_VSPro_Indirect.cginc using Guid(2ed03aef5c310b44c993495daa831c86) Importer(2089858483,0ecaa5967403d082aa24f35e1b516d23) [PhysX] Initialized MultithreadedTaskDispatcher with 16 workers.
 -> (artifact id: '11220dbf195237feda0378014abe5610') in 0.023782 seconds
Number of updated asset objects reloaded before import = 0
Number of asset objects unloaded after import = 1
========================================================================
Received Import Request.
  Time since last request: 0.000041 seconds.
  path: Assets/NatureManufacture Assets/Advanced Foliage Pack/Ground Textures/Materials/T_Ground_Leaves_02.mat
  artifactKey: Guid(5aa15638098f01d44a81c34969eefac7) Importer(2089858483,0ecaa5967403d082aa24f35e1b516d23)
Start importing Assets/NatureManufacture Assets/Advanced Foliage Pack/Ground Textures/Materials/T_Ground_Leaves_02.mat using Guid(5aa15638098f01d44a81c34969eefac7) Importer(2089858483,0ecaa5967403d082aa24f35e1b516d23) [PhysX] Initialized MultithreadedTaskDispatcher with 16 workers.
 -> (artifact id: '6ef365d3cb3d80f8437710c5cff30150') in 0.087547 seconds
Number of updated asset objects reloaded before import = 0
Number of asset objects unloaded after import = 5
========================================================================
Received Import Request.
  Time since last request: 0.000065 seconds.
  path: Assets/NatureManufacture Assets/Advanced Foliage Pack/Unity grass/Unity Grass Models/Prefabs Snow/prefab_unity_Snow_grass_grass_bush_simple_01.prefab
  artifactKey: Guid(4d4522c9455a27b44b709f57889599ed) Importer(2089858483,0ecaa5967403d082aa24f35e1b516d23)
Start importing Assets/NatureManufacture Assets/Advanced Foliage Pack/Unity grass/Unity Grass Models/Prefabs Snow/prefab_unity_Snow_grass_grass_bush_simple_01.prefab using Guid(4d4522c9455a27b44b709f57889599ed) Importer(2089858483,0ecaa5967403d082aa24f35e1b516d23) [PhysX] Initialized MultithreadedTaskDispatcher with 16 workers.
 -> (artifact id: 'd7fcef73104e8554c31148660d295abe') in 0.026800 seconds
Number of updated asset objects reloaded before import = 0
Number of asset objects unloaded after import = 7
========================================================================
Received Import Request.
  Time since last request: 0.000043 seconds.
  path: Assets/NatureManufacture Assets/Advanced Foliage Pack/Crooked Roots/Prefabs_Snow
  artifactKey: Guid(6eb4a58fb57d9f54aa06edf3bd8db50a) Importer(2089858483,0ecaa5967403d082aa24f35e1b516d23)
Start importing Assets/NatureManufacture Assets/Advanced Foliage Pack/Crooked Roots/Prefabs_Snow using Guid(6eb4a58fb57d9f54aa06edf3bd8db50a) Importer(2089858483,0ecaa5967403d082aa24f35e1b516d23) [PhysX] Initialized MultithreadedTaskDispatcher with 16 workers.
 -> (artifact id: '74d1c4e4af4f211f17f193fe2c0d8dbc') in 0.020275 seconds
Number of updated asset objects reloaded before import = 0
Number of asset objects unloaded after import = 1
========================================================================
Received Import Request.
  Time since last request: 0.000048 seconds.
  path: Assets/NatureManufacture Assets/Advanced Foliage Pack/Advanced Grass/Prefabs Snow/prefab_SM_clover_01.prefab
  artifactKey: Guid(f99e10818a498b341b8f13782c4b3964) Importer(2089858483,0ecaa5967403d082aa24f35e1b516d23)
Start importing Assets/NatureManufacture Assets/Advanced Foliage Pack/Advanced Grass/Prefabs Snow/prefab_SM_clover_01.prefab using Guid(f99e10818a498b341b8f13782c4b3964) Importer(2089858483,0ecaa5967403d082aa24f35e1b516d23) [PhysX] Initialized MultithreadedTaskDispatcher with 16 workers.
 -> (artifact id: '6569137fda1f21528cfaa744241c5c1a') in 0.023794 seconds
Number of updated asset objects reloaded before import = 0
Number of asset objects unloaded after import = 15
========================================================================
Received Import Request.
  Time since last request: 0.000041 seconds.
  path: Assets/NatureManufacture Assets/Advanced Foliage Pack/Advanced Grass/Materials Snow/M_Snow_ground_foliage_03.mat
  artifactKey: Guid(4bf0ba47e02ccee4c8dc23c5470370cc) Importer(2089858483,0ecaa5967403d082aa24f35e1b516d23)
Start importing Assets/NatureManufacture Assets/Advanced Foliage Pack/Advanced Grass/Materials Snow/M_Snow_ground_foliage_03.mat using Guid(4bf0ba47e02ccee4c8dc23c5470370cc) Importer(2089858483,0ecaa5967403d082aa24f35e1b516d23) [PhysX] Initialized MultithreadedTaskDispatcher with 16 workers.
 -> (artifact id: '351dba538e9b3298cef7b27d73f9fc7e') in 0.064422 seconds
Number of updated asset objects reloaded before import = 0
Number of asset objects unloaded after import = 6
========================================================================
Received Import Request.
  Time since last request: 0.000052 seconds.
  path: Assets/NatureManufacture Assets/Advanced Foliage Pack/Advanced Grass/Prefabs/prefab_SM_grass_bush_02.prefab
  artifactKey: Guid(f39771a1ee0a22340b5a83b032457899) Importer(2089858483,0ecaa5967403d082aa24f35e1b516d23)
Start importing Assets/NatureManufacture Assets/Advanced Foliage Pack/Advanced Grass/Prefabs/prefab_SM_grass_bush_02.prefab using Guid(f39771a1ee0a22340b5a83b032457899) Importer(2089858483,0ecaa5967403d082aa24f35e1b516d23) [PhysX] Initialized MultithreadedTaskDispatcher with 16 workers.
 -> (artifact id: '3625cfb7fc59313b8308b3261cb6af88') in 0.021521 seconds
Number of updated asset objects reloaded before import = 0
Number of asset objects unloaded after import = 20
========================================================================
Received Import Request.
  Time since last request: 0.000047 seconds.
  path: Assets/NatureManufacture Assets/Advanced Foliage Pack/Trunks/Materials
  artifactKey: Guid(5461bf15b74b3344ab13684a289cf0df) Importer(2089858483,0ecaa5967403d082aa24f35e1b516d23)
Start importing Assets/NatureManufacture Assets/Advanced Foliage Pack/Trunks/Materials using Guid(5461bf15b74b3344ab13684a289cf0df) Importer(2089858483,0ecaa5967403d082aa24f35e1b516d23) [PhysX] Initialized MultithreadedTaskDispatcher with 16 workers.
 -> (artifact id: 'e2ee516cb19291ba330a77acbe8d9434') in 0.017325 seconds
Number of updated asset objects reloaded before import = 0
Number of asset objects unloaded after import = 1
========================================================================
Received Import Request.
  Time since last request: 0.000035 seconds.
  path: Assets/NatureManufacture Assets/Advanced Foliage Pack/Advanced Grass/Materials Snow/M_Snow_nettle_01.mat
  artifactKey: Guid(8701d59336a60824bb31b63ec1fb6d52) Importer(2089858483,0ecaa5967403d082aa24f35e1b516d23)
Start importing Assets/NatureManufacture Assets/Advanced Foliage Pack/Advanced Grass/Materials Snow/M_Snow_nettle_01.mat using Guid(8701d59336a60824bb31b63ec1fb6d52) Importer(2089858483,0ecaa5967403d082aa24f35e1b516d23) [PhysX] Initialized MultithreadedTaskDispatcher with 16 workers.
 -> (artifact id: 'cfccd8947b4546182ea536709a34236e') in 0.037254 seconds
Number of updated asset objects reloaded before import = 0
Number of asset objects unloaded after import = 6
========================================================================
Received Import Request.
  Time since last request: 0.000052 seconds.
  path: Assets/NatureManufacture Assets/Advanced Foliage Pack/Advanced Grass/Materials/M_forest_heather_01.mat
  artifactKey: Guid(d9b34471926638746b8e4cf6eff452b1) Importer(2089858483,0ecaa5967403d082aa24f35e1b516d23)
Start importing Assets/NatureManufacture Assets/Advanced Foliage Pack/Advanced Grass/Materials/M_forest_heather_01.mat using Guid(d9b34471926638746b8e4cf6eff452b1) Importer(2089858483,0ecaa5967403d082aa24f35e1b516d23) [PhysX] Initialized MultithreadedTaskDispatcher with 16 workers.
 -> (artifact id: '8ff902506452c0e6c08bf4df26a0404a') in 0.040903 seconds
Number of updated asset objects reloaded before import = 0
Number of asset objects unloaded after import = 5
========================================================================
Received Import Request.
  Time since last request: 0.000037 seconds.
  path: Assets/NatureManufacture Assets/Advanced Foliage Pack/Ground Textures/Materials/T_Ground_Leaves_01.mat
  artifactKey: Guid(89f71e4935de826489acade1266aed0c) Importer(2089858483,0ecaa5967403d082aa24f35e1b516d23)
Start importing Assets/NatureManufacture Assets/Advanced Foliage Pack/Ground Textures/Materials/T_Ground_Leaves_01.mat using Guid(89f71e4935de826489acade1266aed0c) Importer(2089858483,0ecaa5967403d082aa24f35e1b516d23) [PhysX] Initialized MultithreadedTaskDispatcher with 16 workers.
 -> (artifact id: 'de9374614f0373bf5a78f3d32b7b2d39') in 0.047532 seconds
Number of updated asset objects reloaded before import = 0
Number of asset objects unloaded after import = 5
========================================================================
Received Import Request.
  Time since last request: 0.000066 seconds.
  path: Assets/NatureManufacture Assets/Advanced Foliage Pack/Advanced Grass/Prefabs/prefab_SM_forest_heather_01.prefab
  artifactKey: Guid(acbb0ea6defc38b4c9a1a6d71f3b27ad) Importer(2089858483,0ecaa5967403d082aa24f35e1b516d23)
Start importing Assets/NatureManufacture Assets/Advanced Foliage Pack/Advanced Grass/Prefabs/prefab_SM_forest_heather_01.prefab using Guid(acbb0ea6defc38b4c9a1a6d71f3b27ad) Importer(2089858483,0ecaa5967403d082aa24f35e1b516d23) [PhysX] Initialized MultithreadedTaskDispatcher with 16 workers.
 -> (artifact id: 'f8060eee14b33861eeb1c9dd2a5fce19') in 0.026800 seconds
Number of updated asset objects reloaded before import = 0
Number of asset objects unloaded after import = 8
========================================================================
Received Import Request.
  Time since last request: 0.000037 seconds.
  path: Assets/NatureManufacture Assets/Advanced Foliage Pack/Advanced Grass/Materials/M_ground_foliage_01.mat
  artifactKey: Guid(4320f3a6118c79749a5df0df8b804e16) Importer(2089858483,0ecaa5967403d082aa24f35e1b516d23)
Start importing Assets/NatureManufacture Assets/Advanced Foliage Pack/Advanced Grass/Materials/M_ground_foliage_01.mat using Guid(4320f3a6118c79749a5df0df8b804e16) Importer(2089858483,0ecaa5967403d082aa24f35e1b516d23) [PhysX] Initialized MultithreadedTaskDispatcher with 16 workers.
 -> (artifact id: '3f2117ab117d40777c64db2a22555158') in 0.069512 seconds
Number of updated asset objects reloaded before import = 0
Number of asset objects unloaded after import = 5
========================================================================
Received Import Request.
  Time since last request: 0.000047 seconds.
  path: Assets/NatureManufacture Assets/Advanced Foliage Pack/Crooked Roots/Materials/M_crooked_roots_01.mat
  artifactKey: Guid(352ef65479722754a857d45403e5eb36) Importer(2089858483,0ecaa5967403d082aa24f35e1b516d23)
Start importing Assets/NatureManufacture Assets/Advanced Foliage Pack/Crooked Roots/Materials/M_crooked_roots_01.mat using Guid(352ef65479722754a857d45403e5eb36) Importer(2089858483,0ecaa5967403d082aa24f35e1b516d23) [PhysX] Initialized MultithreadedTaskDispatcher with 16 workers.
 -> (artifact id: '2b6338cd5d7253c836629aba0e5cc991') in 0.037297 seconds
Number of updated asset objects reloaded before import = 0
Number of asset objects unloaded after import = 4
========================================================================
Received Import Request.
  Time since last request: 0.000067 seconds.
  path: Assets/NatureManufacture Assets/Advanced Foliage Pack/Unity grass/Unity Grass Models/Prefabs/prefab_unity_grass_fern_01_1.prefab
  artifactKey: Guid(92d59797291d3214c86797e8edf24958) Importer(2089858483,0ecaa5967403d082aa24f35e1b516d23)
Start importing Assets/NatureManufacture Assets/Advanced Foliage Pack/Unity grass/Unity Grass Models/Prefabs/prefab_unity_grass_fern_01_1.prefab using Guid(92d59797291d3214c86797e8edf24958) Importer(2089858483,0ecaa5967403d082aa24f35e1b516d23) [PhysX] Initialized MultithreadedTaskDispatcher with 16 workers.
 -> (artifact id: 'abf6266e3ef899015a06fad893814012') in 0.026485 seconds
Number of updated asset objects reloaded before import = 0
Number of asset objects unloaded after import = 7
========================================================================
Received Import Request.
  Time since last request: 0.000052 seconds.
  path: Assets/NatureManufacture Assets/Advanced Foliage Pack/Advanced Grass/Materials Snow/M_Snow_atlas_grass_01.mat
  artifactKey: Guid(6f0f4141137014c47b9573b3c45a56e6) Importer(2089858483,0ecaa5967403d082aa24f35e1b516d23)
Start importing Assets/NatureManufacture Assets/Advanced Foliage Pack/Advanced Grass/Materials Snow/M_Snow_atlas_grass_01.mat using Guid(6f0f4141137014c47b9573b3c45a56e6) Importer(2089858483,0ecaa5967403d082aa24f35e1b516d23) [PhysX] Initialized MultithreadedTaskDispatcher with 16 workers.
 -> (artifact id: '24afc99597a5ea7a1482394f7742f582') in 0.045705 seconds
Number of updated asset objects reloaded before import = 0
Number of asset objects unloaded after import = 6
========================================================================
Received Import Request.
  Time since last request: 0.000040 seconds.
  path: Assets/NatureManufacture Assets/Advanced Foliage Pack/Unity grass/Unity Grass Models/Prefabs Snow/prefab_unity_Snow_grass_ground_foliage_02_2.prefab
  artifactKey: Guid(ca9a0fb2f837fdb4d87ce335f4ef0986) Importer(2089858483,0ecaa5967403d082aa24f35e1b516d23)
Start importing Assets/NatureManufacture Assets/Advanced Foliage Pack/Unity grass/Unity Grass Models/Prefabs Snow/prefab_unity_Snow_grass_ground_foliage_02_2.prefab using Guid(ca9a0fb2f837fdb4d87ce335f4ef0986) Importer(2089858483,0ecaa5967403d082aa24f35e1b516d23) [PhysX] Initialized MultithreadedTaskDispatcher with 16 workers.
 -> (artifact id: '056a2f3c18a953f38133bb36c597281a') in 0.025120 seconds
Number of updated asset objects reloaded before import = 0
Number of asset objects unloaded after import = 7
========================================================================
Received Import Request.
  Time since last request: 0.000037 seconds.
  path: Assets/NatureManufacture Assets/Advanced Foliage Pack/Demo/Demo with Unity Grass/Lightmap-0_comp_light.exr
  artifactKey: Guid(fa9c1d1a9239762498c05b39a3f9aaf5) Importer(2089858483,0ecaa5967403d082aa24f35e1b516d23)
Start importing Assets/NatureManufacture Assets/Advanced Foliage Pack/Demo/Demo with Unity Grass/Lightmap-0_comp_light.exr using Guid(fa9c1d1a9239762498c05b39a3f9aaf5) Importer(2089858483,0ecaa5967403d082aa24f35e1b516d23) [PhysX] Initialized MultithreadedTaskDispatcher with 16 workers.
 -> (artifact id: 'ba271f382925eccf38b787c149806cd4') in 0.031601 seconds
Number of updated asset objects reloaded before import = 0
Number of asset objects unloaded after import = 1
========================================================================
Received Import Request.
  Time since last request: 0.000060 seconds.
  path: Assets/NatureManufacture Assets/Foliage Shaders/NM_Foliage_Snow.shader
  artifactKey: Guid(22a6fffa1102e924f8b968c465863960) Importer(2089858483,0ecaa5967403d082aa24f35e1b516d23)
Start importing Assets/NatureManufacture Assets/Foliage Shaders/NM_Foliage_Snow.shader using Guid(22a6fffa1102e924f8b968c465863960) Importer(2089858483,0ecaa5967403d082aa24f35e1b516d23) [PhysX] Initialized MultithreadedTaskDispatcher with 16 workers.
 -> (artifact id: '491d5ddd2bd0287762605948ed39f1c4') in 0.028443 seconds
Number of updated asset objects reloaded before import = 0
Number of asset objects unloaded after import = 1
========================================================================
Received Import Request.
  Time since last request: 0.000037 seconds.
  path: Assets/NatureManufacture Assets/Advanced Foliage Pack/Unity grass/Unity Grass Models/Prefabs Snow/prefab_unity_Snow_grass_nettle_01_0.prefab
  artifactKey: Guid(ea65aff557ca93d4bba4f2e6ad495b66) Importer(2089858483,0ecaa5967403d082aa24f35e1b516d23)
Start importing Assets/NatureManufacture Assets/Advanced Foliage Pack/Unity grass/Unity Grass Models/Prefabs Snow/prefab_unity_Snow_grass_nettle_01_0.prefab using Guid(ea65aff557ca93d4bba4f2e6ad495b66) Importer(2089858483,0ecaa5967403d082aa24f35e1b516d23) [PhysX] Initialized MultithreadedTaskDispatcher with 16 workers.
 -> (artifact id: 'fda572653f70dd0ecb0f70565879fe44') in 0.023191 seconds
Number of updated asset objects reloaded before import = 0
Number of asset objects unloaded after import = 7
========================================================================
Received Import Request.
  Time since last request: 0.000037 seconds.
  path: Assets/NatureManufacture Assets/Advanced Foliage Pack/Ground Textures/Materials/T_Ground_Snow.mat
  artifactKey: Guid(b67244f3ecfa5bf41b930720dcda35c1) Importer(2089858483,0ecaa5967403d082aa24f35e1b516d23)
Start importing Assets/NatureManufacture Assets/Advanced Foliage Pack/Ground Textures/Materials/T_Ground_Snow.mat using Guid(b67244f3ecfa5bf41b930720dcda35c1) Importer(2089858483,0ecaa5967403d082aa24f35e1b516d23) [PhysX] Initialized MultithreadedTaskDispatcher with 16 workers.
 -> (artifact id: '22cd94219c73dbfe81d235969bb33363') in 0.038408 seconds
Number of updated asset objects reloaded before import = 0
Number of asset objects unloaded after import = 5
========================================================================
Received Import Request.
  Time since last request: 0.000046 seconds.
  path: Assets/NatureManufacture Assets/Advanced Foliage Pack/Demo/Terrain.mat
  artifactKey: Guid(04d794d02ddb60240aea0ed606e9c815) Importer(2089858483,0ecaa5967403d082aa24f35e1b516d23)
Start importing Assets/NatureManufacture Assets/Advanced Foliage Pack/Demo/Terrain.mat using Guid(04d794d02ddb60240aea0ed606e9c815) Importer(2089858483,0ecaa5967403d082aa24f35e1b516d23) [PhysX] Initialized MultithreadedTaskDispatcher with 16 workers.
 -> (artifact id: '57e41b7ee07a915d5cc0db84b9e6e950') in 0.026794 seconds
Number of updated asset objects reloaded before import = 0
Number of asset objects unloaded after import = 3
========================================================================
Received Import Request.
  Time since last request: 0.000072 seconds.
  path: Assets/NatureManufacture Assets/Advanced Foliage Pack/Ground Textures/Materials/T_Ground_Forest_Moss.mat
  artifactKey: Guid(7f093fb253601df4497f0b2e8e7268d2) Importer(2089858483,0ecaa5967403d082aa24f35e1b516d23)
Start importing Assets/NatureManufacture Assets/Advanced Foliage Pack/Ground Textures/Materials/T_Ground_Forest_Moss.mat using Guid(7f093fb253601df4497f0b2e8e7268d2) Importer(2089858483,0ecaa5967403d082aa24f35e1b516d23) [PhysX] Initialized MultithreadedTaskDispatcher with 16 workers.
 -> (artifact id: '10d48532dfa540af3cfb0585f60204b8') in 0.115658 seconds
Number of updated asset objects reloaded before import = 0
Number of asset objects unloaded after import = 5
========================================================================
Received Import Request.
  Time since last request: 0.000042 seconds.
  path: Assets/NatureManufacture Assets/Advanced Foliage Pack/Ground Textures/Materials/T_Ground_Leaves_03.mat
  artifactKey: Guid(2803d6ef9b1dc1246906b869002f8e27) Importer(2089858483,0ecaa5967403d082aa24f35e1b516d23)
Start importing Assets/NatureManufacture Assets/Advanced Foliage Pack/Ground Textures/Materials/T_Ground_Leaves_03.mat using Guid(2803d6ef9b1dc1246906b869002f8e27) Importer(2089858483,0ecaa5967403d082aa24f35e1b516d23) [PhysX] Initialized MultithreadedTaskDispatcher with 16 workers.
 -> (artifact id: '4bc61e32288b5e8bc6b7c2f342fbb4bb') in 0.054546 seconds
Number of updated asset objects reloaded before import = 0
Number of asset objects unloaded after import = 5
========================================================================
Received Import Request.
  Time since last request: 0.000045 seconds.
  path: Assets/NatureManufacture Assets/Advanced Foliage Pack/Advanced Grass/Prefabs Snow/prefab_SM_nettle_01_1.prefab
  artifactKey: Guid(a7dd553ccbabc434996f83b7d543def0) Importer(2089858483,0ecaa5967403d082aa24f35e1b516d23)
Start importing Assets/NatureManufacture Assets/Advanced Foliage Pack/Advanced Grass/Prefabs Snow/prefab_SM_nettle_01_1.prefab using Guid(a7dd553ccbabc434996f83b7d543def0) Importer(2089858483,0ecaa5967403d082aa24f35e1b516d23) [PhysX] Initialized MultithreadedTaskDispatcher with 16 workers.
 -> (artifact id: '3aff458b96275ada99b352dc28a9877d') in 0.023135 seconds
Number of updated asset objects reloaded before import = 0
Number of asset objects unloaded after import = 20
========================================================================
Received Import Request.
  Time since last request: 0.000044 seconds.
  path: Assets/NatureManufacture Assets/Advanced Foliage Pack/Trunks/Prefabs/SM_trunk_02.prefab
  artifactKey: Guid(5cc71c776f423cf43bdacf7281f4854c) Importer(2089858483,0ecaa5967403d082aa24f35e1b516d23)
Start importing Assets/NatureManufacture Assets/Advanced Foliage Pack/Trunks/Prefabs/SM_trunk_02.prefab using Guid(5cc71c776f423cf43bdacf7281f4854c) Importer(2089858483,0ecaa5967403d082aa24f35e1b516d23) [PhysX] Initialized MultithreadedTaskDispatcher with 16 workers.
 -> (artifact id: 'b7f5be28022ecde02d6a98bcf7f73f8b') in 0.022118 seconds
Number of updated asset objects reloaded before import = 0
Number of asset objects unloaded after import = 26
========================================================================
Received Import Request.
  Time since last request: 0.000038 seconds.
  path: Assets/NatureManufacture Assets/Advanced Foliage Pack/Demo/Demo with Unity Grass/ReflectionProbe-1.exr
  artifactKey: Guid(c2308843bcb916d44af2b79b0b276399) Importer(2089858483,0ecaa5967403d082aa24f35e1b516d23)
Start importing Assets/NatureManufacture Assets/Advanced Foliage Pack/Demo/Demo with Unity Grass/ReflectionProbe-1.exr using Guid(c2308843bcb916d44af2b79b0b276399) Importer(2089858483,0ecaa5967403d082aa24f35e1b516d23) [PhysX] Initialized MultithreadedTaskDispatcher with 16 workers.
 -> (artifact id: '03a210bb95fde7cca26326fb524d62f2') in 0.026954 seconds
Number of updated asset objects reloaded before import = 0
Number of asset objects unloaded after import = 1
========================================================================
Received Import Request.
  Time since last request: 0.000060 seconds.
  path: Assets/NatureManufacture Assets/Advanced Foliage Pack/Unity grass/Unity Grass Models/Prefabs/prefab_unity_grass_ground_foliage_01_flowery.prefab
  artifactKey: Guid(80c5c2135cede4e4ea2a939d97a7b288) Importer(2089858483,0ecaa5967403d082aa24f35e1b516d23)
Start importing Assets/NatureManufacture Assets/Advanced Foliage Pack/Unity grass/Unity Grass Models/Prefabs/prefab_unity_grass_ground_foliage_01_flowery.prefab using Guid(80c5c2135cede4e4ea2a939d97a7b288) Importer(2089858483,0ecaa5967403d082aa24f35e1b516d23) [PhysX] Initialized MultithreadedTaskDispatcher with 16 workers.
 -> (artifact id: '5ddd77b9b75eebd79a67fae960cbcb3f') in 0.025562 seconds
Number of updated asset objects reloaded before import = 0
Number of asset objects unloaded after import = 7
========================================================================
Received Import Request.
  Time since last request: 0.000039 seconds.
  path: Assets/NatureManufacture Assets/Advanced Foliage Pack/Ground Textures/Materials/Test_Background.mat
  artifactKey: Guid(2e9bd3b652814f4459813b27fbfb4f6e) Importer(2089858483,0ecaa5967403d082aa24f35e1b516d23)
Start importing Assets/NatureManufacture Assets/Advanced Foliage Pack/Ground Textures/Materials/Test_Background.mat using Guid(2e9bd3b652814f4459813b27fbfb4f6e) Importer(2089858483,0ecaa5967403d082aa24f35e1b516d23) [PhysX] Initialized MultithreadedTaskDispatcher with 16 workers.
 -> (artifact id: 'bd94a2c490ffdf628e71f483e1baee71') in 0.020608 seconds
Number of updated asset objects reloaded before import = 0
Number of asset objects unloaded after import = 1
========================================================================
Received Import Request.
  Time since last request: 0.000063 seconds.
  path: Assets/NatureManufacture Assets/Advanced Foliage Pack/Unity grass/Unity Grass Models/Prefabs/prefab_unity_grass_ground_foliage_02_2.prefab
  artifactKey: Guid(62d53b2696a52ec4ebf7b7f6d9c73379) Importer(2089858483,0ecaa5967403d082aa24f35e1b516d23)
Start importing Assets/NatureManufacture Assets/Advanced Foliage Pack/Unity grass/Unity Grass Models/Prefabs/prefab_unity_grass_ground_foliage_02_2.prefab using Guid(62d53b2696a52ec4ebf7b7f6d9c73379) Importer(2089858483,0ecaa5967403d082aa24f35e1b516d23) [PhysX] Initialized MultithreadedTaskDispatcher with 16 workers.
 -> (artifact id: '2f0cd8c21e7932fb215ca6189a7f7bc2') in 0.024691 seconds
Number of updated asset objects reloaded before import = 0
Number of asset objects unloaded after import = 7
========================================================================
Received Import Request.
  Time since last request: 0.000058 seconds.
  path: Assets/NatureManufacture Assets/Advanced Foliage Pack/Demo/River Mesh.asset
  artifactKey: Guid(8e02ae86600699c42b840fd6d765be1b) Importer(2089858483,0ecaa5967403d082aa24f35e1b516d23)
Start importing Assets/NatureManufacture Assets/Advanced Foliage Pack/Demo/River Mesh.asset using Guid(8e02ae86600699c42b840fd6d765be1b) Importer(2089858483,0ecaa5967403d082aa24f35e1b516d23) [PhysX] Initialized MultithreadedTaskDispatcher with 16 workers.
 -> (artifact id: '66e000e6c05577d90f60e2a2f494a98d') in 0.026638 seconds
Number of updated asset objects reloaded before import = 0
Number of asset objects unloaded after import = 1
========================================================================
Received Import Request.
  Time since last request: 0.000040 seconds.
  path: Assets/NatureManufacture Assets/Advanced Foliage Pack/Demo/Demo with Unity Grass.unity
  artifactKey: Guid(09d035cfac228ce43823f8bf116fcd61) Importer(2089858483,0ecaa5967403d082aa24f35e1b516d23)
Start importing Assets/NatureManufacture Assets/Advanced Foliage Pack/Demo/Demo with Unity Grass.unity using Guid(09d035cfac228ce43823f8bf116fcd61) Importer(2089858483,0ecaa5967403d082aa24f35e1b516d23) [PhysX] Initialized MultithreadedTaskDispatcher with 16 workers.
 -> (artifact id: '7ce32a86bcad74975f2d6529a825359c') in 0.020085 seconds
Number of updated asset objects reloaded before import = 0
Number of asset objects unloaded after import = 1
========================================================================
Received Import Request.
  Time since last request: 0.000062 seconds.
  path: Assets/NatureManufacture Assets/Advanced Foliage Pack/Advanced Grass/Prefabs Snow/prefab_SM_fern_01_1.prefab
  artifactKey: Guid(080d902ffd5411c4cbc753df07ec6960) Importer(2089858483,0ecaa5967403d082aa24f35e1b516d23)
Start importing Assets/NatureManufacture Assets/Advanced Foliage Pack/Advanced Grass/Prefabs Snow/prefab_SM_fern_01_1.prefab using Guid(080d902ffd5411c4cbc753df07ec6960) Importer(2089858483,0ecaa5967403d082aa24f35e1b516d23) [PhysX] Initialized MultithreadedTaskDispatcher with 16 workers.
 -> (artifact id: 'cd93204f23d3c257d8bcb5fe27a7b3b4') in 0.026020 seconds
Number of updated asset objects reloaded before import = 0
Number of asset objects unloaded after import = 20
========================================================================
Received Import Request.
  Time since last request: 0.000046 seconds.
  path: Assets/NatureManufacture Assets/Advanced Foliage Pack/Advanced Grass/Prefabs Snow/prefab_SM_ground_foliage_02_2.prefab
  artifactKey: Guid(a3c1e59f4c56d0f4ab278985b853f0d7) Importer(2089858483,0ecaa5967403d082aa24f35e1b516d23)
Start importing Assets/NatureManufacture Assets/Advanced Foliage Pack/Advanced Grass/Prefabs Snow/prefab_SM_ground_foliage_02_2.prefab using Guid(a3c1e59f4c56d0f4ab278985b853f0d7) Importer(2089858483,0ecaa5967403d082aa24f35e1b516d23) [PhysX] Initialized MultithreadedTaskDispatcher with 16 workers.
 -> (artifact id: '94a593bafd0467ec954206cea3c5b5aa') in 0.029023 seconds
Number of updated asset objects reloaded before import = 0
Number of asset objects unloaded after import = 20
========================================================================
Received Import Request.
  Time since last request: 0.000039 seconds.
  path: Assets/NatureManufacture Assets/Advanced Foliage Pack/Advanced Grass/Prefabs/prefab_SM_ground_foliage_01.prefab
  artifactKey: Guid(f2b8acbfb4e7a414385114d4c5ce1e17) Importer(2089858483,0ecaa5967403d082aa24f35e1b516d23)
Start importing Assets/NatureManufacture Assets/Advanced Foliage Pack/Advanced Grass/Prefabs/prefab_SM_ground_foliage_01.prefab using Guid(f2b8acbfb4e7a414385114d4c5ce1e17) Importer(2089858483,0ecaa5967403d082aa24f35e1b516d23) [PhysX] Initialized MultithreadedTaskDispatcher with 16 workers.
 -> (artifact id: 'bd5df7697c021b4728d35ca492919b14') in 0.028868 seconds
Number of updated asset objects reloaded before import = 0
Number of asset objects unloaded after import = 20
========================================================================
Received Import Request.
  Time since last request: 0.000035 seconds.
  path: Assets/NatureManufacture Assets/Advanced Foliage Pack/Advanced Grass/Materials Snow/M_Snow_ground_foliage_01.mat
  artifactKey: Guid(e17693fb86c98b643851f212bc5a9f55) Importer(2089858483,0ecaa5967403d082aa24f35e1b516d23)
Start importing Assets/NatureManufacture Assets/Advanced Foliage Pack/Advanced Grass/Materials Snow/M_Snow_ground_foliage_01.mat using Guid(e17693fb86c98b643851f212bc5a9f55) Importer(2089858483,0ecaa5967403d082aa24f35e1b516d23) [PhysX] Initialized MultithreadedTaskDispatcher with 16 workers.
 -> (artifact id: '154564433afad69611841e848eb44794') in 0.050101 seconds
Number of updated asset objects reloaded before import = 0
Number of asset objects unloaded after import = 6
========================================================================
Received Import Request.
  Time since last request: 0.000064 seconds.
  path: Assets/NatureManufacture Assets/Advanced Foliage Pack/Advanced Grass/Prefabs Snow/prefab_SM_nettle_01_0.prefab
  artifactKey: Guid(56bc23f49d377564a871452db074d2c5) Importer(2089858483,0ecaa5967403d082aa24f35e1b516d23)
Start importing Assets/NatureManufacture Assets/Advanced Foliage Pack/Advanced Grass/Prefabs Snow/prefab_SM_nettle_01_0.prefab using Guid(56bc23f49d377564a871452db074d2c5) Importer(2089858483,0ecaa5967403d082aa24f35e1b516d23) [PhysX] Initialized MultithreadedTaskDispatcher with 16 workers.
 -> (artifact id: 'ee06a2f2ae3a9fbba5b5841fb53a256c') in 0.023449 seconds
Number of updated asset objects reloaded before import = 0
Number of asset objects unloaded after import = 20
========================================================================
Received Import Request.
  Time since last request: 0.000043 seconds.
  path: Assets/NatureManufacture Assets/Advanced Foliage Pack/Advanced Grass/Materials/M_atlas_grass_01.mat
  artifactKey: Guid(60ebafc534e7d164ca554165a90ca71b) Importer(2089858483,0ecaa5967403d082aa24f35e1b516d23)
Start importing Assets/NatureManufacture Assets/Advanced Foliage Pack/Advanced Grass/Materials/M_atlas_grass_01.mat using Guid(60ebafc534e7d164ca554165a90ca71b) Importer(2089858483,0ecaa5967403d082aa24f35e1b516d23) [PhysX] Initialized MultithreadedTaskDispatcher with 16 workers.
 -> (artifact id: '4f6d6eae8b664cb04980ebbff7f94883') in 0.041289 seconds
Number of updated asset objects reloaded before import = 0
Number of asset objects unloaded after import = 5
========================================================================
Received Import Request.
  Time since last request: 0.000037 seconds.
  path: Assets/NatureManufacture Assets/Advanced Foliage Pack/Unity grass/Unity Grass Models/Prefabs/prefab_unity_grass_nettle_01_0.prefab
  artifactKey: Guid(18bd61ca6ed5aa24e97d69a256aa640d) Importer(2089858483,0ecaa5967403d082aa24f35e1b516d23)
Start importing Assets/NatureManufacture Assets/Advanced Foliage Pack/Unity grass/Unity Grass Models/Prefabs/prefab_unity_grass_nettle_01_0.prefab using Guid(18bd61ca6ed5aa24e97d69a256aa640d) Importer(2089858483,0ecaa5967403d082aa24f35e1b516d23) [PhysX] Initialized MultithreadedTaskDispatcher with 16 workers.
 -> (artifact id: 'cb794c58324298a1813f0b3a8076f038') in 0.023691 seconds
Number of updated asset objects reloaded before import = 0
Number of asset objects unloaded after import = 7
========================================================================
Received Import Request.
  Time since last request: 0.000072 seconds.
  path: Assets/NatureManufacture Assets/Advanced Foliage Pack/Unity grass/Unity Grass Models/Prefabs Snow/prefab_unity_Snow_grass_ground_foliage_01_flowery.prefab
  artifactKey: Guid(795f076f5d7b8c24eba6509fbc7e8e83) Importer(2089858483,0ecaa5967403d082aa24f35e1b516d23)
Start importing Assets/NatureManufacture Assets/Advanced Foliage Pack/Unity grass/Unity Grass Models/Prefabs Snow/prefab_unity_Snow_grass_ground_foliage_01_flowery.prefab using Guid(795f076f5d7b8c24eba6509fbc7e8e83) Importer(2089858483,0ecaa5967403d082aa24f35e1b516d23) [PhysX] Initialized MultithreadedTaskDispatcher with 16 workers.
 -> (artifact id: '3eaffb1558f830a07c5b7ed93e88daa5') in 0.026351 seconds
Number of updated asset objects reloaded before import = 0
Number of asset objects unloaded after import = 7
========================================================================
Received Import Request.
  Time since last request: 0.000036 seconds.
  path: Assets/NatureManufacture Assets/Advanced Foliage Pack/Advanced Grass/Prefabs Snow/prefab_SM_ground_foliage_01_flowery.prefab
  artifactKey: Guid(d45e3b1423bef0b42be93046fcd1094c) Importer(2089858483,0ecaa5967403d082aa24f35e1b516d23)
Start importing Assets/NatureManufacture Assets/Advanced Foliage Pack/Advanced Grass/Prefabs Snow/prefab_SM_ground_foliage_01_flowery.prefab using Guid(d45e3b1423bef0b42be93046fcd1094c) Importer(2089858483,0ecaa5967403d082aa24f35e1b516d23) [PhysX] Initialized MultithreadedTaskDispatcher with 16 workers.
 -> (artifact id: 'a485a8632000b7838c6589253421e52a') in 0.021555 seconds
Number of updated asset objects reloaded before import = 0
Number of asset objects unloaded after import = 20
========================================================================
Received Import Request.
  Time since last request: 0.000067 seconds.
  path: Assets/NatureManufacture Assets/Advanced Foliage Pack/Advanced Grass/Prefabs Snow/prefab_SM_ground_foliage_03.prefab
  artifactKey: Guid(fcecd050449adef4db6fe6cd968ee3e1) Importer(2089858483,0ecaa5967403d082aa24f35e1b516d23)
Start importing Assets/NatureManufacture Assets/Advanced Foliage Pack/Advanced Grass/Prefabs Snow/prefab_SM_ground_foliage_03.prefab using Guid(fcecd050449adef4db6fe6cd968ee3e1) Importer(2089858483,0ecaa5967403d082aa24f35e1b516d23) [PhysX] Initialized MultithreadedTaskDispatcher with 16 workers.
 -> (artifact id: '32c676f5653ca945925b0a5218db665b') in 0.021670 seconds
Number of updated asset objects reloaded before import = 0
Number of asset objects unloaded after import = 20
========================================================================
Received Import Request.
  Time since last request: 0.000062 seconds.
  path: Assets/NatureManufacture Assets/Advanced Foliage Pack/Ground Textures/Materials/T_Ground_Rock_01.mat
  artifactKey: Guid(1101478e79a72954a814a1e3d298764a) Importer(2089858483,0ecaa5967403d082aa24f35e1b516d23)
Start importing Assets/NatureManufacture Assets/Advanced Foliage Pack/Ground Textures/Materials/T_Ground_Rock_01.mat using Guid(1101478e79a72954a814a1e3d298764a) Importer(2089858483,0ecaa5967403d082aa24f35e1b516d23) [PhysX] Initialized MultithreadedTaskDispatcher with 16 workers.
 -> (artifact id: '5ed31393f624479a6179fefbe6265be3') in 0.074961 seconds
Number of updated asset objects reloaded before import = 0
Number of asset objects unloaded after import = 5
========================================================================
Received Import Request.
  Time since last request: 0.000037 seconds.
  path: Assets/NatureManufacture Assets/Advanced Foliage Pack/Unity grass/Unity Grass Models/Prefabs Snow/prefab_unity_Snow_grass_grass_bush_04.prefab
  artifactKey: Guid(e63d1fef5ae11154a8a7ba7b3d76f9da) Importer(2089858483,0ecaa5967403d082aa24f35e1b516d23)
Start importing Assets/NatureManufacture Assets/Advanced Foliage Pack/Unity grass/Unity Grass Models/Prefabs Snow/prefab_unity_Snow_grass_grass_bush_04.prefab using Guid(e63d1fef5ae11154a8a7ba7b3d76f9da) Importer(2089858483,0ecaa5967403d082aa24f35e1b516d23) [PhysX] Initialized MultithreadedTaskDispatcher with 16 workers.
 -> (artifact id: '7a11d503bf2ce0fab86db93fe50b4d4e') in 0.023058 seconds
Number of updated asset objects reloaded before import = 0
Number of asset objects unloaded after import = 7
========================================================================
Received Import Request.
  Time since last request: 0.000050 seconds.
  path: Assets/NatureManufacture Assets/Advanced Foliage Pack/Advanced Grass/Prefabs Snow/prefab_SM_grass_bush_02.prefab
  artifactKey: Guid(6f17cb82d1d74cc468983631bc0244ae) Importer(2089858483,0ecaa5967403d082aa24f35e1b516d23)
Start importing Assets/NatureManufacture Assets/Advanced Foliage Pack/Advanced Grass/Prefabs Snow/prefab_SM_grass_bush_02.prefab using Guid(6f17cb82d1d74cc468983631bc0244ae) Importer(2089858483,0ecaa5967403d082aa24f35e1b516d23) [PhysX] Initialized MultithreadedTaskDispatcher with 16 workers.
 -> (artifact id: '30e16306f79eb98c64d849dc4029b996') in 0.026579 seconds
Number of updated asset objects reloaded before import = 0
Number of asset objects unloaded after import = 20
========================================================================
Received Import Request.
  Time since last request: 0.000045 seconds.
  path: Assets/NatureManufacture Assets/Foliage Shaders/NM_Foliage_VSPro_Indirect.cginc
  artifactKey: Guid(559eee01f465b9a459de8661f2f599e0) Importer(2089858483,0ecaa5967403d082aa24f35e1b516d23)
Start importing Assets/NatureManufacture Assets/Foliage Shaders/NM_Foliage_VSPro_Indirect.cginc using Guid(559eee01f465b9a459de8661f2f599e0) Importer(2089858483,0ecaa5967403d082aa24f35e1b516d23) [PhysX] Initialized MultithreadedTaskDispatcher with 16 workers.
 -> (artifact id: 'e260b8cf0a5ac7f6cd552ae1ce0df28b') in 0.024082 seconds
Number of updated asset objects reloaded before import = 0
Number of asset objects unloaded after import = 1
========================================================================
Received Import Request.
  Time since last request: 0.000035 seconds.
  path: Assets/NatureManufacture Assets/Advanced Foliage Pack/Ground Textures/Materials/T_Ground_Pebbles_01.mat
  artifactKey: Guid(d6485d8e6ec6c4349b0fd5f264ab1bb7) Importer(2089858483,0ecaa5967403d082aa24f35e1b516d23)
Start importing Assets/NatureManufacture Assets/Advanced Foliage Pack/Ground Textures/Materials/T_Ground_Pebbles_01.mat using Guid(d6485d8e6ec6c4349b0fd5f264ab1bb7) Importer(2089858483,0ecaa5967403d082aa24f35e1b516d23) [PhysX] Initialized MultithreadedTaskDispatcher with 16 workers.
 -> (artifact id: 'f9345582fb05c20196007e842634baf8') in 0.097162 seconds
Number of updated asset objects reloaded before import = 0
Number of asset objects unloaded after import = 5
========================================================================
Received Import Request.
  Time since last request: 0.000052 seconds.
  path: Assets/NatureManufacture Assets/Advanced Foliage Pack/Ground Textures/Materials/water.mat
  artifactKey: Guid(4472844ce054e964b8300e3b040fd964) Importer(2089858483,0ecaa5967403d082aa24f35e1b516d23)
Start importing Assets/NatureManufacture Assets/Advanced Foliage Pack/Ground Textures/Materials/water.mat using Guid(4472844ce054e964b8300e3b040fd964) Importer(2089858483,0ecaa5967403d082aa24f35e1b516d23) [PhysX] Initialized MultithreadedTaskDispatcher with 16 workers.
 -> (artifact id: '00ecf285297841a339cd58ee7b1df14b') in 0.027831 seconds
Number of updated asset objects reloaded before import = 0
Number of asset objects unloaded after import = 2
========================================================================
Received Import Request.
  Time since last request: 0.000055 seconds.
  path: Assets/NatureManufacture Assets/Advanced Foliage Pack/Unity grass/Unity Grass Models/Prefabs Snow/prefab_unity_Snow_grass_grass_bush_03.prefab
  artifactKey: Guid(454a172349fd4a84b950c60998f29b04) Importer(2089858483,0ecaa5967403d082aa24f35e1b516d23)
Start importing Assets/NatureManufacture Assets/Advanced Foliage Pack/Unity grass/Unity Grass Models/Prefabs Snow/prefab_unity_Snow_grass_grass_bush_03.prefab using Guid(454a172349fd4a84b950c60998f29b04) Importer(2089858483,0ecaa5967403d082aa24f35e1b516d23) [PhysX] Initialized MultithreadedTaskDispatcher with 16 workers.
 -> (artifact id: 'ed7e96156f893acca6b872fdb7d78df2') in 0.023019 seconds
Number of updated asset objects reloaded before import = 0
Number of asset objects unloaded after import = 7
========================================================================
Received Import Request.
  Time since last request: 0.000042 seconds.
  path: Assets/NatureManufacture Assets/Advanced Foliage Pack/Unity grass/Unity Grass Models/Prefabs Snow/prefab_unity_Snow_grass_ground_foliage_04_1.prefab
  artifactKey: Guid(10afae654cf0b374295c0c17f58291ca) Importer(2089858483,0ecaa5967403d082aa24f35e1b516d23)
Start importing Assets/NatureManufacture Assets/Advanced Foliage Pack/Unity grass/Unity Grass Models/Prefabs Snow/prefab_unity_Snow_grass_ground_foliage_04_1.prefab using Guid(10afae654cf0b374295c0c17f58291ca) Importer(2089858483,0ecaa5967403d082aa24f35e1b516d23) [PhysX] Initialized MultithreadedTaskDispatcher with 16 workers.
 -> (artifact id: '608ff6046c8632808a40f45bd1301fc1') in 0.024153 seconds
Number of updated asset objects reloaded before import = 0
Number of asset objects unloaded after import = 7
========================================================================
Received Import Request.
  Time since last request: 0.000046 seconds.
  path: Assets/NatureManufacture Assets/Advanced Foliage Pack/Unity grass/Unity Grass Models/Prefabs/prefab_unity_grass_grass_bush_simple_04.prefab
  artifactKey: Guid(15ebbea7ad2230e4b9bd7bb636d8d545) Importer(2089858483,0ecaa5967403d082aa24f35e1b516d23)
Start importing Assets/NatureManufacture Assets/Advanced Foliage Pack/Unity grass/Unity Grass Models/Prefabs/prefab_unity_grass_grass_bush_simple_04.prefab using Guid(15ebbea7ad2230e4b9bd7bb636d8d545) Importer(2089858483,0ecaa5967403d082aa24f35e1b516d23) [PhysX] Initialized MultithreadedTaskDispatcher with 16 workers.
 -> (artifact id: '309f0be8521ea7d6db3d06e6ee15c4dd') in 0.023944 seconds
Number of updated asset objects reloaded before import = 0
Number of asset objects unloaded after import = 7
========================================================================
Received Import Request.
  Time since last request: 0.000038 seconds.
  path: Assets/NatureManufacture Assets/Advanced Foliage Pack/Unity grass/Unity Grass Models/Prefabs Snow/prefab_unity_Snow_grass_grass_bush_simple_04.prefab
  artifactKey: Guid(6dd00bfd1b3143e42902c35b8ae9b62f) Importer(2089858483,0ecaa5967403d082aa24f35e1b516d23)
Start importing Assets/NatureManufacture Assets/Advanced Foliage Pack/Unity grass/Unity Grass Models/Prefabs Snow/prefab_unity_Snow_grass_grass_bush_simple_04.prefab using Guid(6dd00bfd1b3143e42902c35b8ae9b62f) Importer(2089858483,0ecaa5967403d082aa24f35e1b516d23) [PhysX] Initialized MultithreadedTaskDispatcher with 16 workers.
 -> (artifact id: '5abae1a1d311d66842320cdb3af4d66b') in 0.025967 seconds
Number of updated asset objects reloaded before import = 0
Number of asset objects unloaded after import = 7
========================================================================
Received Import Request.
  Time since last request: 0.000044 seconds.
  path: Assets/NatureManufacture Assets/Advanced Foliage Pack/Ground Textures/Materials/T_Ground_Rock_03.mat
  artifactKey: Guid(b8c0c6bf2c035b746b7e7b64817fb4b8) Importer(2089858483,0ecaa5967403d082aa24f35e1b516d23)
Start importing Assets/NatureManufacture Assets/Advanced Foliage Pack/Ground Textures/Materials/T_Ground_Rock_03.mat using Guid(b8c0c6bf2c035b746b7e7b64817fb4b8) Importer(2089858483,0ecaa5967403d082aa24f35e1b516d23) [PhysX] Initialized MultithreadedTaskDispatcher with 16 workers.
 -> (artifact id: '0115c0ea021cd95708422d820359c11f') in 0.052807 seconds
Number of updated asset objects reloaded before import = 0
Number of asset objects unloaded after import = 5
========================================================================
Received Import Request.
  Time since last request: 89.891536 seconds.
  path: Assets/Toby Fredson/The Toby Foliage Engine/(TTFE)_Demo/Meshes/Meshes_Vegetation/MV_Ground Plants/GrassShort_B.fbx
  artifactKey: Guid(fd713a690eb5f664bb35ebb8597f53db) Importer(815301076,1909f56bfc062723c751e8b465ee728b)
Start importing Assets/Toby Fredson/The Toby Foliage Engine/(TTFE)_Demo/Meshes/Meshes_Vegetation/MV_Ground Plants/GrassShort_B.fbx using Guid(fd713a690eb5f664bb35ebb8597f53db) Importer(815301076,1909f56bfc062723c751e8b465ee728b) [PhysX] Initialized MultithreadedTaskDispatcher with 16 workers.
[PhysX] Initialized MultithreadedTaskDispatcher with 16 workers.
[PhysX] Initialized MultithreadedTaskDispatcher with 16 workers.
[PhysX] Initialized MultithreadedTaskDispatcher with 16 workers.
[PhysX] Initialized MultithreadedTaskDispatcher with 16 workers.
[PhysX] Initialized MultithreadedTaskDispatcher with 16 workers.
[PhysX] Initialized MultithreadedTaskDispatcher with 16 workers.
 -> (artifact id: '620574513273964063475f701598d2b7') in 0.092824 seconds
Number of updated asset objects reloaded before import = 0
Number of asset objects unloaded after import = 16
========================================================================
Received Import Request.
  Time since last request: 0.000034 seconds.
  path: Assets/Toby Fredson/The Toby Foliage Engine/(TTFE)_Demo/Meshes/Meshes_Vegetation/MV_Ground Plants/GrassShort_C.fbx
  artifactKey: Guid(54a6bbe9dabe3db408f007549e11df07) Importer(815301076,1909f56bfc062723c751e8b465ee728b)
Start importing Assets/Toby Fredson/The Toby Foliage Engine/(TTFE)_Demo/Meshes/Meshes_Vegetation/MV_Ground Plants/GrassShort_C.fbx using Guid(54a6bbe9dabe3db408f007549e11df07) Importer(815301076,1909f56bfc062723c751e8b465ee728b) [PhysX] Initialized MultithreadedTaskDispatcher with 16 workers.
[PhysX] Initialized MultithreadedTaskDispatcher with 16 workers.
[PhysX] Initialized MultithreadedTaskDispatcher with 16 workers.
[PhysX] Initialized MultithreadedTaskDispatcher with 16 workers.
[PhysX] Initialized MultithreadedTaskDispatcher with 16 workers.
[PhysX] Initialized MultithreadedTaskDispatcher with 16 workers.
[PhysX] Initialized MultithreadedTaskDispatcher with 16 workers.
 -> (artifact id: '7a02b576b8c2410b0ced0851a699fb99') in 0.088351 seconds
Number of updated asset objects reloaded before import = 0
Number of asset objects unloaded after import = 16
========================================================================
Received Import Request.
  Time since last request: 0.000083 seconds.
  path: Assets/Toby Fredson/The Toby Foliage Engine/(TTFE)_Demo/Meshes/Meshes_Vegetation/MV_Ground Plants/GrassShort_D.fbx
  artifactKey: Guid(c48104da983e70b47a175c869bf49512) Importer(815301076,1909f56bfc062723c751e8b465ee728b)
Start importing Assets/Toby Fredson/The Toby Foliage Engine/(TTFE)_Demo/Meshes/Meshes_Vegetation/MV_Ground Plants/GrassShort_D.fbx using Guid(c48104da983e70b47a175c869bf49512) Importer(815301076,1909f56bfc062723c751e8b465ee728b) [PhysX] Initialized MultithreadedTaskDispatcher with 16 workers.
[PhysX] Initialized MultithreadedTaskDispatcher with 16 workers.
[PhysX] Initialized MultithreadedTaskDispatcher with 16 workers.
[PhysX] Initialized MultithreadedTaskDispatcher with 16 workers.
[PhysX] Initialized MultithreadedTaskDispatcher with 16 workers.
[PhysX] Initialized MultithreadedTaskDispatcher with 16 workers.
[PhysX] Initialized MultithreadedTaskDispatcher with 16 workers.
 -> (artifact id: 'b86c124cacae0507ed8b7b4f3901517f') in 0.078549 seconds
Number of updated asset objects reloaded before import = 0
Number of asset objects unloaded after import = 16
========================================================================
Received Import Request.
  Time since last request: 0.000054 seconds.
  path: Assets/TerrainSampleAssets/ShaderGraphs/Subgraphs/URPSSS.shadersubgraph
  artifactKey: Guid(9037b993318fb2a46b314bdf87073500) Importer(815301076,1909f56bfc062723c751e8b465ee728b)
Start importing Assets/TerrainSampleAssets/ShaderGraphs/Subgraphs/URPSSS.shadersubgraph using Guid(9037b993318fb2a46b314bdf87073500) Importer(815301076,1909f56bfc062723c751e8b465ee728b) [PhysX] Initialized MultithreadedTaskDispatcher with 16 workers.
 -> (artifact id: '543788282a1ac5cae6937aa39e2aa0e1') in 0.015839 seconds
Number of updated asset objects reloaded before import = 0
Number of asset objects unloaded after import = 1
========================================================================
Received Import Request.
  Time since last request: 27.370398 seconds.
  path: Assets/NatureManufacture Assets/Foliage Shaders/NM_Foliage_VSPro_Indirect.cginc
  artifactKey: Guid(559eee01f465b9a459de8661f2f599e0) Importer(815301076,1909f56bfc062723c751e8b465ee728b)
Start importing Assets/NatureManufacture Assets/Foliage Shaders/NM_Foliage_VSPro_Indirect.cginc using Guid(559eee01f465b9a459de8661f2f599e0) Importer(815301076,1909f56bfc062723c751e8b465ee728b) [PhysX] Initialized MultithreadedTaskDispatcher with 16 workers.
 -> (artifact id: '6cf98f114bdffc1c68cc6d19653539d5') in 0.001295 seconds
Number of updated asset objects reloaded before import = 0
Number of asset objects unloaded after import = 1
========================================================================
Received Import Request.
  Time since last request: 0.000197 seconds.
  path: Assets/NatureManufacture Assets/Foliage Shaders/NMWindTouchRect.cginc
  artifactKey: Guid(0b275005887200042bbf14338507431f) Importer(815301076,1909f56bfc062723c751e8b465ee728b)
Start importing Assets/NatureManufacture Assets/Foliage Shaders/NMWindTouchRect.cginc using Guid(0b275005887200042bbf14338507431f) Importer(815301076,1909f56bfc062723c751e8b465ee728b) [PhysX] Initialized MultithreadedTaskDispatcher with 16 workers.
 -> (artifact id: 'd76aa1282d4df8439bdc2c21bafc75b4') in 0.001599 seconds
Number of updated asset objects reloaded before import = 0
Number of asset objects unloaded after import = 1
========================================================================
Received Import Request.
  Time since last request: 0.000031 seconds.
  path: Assets/NatureManufacture Assets/Foliage Shaders/NMWindNoShiver.cginc
  artifactKey: Guid(41a44dc6f4c76bf429bfb60cfaadc25e) Importer(815301076,1909f56bfc062723c751e8b465ee728b)
Start importing Assets/NatureManufacture Assets/Foliage Shaders/NMWindNoShiver.cginc using Guid(41a44dc6f4c76bf429bfb60cfaadc25e) Importer(815301076,1909f56bfc062723c751e8b465ee728b) [PhysX] Initialized MultithreadedTaskDispatcher with 16 workers.
 -> (artifact id: '8489f6aec8b1cc0dc15a3a768271a29c') in 0.002329 seconds
Number of updated asset objects reloaded before import = 0
Number of asset objects unloaded after import = 1
========================================================================
Received Import Request.
  Time since last request: 0.000043 seconds.
  path: Assets/Fristy stylize Modular Assets 2/Textures/Rock_Tile_2PM3D_Plane3D_1-NM_u0_v0.tif
  artifactKey: Guid(a71fcc42f60fcb847b4779b453e163f1) Importer(815301076,1909f56bfc062723c751e8b465ee728b)
Start importing Assets/Fristy stylize Modular Assets 2/Textures/Rock_Tile_2PM3D_Plane3D_1-NM_u0_v0.tif using Guid(a71fcc42f60fcb847b4779b453e163f1) Importer(815301076,1909f56bfc062723c751e8b465ee728b) [PhysX] Initialized MultithreadedTaskDispatcher with 16 workers.
[PhysX] Initialized MultithreadedTaskDispatcher with 16 workers.
 -> (artifact id: '893c40a61c16789f932fd01396c972df') in 0.024169 seconds
Number of updated asset objects reloaded before import = 0
Number of asset objects unloaded after import = 2
========================================================================
Received Import Request.
  Time since last request: 0.000056 seconds.
  path: Assets/NatureManufacture Assets/Foliage Shaders/NM_indirect.cginc
  artifactKey: Guid(bce85fc976a01924790d3bf3b63b506e) Importer(815301076,1909f56bfc062723c751e8b465ee728b)
Start importing Assets/NatureManufacture Assets/Foliage Shaders/NM_indirect.cginc using Guid(bce85fc976a01924790d3bf3b63b506e) Importer(815301076,1909f56bfc062723c751e8b465ee728b) [PhysX] Initialized MultithreadedTaskDispatcher with 16 workers.
 -> (artifact id: '7a9b6fad8046a75246e995ded618aa31') in 0.001588 seconds
Number of updated asset objects reloaded before import = 0
Number of asset objects unloaded after import = 1
========================================================================
Received Import Request.
  Time since last request: 0.000036 seconds.
  path: Assets/Fristy stylize Modular Assets 2/Textures/Soil_4_NM.png
  artifactKey: Guid(84cc39cf04c3e32458e35b5d6fb4d959) Importer(815301076,1909f56bfc062723c751e8b465ee728b)
Start importing Assets/Fristy stylize Modular Assets 2/Textures/Soil_4_NM.png using Guid(84cc39cf04c3e32458e35b5d6fb4d959) Importer(815301076,1909f56bfc062723c751e8b465ee728b) [PhysX] Initialized MultithreadedTaskDispatcher with 16 workers.
[PhysX] Initialized MultithreadedTaskDispatcher with 16 workers.
 -> (artifact id: 'b1585a85977588a9305e6bcb743f54a2') in 0.034115 seconds
Number of updated asset objects reloaded before import = 0
Number of asset objects unloaded after import = 2
========================================================================
Received Import Request.
  Time since last request: 21.568949 seconds.
  path: Assets/NatureManufacture Assets/NatureManufacture Wind/GustNoise.psd
  artifactKey: Guid(adabe9ddbe5480a4191c8823f4785a22) Importer(815301076,1909f56bfc062723c751e8b465ee728b)
Start importing Assets/NatureManufacture Assets/NatureManufacture Wind/GustNoise.psd using Guid(adabe9ddbe5480a4191c8823f4785a22) Importer(815301076,1909f56bfc062723c751e8b465ee728b) [PhysX] Initialized MultithreadedTaskDispatcher with 16 workers.
[PhysX] Initialized MultithreadedTaskDispatcher with 16 workers.
 -> (artifact id: '60c131320fb4233ec1435634c4992005') in 0.025378 seconds
Number of updated asset objects reloaded before import = 0
Number of asset objects unloaded after import = 2
========================================================================
Received Import Request.
  Time since last request: 102.272986 seconds.
  path: Assets/NatureManufacture Assets/NatureManufacture Wind/Prefab_Wind_Spherical.prefab
  artifactKey: Guid(974d54ebddd687440a7c9ae08430aa0d) Importer(815301076,1909f56bfc062723c751e8b465ee728b)
Start importing Assets/NatureManufacture Assets/NatureManufacture Wind/Prefab_Wind_Spherical.prefab using Guid(974d54ebddd687440a7c9ae08430aa0d) Importer(815301076,1909f56bfc062723c751e8b465ee728b) [PhysX] Initialized MultithreadedTaskDispatcher with 16 workers.
 -> (artifact id: '5d19a386e7c958505d75c520416ee47e') in 0.004784 seconds
Number of updated asset objects reloaded before import = 0
Number of asset objects unloaded after import = 5
========================================================================
Received Import Request.
  Time since last request: 143.544721 seconds.
  path: Assets/NatureManufacture Assets/Advanced Foliage Pack/Demo/_TerrainAutoUpgrade/layer_T_Ground_Grass_02_A_SmT_Ground_Grass_02_N(6.000,6.000)(0.000,0.000)(0.000,0.000,0.000),0.000,0.000.terrainlayer
  artifactKey: Guid(062ea89dd87d6b146be4841f9260c6fa) Importer(2089858483,0ecaa5967403d082aa24f35e1b516d23)
Start importing Assets/NatureManufacture Assets/Advanced Foliage Pack/Demo/_TerrainAutoUpgrade/layer_T_Ground_Grass_02_A_SmT_Ground_Grass_02_N(6.000,6.000)(0.000,0.000)(0.000,0.000,0.000),0.000,0.000.terrainlayer using Guid(062ea89dd87d6b146be4841f9260c6fa) Importer(2089858483,0ecaa5967403d082aa24f35e1b516d23) [PhysX] Initialized MultithreadedTaskDispatcher with 16 workers.
 -> (artifact id: '7b53bd24fb69c396fed597401adb09ee') in 0.228550 seconds
Number of updated asset objects reloaded before import = 12
Number of asset objects unloaded after import = 4
========================================================================
Received Import Request.
  Time since last request: 0.000969 seconds.
  path: Assets/NatureManufacture Assets/Object Shaders/NM_Lit_Top_Cover_CutOut.shader
  artifactKey: Guid(a2e815373b20e594e92c7acd0ecc5b63) Importer(2089858483,0ecaa5967403d082aa24f35e1b516d23)
Start importing Assets/NatureManufacture Assets/Object Shaders/NM_Lit_Top_Cover_CutOut.shader using Guid(a2e815373b20e594e92c7acd0ecc5b63) Importer(2089858483,0ecaa5967403d082aa24f35e1b516d23) [PhysX] Initialized MultithreadedTaskDispatcher with 16 workers.
 -> (artifact id: '603d36050707df894eef35559ede3f03') in 0.180303 seconds
Number of updated asset objects reloaded before import = 0
Number of asset objects unloaded after import = 1
========================================================================
Received Import Request.
  Time since last request: 0.029190 seconds.
  path: Assets/NatureManufacture Assets/Advanced Foliage Pack/Advanced Grass/Prefabs/prefab_SM_ground_foliage_04_0.prefab
  artifactKey: Guid(ce1acd70f28a9a449806805e271f3d5b) Importer(2089858483,0ecaa5967403d082aa24f35e1b516d23)
Start importing Assets/NatureManufacture Assets/Advanced Foliage Pack/Advanced Grass/Prefabs/prefab_SM_ground_foliage_04_0.prefab using Guid(ce1acd70f28a9a449806805e271f3d5b) Importer(2089858483,0ecaa5967403d082aa24f35e1b516d23) [PhysX] Initialized MultithreadedTaskDispatcher with 16 workers.
 -> (artifact id: '8dcc89798ff5f9a5788d735da21b78db') in 0.080755 seconds
Number of updated asset objects reloaded before import = 0
Number of asset objects unloaded after import = 15
========================================================================
Received Import Request.
  Time since last request: 0.001571 seconds.
  path: Assets/NatureManufacture Assets/Advanced Foliage Pack/Unity grass/Unity Grass Models/Prefabs/prefab_unity_grass_grass_bush_simple_01.prefab
  artifactKey: Guid(0108c93873226ec458b7fd765c1dd7cf) Importer(2089858483,0ecaa5967403d082aa24f35e1b516d23)
Start importing Assets/NatureManufacture Assets/Advanced Foliage Pack/Unity grass/Unity Grass Models/Prefabs/prefab_unity_grass_grass_bush_simple_01.prefab using Guid(0108c93873226ec458b7fd765c1dd7cf) Importer(2089858483,0ecaa5967403d082aa24f35e1b516d23) [PhysX] Initialized MultithreadedTaskDispatcher with 16 workers.
 -> (artifact id: 'edf35606bf73eb5ab832a17b60701001') in 0.062103 seconds
Number of updated asset objects reloaded before import = 0
Number of asset objects unloaded after import = 7
========================================================================
Received Import Request.
  Time since last request: 0.000616 seconds.
  path: Assets/NatureManufacture Assets/Advanced Foliage Pack/Advanced Grass/Materials/M_fern_01.mat
  artifactKey: Guid(846647079a01dac4ba5d4a20d994921c) Importer(2089858483,0ecaa5967403d082aa24f35e1b516d23)
Start importing Assets/NatureManufacture Assets/Advanced Foliage Pack/Advanced Grass/Materials/M_fern_01.mat using Guid(846647079a01dac4ba5d4a20d994921c) Importer(2089858483,0ecaa5967403d082aa24f35e1b516d23) [PhysX] Initialized MultithreadedTaskDispatcher with 16 workers.
 -> (artifact id: 'f4dbc0d2b7a74e263f18e2f2b81f18d9') in 2.784099 seconds
Number of updated asset objects reloaded before import = 0
Number of asset objects unloaded after import = 6
========================================================================
Received Import Request.
  Time since last request: 0.000086 seconds.
  path: Assets/NatureManufacture Assets/Advanced Foliage Pack/Advanced Grass/Materials Snow/M_Snow_ground_foliage_04.mat
  artifactKey: Guid(f854e68c703f8254f8c4cd6c3aed610b) Importer(2089858483,0ecaa5967403d082aa24f35e1b516d23)
Start importing Assets/NatureManufacture Assets/Advanced Foliage Pack/Advanced Grass/Materials Snow/M_Snow_ground_foliage_04.mat using Guid(f854e68c703f8254f8c4cd6c3aed610b) Importer(2089858483,0ecaa5967403d082aa24f35e1b516d23) [PhysX] Initialized MultithreadedTaskDispatcher with 16 workers.
 -> (artifact id: '4c08b0e17eaf5d733fef6b2bdae9f293') in 1.683914 seconds
Number of updated asset objects reloaded before import = 0
Number of asset objects unloaded after import = 8
========================================================================
Received Import Request.
  Time since last request: 0.000093 seconds.
  path: Assets/NatureManufacture Assets/Advanced Foliage Pack/Ground Textures/Materials/T_Ground_Forest_Dirt_01.mat
  artifactKey: Guid(8c0eab25bc0669d4a800bc83af0add88) Importer(2089858483,0ecaa5967403d082aa24f35e1b516d23)
Start importing Assets/NatureManufacture Assets/Advanced Foliage Pack/Ground Textures/Materials/T_Ground_Forest_Dirt_01.mat using Guid(8c0eab25bc0669d4a800bc83af0add88) Importer(2089858483,0ecaa5967403d082aa24f35e1b516d23) [PhysX] Initialized MultithreadedTaskDispatcher with 16 workers.
 -> (artifact id: '1c75cd0ad1a82af608278291ae91485d') in 0.669412 seconds
Number of updated asset objects reloaded before import = 0
Number of asset objects unloaded after import = 5
========================================================================
Received Import Request.
  Time since last request: 0.000077 seconds.
  path: Assets/NatureManufacture Assets/Advanced Foliage Pack/Advanced Grass/Materials/M_ground_foliage_03.mat
  artifactKey: Guid(f4fd61d6d77da594994c711c7c7532f3) Importer(2089858483,0ecaa5967403d082aa24f35e1b516d23)
Start importing Assets/NatureManufacture Assets/Advanced Foliage Pack/Advanced Grass/Materials/M_ground_foliage_03.mat using Guid(f4fd61d6d77da594994c711c7c7532f3) Importer(2089858483,0ecaa5967403d082aa24f35e1b516d23) [PhysX] Initialized MultithreadedTaskDispatcher with 16 workers.
 -> (artifact id: '4443a1aaa8bd192a55cb5a30444a0b14') in 0.084695 seconds
Number of updated asset objects reloaded before import = 0
Number of asset objects unloaded after import = 6
========================================================================
Received Import Request.
  Time since last request: 0.000079 seconds.
  path: Assets/NatureManufacture Assets/Advanced Foliage Pack/Unity grass/Unity Grass Models/Prefabs/prefab_unity_grass_forest_heather_simple_01.prefab
  artifactKey: Guid(efec0a39f8db55f4d9ff6524c6e4828a) Importer(2089858483,0ecaa5967403d082aa24f35e1b516d23)
Start importing Assets/NatureManufacture Assets/Advanced Foliage Pack/Unity grass/Unity Grass Models/Prefabs/prefab_unity_grass_forest_heather_simple_01.prefab using Guid(efec0a39f8db55f4d9ff6524c6e4828a) Importer(2089858483,0ecaa5967403d082aa24f35e1b516d23) [PhysX] Initialized MultithreadedTaskDispatcher with 16 workers.
 -> (artifact id: 'f06a15f567f3bfc58514cd3df65f7b73') in 0.044899 seconds
Number of updated asset objects reloaded before import = 0
Number of asset objects unloaded after import = 7
========================================================================
Received Import Request.
  Time since last request: 0.000057 seconds.
  path: Assets/NatureManufacture Assets/Advanced Foliage Pack/Advanced Grass/Materials Snow/M_Snow_forest_heather_01.mat
  artifactKey: Guid(d33c6e9a23215af4e9fb2ea318dc48a4) Importer(2089858483,0ecaa5967403d082aa24f35e1b516d23)
Start importing Assets/NatureManufacture Assets/Advanced Foliage Pack/Advanced Grass/Materials Snow/M_Snow_forest_heather_01.mat using Guid(d33c6e9a23215af4e9fb2ea318dc48a4) Importer(2089858483,0ecaa5967403d082aa24f35e1b516d23) [PhysX] Initialized MultithreadedTaskDispatcher with 16 workers.
 -> (artifact id: '1ccb89861ff1c5175be4a5b7076204e6') in 0.085077 seconds
Number of updated asset objects reloaded before import = 0
Number of asset objects unloaded after import = 8
========================================================================
Received Import Request.
  Time since last request: 0.000081 seconds.
  path: Assets/NatureManufacture Assets/Object Shaders/NM_Lit_Top_Cover_Specular.shader
  artifactKey: Guid(162df11fc7ba9f845941731f2670ff02) Importer(2089858483,0ecaa5967403d082aa24f35e1b516d23)
Start importing Assets/NatureManufacture Assets/Object Shaders/NM_Lit_Top_Cover_Specular.shader using Guid(162df11fc7ba9f845941731f2670ff02) Importer(2089858483,0ecaa5967403d082aa24f35e1b516d23) [PhysX] Initialized MultithreadedTaskDispatcher with 16 workers.
 -> (artifact id: '192a7e90bb8b9ce021b61b0d1f488901') in 0.057938 seconds
Number of updated asset objects reloaded before import = 0
Number of asset objects unloaded after import = 1
========================================================================
Received Import Request.
  Time since last request: 0.000076 seconds.
  path: Assets/NatureManufacture Assets/Advanced Foliage Pack/Advanced Grass/SM_grass_bush_simple_03.fbx
  artifactKey: Guid(4c9bf01711c0b25449985b0181531445) Importer(2089858483,0ecaa5967403d082aa24f35e1b516d23)
Start importing Assets/NatureManufacture Assets/Advanced Foliage Pack/Advanced Grass/SM_grass_bush_simple_03.fbx using Guid(4c9bf01711c0b25449985b0181531445) Importer(2089858483,0ecaa5967403d082aa24f35e1b516d23) [PhysX] Initialized MultithreadedTaskDispatcher with 16 workers.
 -> (artifact id: '613ac22cee0be276366920c1693528e9') in 0.095451 seconds
Number of updated asset objects reloaded before import = 0
Number of asset objects unloaded after import = 7
========================================================================
Received Import Request.
  Time since last request: 0.000063 seconds.
  path: Assets/NatureManufacture Assets/Advanced Foliage Pack/Advanced Grass/Prefabs/prefab_SM_ground_foliage_02_1.prefab
  artifactKey: Guid(a5ccbc162888ca546b181cc382899bf5) Importer(2089858483,0ecaa5967403d082aa24f35e1b516d23)
Start importing Assets/NatureManufacture Assets/Advanced Foliage Pack/Advanced Grass/Prefabs/prefab_SM_ground_foliage_02_1.prefab using Guid(a5ccbc162888ca546b181cc382899bf5) Importer(2089858483,0ecaa5967403d082aa24f35e1b516d23) [PhysX] Initialized MultithreadedTaskDispatcher with 16 workers.
 -> (artifact id: '084f9955334f0df6d2f879e931208391') in 0.035777 seconds
Number of updated asset objects reloaded before import = 0
Number of asset objects unloaded after import = 20
========================================================================
Received Import Request.
  Time since last request: 0.000059 seconds.
  path: Assets/NatureManufacture Assets/Object Shaders/NM_Lit_Triplanar_Cover_CutOut.shader
  artifactKey: Guid(41722b20bec5fc641989fae5ba8a6656) Importer(2089858483,0ecaa5967403d082aa24f35e1b516d23)
Start importing Assets/NatureManufacture Assets/Object Shaders/NM_Lit_Triplanar_Cover_CutOut.shader using Guid(41722b20bec5fc641989fae5ba8a6656) Importer(2089858483,0ecaa5967403d082aa24f35e1b516d23) [PhysX] Initialized MultithreadedTaskDispatcher with 16 workers.
 -> (artifact id: '70ade44483c63d7c098ce5be51ce07ae') in 0.040146 seconds
Number of updated asset objects reloaded before import = 0
Number of asset objects unloaded after import = 1
========================================================================
Received Import Request.
  Time since last request: 0.000055 seconds.
  path: Assets/NatureManufacture Assets/Advanced Foliage Pack/Unity grass/Unity Grass Models/Prefabs/prefab_unity_grass_grass_bush_simple_02.prefab
  artifactKey: Guid(1ce2545741b8b484888ff1d29ac36d7e) Importer(2089858483,0ecaa5967403d082aa24f35e1b516d23)
Start importing Assets/NatureManufacture Assets/Advanced Foliage Pack/Unity grass/Unity Grass Models/Prefabs/prefab_unity_grass_grass_bush_simple_02.prefab using Guid(1ce2545741b8b484888ff1d29ac36d7e) Importer(2089858483,0ecaa5967403d082aa24f35e1b516d23) [PhysX] Initialized MultithreadedTaskDispatcher with 16 workers.
 -> (artifact id: 'd667e0132fd36de5e6c514bbc700a0a8') in 0.029526 seconds
Number of updated asset objects reloaded before import = 0
Number of asset objects unloaded after import = 7
========================================================================
Received Import Request.
  Time since last request: 0.000053 seconds.
  path: Assets/NatureManufacture Assets/Advanced Foliage Pack/Unity grass/Unity Grass Models/Prefabs/prefab_unity_grass_grass_bush_simple_05.prefab
  artifactKey: Guid(062e1b74396db504695dfe10abf40595) Importer(2089858483,0ecaa5967403d082aa24f35e1b516d23)
Start importing Assets/NatureManufacture Assets/Advanced Foliage Pack/Unity grass/Unity Grass Models/Prefabs/prefab_unity_grass_grass_bush_simple_05.prefab using Guid(062e1b74396db504695dfe10abf40595) Importer(2089858483,0ecaa5967403d082aa24f35e1b516d23) [PhysX] Initialized MultithreadedTaskDispatcher with 16 workers.
 -> (artifact id: 'a6f46664ea97c91af4bd9445bfc12daa') in 0.037487 seconds
Number of updated asset objects reloaded before import = 0
Number of asset objects unloaded after import = 7
========================================================================
Received Import Request.
  Time since last request: 0.000058 seconds.
  path: Assets/NatureManufacture Assets/Advanced Foliage Pack/Ground Textures/Materials/T_Ground_Sand_01.mat
  artifactKey: Guid(3e4cb7c35b15cc6408fb301f3aa866a6) Importer(2089858483,0ecaa5967403d082aa24f35e1b516d23)
Start importing Assets/NatureManufacture Assets/Advanced Foliage Pack/Ground Textures/Materials/T_Ground_Sand_01.mat using Guid(3e4cb7c35b15cc6408fb301f3aa866a6) Importer(2089858483,0ecaa5967403d082aa24f35e1b516d23) [PhysX] Initialized MultithreadedTaskDispatcher with 16 workers.
 -> (artifact id: '024981f34bfc17767dc181257c657f04') in 0.044290 seconds
Number of updated asset objects reloaded before import = 0
Number of asset objects unloaded after import = 5
========================================================================
Received Import Request.
  Time since last request: 0.000058 seconds.
  path: Assets/NatureManufacture Assets/Advanced Foliage Pack/Ground Textures/Materials/T_Ground_Grass_03.mat
  artifactKey: Guid(057451d2456630849bd4b259e75f2185) Importer(2089858483,0ecaa5967403d082aa24f35e1b516d23)
Start importing Assets/NatureManufacture Assets/Advanced Foliage Pack/Ground Textures/Materials/T_Ground_Grass_03.mat using Guid(057451d2456630849bd4b259e75f2185) Importer(2089858483,0ecaa5967403d082aa24f35e1b516d23) [PhysX] Initialized MultithreadedTaskDispatcher with 16 workers.
 -> (artifact id: 'b39e8c5766eb79053511383928fa66e8') in 0.066455 seconds
Number of updated asset objects reloaded before import = 0
Number of asset objects unloaded after import = 5
========================================================================
Received Import Request.
  Time since last request: 0.000063 seconds.
  path: Assets/NatureManufacture Assets/Advanced Foliage Pack/Ground Textures/Materials/T_Ground_Forest_Pebbles_Path_01.mat
  artifactKey: Guid(856a8edf10290684cb22c1aa383ef11e) Importer(2089858483,0ecaa5967403d082aa24f35e1b516d23)
Start importing Assets/NatureManufacture Assets/Advanced Foliage Pack/Ground Textures/Materials/T_Ground_Forest_Pebbles_Path_01.mat using Guid(856a8edf10290684cb22c1aa383ef11e) Importer(2089858483,0ecaa5967403d082aa24f35e1b516d23) [PhysX] Initialized MultithreadedTaskDispatcher with 16 workers.
 -> (artifact id: '1c28e55452759d1eae04aae8ecf7e841') in 0.058376 seconds
Number of updated asset objects reloaded before import = 0
Number of asset objects unloaded after import = 5
========================================================================
Received Import Request.
  Time since last request: 0.000076 seconds.
  path: Assets/NatureManufacture Assets/Advanced Foliage Pack/Crooked Roots/Materials/M_crooked_roots_01.mat
  artifactKey: Guid(f9b63180ff276a5498f6d6b519a22bf8) Importer(2089858483,0ecaa5967403d082aa24f35e1b516d23)
Start importing Assets/NatureManufacture Assets/Advanced Foliage Pack/Crooked Roots/Materials/M_crooked_roots_01.mat using Guid(f9b63180ff276a5498f6d6b519a22bf8) Importer(2089858483,0ecaa5967403d082aa24f35e1b516d23) [PhysX] Initialized MultithreadedTaskDispatcher with 16 workers.
 -> (artifact id: '8d372a361f35e69e2b998297892abfca') in 0.480936 seconds
Number of updated asset objects reloaded before import = 0
Number of asset objects unloaded after import = 4
========================================================================
Received Import Request.
  Time since last request: 0.000068 seconds.
  path: Assets/NatureManufacture Assets/Advanced Foliage Pack/Advanced Grass/Prefabs/prefab_SM_clover_01.prefab
  artifactKey: Guid(6f55446d10e4ac445bcf54fff2e165c4) Importer(2089858483,0ecaa5967403d082aa24f35e1b516d23)
Start importing Assets/NatureManufacture Assets/Advanced Foliage Pack/Advanced Grass/Prefabs/prefab_SM_clover_01.prefab using Guid(6f55446d10e4ac445bcf54fff2e165c4) Importer(2089858483,0ecaa5967403d082aa24f35e1b516d23) [PhysX] Initialized MultithreadedTaskDispatcher with 16 workers.
 -> (artifact id: 'e53e761d3800d7805a1123f2adcb203f') in 0.029455 seconds
Number of updated asset objects reloaded before import = 0
Number of asset objects unloaded after import = 15
========================================================================
Received Import Request.
  Time since last request: 0.000055 seconds.
  path: Assets/NatureManufacture Assets/Advanced Foliage Pack/Unity grass/Unity Grass Models/Prefabs/prefab_unity_grass_grass_bush_03.prefab
  artifactKey: Guid(46bfa179df12c014b8e0c1330c572dd4) Importer(2089858483,0ecaa5967403d082aa24f35e1b516d23)
Start importing Assets/NatureManufacture Assets/Advanced Foliage Pack/Unity grass/Unity Grass Models/Prefabs/prefab_unity_grass_grass_bush_03.prefab using Guid(46bfa179df12c014b8e0c1330c572dd4) Importer(2089858483,0ecaa5967403d082aa24f35e1b516d23) [PhysX] Initialized MultithreadedTaskDispatcher with 16 workers.
 -> (artifact id: 'e528eb0d44b6423f916d9973196d7d8e') in 0.032338 seconds
Number of updated asset objects reloaded before import = 0
Number of asset objects unloaded after import = 7
========================================================================
Received Import Request.
  Time since last request: 0.000055 seconds.
  path: Assets/NatureManufacture Assets/Advanced Foliage Pack/Demo/OverviewPostProcessingSettings Foliage.asset
  artifactKey: Guid(49f228d53f6a8be48a64b92d43b3bc96) Importer(2089858483,0ecaa5967403d082aa24f35e1b516d23)
Start importing Assets/NatureManufacture Assets/Advanced Foliage Pack/Demo/OverviewPostProcessingSettings Foliage.asset using Guid(49f228d53f6a8be48a64b92d43b3bc96) Importer(2089858483,0ecaa5967403d082aa24f35e1b516d23) [PhysX] Initialized MultithreadedTaskDispatcher with 16 workers.
 -> (artifact id: '934106afd3bb9bdc8a9c7f480f76beaf') in 0.032702 seconds
Number of updated asset objects reloaded before import = 0
Number of asset objects unloaded after import = 7
========================================================================
Received Import Request.
  Time since last request: 0.000079 seconds.
  path: Assets/NatureManufacture Assets/Advanced Foliage Pack/Ground Textures/Materials/T_Ground_Roots_01.mat
  artifactKey: Guid(88860133a874a4f409d07e30ab30f800) Importer(2089858483,0ecaa5967403d082aa24f35e1b516d23)
Start importing Assets/NatureManufacture Assets/Advanced Foliage Pack/Ground Textures/Materials/T_Ground_Roots_01.mat using Guid(88860133a874a4f409d07e30ab30f800) Importer(2089858483,0ecaa5967403d082aa24f35e1b516d23) [PhysX] Initialized MultithreadedTaskDispatcher with 16 workers.
 -> (artifact id: '104e883374335e7531ed5eb7931cf2dd') in 0.047578 seconds
Number of updated asset objects reloaded before import = 0
Number of asset objects unloaded after import = 5
========================================================================
Received Import Request.
  Time since last request: 0.000055 seconds.
  path: Assets/NatureManufacture Assets/Advanced Foliage Pack/Advanced Grass/Prefabs Snow/prefab_SM_grass_bush_simple_05.prefab
  artifactKey: Guid(4a132b5025cbbea4093f769d594f8fd1) Importer(2089858483,0ecaa5967403d082aa24f35e1b516d23)
Start importing Assets/NatureManufacture Assets/Advanced Foliage Pack/Advanced Grass/Prefabs Snow/prefab_SM_grass_bush_simple_05.prefab using Guid(4a132b5025cbbea4093f769d594f8fd1) Importer(2089858483,0ecaa5967403d082aa24f35e1b516d23) [PhysX] Initialized MultithreadedTaskDispatcher with 16 workers.
 -> (artifact id: '53e5fab1dacc9a1d718cd2ab8d6e9245') in 0.044131 seconds
Number of updated asset objects reloaded before import = 0
Number of asset objects unloaded after import = 8
========================================================================
Received Import Request.
  Time since last request: 0.000046 seconds.
  path: Assets/NatureManufacture Assets/Advanced Foliage Pack/Unity grass/Unity Grass Models/Prefabs/prefab_unity_grass_forest_heather_01.prefab
  artifactKey: Guid(d2a1db6ab6d37ac4886c15220cf1c508) Importer(2089858483,0ecaa5967403d082aa24f35e1b516d23)
Start importing Assets/NatureManufacture Assets/Advanced Foliage Pack/Unity grass/Unity Grass Models/Prefabs/prefab_unity_grass_forest_heather_01.prefab using Guid(d2a1db6ab6d37ac4886c15220cf1c508) Importer(2089858483,0ecaa5967403d082aa24f35e1b516d23) [PhysX] Initialized MultithreadedTaskDispatcher with 16 workers.
 -> (artifact id: 'b69e30ff5fa67bd75b6dcf356d1c5960') in 0.025422 seconds
Number of updated asset objects reloaded before import = 0
Number of asset objects unloaded after import = 7
========================================================================
Received Import Request.
  Time since last request: 0.000395 seconds.
  path: Assets/NatureManufacture Assets/Advanced Foliage Pack/Demo/_TerrainAutoUpgrade/layer_T_Ground_Grass_01_4_A_SmT_Ground_Grass_01_N(6.000,6.000)(0.000,0.000)(0.000,0.000,0.000),0.000,0.000.terrainlayer
  artifactKey: Guid(618af7065c8b7ff46a68ba35319d8507) Importer(2089858483,0ecaa5967403d082aa24f35e1b516d23)
Start importing Assets/NatureManufacture Assets/Advanced Foliage Pack/Demo/_TerrainAutoUpgrade/layer_T_Ground_Grass_01_4_A_SmT_Ground_Grass_01_N(6.000,6.000)(0.000,0.000)(0.000,0.000,0.000),0.000,0.000.terrainlayer using Guid(618af7065c8b7ff46a68ba35319d8507) Importer(2089858483,0ecaa5967403d082aa24f35e1b516d23) [PhysX] Initialized MultithreadedTaskDispatcher with 16 workers.
 -> (artifact id: '21733f922054ce002c86ff3fea5cafc5') in 0.038375 seconds
Number of updated asset objects reloaded before import = 0
Number of asset objects unloaded after import = 4
========================================================================
Received Import Request.
  Time since last request: 0.000046 seconds.
  path: Assets/NatureManufacture Assets/Advanced Foliage Pack/Ground Textures/Materials/T_Ground_Forest_01.mat
  artifactKey: Guid(d406dfd93044bfc4ea02b003d9ee3492) Importer(2089858483,0ecaa5967403d082aa24f35e1b516d23)
Start importing Assets/NatureManufacture Assets/Advanced Foliage Pack/Ground Textures/Materials/T_Ground_Forest_01.mat using Guid(d406dfd93044bfc4ea02b003d9ee3492) Importer(2089858483,0ecaa5967403d082aa24f35e1b516d23) [PhysX] Initialized MultithreadedTaskDispatcher with 16 workers.
 -> (artifact id: '7a206b33246bda538fca425e9e8a1609') in 0.046622 seconds
Number of updated asset objects reloaded before import = 0
Number of asset objects unloaded after import = 5
========================================================================
Received Import Request.
  Time since last request: 0.000051 seconds.
  path: Assets/NatureManufacture Assets/Object Shaders/NM_Lit_Top_Cover.shader
  artifactKey: Guid(0c3250378db487848854884ac1f2ec9b) Importer(2089858483,0ecaa5967403d082aa24f35e1b516d23)
Start importing Assets/NatureManufacture Assets/Object Shaders/NM_Lit_Top_Cover.shader using Guid(0c3250378db487848854884ac1f2ec9b) Importer(2089858483,0ecaa5967403d082aa24f35e1b516d23) [PhysX] Initialized MultithreadedTaskDispatcher with 16 workers.
 -> (artifact id: 'cb6b0d6f2b98288d14f84e4a9891749f') in 0.035282 seconds
Number of updated asset objects reloaded before import = 0
Number of asset objects unloaded after import = 1
========================================================================
Received Import Request.
  Time since last request: 0.000072 seconds.
  path: Assets/NatureManufacture Assets/Advanced Foliage Pack/Advanced Grass/Prefabs/prefab_SM_fern_01_0.prefab
  artifactKey: Guid(9bcf8dfabfdded149ae855742fa187a2) Importer(2089858483,0ecaa5967403d082aa24f35e1b516d23)
Start importing Assets/NatureManufacture Assets/Advanced Foliage Pack/Advanced Grass/Prefabs/prefab_SM_fern_01_0.prefab using Guid(9bcf8dfabfdded149ae855742fa187a2) Importer(2089858483,0ecaa5967403d082aa24f35e1b516d23) [PhysX] Initialized MultithreadedTaskDispatcher with 16 workers.
 -> (artifact id: 'edcf43a11ca2ccae7d77a14350994680') in 0.033264 seconds
Number of updated asset objects reloaded before import = 0
Number of asset objects unloaded after import = 20
========================================================================
Received Import Request.
  Time since last request: 0.000039 seconds.
  path: Assets/NatureManufacture Assets/Advanced Foliage Pack/Unity grass/Unity Grass Models/Prefabs/prefab_unity_grass_clover_01_flowery.prefab
  artifactKey: Guid(6cb313b46e2108a47b6d5e0e6bae38ec) Importer(2089858483,0ecaa5967403d082aa24f35e1b516d23)
Start importing Assets/NatureManufacture Assets/Advanced Foliage Pack/Unity grass/Unity Grass Models/Prefabs/prefab_unity_grass_clover_01_flowery.prefab using Guid(6cb313b46e2108a47b6d5e0e6bae38ec) Importer(2089858483,0ecaa5967403d082aa24f35e1b516d23) [PhysX] Initialized MultithreadedTaskDispatcher with 16 workers.
 -> (artifact id: 'c8b2264d8c3d8be8fd2bf0cbe20b7114') in 0.026719 seconds
Number of updated asset objects reloaded before import = 0
Number of asset objects unloaded after import = 7
========================================================================
Received Import Request.
  Time since last request: 0.000071 seconds.
  path: Assets/NatureManufacture Assets/Advanced Foliage Pack/Unity grass/Unity Grass Models/Prefabs/prefab_unity_grass_ground_foliage_04_1.prefab
  artifactKey: Guid(c0e4915921042894d9b37ff887b75761) Importer(2089858483,0ecaa5967403d082aa24f35e1b516d23)
Start importing Assets/NatureManufacture Assets/Advanced Foliage Pack/Unity grass/Unity Grass Models/Prefabs/prefab_unity_grass_ground_foliage_04_1.prefab using Guid(c0e4915921042894d9b37ff887b75761) Importer(2089858483,0ecaa5967403d082aa24f35e1b516d23) [PhysX] Initialized MultithreadedTaskDispatcher with 16 workers.
 -> (artifact id: '41eba8241b303e42fd5a26f763de5b68') in 0.025719 seconds
Number of updated asset objects reloaded before import = 0
Number of asset objects unloaded after import = 7
========================================================================
Received Import Request.
  Time since last request: 0.000073 seconds.
  path: Assets/NatureManufacture Assets/Advanced Foliage Pack/Unity grass/Unity Grass Models/Prefabs Snow/prefab_unity_Snow_grass_grass_bush_02.prefab
  artifactKey: Guid(5ab506f1277b27a4ca14d5955ad93369) Importer(2089858483,0ecaa5967403d082aa24f35e1b516d23)
Start importing Assets/NatureManufacture Assets/Advanced Foliage Pack/Unity grass/Unity Grass Models/Prefabs Snow/prefab_unity_Snow_grass_grass_bush_02.prefab using Guid(5ab506f1277b27a4ca14d5955ad93369) Importer(2089858483,0ecaa5967403d082aa24f35e1b516d23) [PhysX] Initialized MultithreadedTaskDispatcher with 16 workers.
 -> (artifact id: '33c23d95bf718e9d81c154dc188b7115') in 0.030884 seconds
Number of updated asset objects reloaded before import = 0
Number of asset objects unloaded after import = 7
========================================================================
Received Import Request.
  Time since last request: 0.000046 seconds.
  path: Assets/NatureManufacture Assets/Advanced Foliage Pack/Crooked Roots/Prefabs_Snow/prefab_Snow_crooked_roots_small.prefab
  artifactKey: Guid(adb26d6b838c1024e9bf8bcd91481eca) Importer(2089858483,0ecaa5967403d082aa24f35e1b516d23)
Start importing Assets/NatureManufacture Assets/Advanced Foliage Pack/Crooked Roots/Prefabs_Snow/prefab_Snow_crooked_roots_small.prefab using Guid(adb26d6b838c1024e9bf8bcd91481eca) Importer(2089858483,0ecaa5967403d082aa24f35e1b516d23) [PhysX] Initialized MultithreadedTaskDispatcher with 16 workers.
 -> (artifact id: 'b01c0781f92bd525b693b41a8e23d5b0') in 0.025058 seconds
Number of updated asset objects reloaded before import = 0
Number of asset objects unloaded after import = 10
========================================================================
Received Import Request.
  Time since last request: 0.000063 seconds.
  path: Assets/NatureManufacture Assets/Advanced Foliage Pack/Unity grass/Unity Grass Models/Prefabs Snow/prefab_unity_Snow_grass_forest_heather_simple_01.prefab
  artifactKey: Guid(8feca9d3506d6044ab419bcab6d0cb39) Importer(2089858483,0ecaa5967403d082aa24f35e1b516d23)
Start importing Assets/NatureManufacture Assets/Advanced Foliage Pack/Unity grass/Unity Grass Models/Prefabs Snow/prefab_unity_Snow_grass_forest_heather_simple_01.prefab using Guid(8feca9d3506d6044ab419bcab6d0cb39) Importer(2089858483,0ecaa5967403d082aa24f35e1b516d23) [PhysX] Initialized MultithreadedTaskDispatcher with 16 workers.
 -> (artifact id: 'db635416105d7ca4ac7ee78e348cd832') in 0.030141 seconds
Number of updated asset objects reloaded before import = 0
Number of asset objects unloaded after import = 7
========================================================================
Received Import Request.
  Time since last request: 0.000040 seconds.
  path: Assets/NatureManufacture Assets/Advanced Foliage Pack/Unity grass/Unity Grass Models/unity_grass_grass_bush_simple_03.fbx
  artifactKey: Guid(575e5e2ae2e9b594fa4695bb49f3ff95) Importer(2089858483,0ecaa5967403d082aa24f35e1b516d23)
Start importing Assets/NatureManufacture Assets/Advanced Foliage Pack/Unity grass/Unity Grass Models/unity_grass_grass_bush_simple_03.fbx using Guid(575e5e2ae2e9b594fa4695bb49f3ff95) Importer(2089858483,0ecaa5967403d082aa24f35e1b516d23) [PhysX] Initialized MultithreadedTaskDispatcher with 16 workers.
 -> (artifact id: '0b2952cb5b206a0048058195f43b77a4') in 0.037650 seconds
Number of updated asset objects reloaded before import = 0
Number of asset objects unloaded after import = 7
========================================================================
Received Import Request.
  Time since last request: 0.000054 seconds.
  path: Assets/NatureManufacture Assets/Advanced Foliage Pack/Unity grass/Unity Grass Models/Prefabs Snow/prefab_unity_Snow_grass_clover_01_flowery.prefab
  artifactKey: Guid(ec09695c1c34d3d4899629d75df824da) Importer(2089858483,0ecaa5967403d082aa24f35e1b516d23)
Start importing Assets/NatureManufacture Assets/Advanced Foliage Pack/Unity grass/Unity Grass Models/Prefabs Snow/prefab_unity_Snow_grass_clover_01_flowery.prefab using Guid(ec09695c1c34d3d4899629d75df824da) Importer(2089858483,0ecaa5967403d082aa24f35e1b516d23) [PhysX] Initialized MultithreadedTaskDispatcher with 16 workers.
 -> (artifact id: '35e9069b4eda0f4a25a7c84cc39157f8') in 0.029482 seconds
Number of updated asset objects reloaded before import = 0
Number of asset objects unloaded after import = 7
========================================================================
Received Import Request.
  Time since last request: 0.000039 seconds.
  path: Assets/NatureManufacture Assets/Advanced Foliage Pack/Crooked Roots/Prefabs_Snow/prefab_Snow_crooked_root_02.prefab
  artifactKey: Guid(56f8f389649d87e48ac0493c41820efd) Importer(2089858483,0ecaa5967403d082aa24f35e1b516d23)
Start importing Assets/NatureManufacture Assets/Advanced Foliage Pack/Crooked Roots/Prefabs_Snow/prefab_Snow_crooked_root_02.prefab using Guid(56f8f389649d87e48ac0493c41820efd) Importer(2089858483,0ecaa5967403d082aa24f35e1b516d23) [PhysX] Initialized MultithreadedTaskDispatcher with 16 workers.
 -> (artifact id: '96dd19f478a5a0b4555c475dd357c586') in 0.031665 seconds
Number of updated asset objects reloaded before import = 0
Number of asset objects unloaded after import = 25
========================================================================
Received Import Request.
  Time since last request: 0.000060 seconds.
  path: Assets/NatureManufacture Assets/Advanced Foliage Pack/Unity grass/Unity Grass Models/unity_grass_fern_01_2.fbx
  artifactKey: Guid(a84b3d63db8add24bb6e25fa2ffcb1f1) Importer(2089858483,0ecaa5967403d082aa24f35e1b516d23)
Start importing Assets/NatureManufacture Assets/Advanced Foliage Pack/Unity grass/Unity Grass Models/unity_grass_fern_01_2.fbx using Guid(a84b3d63db8add24bb6e25fa2ffcb1f1) Importer(2089858483,0ecaa5967403d082aa24f35e1b516d23) [PhysX] Initialized MultithreadedTaskDispatcher with 16 workers.
 -> (artifact id: 'a66b4c3215c4b6ec6bfd80432fb77883') in 0.053137 seconds
Number of updated asset objects reloaded before import = 0
Number of asset objects unloaded after import = 7
========================================================================
Received Import Request.
  Time since last request: 0.000051 seconds.
  path: Assets/NatureManufacture Assets/Advanced Foliage Pack/Unity grass/Unity Grass Models/unity_grass_fern_01_0.fbx
  artifactKey: Guid(c825106528efa454599a3a467ec4861c) Importer(2089858483,0ecaa5967403d082aa24f35e1b516d23)
Start importing Assets/NatureManufacture Assets/Advanced Foliage Pack/Unity grass/Unity Grass Models/unity_grass_fern_01_0.fbx using Guid(c825106528efa454599a3a467ec4861c) Importer(2089858483,0ecaa5967403d082aa24f35e1b516d23) [PhysX] Initialized MultithreadedTaskDispatcher with 16 workers.
 -> (artifact id: '3145024bcf59977b0224d8246387057d') in 0.039388 seconds
Number of updated asset objects reloaded before import = 0
Number of asset objects unloaded after import = 7
========================================================================
Received Import Request.
  Time since last request: 0.000064 seconds.
  path: Assets/NatureManufacture Assets/Advanced Foliage Pack/Advanced Grass/SM_grass_bush_simple_05.fbx
  artifactKey: Guid(fe9c706605429134d8777bd024e25161) Importer(2089858483,0ecaa5967403d082aa24f35e1b516d23)
Start importing Assets/NatureManufacture Assets/Advanced Foliage Pack/Advanced Grass/SM_grass_bush_simple_05.fbx using Guid(fe9c706605429134d8777bd024e25161) Importer(2089858483,0ecaa5967403d082aa24f35e1b516d23) [PhysX] Initialized MultithreadedTaskDispatcher with 16 workers.
 -> (artifact id: '66e6990c44993f3c3b3705a982963a75') in 0.039281 seconds
Number of updated asset objects reloaded before import = 0
Number of asset objects unloaded after import = 7
========================================================================
Received Import Request.
  Time since last request: 0.000047 seconds.
  path: Assets/NatureManufacture Assets/Advanced Foliage Pack/Demo/HD RP Demo with Unity Grass/ReflectionProbe-2.exr
  artifactKey: Guid(40981ce65bfc7904a86fa9af8b7be45d) Importer(2089858483,0ecaa5967403d082aa24f35e1b516d23)
Start importing Assets/NatureManufacture Assets/Advanced Foliage Pack/Demo/HD RP Demo with Unity Grass/ReflectionProbe-2.exr using Guid(40981ce65bfc7904a86fa9af8b7be45d) Importer(2089858483,0ecaa5967403d082aa24f35e1b516d23) [PhysX] Initialized MultithreadedTaskDispatcher with 16 workers.
 -> (artifact id: '6f9eef40a388277e624ed10e92360a56') in 0.048499 seconds
Number of updated asset objects reloaded before import = 0
Number of asset objects unloaded after import = 1
========================================================================
Received Import Request.
  Time since last request: 0.000069 seconds.
  path: Assets/NatureManufacture Assets/Advanced Foliage Pack/Ground Textures/Materials/T_Ground_Sand_02.mat
  artifactKey: Guid(5e4f4540239b9c641a83fdd9ce54289e) Importer(2089858483,0ecaa5967403d082aa24f35e1b516d23)
Start importing Assets/NatureManufacture Assets/Advanced Foliage Pack/Ground Textures/Materials/T_Ground_Sand_02.mat using Guid(5e4f4540239b9c641a83fdd9ce54289e) Importer(2089858483,0ecaa5967403d082aa24f35e1b516d23) [PhysX] Initialized MultithreadedTaskDispatcher with 16 workers.
 -> (artifact id: '80f09696638303731fb49b3548e45ba2') in 0.083252 seconds
Number of updated asset objects reloaded before import = 0
Number of asset objects unloaded after import = 5
========================================================================
Received Import Request.
  Time since last request: 0.000056 seconds.
  path: Assets/NatureManufacture Assets/Advanced Foliage Pack/Advanced Grass/Prefabs/prefab_SM_clover_01_flowery.prefab
  artifactKey: Guid(0bb8f7e0e6b4a914b854bcf0daba4aa2) Importer(2089858483,0ecaa5967403d082aa24f35e1b516d23)
Start importing Assets/NatureManufacture Assets/Advanced Foliage Pack/Advanced Grass/Prefabs/prefab_SM_clover_01_flowery.prefab using Guid(0bb8f7e0e6b4a914b854bcf0daba4aa2) Importer(2089858483,0ecaa5967403d082aa24f35e1b516d23) [PhysX] Initialized MultithreadedTaskDispatcher with 16 workers.
 -> (artifact id: '9adb928bfedbde88cea76bd469bb6ae7') in 0.025310 seconds
Number of updated asset objects reloaded before import = 0
Number of asset objects unloaded after import = 15
========================================================================
Received Import Request.
  Time since last request: 0.000044 seconds.
  path: Assets/NatureManufacture Assets/Advanced Foliage Pack/Unity grass/Unity Grass Models/Prefabs/prefab_unity_grass_clover_01.prefab
  artifactKey: Guid(3ae9c15791082f74f95e77a9f34e4fbd) Importer(2089858483,0ecaa5967403d082aa24f35e1b516d23)
Start importing Assets/NatureManufacture Assets/Advanced Foliage Pack/Unity grass/Unity Grass Models/Prefabs/prefab_unity_grass_clover_01.prefab using Guid(3ae9c15791082f74f95e77a9f34e4fbd) Importer(2089858483,0ecaa5967403d082aa24f35e1b516d23) [PhysX] Initialized MultithreadedTaskDispatcher with 16 workers.
 -> (artifact id: '13eed819d211dc04ce3f2fe8253efa19') in 0.030293 seconds
Number of updated asset objects reloaded before import = 0
Number of asset objects unloaded after import = 7
========================================================================
Received Import Request.
  Time since last request: 0.000037 seconds.
  path: Assets/NatureManufacture Assets/Advanced Foliage Pack/Unity grass/Unity Grass Models/Prefabs Snow/prefab_unity_Snow_grass_forest_heather_01.prefab
  artifactKey: Guid(2e60967bd37817643b6c17b7b600463a) Importer(2089858483,0ecaa5967403d082aa24f35e1b516d23)
Start importing Assets/NatureManufacture Assets/Advanced Foliage Pack/Unity grass/Unity Grass Models/Prefabs Snow/prefab_unity_Snow_grass_forest_heather_01.prefab using Guid(2e60967bd37817643b6c17b7b600463a) Importer(2089858483,0ecaa5967403d082aa24f35e1b516d23) [PhysX] Initialized MultithreadedTaskDispatcher with 16 workers.
 -> (artifact id: '12ffb50568574d43b48a03f2ea212e45') in 0.035430 seconds
Number of updated asset objects reloaded before import = 0
Number of asset objects unloaded after import = 7
========================================================================
Received Import Request.
  Time since last request: 0.000045 seconds.
  path: Assets/NatureManufacture Assets/Object Shaders/NM_Lit_Triplanar_Cover_Specular.shader
  artifactKey: Guid(012a143e1d0d5af4681c46cca98baf66) Importer(2089858483,0ecaa5967403d082aa24f35e1b516d23)
Start importing Assets/NatureManufacture Assets/Object Shaders/NM_Lit_Triplanar_Cover_Specular.shader using Guid(012a143e1d0d5af4681c46cca98baf66) Importer(2089858483,0ecaa5967403d082aa24f35e1b516d23) [PhysX] Initialized MultithreadedTaskDispatcher with 16 workers.
 -> (artifact id: 'd855f3b49d1e2b5bf5a7dd088c577843') in 0.037965 seconds
Number of updated asset objects reloaded before import = 0
Number of asset objects unloaded after import = 1
========================================================================
Received Import Request.
  Time since last request: 0.000051 seconds.
  path: Assets/NatureManufacture Assets/Advanced Foliage Pack/Unity grass/Unity Grass Models/Prefabs Snow/prefab_unity_Snow_grass_grass_bush_01.prefab
  artifactKey: Guid(7664a6318475baa49a3d8dbb423c2895) Importer(2089858483,0ecaa5967403d082aa24f35e1b516d23)
Start importing Assets/NatureManufacture Assets/Advanced Foliage Pack/Unity grass/Unity Grass Models/Prefabs Snow/prefab_unity_Snow_grass_grass_bush_01.prefab using Guid(7664a6318475baa49a3d8dbb423c2895) Importer(2089858483,0ecaa5967403d082aa24f35e1b516d23) [PhysX] Initialized MultithreadedTaskDispatcher with 16 workers.
 -> (artifact id: '584fad70e7d035631a72840b6f0d07bb') in 0.029094 seconds
Number of updated asset objects reloaded before import = 0
Number of asset objects unloaded after import = 7
========================================================================
Received Import Request.
  Time since last request: 0.000071 seconds.
  path: Assets/NatureManufacture Assets/Advanced Foliage Pack/Ground Textures/Materials/Test Ground.mat
  artifactKey: Guid(adaa07406f1bd754184cdac162baffbf) Importer(2089858483,0ecaa5967403d082aa24f35e1b516d23)
Start importing Assets/NatureManufacture Assets/Advanced Foliage Pack/Ground Textures/Materials/Test Ground.mat using Guid(adaa07406f1bd754184cdac162baffbf) Importer(2089858483,0ecaa5967403d082aa24f35e1b516d23) [PhysX] Initialized MultithreadedTaskDispatcher with 16 workers.
 -> (artifact id: 'b2e2fc866ffedc8120ca650589e559fa') in 0.464763 seconds
Number of updated asset objects reloaded before import = 0
Number of asset objects unloaded after import = 5
========================================================================
Received Import Request.
  Time since last request: 0.000062 seconds.
  path: Assets/NatureManufacture Assets/Advanced Foliage Pack/Unity grass/Unity Grass Models/Materials/M_Unity_Grass_ground_foliage_02.mat
  artifactKey: Guid(4e74cb955ee1ea541a369de76c533180) Importer(2089858483,0ecaa5967403d082aa24f35e1b516d23)
Start importing Assets/NatureManufacture Assets/Advanced Foliage Pack/Unity grass/Unity Grass Models/Materials/M_Unity_Grass_ground_foliage_02.mat using Guid(4e74cb955ee1ea541a369de76c533180) Importer(2089858483,0ecaa5967403d082aa24f35e1b516d23) [PhysX] Initialized MultithreadedTaskDispatcher with 16 workers.
 -> (artifact id: '7f2e626a2ff18ee2d2b7446f6cdd3ebc') in 0.046211 seconds
Number of updated asset objects reloaded before import = 0
Number of asset objects unloaded after import = 6
========================================================================
Received Import Request.
  Time since last request: 0.000054 seconds.
  path: Assets/NatureManufacture Assets/Advanced Foliage Pack/Crooked Roots/Prefabs_Snow/prefab_Snow_crooked_root_04.prefab
  artifactKey: Guid(69b5980387f2e94468c822a746ca157e) Importer(2089858483,0ecaa5967403d082aa24f35e1b516d23)
Start importing Assets/NatureManufacture Assets/Advanced Foliage Pack/Crooked Roots/Prefabs_Snow/prefab_Snow_crooked_root_04.prefab using Guid(69b5980387f2e94468c822a746ca157e) Importer(2089858483,0ecaa5967403d082aa24f35e1b516d23) [PhysX] Initialized MultithreadedTaskDispatcher with 16 workers.
 -> (artifact id: 'f5f818d35da6cc31488f9d6ef36ca825') in 0.025747 seconds
Number of updated asset objects reloaded before import = 0
Number of asset objects unloaded after import = 25
========================================================================
Received Import Request.
  Time since last request: 0.000054 seconds.
  path: Assets/NatureManufacture Assets/Advanced Foliage Pack/Unity grass/Unity Grass Models/Prefabs Snow/prefab_unity_Snow_grass_fern_01_2.prefab
  artifactKey: Guid(0906758ffb7a1c748b4bd50b80cb135e) Importer(2089858483,0ecaa5967403d082aa24f35e1b516d23)
Start importing Assets/NatureManufacture Assets/Advanced Foliage Pack/Unity grass/Unity Grass Models/Prefabs Snow/prefab_unity_Snow_grass_fern_01_2.prefab using Guid(0906758ffb7a1c748b4bd50b80cb135e) Importer(2089858483,0ecaa5967403d082aa24f35e1b516d23) [PhysX] Initialized MultithreadedTaskDispatcher with 16 workers.
 -> (artifact id: '297b80dd807baacd997e945d4bb60e07') in 0.033163 seconds
Number of updated asset objects reloaded before import = 0
Number of asset objects unloaded after import = 7
========================================================================
Received Import Request.
  Time since last request: 0.000053 seconds.
  path: Assets/NatureManufacture Assets/Advanced Foliage Pack/Advanced Grass/Materials/M_ground_foliage_04.mat
  artifactKey: Guid(d090b10d1de2f4d4baa2a049871be59c) Importer(2089858483,0ecaa5967403d082aa24f35e1b516d23)
Start importing Assets/NatureManufacture Assets/Advanced Foliage Pack/Advanced Grass/Materials/M_ground_foliage_04.mat using Guid(d090b10d1de2f4d4baa2a049871be59c) Importer(2089858483,0ecaa5967403d082aa24f35e1b516d23) [PhysX] Initialized MultithreadedTaskDispatcher with 16 workers.
 -> (artifact id: '152cff48774e7549d6bc6145e3cdbae1') in 0.060113 seconds
Number of updated asset objects reloaded before import = 0
Number of asset objects unloaded after import = 6
========================================================================
Received Import Request.
  Time since last request: 0.000073 seconds.
  path: Assets/NatureManufacture Assets/Advanced Foliage Pack/Crooked Roots/Prefabs_Snow/prefab_Snow_crooked_root_01.prefab
  artifactKey: Guid(04f58143611b4d04aae74b4c02fb3d06) Importer(2089858483,0ecaa5967403d082aa24f35e1b516d23)
Start importing Assets/NatureManufacture Assets/Advanced Foliage Pack/Crooked Roots/Prefabs_Snow/prefab_Snow_crooked_root_01.prefab using Guid(04f58143611b4d04aae74b4c02fb3d06) Importer(2089858483,0ecaa5967403d082aa24f35e1b516d23) [PhysX] Initialized MultithreadedTaskDispatcher with 16 workers.
 -> (artifact id: 'ca5fc66c438c48bb44730ef8e7b32508') in 0.028489 seconds
Number of updated asset objects reloaded before import = 0
Number of asset objects unloaded after import = 25
========================================================================
Received Import Request.
  Time since last request: 0.000056 seconds.
  path: Assets/NatureManufacture Assets/Advanced Foliage Pack/Advanced Grass/Prefabs/prefab_SM_ground_foliage_02_2.prefab
  artifactKey: Guid(febb4eb8492f964479f036004242426d) Importer(2089858483,0ecaa5967403d082aa24f35e1b516d23)
Start importing Assets/NatureManufacture Assets/Advanced Foliage Pack/Advanced Grass/Prefabs/prefab_SM_ground_foliage_02_2.prefab using Guid(febb4eb8492f964479f036004242426d) Importer(2089858483,0ecaa5967403d082aa24f35e1b516d23) [PhysX] Initialized MultithreadedTaskDispatcher with 16 workers.
 -> (artifact id: '9825df2f88a26c5a34df8752556ba673') in 0.033820 seconds
Number of updated asset objects reloaded before import = 0
Number of asset objects unloaded after import = 20
========================================================================
Received Import Request.
  Time since last request: 0.000058 seconds.
  path: Assets/NatureManufacture Assets/Advanced Foliage Pack/Demo/HD RP Demo with Unity Grass/LightingData.asset
  artifactKey: Guid(0a454087ea7f4f54f86af7919d5b303e) Importer(2089858483,0ecaa5967403d082aa24f35e1b516d23)
Start importing Assets/NatureManufacture Assets/Advanced Foliage Pack/Demo/HD RP Demo with Unity Grass/LightingData.asset using Guid(0a454087ea7f4f54f86af7919d5b303e) Importer(2089858483,0ecaa5967403d082aa24f35e1b516d23) [PhysX] Initialized MultithreadedTaskDispatcher with 16 workers.
 -> (artifact id: 'c9944cb39ccd1effce21a56dcbc172db') in 0.022051 seconds
Number of updated asset objects reloaded before import = 0
Number of asset objects unloaded after import = 2
========================================================================
Received Import Request.
  Time since last request: 0.000044 seconds.
  path: Assets/NatureManufacture Assets/Advanced Foliage Pack/Advanced Grass/Prefabs Snow/prefab_SM_forest_heather_01.prefab
  artifactKey: Guid(1a32f82ec30468b498fc50b1e3e58498) Importer(2089858483,0ecaa5967403d082aa24f35e1b516d23)
Start importing Assets/NatureManufacture Assets/Advanced Foliage Pack/Advanced Grass/Prefabs Snow/prefab_SM_forest_heather_01.prefab using Guid(1a32f82ec30468b498fc50b1e3e58498) Importer(2089858483,0ecaa5967403d082aa24f35e1b516d23) [PhysX] Initialized MultithreadedTaskDispatcher with 16 workers.
 -> (artifact id: '67cd0cc55eef7d32f7ed56481e56c49c') in 0.036509 seconds
Number of updated asset objects reloaded before import = 0
Number of asset objects unloaded after import = 8
========================================================================
Received Import Request.
  Time since last request: 0.000046 seconds.
  path: Assets/NatureManufacture Assets/Advanced Foliage Pack/Trunks/Prefabs/Prefab_trunk_02.prefab
  artifactKey: Guid(6f2fa99cc23200147af7e2b98587b676) Importer(2089858483,0ecaa5967403d082aa24f35e1b516d23)
Start importing Assets/NatureManufacture Assets/Advanced Foliage Pack/Trunks/Prefabs/Prefab_trunk_02.prefab using Guid(6f2fa99cc23200147af7e2b98587b676) Importer(2089858483,0ecaa5967403d082aa24f35e1b516d23) [PhysX] Initialized MultithreadedTaskDispatcher with 16 workers.
 -> (artifact id: 'fbfd193c157011e81bc81f1461172d8a') in 0.030877 seconds
Number of updated asset objects reloaded before import = 0
Number of asset objects unloaded after import = 26
========================================================================
Received Import Request.
  Time since last request: 0.000066 seconds.
  path: Assets/NatureManufacture Assets/Advanced Foliage Pack/Demo/_TerrainAutoUpgrade/layer_T_Ground_Pebbles_01_A_SmT_Ground_Pebbles_01_N(6.000,6.000)(0.000,0.000)(0.000,0.000,0.000),0.000,0.000.terrainlayer
  artifactKey: Guid(084829096e1f0f54e81c34446c8e38de) Importer(2089858483,0ecaa5967403d082aa24f35e1b516d23)
Start importing Assets/NatureManufacture Assets/Advanced Foliage Pack/Demo/_TerrainAutoUpgrade/layer_T_Ground_Pebbles_01_A_SmT_Ground_Pebbles_01_N(6.000,6.000)(0.000,0.000)(0.000,0.000,0.000),0.000,0.000.terrainlayer using Guid(084829096e1f0f54e81c34446c8e38de) Importer(2089858483,0ecaa5967403d082aa24f35e1b516d23) [PhysX] Initialized MultithreadedTaskDispatcher with 16 workers.
 -> (artifact id: '31e5aac32582db9f9f15b22d60027f61') in 0.041124 seconds
Number of updated asset objects reloaded before import = 0
Number of asset objects unloaded after import = 4
========================================================================
Received Import Request.
  Time since last request: 0.000053 seconds.
  path: Assets/NatureManufacture Assets/Advanced Foliage Pack/Unity grass/Unity Grass Models/unity_grass_forest_heather_01.fbx
  artifactKey: Guid(07004f1734de0c044a20871d56454bde) Importer(2089858483,0ecaa5967403d082aa24f35e1b516d23)
Start importing Assets/NatureManufacture Assets/Advanced Foliage Pack/Unity grass/Unity Grass Models/unity_grass_forest_heather_01.fbx using Guid(07004f1734de0c044a20871d56454bde) Importer(2089858483,0ecaa5967403d082aa24f35e1b516d23) [PhysX] Initialized MultithreadedTaskDispatcher with 16 workers.
 -> (artifact id: '8c3ee413a7a072ce92f4da9bd778dd70') in 0.039934 seconds
Number of updated asset objects reloaded before import = 0
Number of asset objects unloaded after import = 7
========================================================================
Received Import Request.
  Time since last request: 0.000049 seconds.
  path: Assets/NatureManufacture Assets/Advanced Foliage Pack/Unity grass/Unity Grass Models/Prefabs Snow/prefab_unity_Snow_grass_grass_bush_simple_01.prefab
  artifactKey: Guid(4d4522c9455a27b44b709f57889599ed) Importer(2089858483,0ecaa5967403d082aa24f35e1b516d23)
Start importing Assets/NatureManufacture Assets/Advanced Foliage Pack/Unity grass/Unity Grass Models/Prefabs Snow/prefab_unity_Snow_grass_grass_bush_simple_01.prefab using Guid(4d4522c9455a27b44b709f57889599ed) Importer(2089858483,0ecaa5967403d082aa24f35e1b516d23) [PhysX] Initialized MultithreadedTaskDispatcher with 16 workers.
 -> (artifact id: '6b48a9c637c28fbeaba4f22b9f47f39d') in 0.026225 seconds
Number of updated asset objects reloaded before import = 0
Number of asset objects unloaded after import = 7
========================================================================
Received Import Request.
  Time since last request: 0.000041 seconds.
  path: Assets/NatureManufacture Assets/Advanced Foliage Pack/Demo/HD SRP Overview Scene/LightingData.asset
  artifactKey: Guid(5b21b1af7f8310d44b2bcc6272d0f736) Importer(2089858483,0ecaa5967403d082aa24f35e1b516d23)
Start importing Assets/NatureManufacture Assets/Advanced Foliage Pack/Demo/HD SRP Overview Scene/LightingData.asset using Guid(5b21b1af7f8310d44b2bcc6272d0f736) Importer(2089858483,0ecaa5967403d082aa24f35e1b516d23) [PhysX] Initialized MultithreadedTaskDispatcher with 16 workers.
 -> (artifact id: 'a2b0d221d706a21d8b336a23caecde65') in 0.037576 seconds
Number of updated asset objects reloaded before import = 0
Number of asset objects unloaded after import = 2
========================================================================
Received Import Request.
  Time since last request: 0.000070 seconds.
  path: Assets/NatureManufacture Assets/Advanced Foliage Pack/Demo/_TerrainAutoUpgrade/layer_T_Ground_Forest_Moss_01_A_SmT_Ground_Forest_Moss_01_N(6.000,6.000)(0.000,0.000)(0.000,0.000,0.000),0.000,0.000.terrainlayer
  artifactKey: Guid(8fc1919df6492f147bd61cf9c1a5c3df) Importer(2089858483,0ecaa5967403d082aa24f35e1b516d23)
Start importing Assets/NatureManufacture Assets/Advanced Foliage Pack/Demo/_TerrainAutoUpgrade/layer_T_Ground_Forest_Moss_01_A_SmT_Ground_Forest_Moss_01_N(6.000,6.000)(0.000,0.000)(0.000,0.000,0.000),0.000,0.000.terrainlayer using Guid(8fc1919df6492f147bd61cf9c1a5c3df) Importer(2089858483,0ecaa5967403d082aa24f35e1b516d23) [PhysX] Initialized MultithreadedTaskDispatcher with 16 workers.
 -> (artifact id: '29edd8bf34eca7da8ef99f6171d3bf41') in 0.040198 seconds
Number of updated asset objects reloaded before import = 0
Number of asset objects unloaded after import = 4
========================================================================
Received Import Request.
  Time since last request: 0.000081 seconds.
  path: Assets/NatureManufacture Assets/Advanced Foliage Pack/Advanced Grass/Materials Snow/M_Snow_ground_foliage_03.mat
  artifactKey: Guid(4bf0ba47e02ccee4c8dc23c5470370cc) Importer(2089858483,0ecaa5967403d082aa24f35e1b516d23)
Start importing Assets/NatureManufacture Assets/Advanced Foliage Pack/Advanced Grass/Materials Snow/M_Snow_ground_foliage_03.mat using Guid(4bf0ba47e02ccee4c8dc23c5470370cc) Importer(2089858483,0ecaa5967403d082aa24f35e1b516d23) [PhysX] Initialized MultithreadedTaskDispatcher with 16 workers.
 -> (artifact id: '7a4e8208df8ce1a7d6e79029efb5377c') in 0.063293 seconds
Number of updated asset objects reloaded before import = 0
Number of asset objects unloaded after import = 8
========================================================================
Received Import Request.
  Time since last request: 0.000062 seconds.
  path: Assets/NatureManufacture Assets/Advanced Foliage Pack/Unity grass/Unity Grass Models/unity_grass_grass_bush_03.fbx
  artifactKey: Guid(6810826619989fd42bc529fe03bc8250) Importer(2089858483,0ecaa5967403d082aa24f35e1b516d23)
Start importing Assets/NatureManufacture Assets/Advanced Foliage Pack/Unity grass/Unity Grass Models/unity_grass_grass_bush_03.fbx using Guid(6810826619989fd42bc529fe03bc8250) Importer(2089858483,0ecaa5967403d082aa24f35e1b516d23) [PhysX] Initialized MultithreadedTaskDispatcher with 16 workers.
 -> (artifact id: 'a3767fc99c4cbf162f7ead5fe0bed2ee') in 0.064228 seconds
Number of updated asset objects reloaded before import = 0
Number of asset objects unloaded after import = 7
========================================================================
Received Import Request.
  Time since last request: 0.000054 seconds.
  path: Assets/NatureManufacture Assets/Advanced Foliage Pack/Advanced Grass/Prefabs/prefab_SM_grass_bush_02.prefab
  artifactKey: Guid(f39771a1ee0a22340b5a83b032457899) Importer(2089858483,0ecaa5967403d082aa24f35e1b516d23)
Start importing Assets/NatureManufacture Assets/Advanced Foliage Pack/Advanced Grass/Prefabs/prefab_SM_grass_bush_02.prefab using Guid(f39771a1ee0a22340b5a83b032457899) Importer(2089858483,0ecaa5967403d082aa24f35e1b516d23) [PhysX] Initialized MultithreadedTaskDispatcher with 16 workers.
 -> (artifact id: '9bff5ecd4a800e6a29a9864e86514c7d') in 0.037492 seconds
Number of updated asset objects reloaded before import = 0
Number of asset objects unloaded after import = 20
========================================================================
Received Import Request.
  Time since last request: 0.000053 seconds.
  path: Assets/NatureManufacture Assets/Advanced Foliage Pack/Ground Textures/Materials/T_Ground_Grass_01.mat
  artifactKey: Guid(dc4ca68f31ed9844db92a2896418c97e) Importer(2089858483,0ecaa5967403d082aa24f35e1b516d23)
Start importing Assets/NatureManufacture Assets/Advanced Foliage Pack/Ground Textures/Materials/T_Ground_Grass_01.mat using Guid(dc4ca68f31ed9844db92a2896418c97e) Importer(2089858483,0ecaa5967403d082aa24f35e1b516d23) [PhysX] Initialized MultithreadedTaskDispatcher with 16 workers.
 -> (artifact id: 'ec7571565d635274e3dfed3259af8622') in 0.054826 seconds
Number of updated asset objects reloaded before import = 0
Number of asset objects unloaded after import = 5
========================================================================
Received Import Request.
  Time since last request: 0.000047 seconds.
  path: Assets/NatureManufacture Assets/Advanced Foliage Pack/Trunks/Materials/M_Snow_trunk_01.mat
  artifactKey: Guid(420bdce18d349ff4a87cb4dc97c6eb4c) Importer(2089858483,0ecaa5967403d082aa24f35e1b516d23)
Start importing Assets/NatureManufacture Assets/Advanced Foliage Pack/Trunks/Materials/M_Snow_trunk_01.mat using Guid(420bdce18d349ff4a87cb4dc97c6eb4c) Importer(2089858483,0ecaa5967403d082aa24f35e1b516d23) [PhysX] Initialized MultithreadedTaskDispatcher with 16 workers.
 -> (artifact id: '956cd4ab9e4d826b903139688c1efd77') in 0.576266 seconds
Number of updated asset objects reloaded before import = 0
Number of asset objects unloaded after import = 8
========================================================================
Received Import Request.
  Time since last request: 0.000068 seconds.
  path: Assets/NatureManufacture Assets/Advanced Foliage Pack/Demo/HD RP Demo with Unity Grass/ReflectionProbe-4.exr
  artifactKey: Guid(f4de97cff2e651748ab7e971078dedbf) Importer(2089858483,0ecaa5967403d082aa24f35e1b516d23)
Start importing Assets/NatureManufacture Assets/Advanced Foliage Pack/Demo/HD RP Demo with Unity Grass/ReflectionProbe-4.exr using Guid(f4de97cff2e651748ab7e971078dedbf) Importer(2089858483,0ecaa5967403d082aa24f35e1b516d23) [PhysX] Initialized MultithreadedTaskDispatcher with 16 workers.
 -> (artifact id: '8c4f7ce3d3fa384f08d7505fe5c0a21c') in 0.035840 seconds
Number of updated asset objects reloaded before import = 0
Number of asset objects unloaded after import = 1
========================================================================
Received Import Request.
  Time since last request: 0.000037 seconds.
  path: Assets/NatureManufacture Assets/Advanced Foliage Pack/Advanced Grass/Prefabs/prefab_SM_forest_heather_01.prefab
  artifactKey: Guid(acbb0ea6defc38b4c9a1a6d71f3b27ad) Importer(2089858483,0ecaa5967403d082aa24f35e1b516d23)
Start importing Assets/NatureManufacture Assets/Advanced Foliage Pack/Advanced Grass/Prefabs/prefab_SM_forest_heather_01.prefab using Guid(acbb0ea6defc38b4c9a1a6d71f3b27ad) Importer(2089858483,0ecaa5967403d082aa24f35e1b516d23) [PhysX] Initialized MultithreadedTaskDispatcher with 16 workers.
 -> (artifact id: 'f2969f1edc9a5236ee510e28cebd78c5') in 0.031152 seconds
Number of updated asset objects reloaded before import = 0
Number of asset objects unloaded after import = 8
========================================================================
Received Import Request.
  Time since last request: 0.000066 seconds.
  path: Assets/NatureManufacture Assets/Advanced Foliage Pack/Demo/HD RP Demo with Unity Grass/Lightmap-0_comp_dir.png
  artifactKey: Guid(8eec5989f847dee4cb8358590d7728ca) Importer(2089858483,0ecaa5967403d082aa24f35e1b516d23)
Start importing Assets/NatureManufacture Assets/Advanced Foliage Pack/Demo/HD RP Demo with Unity Grass/Lightmap-0_comp_dir.png using Guid(8eec5989f847dee4cb8358590d7728ca) Importer(2089858483,0ecaa5967403d082aa24f35e1b516d23) [PhysX] Initialized MultithreadedTaskDispatcher with 16 workers.
 -> (artifact id: 'b30e15c4bb5f991e8be6413da1d34c25') in 0.039196 seconds
Number of updated asset objects reloaded before import = 0
Number of asset objects unloaded after import = 1
========================================================================
Received Import Request.
  Time since last request: 0.000079 seconds.
  path: Assets/NatureManufacture Assets/Advanced Foliage Pack/Unity grass/Unity Grass Models/Prefabs Snow/prefab_unity_Snow_grass_ground_foliage_02_0.prefab
  artifactKey: Guid(0cacef93763f1af4da8f051e622d5078) Importer(2089858483,0ecaa5967403d082aa24f35e1b516d23)
Start importing Assets/NatureManufacture Assets/Advanced Foliage Pack/Unity grass/Unity Grass Models/Prefabs Snow/prefab_unity_Snow_grass_ground_foliage_02_0.prefab using Guid(0cacef93763f1af4da8f051e622d5078) Importer(2089858483,0ecaa5967403d082aa24f35e1b516d23) [PhysX] Initialized MultithreadedTaskDispatcher with 16 workers.
 -> (artifact id: '33b61913a86652ce688dfbd27a37242f') in 0.031022 seconds
Number of updated asset objects reloaded before import = 0
Number of asset objects unloaded after import = 7
========================================================================
Received Import Request.
  Time since last request: 0.000089 seconds.
  path: Assets/NatureManufacture Assets/Advanced Foliage Pack/Demo/_TerrainAutoUpgrade/layer_T_Ground_Forest_01_A_SmT_Ground_Forest_01_N(6.000,6.000)(0.000,0.000)(0.000,0.000,0.000),0.000,0.000.terrainlayer
  artifactKey: Guid(02a0a24a978924a41922b56c20e24b09) Importer(2089858483,0ecaa5967403d082aa24f35e1b516d23)
Start importing Assets/NatureManufacture Assets/Advanced Foliage Pack/Demo/_TerrainAutoUpgrade/layer_T_Ground_Forest_01_A_SmT_Ground_Forest_01_N(6.000,6.000)(0.000,0.000)(0.000,0.000,0.000),0.000,0.000.terrainlayer using Guid(02a0a24a978924a41922b56c20e24b09) Importer(2089858483,0ecaa5967403d082aa24f35e1b516d23) [PhysX] Initialized MultithreadedTaskDispatcher with 16 workers.
 -> (artifact id: '761ca17ef95e42aee817c88365510eb0') in 0.060677 seconds
Number of updated asset objects reloaded before import = 0
Number of asset objects unloaded after import = 4
========================================================================
Received Import Request.
  Time since last request: 0.000071 seconds.
  path: Assets/NatureManufacture Assets/Advanced Foliage Pack/Unity grass/Unity Grass Models/Prefabs/prefab_unity_grass_fern_01_1.prefab
  artifactKey: Guid(92d59797291d3214c86797e8edf24958) Importer(2089858483,0ecaa5967403d082aa24f35e1b516d23)
Start importing Assets/NatureManufacture Assets/Advanced Foliage Pack/Unity grass/Unity Grass Models/Prefabs/prefab_unity_grass_fern_01_1.prefab using Guid(92d59797291d3214c86797e8edf24958) Importer(2089858483,0ecaa5967403d082aa24f35e1b516d23) [PhysX] Initialized MultithreadedTaskDispatcher with 16 workers.
 -> (artifact id: 'ab013ddf4a097e7098523f258c0541fd') in 0.041358 seconds
Number of updated asset objects reloaded before import = 0
Number of asset objects unloaded after import = 7
========================================================================
Received Import Request.
  Time since last request: 0.000068 seconds.
  path: Assets/NatureManufacture Assets/Advanced Foliage Pack/Advanced Grass/SM_nettle_01_1.fbx
  artifactKey: Guid(b0a6bac0ea80fc54787da46a2ee6c30e) Importer(2089858483,0ecaa5967403d082aa24f35e1b516d23)
Start importing Assets/NatureManufacture Assets/Advanced Foliage Pack/Advanced Grass/SM_nettle_01_1.fbx using Guid(b0a6bac0ea80fc54787da46a2ee6c30e) Importer(2089858483,0ecaa5967403d082aa24f35e1b516d23) [PhysX] Initialized MultithreadedTaskDispatcher with 16 workers.
 -> (artifact id: '3344a343264efadbfa64210c3cfc0651') in 0.048621 seconds
Number of updated asset objects reloaded before import = 0
Number of asset objects unloaded after import = 20
========================================================================
Received Import Request.
  Time since last request: 0.000056 seconds.
  path: Assets/NatureManufacture Assets/Advanced Foliage Pack/Unity grass/Unity Grass Models/Prefabs Snow/prefab_unity_Snow_grass_grass_bush_simple_03.prefab
  artifactKey: Guid(b3b3d51e2d3a87245b1820955da747bb) Importer(2089858483,0ecaa5967403d082aa24f35e1b516d23)
Start importing Assets/NatureManufacture Assets/Advanced Foliage Pack/Unity grass/Unity Grass Models/Prefabs Snow/prefab_unity_Snow_grass_grass_bush_simple_03.prefab using Guid(b3b3d51e2d3a87245b1820955da747bb) Importer(2089858483,0ecaa5967403d082aa24f35e1b516d23) [PhysX] Initialized MultithreadedTaskDispatcher with 16 workers.
 -> (artifact id: 'b0d20fee2986413392fe467d780e1f58') in 0.044059 seconds
Number of updated asset objects reloaded before import = 0
Number of asset objects unloaded after import = 6
========================================================================
Received Import Request.
  Time since last request: 0.000047 seconds.
  path: Assets/NatureManufacture Assets/Advanced Foliage Pack/Demo/OverviewSkyandFogSettings Foliage.asset
  artifactKey: Guid(6ae3a6bd6cf83ab47b23b5e682f10e11) Importer(2089858483,0ecaa5967403d082aa24f35e1b516d23)
Start importing Assets/NatureManufacture Assets/Advanced Foliage Pack/Demo/OverviewSkyandFogSettings Foliage.asset using Guid(6ae3a6bd6cf83ab47b23b5e682f10e11) Importer(2089858483,0ecaa5967403d082aa24f35e1b516d23) [PhysX] Initialized MultithreadedTaskDispatcher with 16 workers.
 -> (artifact id: 'c054df05f2362a927e9df254f311a7a4') in 0.035341 seconds
Number of updated asset objects reloaded before import = 0
Number of asset objects unloaded after import = 8
========================================================================
Received Import Request.
  Time since last request: 0.000053 seconds.
  path: Assets/NatureManufacture Assets/Advanced Foliage Pack/Ground Textures/Materials/T_Ground_Snow.mat
  artifactKey: Guid(42952537587e10a41ab535717fc87fd9) Importer(2089858483,0ecaa5967403d082aa24f35e1b516d23)
Start importing Assets/NatureManufacture Assets/Advanced Foliage Pack/Ground Textures/Materials/T_Ground_Snow.mat using Guid(42952537587e10a41ab535717fc87fd9) Importer(2089858483,0ecaa5967403d082aa24f35e1b516d23) [PhysX] Initialized MultithreadedTaskDispatcher with 16 workers.
 -> (artifact id: '0ed959c30e18933eec7ebe3e9895ee2c') in 0.055376 seconds
Number of updated asset objects reloaded before import = 0
Number of asset objects unloaded after import = 5
========================================================================
Received Import Request.
  Time since last request: 0.000067 seconds.
  path: Assets/NatureManufacture Assets/Advanced Foliage Pack/Unity grass/Unity Grass Models/Materials/M_Unity_Grass_ground_foliage_01.mat
  artifactKey: Guid(e3d0a4586474ce748bccc1c4145933bc) Importer(2089858483,0ecaa5967403d082aa24f35e1b516d23)
Start importing Assets/NatureManufacture Assets/Advanced Foliage Pack/Unity grass/Unity Grass Models/Materials/M_Unity_Grass_ground_foliage_01.mat using Guid(e3d0a4586474ce748bccc1c4145933bc) Importer(2089858483,0ecaa5967403d082aa24f35e1b516d23) [PhysX] Initialized MultithreadedTaskDispatcher with 16 workers.
 -> (artifact id: '7a26c0d239fe503612f76911416b6fad') in 0.070333 seconds
Number of updated asset objects reloaded before import = 0
Number of asset objects unloaded after import = 6
========================================================================
Received Import Request.
  Time since last request: 0.000062 seconds.
  path: Assets/NatureManufacture Assets/Advanced Foliage Pack/Crooked Roots/Prefabs/prefab_crooked_root_01.prefab
  artifactKey: Guid(ea4a5b40b0247784680d1721de9931c6) Importer(2089858483,0ecaa5967403d082aa24f35e1b516d23)
Start importing Assets/NatureManufacture Assets/Advanced Foliage Pack/Crooked Roots/Prefabs/prefab_crooked_root_01.prefab using Guid(ea4a5b40b0247784680d1721de9931c6) Importer(2089858483,0ecaa5967403d082aa24f35e1b516d23) [PhysX] Initialized MultithreadedTaskDispatcher with 16 workers.
 -> (artifact id: '21c2f9d9f7722e33b6b8defad8fa2d91') in 0.037136 seconds
Number of updated asset objects reloaded before import = 0
Number of asset objects unloaded after import = 25
========================================================================
Received Import Request.
  Time since last request: 0.000086 seconds.
  path: Assets/NatureManufacture Assets/Advanced Foliage Pack/Advanced Grass/SM_grass_bush_simple_04.fbx
  artifactKey: Guid(57127ceed8cab9143909468ca6f703d4) Importer(2089858483,0ecaa5967403d082aa24f35e1b516d23)
Start importing Assets/NatureManufacture Assets/Advanced Foliage Pack/Advanced Grass/SM_grass_bush_simple_04.fbx using Guid(57127ceed8cab9143909468ca6f703d4) Importer(2089858483,0ecaa5967403d082aa24f35e1b516d23) [PhysX] Initialized MultithreadedTaskDispatcher with 16 workers.
 -> (artifact id: '19146ae7b23849078f3b7f90d2404af9') in 0.044409 seconds
Number of updated asset objects reloaded before import = 0
Number of asset objects unloaded after import = 7
========================================================================
Received Import Request.
  Time since last request: 0.000038 seconds.
  path: Assets/NatureManufacture Assets/Advanced Foliage Pack/Demo/Demo Terrain.asset
  artifactKey: Guid(920df2148c51e814fb992100b950d19a) Importer(2089858483,0ecaa5967403d082aa24f35e1b516d23)
Start importing Assets/NatureManufacture Assets/Advanced Foliage Pack/Demo/Demo Terrain.asset using Guid(920df2148c51e814fb992100b950d19a) Importer(2089858483,0ecaa5967403d082aa24f35e1b516d23) [PhysX] Initialized MultithreadedTaskDispatcher with 16 workers.
 -> (artifact id: 'ba616d5c9595cd3dab6208d850826d5b') in 0.070722 seconds
Number of updated asset objects reloaded before import = 0
Number of asset objects unloaded after import = 65
========================================================================
Received Import Request.
  Time since last request: 0.000070 seconds.
  path: Assets/NatureManufacture Assets/Advanced Foliage Pack/Unity grass/Unity Grass Models/Prefabs/prefab_unity_grass_ground_foliage_02_0.prefab
  artifactKey: Guid(a105041b33d4c3849a84c258fd29a56e) Importer(2089858483,0ecaa5967403d082aa24f35e1b516d23)
Start importing Assets/NatureManufacture Assets/Advanced Foliage Pack/Unity grass/Unity Grass Models/Prefabs/prefab_unity_grass_ground_foliage_02_0.prefab using Guid(a105041b33d4c3849a84c258fd29a56e) Importer(2089858483,0ecaa5967403d082aa24f35e1b516d23) [PhysX] Initialized MultithreadedTaskDispatcher with 16 workers.
 -> (artifact id: '219f0f939c301b32cb87c4024902656e') in 0.034580 seconds
Number of updated asset objects reloaded before import = 0
Number of asset objects unloaded after import = 7
========================================================================
Received Import Request.
  Time since last request: 0.000055 seconds.
  path: Assets/NatureManufacture Assets/Advanced Foliage Pack/Advanced Grass/Prefabs/prefab_SM_ground_foliage_04_1.prefab
  artifactKey: Guid(bb51ef31a4d2d4a488713b61dc6d73f7) Importer(2089858483,0ecaa5967403d082aa24f35e1b516d23)
Start importing Assets/NatureManufacture Assets/Advanced Foliage Pack/Advanced Grass/Prefabs/prefab_SM_ground_foliage_04_1.prefab using Guid(bb51ef31a4d2d4a488713b61dc6d73f7) Importer(2089858483,0ecaa5967403d082aa24f35e1b516d23) [PhysX] Initialized MultithreadedTaskDispatcher with 16 workers.
 -> (artifact id: '9352164d4111fa5bfef946e79e608926') in 0.029005 seconds
Number of updated asset objects reloaded before import = 0
Number of asset objects unloaded after import = 15
========================================================================
Received Import Request.
  Time since last request: 0.000083 seconds.
  path: Assets/NatureManufacture Assets/Advanced Foliage Pack/Ground Textures/Materials/T_Ground_Forest_Moss.mat
  artifactKey: Guid(7f093fb253601df4497f0b2e8e7268d2) Importer(2089858483,0ecaa5967403d082aa24f35e1b516d23)
Start importing Assets/NatureManufacture Assets/Advanced Foliage Pack/Ground Textures/Materials/T_Ground_Forest_Moss.mat using Guid(7f093fb253601df4497f0b2e8e7268d2) Importer(2089858483,0ecaa5967403d082aa24f35e1b516d23) [PhysX] Initialized MultithreadedTaskDispatcher with 16 workers.
 -> (artifact id: '08867d4949515c53d9a6e642d64c28c2') in 0.059832 seconds
Number of updated asset objects reloaded before import = 0
Number of asset objects unloaded after import = 5
========================================================================
Received Import Request.
  Time since last request: 0.000068 seconds.
  path: Assets/NatureManufacture Assets/Object Shaders/NM_Lit_Triplanar_Cover_Specular_CutOut.shader
  artifactKey: Guid(4d2796453f9a3734b85cd9b0408ce954) Importer(2089858483,0ecaa5967403d082aa24f35e1b516d23)
Start importing Assets/NatureManufacture Assets/Object Shaders/NM_Lit_Triplanar_Cover_Specular_CutOut.shader using Guid(4d2796453f9a3734b85cd9b0408ce954) Importer(2089858483,0ecaa5967403d082aa24f35e1b516d23) [PhysX] Initialized MultithreadedTaskDispatcher with 16 workers.
 -> (artifact id: '1ba966719a3e090007dd0c658d25e4b6') in 0.044989 seconds
Number of updated asset objects reloaded before import = 0
Number of asset objects unloaded after import = 1
========================================================================
Received Import Request.
  Time since last request: 0.000087 seconds.
  path: Assets/NatureManufacture Assets/Advanced Foliage Pack/Ground Textures/Materials/T_Ground_Leaves_03.mat
  artifactKey: Guid(2803d6ef9b1dc1246906b869002f8e27) Importer(2089858483,0ecaa5967403d082aa24f35e1b516d23)
Start importing Assets/NatureManufacture Assets/Advanced Foliage Pack/Ground Textures/Materials/T_Ground_Leaves_03.mat using Guid(2803d6ef9b1dc1246906b869002f8e27) Importer(2089858483,0ecaa5967403d082aa24f35e1b516d23) [PhysX] Initialized MultithreadedTaskDispatcher with 16 workers.
 -> (artifact id: 'cd1b0df5e3bcd218a34b54954d25ae85') in 0.058504 seconds
Number of updated asset objects reloaded before import = 0
Number of asset objects unloaded after import = 5
========================================================================
Received Import Request.
  Time since last request: 0.000069 seconds.
  path: Assets/NatureManufacture Assets/Advanced Foliage Pack/Advanced Grass/Prefabs/prefab_SM_ground_foliage_03.prefab
  artifactKey: Guid(8f06a6d1fdf8a0645a97e93435943929) Importer(2089858483,0ecaa5967403d082aa24f35e1b516d23)
Start importing Assets/NatureManufacture Assets/Advanced Foliage Pack/Advanced Grass/Prefabs/prefab_SM_ground_foliage_03.prefab using Guid(8f06a6d1fdf8a0645a97e93435943929) Importer(2089858483,0ecaa5967403d082aa24f35e1b516d23) [PhysX] Initialized MultithreadedTaskDispatcher with 16 workers.
 -> (artifact id: 'a8c1445918ecfaff6b6ba3694bd86ded') in 0.040603 seconds
Number of updated asset objects reloaded before import = 0
Number of asset objects unloaded after import = 20
========================================================================
Received Import Request.
  Time since last request: 0.000063 seconds.
  path: Assets/NatureManufacture Assets/Advanced Foliage Pack/Ground Textures/Materials/T_Ground_Dirt_01.mat
  artifactKey: Guid(6ac5625851cf802459bd19342df905fa) Importer(2089858483,0ecaa5967403d082aa24f35e1b516d23)
Start importing Assets/NatureManufacture Assets/Advanced Foliage Pack/Ground Textures/Materials/T_Ground_Dirt_01.mat using Guid(6ac5625851cf802459bd19342df905fa) Importer(2089858483,0ecaa5967403d082aa24f35e1b516d23) [PhysX] Initialized MultithreadedTaskDispatcher with 16 workers.
 -> (artifact id: 'efe18aeaf98756e92d23b92d1890e224') in 0.054969 seconds
Number of updated asset objects reloaded before import = 0
Number of asset objects unloaded after import = 5
========================================================================
Received Import Request.
  Time since last request: 0.000063 seconds.
  path: Assets/NatureManufacture Assets/Advanced Foliage Pack/Unity grass/Unity Grass Models/unity_grass_ground_foliage_01_flowery.fbx
  artifactKey: Guid(0d62808609cb5f341b601e9a1c420039) Importer(2089858483,0ecaa5967403d082aa24f35e1b516d23)
Start importing Assets/NatureManufacture Assets/Advanced Foliage Pack/Unity grass/Unity Grass Models/unity_grass_ground_foliage_01_flowery.fbx using Guid(0d62808609cb5f341b601e9a1c420039) Importer(2089858483,0ecaa5967403d082aa24f35e1b516d23) [PhysX] Initialized MultithreadedTaskDispatcher with 16 workers.
 -> (artifact id: '49235a958a81e23fea4708ace9df4cef') in 0.036461 seconds
Number of updated asset objects reloaded before import = 0
Number of asset objects unloaded after import = 7
========================================================================
Received Import Request.
  Time since last request: 0.000039 seconds.
  path: Assets/NatureManufacture Assets/Advanced Foliage Pack/Unity grass/Unity Grass Models/Prefabs/prefab_unity_grass_ground_foliage_01_flowery.prefab
  artifactKey: Guid(80c5c2135cede4e4ea2a939d97a7b288) Importer(2089858483,0ecaa5967403d082aa24f35e1b516d23)
Start importing Assets/NatureManufacture Assets/Advanced Foliage Pack/Unity grass/Unity Grass Models/Prefabs/prefab_unity_grass_ground_foliage_01_flowery.prefab using Guid(80c5c2135cede4e4ea2a939d97a7b288) Importer(2089858483,0ecaa5967403d082aa24f35e1b516d23) [PhysX] Initialized MultithreadedTaskDispatcher with 16 workers.
 -> (artifact id: '742e8f17961e70dece278625601ae805') in 0.032437 seconds
Number of updated asset objects reloaded before import = 0
Number of asset objects unloaded after import = 7
========================================================================
Received Import Request.
  Time since last request: 0.000055 seconds.
  path: Assets/NatureManufacture Assets/Advanced Foliage Pack/Unity grass/Unity Grass Models/Prefabs/prefab_unity_grass_ground_foliage_02_2.prefab
  artifactKey: Guid(62d53b2696a52ec4ebf7b7f6d9c73379) Importer(2089858483,0ecaa5967403d082aa24f35e1b516d23)
Start importing Assets/NatureManufacture Assets/Advanced Foliage Pack/Unity grass/Unity Grass Models/Prefabs/prefab_unity_grass_ground_foliage_02_2.prefab using Guid(62d53b2696a52ec4ebf7b7f6d9c73379) Importer(2089858483,0ecaa5967403d082aa24f35e1b516d23) [PhysX] Initialized MultithreadedTaskDispatcher with 16 workers.
 -> (artifact id: '2a80f770f238efc708aea7883d1d536d') in 0.031180 seconds
Number of updated asset objects reloaded before import = 0
Number of asset objects unloaded after import = 7
========================================================================
Received Import Request.
  Time since last request: 0.000058 seconds.
  path: Assets/NatureManufacture Assets/Advanced Foliage Pack/Demo/River Mesh.asset
  artifactKey: Guid(8e02ae86600699c42b840fd6d765be1b) Importer(2089858483,0ecaa5967403d082aa24f35e1b516d23)
Start importing Assets/NatureManufacture Assets/Advanced Foliage Pack/Demo/River Mesh.asset using Guid(8e02ae86600699c42b840fd6d765be1b) Importer(2089858483,0ecaa5967403d082aa24f35e1b516d23) [PhysX] Initialized MultithreadedTaskDispatcher with 16 workers.
 -> (artifact id: 'a4e1eaea6e910ff8aadc1427308ca718') in 0.022513 seconds
Number of updated asset objects reloaded before import = 0
Number of asset objects unloaded after import = 1
========================================================================
Received Import Request.
  Time since last request: 0.000048 seconds.
  path: Assets/NatureManufacture Assets/Advanced Foliage Pack/Demo/HD SRP Overview Scene.unity
  artifactKey: Guid(05b11a4f174355746b752b0518928711) Importer(2089858483,0ecaa5967403d082aa24f35e1b516d23)
Start importing Assets/NatureManufacture Assets/Advanced Foliage Pack/Demo/HD SRP Overview Scene.unity using Guid(05b11a4f174355746b752b0518928711) Importer(2089858483,0ecaa5967403d082aa24f35e1b516d23) [PhysX] Initialized MultithreadedTaskDispatcher with 16 workers.
 -> (artifact id: '9adb8c981905c500f83e118e35e1af81') in 0.021957 seconds
Number of updated asset objects reloaded before import = 0
Number of asset objects unloaded after import = 1
========================================================================
Received Import Request.
  Time since last request: 0.000051 seconds.
  path: Assets/NatureManufacture Assets/Advanced Foliage Pack/Unity grass/Unity Grass Models/unity_grass_grass_bush_02.fbx
  artifactKey: Guid(a2b7f71f5247d5643bf743268c4e920d) Importer(2089858483,0ecaa5967403d082aa24f35e1b516d23)
Start importing Assets/NatureManufacture Assets/Advanced Foliage Pack/Unity grass/Unity Grass Models/unity_grass_grass_bush_02.fbx using Guid(a2b7f71f5247d5643bf743268c4e920d) Importer(2089858483,0ecaa5967403d082aa24f35e1b516d23) [PhysX] Initialized MultithreadedTaskDispatcher with 16 workers.
 -> (artifact id: 'b0a110eb5c8d403018cbae3ad45bc7ac') in 0.034956 seconds
Number of updated asset objects reloaded before import = 0
Number of asset objects unloaded after import = 7
========================================================================
Received Import Request.
  Time since last request: 0.000063 seconds.
  path: Assets/NatureManufacture Assets/HD Settings/Diffusion Profiles Settings/NM_SSSSettings_Skin_Foliage.asset
  artifactKey: Guid(cb824b513c3aa274db0944d6fb82a86c) Importer(815301076,1909f56bfc062723c751e8b465ee728b)
Start importing Assets/NatureManufacture Assets/HD Settings/Diffusion Profiles Settings/NM_SSSSettings_Skin_Foliage.asset using Guid(cb824b513c3aa274db0944d6fb82a86c) Importer(815301076,1909f56bfc062723c751e8b465ee728b) [PhysX] Initialized MultithreadedTaskDispatcher with 16 workers.
 -> (artifact id: 'c5e1799495e031aa91c712f7e221cf52') in 0.001808 seconds
Number of updated asset objects reloaded before import = 0
Number of asset objects unloaded after import = 1
========================================================================
Received Import Request.
  Time since last request: 0.000043 seconds.
  path: Assets/NatureManufacture Assets/Advanced Foliage Pack/Advanced Grass/Prefabs/prefab_SM_fern_01_2.prefab
  artifactKey: Guid(759b05f723419e1408784ed1576ad111) Importer(2089858483,0ecaa5967403d082aa24f35e1b516d23)
Start importing Assets/NatureManufacture Assets/Advanced Foliage Pack/Advanced Grass/Prefabs/prefab_SM_fern_01_2.prefab using Guid(759b05f723419e1408784ed1576ad111) Importer(2089858483,0ecaa5967403d082aa24f35e1b516d23) [PhysX] Initialized MultithreadedTaskDispatcher with 16 workers.
 -> (artifact id: '896a4b854f539a0e8561c7fd9a164bcd') in 0.029121 seconds
Number of updated asset objects reloaded before import = 0
Number of asset objects unloaded after import = 20
========================================================================
Received Import Request.
  Time since last request: 0.000055 seconds.
  path: Assets/NatureManufacture Assets/Advanced Foliage Pack/Advanced Grass/Prefabs/prefab_SM_ground_foliage_01.prefab
  artifactKey: Guid(f2b8acbfb4e7a414385114d4c5ce1e17) Importer(2089858483,0ecaa5967403d082aa24f35e1b516d23)
Start importing Assets/NatureManufacture Assets/Advanced Foliage Pack/Advanced Grass/Prefabs/prefab_SM_ground_foliage_01.prefab using Guid(f2b8acbfb4e7a414385114d4c5ce1e17) Importer(2089858483,0ecaa5967403d082aa24f35e1b516d23) [PhysX] Initialized MultithreadedTaskDispatcher with 16 workers.
 -> (artifact id: '5c0b3e33a61cb080667233fd61c2d618') in 0.036808 seconds
Number of updated asset objects reloaded before import = 0
Number of asset objects unloaded after import = 20
========================================================================
Received Import Request.
  Time since last request: 0.000078 seconds.
  path: Assets/NatureManufacture Assets/Advanced Foliage Pack/Demo/HD RP Demo with Unity Grass/ReflectionProbe-1.exr
  artifactKey: Guid(0fb860aae96ffda49be64f839b4ecf3e) Importer(2089858483,0ecaa5967403d082aa24f35e1b516d23)
Start importing Assets/NatureManufacture Assets/Advanced Foliage Pack/Demo/HD RP Demo with Unity Grass/ReflectionProbe-1.exr using Guid(0fb860aae96ffda49be64f839b4ecf3e) Importer(2089858483,0ecaa5967403d082aa24f35e1b516d23) [PhysX] Initialized MultithreadedTaskDispatcher with 16 workers.
 -> (artifact id: 'f25fc813899dfd9eb4e2de6f85dbd4f1') in 0.036537 seconds
Number of updated asset objects reloaded before import = 0
Number of asset objects unloaded after import = 1
========================================================================
Received Import Request.
  Time since last request: 0.000056 seconds.
  path: Assets/NatureManufacture Assets/Advanced Foliage Pack/Advanced Grass/Materials Snow/M_Snow_fern_01.mat
  artifactKey: Guid(a1611ffde791a534184eeeee6ff46c1d) Importer(2089858483,0ecaa5967403d082aa24f35e1b516d23)
Start importing Assets/NatureManufacture Assets/Advanced Foliage Pack/Advanced Grass/Materials Snow/M_Snow_fern_01.mat using Guid(a1611ffde791a534184eeeee6ff46c1d) Importer(2089858483,0ecaa5967403d082aa24f35e1b516d23) [PhysX] Initialized MultithreadedTaskDispatcher with 16 workers.
 -> (artifact id: '6f72714165de15fcb9e8d36eebf02b94') in 0.060460 seconds
Number of updated asset objects reloaded before import = 0
Number of asset objects unloaded after import = 8
========================================================================
Received Import Request.
  Time since last request: 0.000055 seconds.
  path: Assets/NatureManufacture Assets/Advanced Foliage Pack/Unity grass/Unity Grass Models/Prefabs Snow/prefab_unity_Snow_grass_ground_foliage_01_flowery.prefab
  artifactKey: Guid(795f076f5d7b8c24eba6509fbc7e8e83) Importer(2089858483,0ecaa5967403d082aa24f35e1b516d23)
Start importing Assets/NatureManufacture Assets/Advanced Foliage Pack/Unity grass/Unity Grass Models/Prefabs Snow/prefab_unity_Snow_grass_ground_foliage_01_flowery.prefab using Guid(795f076f5d7b8c24eba6509fbc7e8e83) Importer(2089858483,0ecaa5967403d082aa24f35e1b516d23) [PhysX] Initialized MultithreadedTaskDispatcher with 16 workers.
 -> (artifact id: 'fbd1ddb2e4040ce0651cd4dead29bb13') in 0.026863 seconds
Number of updated asset objects reloaded before import = 0
Number of asset objects unloaded after import = 7
========================================================================
Received Import Request.
  Time since last request: 0.000044 seconds.
  path: Assets/NatureManufacture Assets/Advanced Foliage Pack/Advanced Grass/Prefabs/prefab_SM_nettle_01_0.prefab
  artifactKey: Guid(de353cebbda2970479298c5ec5fd5b3f) Importer(2089858483,0ecaa5967403d082aa24f35e1b516d23)
Start importing Assets/NatureManufacture Assets/Advanced Foliage Pack/Advanced Grass/Prefabs/prefab_SM_nettle_01_0.prefab using Guid(de353cebbda2970479298c5ec5fd5b3f) Importer(2089858483,0ecaa5967403d082aa24f35e1b516d23) [PhysX] Initialized MultithreadedTaskDispatcher with 16 workers.
 -> (artifact id: '5e82b44d76809362e599683a4cf13112') in 0.024626 seconds
Number of updated asset objects reloaded before import = 0
Number of asset objects unloaded after import = 20
========================================================================
Received Import Request.
  Time since last request: 0.000091 seconds.
  path: Assets/NatureManufacture Assets/Advanced Foliage Pack/Crooked Roots/Prefabs/prefab_crooked_root_02.prefab
  artifactKey: Guid(9637a2905f2ed2c438d238d072a19e3c) Importer(2089858483,0ecaa5967403d082aa24f35e1b516d23)
Start importing Assets/NatureManufacture Assets/Advanced Foliage Pack/Crooked Roots/Prefabs/prefab_crooked_root_02.prefab using Guid(9637a2905f2ed2c438d238d072a19e3c) Importer(2089858483,0ecaa5967403d082aa24f35e1b516d23) [PhysX] Initialized MultithreadedTaskDispatcher with 16 workers.
 -> (artifact id: 'c0dbe319bfb10788cda57871ed9443a6') in 0.025968 seconds
Number of updated asset objects reloaded before import = 0
Number of asset objects unloaded after import = 25
========================================================================
Received Import Request.
  Time since last request: 0.000082 seconds.
  path: Assets/NatureManufacture Assets/Advanced Foliage Pack/Unity grass/Unity Grass Models/unity_grass_nettle_01_0.fbx
  artifactKey: Guid(d620e5a01a9fc824bb22854ba58bd2f2) Importer(2089858483,0ecaa5967403d082aa24f35e1b516d23)
Start importing Assets/NatureManufacture Assets/Advanced Foliage Pack/Unity grass/Unity Grass Models/unity_grass_nettle_01_0.fbx using Guid(d620e5a01a9fc824bb22854ba58bd2f2) Importer(2089858483,0ecaa5967403d082aa24f35e1b516d23) [PhysX] Initialized MultithreadedTaskDispatcher with 16 workers.
 -> (artifact id: '6e2fa7355f67cb72985b8eb1d4e2d9e3') in 0.032413 seconds
Number of updated asset objects reloaded before import = 0
Number of asset objects unloaded after import = 7
========================================================================
Received Import Request.
  Time since last request: 0.000039 seconds.
  path: Assets/NatureManufacture Assets/Advanced Foliage Pack/Demo/_TerrainAutoUpgrade/layer_T_Ground_Forest_Dirt_01_A_SmT_Ground_Forest_Dirt_01_N(6.000,6.000)(0.000,0.000)(0.000,0.000,0.000),0.000,0.000.terrainlayer
  artifactKey: Guid(82f9c465063252047b8c01e05f9d6aab) Importer(2089858483,0ecaa5967403d082aa24f35e1b516d23)
Start importing Assets/NatureManufacture Assets/Advanced Foliage Pack/Demo/_TerrainAutoUpgrade/layer_T_Ground_Forest_Dirt_01_A_SmT_Ground_Forest_Dirt_01_N(6.000,6.000)(0.000,0.000)(0.000,0.000,0.000),0.000,0.000.terrainlayer using Guid(82f9c465063252047b8c01e05f9d6aab) Importer(2089858483,0ecaa5967403d082aa24f35e1b516d23) [PhysX] Initialized MultithreadedTaskDispatcher with 16 workers.
 -> (artifact id: '787c0b59ded9043877b22e38e954721b') in 0.038874 seconds
Number of updated asset objects reloaded before import = 0
Number of asset objects unloaded after import = 4
========================================================================
Received Import Request.
  Time since last request: 0.000086 seconds.
  path: Assets/NatureManufacture Assets/Advanced Foliage Pack/Demo/HD RP Demo with Unity Grass.lighting
  artifactKey: Guid(14e43b81ef2c52146b2369e19c391a79) Importer(2089858483,0ecaa5967403d082aa24f35e1b516d23)
Start importing Assets/NatureManufacture Assets/Advanced Foliage Pack/Demo/HD RP Demo with Unity Grass.lighting using Guid(14e43b81ef2c52146b2369e19c391a79) Importer(2089858483,0ecaa5967403d082aa24f35e1b516d23) [PhysX] Initialized MultithreadedTaskDispatcher with 16 workers.
LightingSettings: switching bake backend from 1 to 2.
 -> (artifact id: 'ee12875df25a7f55eafd0e929302256b') in 0.041507 seconds
Number of updated asset objects reloaded before import = 0
Number of asset objects unloaded after import = 1
========================================================================
Received Import Request.
  Time since last request: 0.000061 seconds.
  path: Assets/NatureManufacture Assets/Foliage Shaders/NM_Foliage_Snow.shader
  artifactKey: Guid(bfe77fded9cb8fc4d9c6c2504703c6c8) Importer(2089858483,0ecaa5967403d082aa24f35e1b516d23)
Start importing Assets/NatureManufacture Assets/Foliage Shaders/NM_Foliage_Snow.shader using Guid(bfe77fded9cb8fc4d9c6c2504703c6c8) Importer(2089858483,0ecaa5967403d082aa24f35e1b516d23) [PhysX] Initialized MultithreadedTaskDispatcher with 16 workers.
 -> (artifact id: 'aee7735f35f1f17237e43e1c1ebe6660') in 0.045663 seconds
Number of updated asset objects reloaded before import = 0
Number of asset objects unloaded after import = 1
========================================================================
Received Import Request.
  Time since last request: 0.000052 seconds.
  path: Assets/NatureManufacture Assets/Advanced Foliage Pack/Unity grass/Unity Grass Models/Prefabs Snow/prefab_unity_Snow_grass_ground_foliage_01.prefab
  artifactKey: Guid(6f22c9620f06e3548bc9abd34d2dfe90) Importer(2089858483,0ecaa5967403d082aa24f35e1b516d23)
Start importing Assets/NatureManufacture Assets/Advanced Foliage Pack/Unity grass/Unity Grass Models/Prefabs Snow/prefab_unity_Snow_grass_ground_foliage_01.prefab using Guid(6f22c9620f06e3548bc9abd34d2dfe90) Importer(2089858483,0ecaa5967403d082aa24f35e1b516d23) [PhysX] Initialized MultithreadedTaskDispatcher with 16 workers.
 -> (artifact id: '83b020a8622d530bf93723b176ef216a') in 0.026620 seconds
Number of updated asset objects reloaded before import = 0
Number of asset objects unloaded after import = 7
========================================================================
Received Import Request.
  Time since last request: 0.000049 seconds.
  path: Assets/NatureManufacture Assets/Advanced Foliage Pack/Advanced Grass/Prefabs/prefab_SM_grass_bush_simple_05.prefab
  artifactKey: Guid(098ec79b00d1c4149a3dcea6e5053aa5) Importer(2089858483,0ecaa5967403d082aa24f35e1b516d23)
Start importing Assets/NatureManufacture Assets/Advanced Foliage Pack/Advanced Grass/Prefabs/prefab_SM_grass_bush_simple_05.prefab using Guid(098ec79b00d1c4149a3dcea6e5053aa5) Importer(2089858483,0ecaa5967403d082aa24f35e1b516d23) [PhysX] Initialized MultithreadedTaskDispatcher with 16 workers.
 -> (artifact id: '13312fc0510c288d3c10fced80a74885') in 0.029644 seconds
Number of updated asset objects reloaded before import = 0
Number of asset objects unloaded after import = 8
========================================================================
Received Import Request.
  Time since last request: 0.000049 seconds.
  path: Assets/NatureManufacture Assets/Advanced Foliage Pack/Demo/HD SRP Overview Scene
  artifactKey: Guid(c1ec82b5d6a96f241ac82b8d8808d838) Importer(2089858483,0ecaa5967403d082aa24f35e1b516d23)
Start importing Assets/NatureManufacture Assets/Advanced Foliage Pack/Demo/HD SRP Overview Scene using Guid(c1ec82b5d6a96f241ac82b8d8808d838) Importer(2089858483,0ecaa5967403d082aa24f35e1b516d23) [PhysX] Initialized MultithreadedTaskDispatcher with 16 workers.
 -> (artifact id: '16bb2828f0bf3f39d892a84d6b0008ed') in 0.022798 seconds
Number of updated asset objects reloaded before import = 0
Number of asset objects unloaded after import = 1
========================================================================
Received Import Request.
  Time since last request: 0.000057 seconds.
  path: Assets/NatureManufacture Assets/Advanced Foliage Pack/Demo/_TerrainAutoUpgrade/layer_T_Ground_Forest_Pebbles_Path_01_A_SmT_Ground_Forest_Pebbles_Path_01_N(6.000,6.000)(0.000,0.000)(0.000,0.000,0.000),0.000,0.000.terrainlayer
  artifactKey: Guid(16f33adfba991984aa6cb286faf23f00) Importer(2089858483,0ecaa5967403d082aa24f35e1b516d23)
Start importing Assets/NatureManufacture Assets/Advanced Foliage Pack/Demo/_TerrainAutoUpgrade/layer_T_Ground_Forest_Pebbles_Path_01_A_SmT_Ground_Forest_Pebbles_Path_01_N(6.000,6.000)(0.000,0.000)(0.000,0.000,0.000),0.000,0.000.terrainlayer using Guid(16f33adfba991984aa6cb286faf23f00) Importer(2089858483,0ecaa5967403d082aa24f35e1b516d23) [PhysX] Initialized MultithreadedTaskDispatcher with 16 workers.
 -> (artifact id: '4467da215cccc012dfc6256584bf461d') in 0.044485 seconds
Number of updated asset objects reloaded before import = 0
Number of asset objects unloaded after import = 4
========================================================================
Received Import Request.
  Time since last request: 48.379874 seconds.
  path: Assets/NatureManufacture Assets/Advanced Foliage Pack/Advanced Grass/SM_clover_01_flowery.fbx
  artifactKey: Guid(a8045b5b0b6a8f04fae87557f256bccb) Importer(815301076,1909f56bfc062723c751e8b465ee728b)
Start importing Assets/NatureManufacture Assets/Advanced Foliage Pack/Advanced Grass/SM_clover_01_flowery.fbx using Guid(a8045b5b0b6a8f04fae87557f256bccb) Importer(815301076,1909f56bfc062723c751e8b465ee728b) [PhysX] Initialized MultithreadedTaskDispatcher with 16 workers.
[PhysX] Initialized MultithreadedTaskDispatcher with 16 workers.
[PhysX] Initialized MultithreadedTaskDispatcher with 16 workers.
[PhysX] Initialized MultithreadedTaskDispatcher with 16 workers.
[PhysX] Initialized MultithreadedTaskDispatcher with 16 workers.
[PhysX] Initialized MultithreadedTaskDispatcher with 16 workers.
 -> (artifact id: 'cd0cb6f2867af18355d133b50705c8a1') in 0.068519 seconds
Number of updated asset objects reloaded before import = 0
Number of asset objects unloaded after import = 15
========================================================================
Received Import Request.
  Time since last request: 0.000039 seconds.
  path: Assets/NatureManufacture Assets/Advanced Foliage Pack/Advanced Grass/SM_ground_foliage_01_flowery.fbx
  artifactKey: Guid(dd24171d73624b94584c2a6bd88ab686) Importer(815301076,1909f56bfc062723c751e8b465ee728b)
Start importing Assets/NatureManufacture Assets/Advanced Foliage Pack/Advanced Grass/SM_ground_foliage_01_flowery.fbx using Guid(dd24171d73624b94584c2a6bd88ab686) Importer(815301076,1909f56bfc062723c751e8b465ee728b) [PhysX] Initialized MultithreadedTaskDispatcher with 16 workers.
[PhysX] Initialized MultithreadedTaskDispatcher with 16 workers.
[PhysX] Initialized MultithreadedTaskDispatcher with 16 workers.
[PhysX] Initialized MultithreadedTaskDispatcher with 16 workers.
[PhysX] Initialized MultithreadedTaskDispatcher with 16 workers.
[PhysX] Initialized MultithreadedTaskDispatcher with 16 workers.
[PhysX] Initialized MultithreadedTaskDispatcher with 16 workers.
[PhysX] Initialized MultithreadedTaskDispatcher with 16 workers.
 -> (artifact id: '4a060f77b0f0c7403f48ad0d6335c471') in 0.086950 seconds
Number of updated asset objects reloaded before import = 0
Number of asset objects unloaded after import = 20
========================================================================
Received Import Request.
  Time since last request: 0.000045 seconds.
  path: Assets/NatureManufacture Assets/Advanced Foliage Pack/Advanced Grass/SM_ground_foliage_02_1.fbx
  artifactKey: Guid(1184a737ab89beb4bb67fe063bc7d6d9) Importer(815301076,1909f56bfc062723c751e8b465ee728b)
Start importing Assets/NatureManufacture Assets/Advanced Foliage Pack/Advanced Grass/SM_ground_foliage_02_1.fbx using Guid(1184a737ab89beb4bb67fe063bc7d6d9) Importer(815301076,1909f56bfc062723c751e8b465ee728b) [PhysX] Initialized MultithreadedTaskDispatcher with 16 workers.
[PhysX] Initialized MultithreadedTaskDispatcher with 16 workers.
[PhysX] Initialized MultithreadedTaskDispatcher with 16 workers.
[PhysX] Initialized MultithreadedTaskDispatcher with 16 workers.
[PhysX] Initialized MultithreadedTaskDispatcher with 16 workers.
[PhysX] Initialized MultithreadedTaskDispatcher with 16 workers.
[PhysX] Initialized MultithreadedTaskDispatcher with 16 workers.
[PhysX] Initialized MultithreadedTaskDispatcher with 16 workers.
 -> (artifact id: 'e0bb8f80fdf2b972d9a03509cb7598e2') in 0.091877 seconds
Number of updated asset objects reloaded before import = 0
Number of asset objects unloaded after import = 20
========================================================================
Received Import Request.
  Time since last request: 0.000039 seconds.
  path: Assets/NatureManufacture Assets/Advanced Foliage Pack/Advanced Grass/SM_nettle_01_0.fbx
  artifactKey: Guid(8ab17d33beadbde42a3ec5e1dc309b70) Importer(815301076,1909f56bfc062723c751e8b465ee728b)
Start importing Assets/NatureManufacture Assets/Advanced Foliage Pack/Advanced Grass/SM_nettle_01_0.fbx using Guid(8ab17d33beadbde42a3ec5e1dc309b70) Importer(815301076,1909f56bfc062723c751e8b465ee728b) [PhysX] Initialized MultithreadedTaskDispatcher with 16 workers.
[PhysX] Initialized MultithreadedTaskDispatcher with 16 workers.
[PhysX] Initialized MultithreadedTaskDispatcher with 16 workers.
[PhysX] Initialized MultithreadedTaskDispatcher with 16 workers.
[PhysX] Initialized MultithreadedTaskDispatcher with 16 workers.
[PhysX] Initialized MultithreadedTaskDispatcher with 16 workers.
[PhysX] Initialized MultithreadedTaskDispatcher with 16 workers.
[PhysX] Initialized MultithreadedTaskDispatcher with 16 workers.
 -> (artifact id: 'a2a3329364a2c9acf3dd5f390c2494c1') in 0.090029 seconds
Number of updated asset objects reloaded before import = 0
Number of asset objects unloaded after import = 20
========================================================================
Received Import Request.
  Time since last request: 0.000045 seconds.
  path: Assets/NatureManufacture Assets/Advanced Foliage Pack/Advanced Grass/SM_grass_bush_simple_05.fbx
  artifactKey: Guid(fe9c706605429134d8777bd024e25161) Importer(815301076,1909f56bfc062723c751e8b465ee728b)
Start importing Assets/NatureManufacture Assets/Advanced Foliage Pack/Advanced Grass/SM_grass_bush_simple_05.fbx using Guid(fe9c706605429134d8777bd024e25161) Importer(815301076,1909f56bfc062723c751e8b465ee728b) [PhysX] Initialized MultithreadedTaskDispatcher with 16 workers.
[PhysX] Initialized MultithreadedTaskDispatcher with 16 workers.
[PhysX] Initialized MultithreadedTaskDispatcher with 16 workers.
 -> (artifact id: '0a2ecc3d601a8e94d70a35c2cfca2057') in 0.034554 seconds
Number of updated asset objects reloaded before import = 0
Number of asset objects unloaded after import = 7
========================================================================
Received Import Request.
  Time since last request: 0.000052 seconds.
  path: Assets/NatureManufacture Assets/Advanced Foliage Pack/Advanced Grass/SM_grass_bush_01.fbx
  artifactKey: Guid(70059553411f9b940b2ae8e72a448950) Importer(815301076,1909f56bfc062723c751e8b465ee728b)
Start importing Assets/NatureManufacture Assets/Advanced Foliage Pack/Advanced Grass/SM_grass_bush_01.fbx using Guid(70059553411f9b940b2ae8e72a448950) Importer(815301076,1909f56bfc062723c751e8b465ee728b) [PhysX] Initialized MultithreadedTaskDispatcher with 16 workers.
[PhysX] Initialized MultithreadedTaskDispatcher with 16 workers.
[PhysX] Initialized MultithreadedTaskDispatcher with 16 workers.
[PhysX] Initialized MultithreadedTaskDispatcher with 16 workers.
[PhysX] Initialized MultithreadedTaskDispatcher with 16 workers.
[PhysX] Initialized MultithreadedTaskDispatcher with 16 workers.
 -> (artifact id: '0a38ac1e6ec08220361f531d98129d17') in 0.067666 seconds
Number of updated asset objects reloaded before import = 0
Number of asset objects unloaded after import = 15
========================================================================
Received Import Request.
  Time since last request: 0.000032 seconds.
  path: Assets/NatureManufacture Assets/Advanced Foliage Pack/Advanced Grass/SM_ground_foliage_03.fbx
  artifactKey: Guid(fc608cefa4769ce4690c7f9847adfb3e) Importer(815301076,1909f56bfc062723c751e8b465ee728b)
Start importing Assets/NatureManufacture Assets/Advanced Foliage Pack/Advanced Grass/SM_ground_foliage_03.fbx using Guid(fc608cefa4769ce4690c7f9847adfb3e) Importer(815301076,1909f56bfc062723c751e8b465ee728b) [PhysX] Initialized MultithreadedTaskDispatcher with 16 workers.
[PhysX] Initialized MultithreadedTaskDispatcher with 16 workers.
[PhysX] Initialized MultithreadedTaskDispatcher with 16 workers.
[PhysX] Initialized MultithreadedTaskDispatcher with 16 workers.
[PhysX] Initialized MultithreadedTaskDispatcher with 16 workers.
[PhysX] Initialized MultithreadedTaskDispatcher with 16 workers.
[PhysX] Initialized MultithreadedTaskDispatcher with 16 workers.
[PhysX] Initialized MultithreadedTaskDispatcher with 16 workers.
 -> (artifact id: 'f9d89920cbb3d6ec97372355910182de') in 0.082652 seconds
Number of updated asset objects reloaded before import = 0
Number of asset objects unloaded after import = 20
========================================================================
Received Import Request.
  Time since last request: 0.000044 seconds.
  path: Assets/NatureManufacture Assets/Advanced Foliage Pack/Advanced Grass/SM_ground_foliage_02_2.fbx
  artifactKey: Guid(12eb3af72e99c814da0e1f1e9f575cdd) Importer(815301076,1909f56bfc062723c751e8b465ee728b)
Start importing Assets/NatureManufacture Assets/Advanced Foliage Pack/Advanced Grass/SM_ground_foliage_02_2.fbx using Guid(12eb3af72e99c814da0e1f1e9f575cdd) Importer(815301076,1909f56bfc062723c751e8b465ee728b) [PhysX] Initialized MultithreadedTaskDispatcher with 16 workers.
[PhysX] Initialized MultithreadedTaskDispatcher with 16 workers.
[PhysX] Initialized MultithreadedTaskDispatcher with 16 workers.
[PhysX] Initialized MultithreadedTaskDispatcher with 16 workers.
[PhysX] Initialized MultithreadedTaskDispatcher with 16 workers.
[PhysX] Initialized MultithreadedTaskDispatcher with 16 workers.
[PhysX] Initialized MultithreadedTaskDispatcher with 16 workers.
[PhysX] Initialized MultithreadedTaskDispatcher with 16 workers.
 -> (artifact id: 'cb6f348861350dd6da58dec8d91f5580') in 0.115903 seconds
Number of updated asset objects reloaded before import = 0
Number of asset objects unloaded after import = 20
========================================================================
Received Import Request.
  Time since last request: 0.000064 seconds.
  path: Assets/NatureManufacture Assets/Advanced Foliage Pack/Advanced Grass/SM_ground_foliage_04_0.fbx
  artifactKey: Guid(6eed06a2890e8f24f816c4a827a8bfb7) Importer(815301076,1909f56bfc062723c751e8b465ee728b)
Start importing Assets/NatureManufacture Assets/Advanced Foliage Pack/Advanced Grass/SM_ground_foliage_04_0.fbx using Guid(6eed06a2890e8f24f816c4a827a8bfb7) Importer(815301076,1909f56bfc062723c751e8b465ee728b) [PhysX] Initialized MultithreadedTaskDispatcher with 16 workers.
[PhysX] Initialized MultithreadedTaskDispatcher with 16 workers.
[PhysX] Initialized MultithreadedTaskDispatcher with 16 workers.
[PhysX] Initialized MultithreadedTaskDispatcher with 16 workers.
[PhysX] Initialized MultithreadedTaskDispatcher with 16 workers.
[PhysX] Initialized MultithreadedTaskDispatcher with 16 workers.
 -> (artifact id: '85923cfef173ed227f11a44febd2a9c0') in 0.065565 seconds
Number of updated asset objects reloaded before import = 0
Number of asset objects unloaded after import = 15
========================================================================
Received Import Request.
  Time since last request: 0.000031 seconds.
  path: Assets/NatureManufacture Assets/Advanced Foliage Pack/Advanced Grass/SM_fern_01_1.fbx
  artifactKey: Guid(bba9fc2199d40e74b933efaf2b4df330) Importer(815301076,1909f56bfc062723c751e8b465ee728b)
Start importing Assets/NatureManufacture Assets/Advanced Foliage Pack/Advanced Grass/SM_fern_01_1.fbx using Guid(bba9fc2199d40e74b933efaf2b4df330) Importer(815301076,1909f56bfc062723c751e8b465ee728b) [PhysX] Initialized MultithreadedTaskDispatcher with 16 workers.
[PhysX] Initialized MultithreadedTaskDispatcher with 16 workers.
[PhysX] Initialized MultithreadedTaskDispatcher with 16 workers.
[PhysX] Initialized MultithreadedTaskDispatcher with 16 workers.
[PhysX] Initialized MultithreadedTaskDispatcher with 16 workers.
[PhysX] Initialized MultithreadedTaskDispatcher with 16 workers.
[PhysX] Initialized MultithreadedTaskDispatcher with 16 workers.
[PhysX] Initialized MultithreadedTaskDispatcher with 16 workers.
 -> (artifact id: 'abcbfe75e39901dc3fd2c496208cdc83') in 0.086119 seconds
Number of updated asset objects reloaded before import = 0
Number of asset objects unloaded after import = 20
========================================================================
Received Import Request.
  Time since last request: 0.000040 seconds.
  path: Assets/NatureManufacture Assets/Advanced Foliage Pack/Advanced Grass/SM_forest_heather_01.fbx
  artifactKey: Guid(bc6fb0446c20740448a06c490325a8fb) Importer(815301076,1909f56bfc062723c751e8b465ee728b)
Start importing Assets/NatureManufacture Assets/Advanced Foliage Pack/Advanced Grass/SM_forest_heather_01.fbx using Guid(bc6fb0446c20740448a06c490325a8fb) Importer(815301076,1909f56bfc062723c751e8b465ee728b) [PhysX] Initialized MultithreadedTaskDispatcher with 16 workers.
[PhysX] Initialized MultithreadedTaskDispatcher with 16 workers.
[PhysX] Initialized MultithreadedTaskDispatcher with 16 workers.
[PhysX] Initialized MultithreadedTaskDispatcher with 16 workers.
[PhysX] Initialized MultithreadedTaskDispatcher with 16 workers.
[PhysX] Initialized MultithreadedTaskDispatcher with 16 workers.
 -> (artifact id: '7cc9bcd9fcfd37a2956901594c557438') in 0.074780 seconds
Number of updated asset objects reloaded before import = 0
Number of asset objects unloaded after import = 15
========================================================================
Received Import Request.
  Time since last request: 0.000050 seconds.
  path: Assets/NatureManufacture Assets/Advanced Foliage Pack/Advanced Grass/SM_grass_bush_022.fbx
  artifactKey: Guid(673ff88f4efe38440ab7c8eca394991b) Importer(815301076,1909f56bfc062723c751e8b465ee728b)
Start importing Assets/NatureManufacture Assets/Advanced Foliage Pack/Advanced Grass/SM_grass_bush_022.fbx using Guid(673ff88f4efe38440ab7c8eca394991b) Importer(815301076,1909f56bfc062723c751e8b465ee728b) [PhysX] Initialized MultithreadedTaskDispatcher with 16 workers.
[PhysX] Initialized MultithreadedTaskDispatcher with 16 workers.
[PhysX] Initialized MultithreadedTaskDispatcher with 16 workers.
[PhysX] Initialized MultithreadedTaskDispatcher with 16 workers.
[PhysX] Initialized MultithreadedTaskDispatcher with 16 workers.
[PhysX] Initialized MultithreadedTaskDispatcher with 16 workers.
[PhysX] Initialized MultithreadedTaskDispatcher with 16 workers.
[PhysX] Initialized MultithreadedTaskDispatcher with 16 workers.
 -> (artifact id: 'fc38266140cf9568f9e2ebe65c7397f9') in 1.295780 seconds
Number of updated asset objects reloaded before import = 0
Number of asset objects unloaded after import = 26
========================================================================
Received Import Request.
  Time since last request: 8.236742 seconds.
  path: Assets/NatureManufacture Assets/Advanced Foliage Pack/Demo/HDRISky Overview Foliage.exr
  artifactKey: Guid(b5f59fae605845945b3d2e8332171b54) Importer(815301076,1909f56bfc062723c751e8b465ee728b)
Start importing Assets/NatureManufacture Assets/Advanced Foliage Pack/Demo/HDRISky Overview Foliage.exr using Guid(b5f59fae605845945b3d2e8332171b54) Importer(815301076,1909f56bfc062723c751e8b465ee728b) [PhysX] Initialized MultithreadedTaskDispatcher with 16 workers.
[PhysX] Initialized MultithreadedTaskDispatcher with 16 workers.
[PhysX] Initialized MultithreadedTaskDispatcher with 16 workers.
 -> (artifact id: '3858a0c81ce9bf38ee915033f70ac164') in 0.046115 seconds
Number of updated asset objects reloaded before import = 0
Number of asset objects unloaded after import = 1
========================================================================
Received Import Request.
  Time since last request: 0.000045 seconds.
  path: Assets/NatureManufacture Assets/Advanced Foliage Pack/Demo/Terrain HD RP.mat
  artifactKey: Guid(d68fea9f3f542ba4a960839921cd6ea3) Importer(815301076,1909f56bfc062723c751e8b465ee728b)
Start importing Assets/NatureManufacture Assets/Advanced Foliage Pack/Demo/Terrain HD RP.mat using Guid(d68fea9f3f542ba4a960839921cd6ea3) Importer(815301076,1909f56bfc062723c751e8b465ee728b) [PhysX] Initialized MultithreadedTaskDispatcher with 16 workers.
[PhysX] Initialized MultithreadedTaskDispatcher with 16 workers.
 -> (artifact id: 'b25b9d3e4d5fb30e69d45f74562f8922') in 0.028634 seconds
Number of updated asset objects reloaded before import = 0
Number of asset objects unloaded after import = 1
========================================================================
Received Import Request.
  Time since last request: 10.389259 seconds.
  path: Assets/NatureManufacture Assets/Advanced Foliage Pack/Demo/HD RP Demo with Unity Grass/Lightmap-0_comp_light.exr
  artifactKey: Guid(f613ea78b70e45043b7d8d41359d96a9) Importer(815301076,1909f56bfc062723c751e8b465ee728b)
Start importing Assets/NatureManufacture Assets/Advanced Foliage Pack/Demo/HD RP Demo with Unity Grass/Lightmap-0_comp_light.exr using Guid(f613ea78b70e45043b7d8d41359d96a9) Importer(815301076,1909f56bfc062723c751e8b465ee728b) [PhysX] Initialized MultithreadedTaskDispatcher with 16 workers.
[PhysX] Initialized MultithreadedTaskDispatcher with 16 workers.
 -> (artifact id: '5b6db43e80dacbfa2566850ff98e7e45') in 0.036364 seconds
Number of updated asset objects reloaded before import = 0
Number of asset objects unloaded after import = 2
========================================================================
Received Import Request.
  Time since last request: 0.000043 seconds.
  path: Assets/NatureManufacture Assets/Advanced Foliage Pack/Demo/HD RP Demo with Unity Grass/ReflectionProbe-4.exr
  artifactKey: Guid(f4de97cff2e651748ab7e971078dedbf) Importer(815301076,1909f56bfc062723c751e8b465ee728b)
Start importing Assets/NatureManufacture Assets/Advanced Foliage Pack/Demo/HD RP Demo with Unity Grass/ReflectionProbe-4.exr using Guid(f4de97cff2e651748ab7e971078dedbf) Importer(815301076,1909f56bfc062723c751e8b465ee728b) [PhysX] Initialized MultithreadedTaskDispatcher with 16 workers.
[PhysX] Initialized MultithreadedTaskDispatcher with 16 workers.
[PhysX] Initialized MultithreadedTaskDispatcher with 16 workers.
 -> (artifact id: 'e14611d1523e2a24b67186684f4eaa06') in 0.035618 seconds
Number of updated asset objects reloaded before import = 0
Number of asset objects unloaded after import = 1
Editor requested this worker to shutdown with reason: Scaling down because of idle timeout
TcpMessagingSession - receive error: operation aborted. errorcode: 995, details: Der E/A-Vorgang wurde wegen eines Threadendes oder einer Anwendungsanforderung abgebrochen.
AssetImportWorker is now disconnected from the server
Process exiting
Exiting without the bug reporter. Application will terminate with return code 0