Using pre-set license
Built from '2022.3/staging' branch; Version is '2022.3.62f1 (4af31df58517) revision 4911901'; Using compiler version '192829333'; Build Type 'Release'
OS: 'Windows 10  (10.0.19045) 64bit Professional' Language: 'de' Physical Memory: 32700 MB
BatchMode: 1, IsHumanControllingUs: 0, StartBugReporterOnCrash: 0, Is64bit: 1, IsPro: 1

COMMAND LINE ARGUMENTS:
C:\Program Files\Unity\Hub\Editor\2022.3.62f1\Editor\Unity.exe
-adb2
-batchMode
-noUpm
-name
AssetImportWorker25
-projectPath
C:/StudentProjects/Serious game group 18/My project
-logFile
Logs/AssetImportWorker25.log
-srvPort
58467
Successfully changed project path to: C:/StudentProjects/Serious game group 18/My project
C:/StudentProjects/Serious game group 18/My project
[UnityMemory] Configuration Parameters - Can be set up in boot.config
    "memorysetup-bucket-allocator-granularity=16"
    "memorysetup-bucket-allocator-bucket-count=8"
    "memorysetup-bucket-allocator-block-size=33554432"
    "memorysetup-bucket-allocator-block-count=8"
    "memorysetup-main-allocator-block-size=16777216"
    "memorysetup-thread-allocator-block-size=16777216"
    "memorysetup-gfx-main-allocator-block-size=16777216"
    "memorysetup-gfx-thread-allocator-block-size=16777216"
    "memorysetup-cache-allocator-block-size=4194304"
    "memorysetup-typetree-allocator-block-size=2097152"
    "memorysetup-profiler-bucket-allocator-granularity=16"
    "memorysetup-profiler-bucket-allocator-bucket-count=8"
    "memorysetup-profiler-bucket-allocator-block-size=33554432"
    "memorysetup-profiler-bucket-allocator-block-count=8"
    "memorysetup-profiler-allocator-block-size=16777216"
    "memorysetup-profiler-editor-allocator-block-size=1048576"
    "memorysetup-temp-allocator-size-main=16777216"
    "memorysetup-job-temp-allocator-block-size=2097152"
    "memorysetup-job-temp-allocator-block-size-background=1048576"
    "memorysetup-job-temp-allocator-reduction-small-platforms=262144"
    "memorysetup-allocator-temp-initial-block-size-main=262144"
    "memorysetup-allocator-temp-initial-block-size-worker=262144"
    "memorysetup-temp-allocator-size-background-worker=32768"
    "memorysetup-temp-allocator-size-job-worker=262144"
    "memorysetup-temp-allocator-size-preload-manager=33554432"
    "memorysetup-temp-allocator-size-nav-mesh-worker=65536"
    "memorysetup-temp-allocator-size-audio-worker=65536"
    "memorysetup-temp-allocator-size-cloud-worker=32768"
    "memorysetup-temp-allocator-size-gi-baking-worker=262144"
    "memorysetup-temp-allocator-size-gfx=262144"
Player connection [15740]  Target information:

Player connection [15740]  * "[IP] 192.168.253.171 [Port] 0 [Flags] 2 [Guid] 1128542887 [EditorId] 1128542887 [Version] 1048832 [Id] WindowsEditor(7,DESKTOP-66DGGND) [Debug] 1 [PackageName] WindowsEditor [ProjectName] Editor" 

Player connection [15740] Host joined multi-casting on [225.0.0.222:54997]...
Player connection [15740] Host joined alternative multi-casting on [225.0.0.222:34997]...
Input System module state changed to: Initialized.
[PhysX] Initialized MultithreadedTaskDispatcher with 16 workers.
Refreshing native plugins compatible for Editor in 54.84 ms, found 12 plugins.
Preloading 0 native plugins for Editor in 0.00 ms.
Initialize engine version: 2022.3.62f1 (4af31df58517)
[Subsystems] Discovering subsystems at path C:/Program Files/Unity/Hub/Editor/2022.3.62f1/Editor/Data/Resources/UnitySubsystems
[Subsystems] Discovering subsystems at path C:/StudentProjects/Serious game group 18/My project/Assets
GfxDevice: creating device client; threaded=0; jobified=0
Direct3D:
    Version:  Direct3D 11.0 [level 11.1]
    Renderer: Radeon RX Vega (ID=0x687f)
    Vendor:   ATI
    VRAM:     8119 MB
    Driver:   31.0.12027.9001
Shader 'Fristy/Nature/Leaves': fallback shader 'TransparentCutout' not found
Shader 'Fristy/Nature/Leaves 2': fallback shader 'TransparentCutout' not found
Shader 'Fristy/Nature/Leaves 2': fallback shader 'TransparentCutout' not found
Shader 'Fristy/Nature/Leaves': fallback shader 'TransparentCutout' not found
Initialize mono
Mono path[0] = 'C:/Program Files/Unity/Hub/Editor/2022.3.62f1/Editor/Data/Managed'
Mono path[1] = 'C:/Program Files/Unity/Hub/Editor/2022.3.62f1/Editor/Data/MonoBleedingEdge/lib/mono/unityjit-win32'
Mono config path = 'C:/Program Files/Unity/Hub/Editor/2022.3.62f1/Editor/Data/MonoBleedingEdge/etc'
Using monoOptions --debugger-agent=transport=dt_socket,embedding=1,server=y,suspend=n,address=127.0.0.1:56504
Begin MonoManager ReloadAssembly
Registering precompiled unity dll's ...
Register platform support module: C:/Program Files/Unity/Hub/Editor/2022.3.62f1/Editor/Data/PlaybackEngines/WindowsStandaloneSupport/UnityEditor.WindowsStandalone.Extensions.dll
Registered in 0.015293 seconds.
- Loaded All Assemblies, in  0.498 seconds
Native extension for WindowsStandalone target not found
Mono: successfully reloaded assembly
- Finished resetting the current domain, in  0.372 seconds
Domain Reload Profiling: 866ms
	BeginReloadAssembly (153ms)
		ExecutionOrderSort (0ms)
		DisableScriptedObjects (0ms)
		BackupInstance (0ms)
		ReleaseScriptingObjects (0ms)
		CreateAndSetChildDomain (1ms)
	RebuildCommonClasses (47ms)
	RebuildNativeTypeToScriptingClass (15ms)
	initialDomainReloadingComplete (88ms)
	LoadAllAssembliesAndSetupDomain (189ms)
		LoadAssemblies (149ms)
		RebuildTransferFunctionScriptingTraits (0ms)
		AnalyzeDomain (187ms)
			TypeCache.Refresh (185ms)
				TypeCache.ScanAssembly (168ms)
			ScanForSourceGeneratedMonoScriptInfo (0ms)
			ResolveRequiredComponents (1ms)
	FinalizeReload (373ms)
		ReleaseScriptCaches (0ms)
		RebuildScriptCaches (0ms)
		SetupLoadedEditorAssemblies (307ms)
			LogAssemblyErrors (0ms)
			InitializePlatformSupportModulesInManaged (15ms)
			SetLoadedEditorAssemblies (9ms)
			RefreshPlugins (0ms)
			BeforeProcessingInitializeOnLoad (3ms)
			ProcessInitializeOnLoadAttributes (212ms)
			ProcessInitializeOnLoadMethodAttributes (67ms)
			AfterProcessingInitializeOnLoad (0ms)
			EditorAssembliesLoaded (0ms)
		ExecutionOrderSort2 (0ms)
		AwakeInstancesAfterBackupRestoration (0ms)
========================================================================
Worker process is ready to serve import requests
Caller must complete domain reload
Begin MonoManager ReloadAssembly
- Loaded All Assemblies, in  1.358 seconds
Native extension for WindowsStandalone target not found
Package Manager log level set to [2]
[Package Manager] Server::EnsureServerProcessIsRunning -- launch failed, reason: Unity was launched with the -noUpm command-line argument
[Package Manager] UpmClient::Send -- Unable to send message (not connected to UPM process).
[Package Manager] Cannot connect to Unity Package Manager local server
Mono: successfully reloaded assembly
[Package Manager] Server::EnsureServerProcessIsRunning -- launch failed, reason: Unity was launched with the -noUpm command-line argument
[Package Manager] UpmClient::Send -- Unable to send message (not connected to UPM process).
[Package Manager] Cannot connect to Unity Package Manager local server
[Package Manager] Server::EnsureServerProcessIsRunning -- launch failed, reason: Unity was launched with the -noUpm command-line argument
[Package Manager] UpmClient::Send -- Unable to send message (not connected to UPM process).
[Package Manager] Cannot connect to Unity Package Manager local server
- Finished resetting the current domain, in  1.712 seconds
Domain Reload Profiling: 3061ms
	BeginReloadAssembly (207ms)
		ExecutionOrderSort (0ms)
		DisableScriptedObjects (9ms)
		BackupInstance (0ms)
		ReleaseScriptingObjects (0ms)
		CreateAndSetChildDomain (27ms)
	RebuildCommonClasses (47ms)
	RebuildNativeTypeToScriptingClass (14ms)
	initialDomainReloadingComplete (68ms)
	LoadAllAssembliesAndSetupDomain (1012ms)
		LoadAssemblies (627ms)
		RebuildTransferFunctionScriptingTraits (0ms)
		AnalyzeDomain (505ms)
			TypeCache.Refresh (418ms)
				TypeCache.ScanAssembly (389ms)
			ScanForSourceGeneratedMonoScriptInfo (61ms)
			ResolveRequiredComponents (24ms)
	FinalizeReload (1713ms)
		ReleaseScriptCaches (0ms)
		RebuildScriptCaches (0ms)
		SetupLoadedEditorAssemblies (1386ms)
			LogAssemblyErrors (0ms)
			InitializePlatformSupportModulesInManaged (10ms)
			SetLoadedEditorAssemblies (7ms)
			RefreshPlugins (0ms)
			BeforeProcessingInitializeOnLoad (174ms)
			ProcessInitializeOnLoadAttributes (792ms)
			ProcessInitializeOnLoadMethodAttributes (387ms)
			AfterProcessingInitializeOnLoad (15ms)
			EditorAssembliesLoaded (0ms)
		ExecutionOrderSort2 (0ms)
		AwakeInstancesAfterBackupRestoration (11ms)
WARNING: Shader Unsupported: 'Hidden/Builtin_TerrainVisualization' - All subshaders removed
WARNING: Shader Did you use #pragma only_renderers and omit this platform?
WARNING: Shader If subshaders removal was intentional, you may have forgotten turning Fallback off?
WARNING: Shader Unsupported: 'Hidden/Builtin_TerrainVisualization' - All subshaders removed
WARNING: Shader Did you use #pragma only_renderers and omit this platform?
WARNING: Shader If subshaders removal was intentional, you may have forgotten turning Fallback off?
WARNING: Shader Unsupported: 'Hidden/Universal Render Pipeline/Terrain/Lit (Base Pass)' - All subshaders removed
WARNING: Shader Did you use #pragma only_renderers and omit this platform?
WARNING: Shader If subshaders removal was intentional, you may have forgotten turning Fallback off?
WARNING: Shader Unsupported: 'Hidden/Universal Render Pipeline/Terrain/Lit (Base Pass)' - All subshaders removed
WARNING: Shader Did you use #pragma only_renderers and omit this platform?
WARNING: Shader If subshaders removal was intentional, you may have forgotten turning Fallback off?
WARNING: Shader Unsupported: 'Universal Render Pipeline/Terrain/Lit' - All subshaders removed
WARNING: Shader Did you use #pragma only_renderers and omit this platform?
WARNING: Shader If subshaders removal was intentional, you may have forgotten turning Fallback off?
WARNING: Shader Unsupported: 'Universal Render Pipeline/Terrain/Lit' - All subshaders removed
WARNING: Shader Did you use #pragma only_renderers and omit this platform?
WARNING: Shader If subshaders removal was intentional, you may have forgotten turning Fallback off?
Shader 'Fristy/Nature/Leaves 2': fallback shader 'TransparentCutout' not found
Shader 'Fristy/Nature/Leaves': fallback shader 'TransparentCutout' not found
Shader 'Fristy/Nature/Leaves': fallback shader 'TransparentCutout' not found
Shader 'Fristy/Nature/Leaves 2': fallback shader 'TransparentCutout' not found
Launched and connected shader compiler UnityShaderCompiler.exe after 0.05 seconds
Refreshing native plugins compatible for Editor in 29.09 ms, found 12 plugins.
Preloading 0 native plugins for Editor in 0.00 ms.
Unloading 9311 Unused Serialized files (Serialized files now loaded: 0)
Unloading 167 unused Assets / (7.6 MB). Loaded Objects now: 9851.
Memory consumption went from 487.6 MB to 480.0 MB.
Total: 8.000900 ms (FindLiveObjects: 0.915700 ms CreateObjectMapping: 0.319600 ms MarkObjects: 4.535400 ms  DeleteObjects: 2.228800 ms)

AssetImportParameters requested are different than current active one (requested -> active):
  custom:container-demuxer-ogg: 62fdf1f143b41e24485cea50d1cbac27 -> 
  custom:framework-win-MediaFoundation: 216162199b28c13a410421893ffa2e32 -> 
  custom:container-muxer-webm: aa71ff27fc2769a1b78a27578f13a17b -> 
  custom:video-decoder-webm-vp8: 9c59270c3fd7afecdb556c50c9e8de78 -> 
  custom:SearchIndexIgnoredProperties: e643bd26f0fe6173181afceb89e7c659 -> 
  custom:AudioImporter_EditorPlatform: d09bf68614088b80899f8185d706f6e7 -> 
  custom:audio-decoder-ogg-vorbis: bf7c407c2cedff20999df2af8eb42d56 -> 
  custom:audio-encoder-webm-vorbis: bf7c407c2cedff20999df2af8eb42d56 -> 
  custom:video-codec-MediaFoundation-h265: 746d11721c4dcdbdad8f713fa42b33f4 -> 
  custom:video-decoder-ogg-theora: a1e56fd34408186e4bbccfd4996cb3dc -> 
  custom:CustomObjectIndexerAttribute: 3ead1caaecf1c488f20bcfeb224b6af5 -> 
  custom:container-demuxer-webm: 4f35f7cbe854078d1ac9338744f61a02 -> 
  custom:video-encoder-webm-vp8: eb34c28f22e8b96e1ab97ce403110664 -> 
========================================================================
Received Import Request.
  Time since last request: 976584.765029 seconds.
  path: Assets/Toby Fredson/The Toby Foliage Engine/(TTFE)_Demo/Prefabs/Prefabs_Vegetation/Vegetation_Plants/VP_GrassSingle/Grass_Single_C2.prefab
  artifactKey: Guid(0dff4a44798143a4dbe882e5ca27a170) Importer(815301076,1909f56bfc062723c751e8b465ee728b)
Start importing Assets/Toby Fredson/The Toby Foliage Engine/(TTFE)_Demo/Prefabs/Prefabs_Vegetation/Vegetation_Plants/VP_GrassSingle/Grass_Single_C2.prefab using Guid(0dff4a44798143a4dbe882e5ca27a170) Importer(815301076,1909f56bfc062723c751e8b465ee728b) [PhysX] Initialized MultithreadedTaskDispatcher with 16 workers.
[PhysX] Initialized MultithreadedTaskDispatcher with 16 workers.
Shader error in 'Toby Fredson/The Toby Foliage Engine/(TTFE) Grass Foliage': 'ApplyDecalToSurfaceData': no matching 3 parameter function at Foliage.shader(880) (on d3d11)

Compiling Subshader: 0, Pass: GBuffer, Fragment program with DECALS_3RT DECAL_SURFACE_GRADIENT LOD_FADE_CROSSFADE PROBE_VOLUMES_OFF _ALPHATEST_ON _CONTINUOUSWINDGENTLE_ON _DOUBLESIDED_ON _WINDTYPE_GENTLEBREEZE
Platform defines: SHADER_API_DESKTOP UNITY_ENABLE_DETAIL_NORMALMAP UNITY_ENABLE_REFLECTION_BUFFERS UNITY_LIGHTMAP_FULL_HDR UNITY_LIGHT_PROBE_PROXY_VOLUME UNITY_PBS_USE_BRDF1 UNITY_SPECCUBE_BLENDING UNITY_SPECCUBE_BOX_PROJECTION UNITY_USE_DITHER_MASK_FOR_ALPHABLENDED_SHADOWS
Disabled keywords: DEBUG_DISPLAY DECALS_4RT DECALS_OFF DIRLIGHTMAP_COMBINED DOTS_INSTANCING_ON DYNAMICLIGHTMAP_ON INSTANCING_ON LIGHTMAP_ON LIGHT_LAYERS PROBE_VOLUMES_L1 PROBE_VOLUMES_L2 SHADER_API_GLES30 SHADOWS_SHADOWMASK UNITY_ASTC_NORMALMAP_ENCODING UNITY_COLORSPACE_GAMMA UNITY_FRAMEBUFFER_FETCH_AVAILABLE UNITY_HALF_PRECISION_FRAGMENT_SHADER_REGISTERS UNITY_HARDWARE_TIER1 UNITY_HARDWARE_TIER2 UNITY_HARDWARE_TIER3 UNITY_LIGHTMAP_DLDR_ENCODING UNITY_LIGHTMAP_RGBM_ENCODING UNITY_METAL_SHADOWS_USE_POINT_FILTERING UNITY_NO_DXT5nm UNITY_NO_FULL_STANDARD_SHADER UNITY_NO_SCREENSPACE_SHADOWS UNITY_PBS_USE_BRDF2 UNITY_PBS_USE_BRDF3 UNITY_PRETRANSFORM_TO_DISPLAY_ORIENTATION UNITY_UNIFIED_SHADER_PRECISION_MODEL UNITY_VIRTUAL_TEXTURING _ENABLE_FOG_ON_TRANSPARENT _SURFACE_TYPE_TRANSPARENT _TRANSPARENT_WRITES_MOTION_VEC _WINDTYPE_WINDOFF
 -> (artifact id: '2007ceccdff443f263d0e418d39edb80') in 1.406689 seconds
Number of updated asset objects reloaded before import = 0
Number of asset objects unloaded after import = 97
========================================================================
Received Import Request.
  Time since last request: 0.000046 seconds.
  path: Assets/Toby Fredson/The Toby Foliage Engine/(TTFE)_Demo/Prefabs/Prefabs_Vegetation/Vegetation_Trees/VTSpecies_Shrub/ShrubBush_C.prefab
  artifactKey: Guid(1651898aacf7dd6409292c568ab02a46) Importer(815301076,1909f56bfc062723c751e8b465ee728b)
Start importing Assets/Toby Fredson/The Toby Foliage Engine/(TTFE)_Demo/Prefabs/Prefabs_Vegetation/Vegetation_Trees/VTSpecies_Shrub/ShrubBush_C.prefab using Guid(1651898aacf7dd6409292c568ab02a46) Importer(815301076,1909f56bfc062723c751e8b465ee728b) [PhysX] Initialized MultithreadedTaskDispatcher with 16 workers.
[PhysX] Initialized MultithreadedTaskDispatcher with 16 workers.
Shader error in 'Toby Fredson/The Toby Foliage Engine/(TTFE) Tree Bark': 'ApplyDecalToSurfaceData': no matching 3 parameter function at Bark.shader(806) (on d3d11)

Compiling Subshader: 0, Pass: GBuffer, Fragment program with DECALS_3RT DECAL_SURFACE_GRADIENT LOD_FADE_CROSSFADE PROBE_VOLUMES_OFF _WINDTYPE_GENTLEBREEZE
Platform defines: SHADER_API_DESKTOP UNITY_ENABLE_DETAIL_NORMALMAP UNITY_ENABLE_REFLECTION_BUFFERS UNITY_LIGHTMAP_FULL_HDR UNITY_LIGHT_PROBE_PROXY_VOLUME UNITY_PBS_USE_BRDF1 UNITY_SPECCUBE_BLENDING UNITY_SPECCUBE_BOX_PROJECTION UNITY_USE_DITHER_MASK_FOR_ALPHABLENDED_SHADOWS
Disabled keywords: DEBUG_DISPLAY DECALS_4RT DECALS_OFF DIRLIGHTMAP_COMBINED DOTS_INSTANCING_ON DYNAMICLIGHTMAP_ON INSTANCING_ON LIGHTMAP_ON LIGHT_LAYERS PROBE_VOLUMES_L1 PROBE_VOLUMES_L2 SHADER_API_GLES30 SHADOWS_SHADOWMASK UNITY_ASTC_NORMALMAP_ENCODING UNITY_COLORSPACE_GAMMA UNITY_FRAMEBUFFER_FETCH_AVAILABLE UNITY_HALF_PRECISION_FRAGMENT_SHADER_REGISTERS UNITY_HARDWARE_TIER1 UNITY_HARDWARE_TIER2 UNITY_HARDWARE_TIER3 UNITY_LIGHTMAP_DLDR_ENCODING UNITY_LIGHTMAP_RGBM_ENCODING UNITY_METAL_SHADOWS_USE_POINT_FILTERING UNITY_NO_DXT5nm UNITY_NO_FULL_STANDARD_SHADER UNITY_NO_SCREENSPACE_SHADOWS UNITY_PBS_USE_BRDF2 UNITY_PBS_USE_BRDF3 UNITY_PRETRANSFORM_TO_DISPLAY_ORIENTATION UNITY_UNIFIED_SHADER_PRECISION_MODEL UNITY_VIRTUAL_TEXTURING _DISABLE_DECALS _DOUBLESIDED_ON _ENABLE_FOG_ON_TRANSPARENT _SURFACE_TYPE_TRANSPARENT _TRANSPARENT_WRITES_MOTION_VEC _WINDTYPE_WINDOFF
Shader error in 'Toby Fredson/The Toby Foliage Engine/(TTFE) Tree Foliage': 'ApplyDecalToSurfaceData': no matching 3 parameter function at Foliage.shader(887) (on d3d11)

Compiling Subshader: 0, Pass: GBuffer, Fragment program with DECALS_3RT DECAL_SURFACE_GRADIENT LOD_FADE_CROSSFADE PROBE_VOLUMES_OFF _ALPHATEST_ON _DOUBLESIDED_ON _LEAFFLUTTER_ON _SELFSHADING_ON _WINDTYPE_GENTLEBREEZE
Platform defines: SHADER_API_DESKTOP UNITY_ENABLE_DETAIL_NORMALMAP UNITY_ENABLE_REFLECTION_BUFFERS UNITY_LIGHTMAP_FULL_HDR UNITY_LIGHT_PROBE_PROXY_VOLUME UNITY_PBS_USE_BRDF1 UNITY_SPECCUBE_BLENDING UNITY_SPECCUBE_BOX_PROJECTION UNITY_USE_DITHER_MASK_FOR_ALPHABLENDED_SHADOWS
Disabled keywords: DEBUG_DISPLAY DECALS_4RT DECALS_OFF DIRLIGHTMAP_COMBINED DOTS_INSTANCING_ON DYNAMICLIGHTMAP_ON INSTANCING_ON LIGHTMAP_ON LIGHT_LAYERS PROBE_VOLUMES_L1 PROBE_VOLUMES_L2 SHADER_API_GLES30 SHADOWS_SHADOWMASK UNITY_ASTC_NORMALMAP_ENCODING UNITY_COLORSPACE_GAMMA UNITY_FRAMEBUFFER_FETCH_AVAILABLE UNITY_HALF_PRECISION_FRAGMENT_SHADER_REGISTERS UNITY_HARDWARE_TIER1 UNITY_HARDWARE_TIER2 UNITY_HARDWARE_TIER3 UNITY_LIGHTMAP_DLDR_ENCODING UNITY_LIGHTMAP_RGBM_ENCODING UNITY_METAL_SHADOWS_USE_POINT_FILTERING UNITY_NO_DXT5nm UNITY_NO_FULL_STANDARD_SHADER UNITY_NO_SCREENSPACE_SHADOWS UNITY_PBS_USE_BRDF2 UNITY_PBS_USE_BRDF3 UNITY_PRETRANSFORM_TO_DISPLAY_ORIENTATION UNITY_UNIFIED_SHADER_PRECISION_MODEL UNITY_VIRTUAL_TEXTURING _ENABLE_FOG_ON_TRANSPARENT _SURFACE_TYPE_TRANSPARENT _TRANSPARENT_WRITES_MOTION_VEC _WINDTYPE_WINDOFF
 -> (artifact id: 'e8979c26d2b18d2ffa8262a51ec94760') in 0.301860 seconds
Number of updated asset objects reloaded before import = 0
Number of asset objects unloaded after import = 57
========================================================================
Received Import Request.
  Time since last request: 0.000055 seconds.
  path: Assets/Toby Fredson/The Toby Foliage Engine/(TTFE)_Demo/Prefabs/Prefabs_Vegetation/Vegetation_Plants/VP_Flowers/FlowersWTTFE-F.prefab
  artifactKey: Guid(a10d2a2419aaa8046993c86e1c687ab2) Importer(815301076,1909f56bfc062723c751e8b465ee728b)
Start importing Assets/Toby Fredson/The Toby Foliage Engine/(TTFE)_Demo/Prefabs/Prefabs_Vegetation/Vegetation_Plants/VP_Flowers/FlowersWTTFE-F.prefab using Guid(a10d2a2419aaa8046993c86e1c687ab2) Importer(815301076,1909f56bfc062723c751e8b465ee728b) [PhysX] Initialized MultithreadedTaskDispatcher with 16 workers.
[PhysX] Initialized MultithreadedTaskDispatcher with 16 workers.
Shader error in 'Toby Fredson/The Toby Foliage Engine/(TTFE) Tree Foliage': 'ApplyDecalToSurfaceData': no matching 3 parameter function at Foliage.shader(887) (on d3d11)

Compiling Subshader: 0, Pass: GBuffer, Fragment program with DECALS_3RT DECAL_SURFACE_GRADIENT LOD_FADE_CROSSFADE PROBE_VOLUMES_OFF _ALPHATEST_ON _DOUBLESIDED_ON _LEAFFLUTTER_ON _SELFSHADING_ON _WINDTYPE_GENTLEBREEZE
Platform defines: SHADER_API_DESKTOP UNITY_ENABLE_DETAIL_NORMALMAP UNITY_ENABLE_REFLECTION_BUFFERS UNITY_LIGHTMAP_FULL_HDR UNITY_LIGHT_PROBE_PROXY_VOLUME UNITY_PBS_USE_BRDF1 UNITY_SPECCUBE_BLENDING UNITY_SPECCUBE_BOX_PROJECTION UNITY_USE_DITHER_MASK_FOR_ALPHABLENDED_SHADOWS
Disabled keywords: DEBUG_DISPLAY DECALS_4RT DECALS_OFF DIRLIGHTMAP_COMBINED DOTS_INSTANCING_ON DYNAMICLIGHTMAP_ON INSTANCING_ON LIGHTMAP_ON LIGHT_LAYERS PROBE_VOLUMES_L1 PROBE_VOLUMES_L2 SHADER_API_GLES30 SHADOWS_SHADOWMASK UNITY_ASTC_NORMALMAP_ENCODING UNITY_COLORSPACE_GAMMA UNITY_FRAMEBUFFER_FETCH_AVAILABLE UNITY_HALF_PRECISION_FRAGMENT_SHADER_REGISTERS UNITY_HARDWARE_TIER1 UNITY_HARDWARE_TIER2 UNITY_HARDWARE_TIER3 UNITY_LIGHTMAP_DLDR_ENCODING UNITY_LIGHTMAP_RGBM_ENCODING UNITY_METAL_SHADOWS_USE_POINT_FILTERING UNITY_NO_DXT5nm UNITY_NO_FULL_STANDARD_SHADER UNITY_NO_SCREENSPACE_SHADOWS UNITY_PBS_USE_BRDF2 UNITY_PBS_USE_BRDF3 UNITY_PRETRANSFORM_TO_DISPLAY_ORIENTATION UNITY_UNIFIED_SHADER_PRECISION_MODEL UNITY_VIRTUAL_TEXTURING _ENABLE_FOG_ON_TRANSPARENT _SURFACE_TYPE_TRANSPARENT _TRANSPARENT_WRITES_MOTION_VEC _WINDTYPE_WINDOFF
 -> (artifact id: '6d5f51ea03ba82bb8bfa27f31558c1a4') in 0.051884 seconds
Number of updated asset objects reloaded before import = 0
Number of asset objects unloaded after import = 27
========================================================================
Received Import Request.
  Time since last request: 0.000043 seconds.
  path: Assets/Toby Fredson/The Toby Foliage Engine/(TTFE)_Demo/Prefabs/Prefabs_Vegetation/Vegetation_Trees/VTSpecies_Shrub/ShrubBush_B.prefab
  artifactKey: Guid(9266726cf3d3d6f4b8be186469ef13bc) Importer(815301076,1909f56bfc062723c751e8b465ee728b)
Start importing Assets/Toby Fredson/The Toby Foliage Engine/(TTFE)_Demo/Prefabs/Prefabs_Vegetation/Vegetation_Trees/VTSpecies_Shrub/ShrubBush_B.prefab using Guid(9266726cf3d3d6f4b8be186469ef13bc) Importer(815301076,1909f56bfc062723c751e8b465ee728b) [PhysX] Initialized MultithreadedTaskDispatcher with 16 workers.
[PhysX] Initialized MultithreadedTaskDispatcher with 16 workers.
 -> (artifact id: '70a2a11c75e533a54eeb3359d4e5d90f') in 0.318258 seconds
Number of updated asset objects reloaded before import = 0
Number of asset objects unloaded after import = 57
========================================================================
Received Import Request.
  Time since last request: 0.000060 seconds.
  path: Assets/Toby Fredson/The Toby Foliage Engine/(TTFE)_Demo/Prefabs/Prefabs_Vegetation/Vegetation_Plants/VP_GrassSingle/Grass_Single_E.prefab
  artifactKey: Guid(87e550bd0d38f2a4483f76153b084ea6) Importer(815301076,1909f56bfc062723c751e8b465ee728b)
Start importing Assets/Toby Fredson/The Toby Foliage Engine/(TTFE)_Demo/Prefabs/Prefabs_Vegetation/Vegetation_Plants/VP_GrassSingle/Grass_Single_E.prefab using Guid(87e550bd0d38f2a4483f76153b084ea6) Importer(815301076,1909f56bfc062723c751e8b465ee728b) [PhysX] Initialized MultithreadedTaskDispatcher with 16 workers.
[PhysX] Initialized MultithreadedTaskDispatcher with 16 workers.
 -> (artifact id: 'cf4056d3a538d565120c41760017051d') in 0.215146 seconds
Number of updated asset objects reloaded before import = 0
Number of asset objects unloaded after import = 32
========================================================================
Received Import Request.
  Time since last request: 0.000057 seconds.
  path: Assets/Toby Fredson/The Toby Foliage Engine/(TTFE)_Demo/Prefabs/Prefabs_Vegetation/Vegetation_Plants/VP_Flowers/FlowersWTTFE-C.prefab
  artifactKey: Guid(d69ebdcb1a1848e4c9790b9d8b9d5259) Importer(815301076,1909f56bfc062723c751e8b465ee728b)
Start importing Assets/Toby Fredson/The Toby Foliage Engine/(TTFE)_Demo/Prefabs/Prefabs_Vegetation/Vegetation_Plants/VP_Flowers/FlowersWTTFE-C.prefab using Guid(d69ebdcb1a1848e4c9790b9d8b9d5259) Importer(815301076,1909f56bfc062723c751e8b465ee728b) [PhysX] Initialized MultithreadedTaskDispatcher with 16 workers.
[PhysX] Initialized MultithreadedTaskDispatcher with 16 workers.
 -> (artifact id: '18f7b1b7b861ba682ad5ea516df5c21b') in 0.043028 seconds
Number of updated asset objects reloaded before import = 0
Number of asset objects unloaded after import = 27
========================================================================
Received Import Request.
  Time since last request: 0.000034 seconds.
  path: Assets/Toby Fredson/The Toby Foliage Engine/(TTFE)_Demo/Prefabs/Prefabs_Vegetation/Vegetation_Plants/VP_GrassSingle/Grass_Single_B.prefab
  artifactKey: Guid(e9e8c9bd476c46c419c7f99408c0faa8) Importer(815301076,1909f56bfc062723c751e8b465ee728b)
Start importing Assets/Toby Fredson/The Toby Foliage Engine/(TTFE)_Demo/Prefabs/Prefabs_Vegetation/Vegetation_Plants/VP_GrassSingle/Grass_Single_B.prefab using Guid(e9e8c9bd476c46c419c7f99408c0faa8) Importer(815301076,1909f56bfc062723c751e8b465ee728b) [PhysX] Initialized MultithreadedTaskDispatcher with 16 workers.
[PhysX] Initialized MultithreadedTaskDispatcher with 16 workers.
 -> (artifact id: 'c3fe3ec28c7a0c477e32564202d4a9dd') in 0.161499 seconds
Number of updated asset objects reloaded before import = 0
Number of asset objects unloaded after import = 32
========================================================================
Received Import Request.
  Time since last request: 0.000046 seconds.
  path: Assets/Toby Fredson/The Toby Foliage Engine/(TTFE)_Demo/Prefabs/Prefabs_Vegetation/Vegetation_Plants/VP_Flowers/FlowersWTTFE-B.prefab
  artifactKey: Guid(acd3045601851e141b35bf521afbc8c4) Importer(815301076,1909f56bfc062723c751e8b465ee728b)
Start importing Assets/Toby Fredson/The Toby Foliage Engine/(TTFE)_Demo/Prefabs/Prefabs_Vegetation/Vegetation_Plants/VP_Flowers/FlowersWTTFE-B.prefab using Guid(acd3045601851e141b35bf521afbc8c4) Importer(815301076,1909f56bfc062723c751e8b465ee728b) [PhysX] Initialized MultithreadedTaskDispatcher with 16 workers.
[PhysX] Initialized MultithreadedTaskDispatcher with 16 workers.
 -> (artifact id: 'b4f451b39260fcaff08dcf3ce38e3754') in 0.037354 seconds
Number of updated asset objects reloaded before import = 0
Number of asset objects unloaded after import = 27
========================================================================
Received Import Request.
  Time since last request: 0.000057 seconds.
  path: Assets/Toby Fredson/The Toby Foliage Engine/(TTFE)_Demo/Prefabs/Prefabs_Vegetation/Vegetation_Plants/VP_Flowers/FlowersWTTFE-D.prefab
  artifactKey: Guid(d621b61ece24c6648ad5a594a3ec3a07) Importer(815301076,1909f56bfc062723c751e8b465ee728b)
Start importing Assets/Toby Fredson/The Toby Foliage Engine/(TTFE)_Demo/Prefabs/Prefabs_Vegetation/Vegetation_Plants/VP_Flowers/FlowersWTTFE-D.prefab using Guid(d621b61ece24c6648ad5a594a3ec3a07) Importer(815301076,1909f56bfc062723c751e8b465ee728b) [PhysX] Initialized MultithreadedTaskDispatcher with 16 workers.
[PhysX] Initialized MultithreadedTaskDispatcher with 16 workers.
 -> (artifact id: 'c1cabcd5488c768bb32cdf4e00d48f20') in 0.040990 seconds
Number of updated asset objects reloaded before import = 0
Number of asset objects unloaded after import = 27
========================================================================
Received Import Request.
  Time since last request: 24.096274 seconds.
  path: Assets/Toby Fredson/The Toby Foliage Engine/(TTFE)_Demo/Prefabs
  artifactKey: Guid(7e6fdaa9465887344b236735b5c8f614) Importer(815301076,1909f56bfc062723c751e8b465ee728b)
Start importing Assets/Toby Fredson/The Toby Foliage Engine/(TTFE)_Demo/Prefabs using Guid(7e6fdaa9465887344b236735b5c8f614) Importer(815301076,1909f56bfc062723c751e8b465ee728b) [PhysX] Initialized MultithreadedTaskDispatcher with 16 workers.
 -> (artifact id: '539c90dc2c55f9ff76250115eafb8d69') in 0.000759 seconds
Number of updated asset objects reloaded before import = 0
Number of asset objects unloaded after import = 0
========================================================================
Received Import Request.
  Time since last request: 1.400425 seconds.
  path: Assets/Toby Fredson/The Toby Foliage Engine/(TTFE)_Demo/Prefabs/Prefabs_Helpers
  artifactKey: Guid(83f1155580c31b0439096f0e670b71bd) Importer(815301076,1909f56bfc062723c751e8b465ee728b)
Start importing Assets/Toby Fredson/The Toby Foliage Engine/(TTFE)_Demo/Prefabs/Prefabs_Helpers using Guid(83f1155580c31b0439096f0e670b71bd) Importer(815301076,1909f56bfc062723c751e8b465ee728b) [PhysX] Initialized MultithreadedTaskDispatcher with 16 workers.
 -> (artifact id: '09226c022fa124cadebaca39b70ab971') in 0.000642 seconds
Number of updated asset objects reloaded before import = 0
Number of asset objects unloaded after import = 0
========================================================================
Received Import Request.
  Time since last request: 1.698221 seconds.
  path: Assets/Toby Fredson/The Toby Foliage Engine/(TTFE)_Demo/Prefabs/Prefabs_Player
  artifactKey: Guid(67717733cdc5ff14e8f00841fb0badd1) Importer(815301076,1909f56bfc062723c751e8b465ee728b)
Start importing Assets/Toby Fredson/The Toby Foliage Engine/(TTFE)_Demo/Prefabs/Prefabs_Player using Guid(67717733cdc5ff14e8f00841fb0badd1) Importer(815301076,1909f56bfc062723c751e8b465ee728b) [PhysX] Initialized MultithreadedTaskDispatcher with 16 workers.
 -> (artifact id: '265135e321207ac0f0d7182e00c8c4d8') in 0.000637 seconds
Number of updated asset objects reloaded before import = 0
Number of asset objects unloaded after import = 0
========================================================================
Received Import Request.
  Time since last request: 0.672203 seconds.
  path: Assets/Toby Fredson/The Toby Foliage Engine/(TTFE)_Demo/Prefabs/Prefabs_Static
  artifactKey: Guid(f8d62cc499b0ae642be0ae77145df635) Importer(815301076,1909f56bfc062723c751e8b465ee728b)
Start importing Assets/Toby Fredson/The Toby Foliage Engine/(TTFE)_Demo/Prefabs/Prefabs_Static using Guid(f8d62cc499b0ae642be0ae77145df635) Importer(815301076,1909f56bfc062723c751e8b465ee728b) [PhysX] Initialized MultithreadedTaskDispatcher with 16 workers.
 -> (artifact id: '84e3ce3622d7bb85f5a26cdc986d780a') in 0.000678 seconds
Number of updated asset objects reloaded before import = 0
Number of asset objects unloaded after import = 0
========================================================================
Received Import Request.
  Time since last request: 1.018732 seconds.
  path: Assets/Toby Fredson/The Toby Foliage Engine/(TTFE)_Demo/Prefabs/Prefabs_Vegetation
  artifactKey: Guid(4f6447b8b40e1cd499c22cd9921446e1) Importer(815301076,1909f56bfc062723c751e8b465ee728b)
Start importing Assets/Toby Fredson/The Toby Foliage Engine/(TTFE)_Demo/Prefabs/Prefabs_Vegetation using Guid(4f6447b8b40e1cd499c22cd9921446e1) Importer(815301076,1909f56bfc062723c751e8b465ee728b) [PhysX] Initialized MultithreadedTaskDispatcher with 16 workers.
 -> (artifact id: '11521e7f650e806b82b8169d86dcdada') in 0.000637 seconds
Number of updated asset objects reloaded before import = 0
Number of asset objects unloaded after import = 0
========================================================================
Received Import Request.
  Time since last request: 0.578423 seconds.
  path: Assets/Toby Fredson/The Toby Foliage Engine/(TTFE)_Demo/Prefabs/Prefabs_Vegetation - (SL)
  artifactKey: Guid(8bb1bf11b9d76934193435b80f7e2655) Importer(815301076,1909f56bfc062723c751e8b465ee728b)
Start importing Assets/Toby Fredson/The Toby Foliage Engine/(TTFE)_Demo/Prefabs/Prefabs_Vegetation - (SL) using Guid(8bb1bf11b9d76934193435b80f7e2655) Importer(815301076,1909f56bfc062723c751e8b465ee728b) [PhysX] Initialized MultithreadedTaskDispatcher with 16 workers.
 -> (artifact id: '8b88822156ad318ced6e102d7b24b618') in 0.000636 seconds
Number of updated asset objects reloaded before import = 0
Number of asset objects unloaded after import = 0
========================================================================
Received Import Request.
  Time since last request: 2.280903 seconds.
  path: Assets/Toby Fredson/The Toby Foliage Engine/(TTFE)_Demo/Prefabs/Prefabs_Vegetation/Vegetation_Trees
  artifactKey: Guid(16423b218faa79343a20bfe28d08b679) Importer(815301076,1909f56bfc062723c751e8b465ee728b)
Start importing Assets/Toby Fredson/The Toby Foliage Engine/(TTFE)_Demo/Prefabs/Prefabs_Vegetation/Vegetation_Trees using Guid(16423b218faa79343a20bfe28d08b679) Importer(815301076,1909f56bfc062723c751e8b465ee728b) [PhysX] Initialized MultithreadedTaskDispatcher with 16 workers.
 -> (artifact id: '23598630ba42d672b76b074517e7ffeb') in 0.000648 seconds
Number of updated asset objects reloaded before import = 0
Number of asset objects unloaded after import = 0
========================================================================
Received Import Request.
  Time since last request: 0.794795 seconds.
  path: Assets/Toby Fredson/The Toby Foliage Engine/(TTFE)_Demo/Prefabs/Prefabs_Vegetation/Vegetation_Plants
  artifactKey: Guid(278430e50b2f84f4d86e274263f9a6cf) Importer(815301076,1909f56bfc062723c751e8b465ee728b)
Start importing Assets/Toby Fredson/The Toby Foliage Engine/(TTFE)_Demo/Prefabs/Prefabs_Vegetation/Vegetation_Plants using Guid(278430e50b2f84f4d86e274263f9a6cf) Importer(815301076,1909f56bfc062723c751e8b465ee728b) [PhysX] Initialized MultithreadedTaskDispatcher with 16 workers.
 -> (artifact id: 'a57618cb08a18639cc14680a84094285') in 0.000605 seconds
Number of updated asset objects reloaded before import = 0
Number of asset objects unloaded after import = 0
========================================================================
Received Import Request.
  Time since last request: 5.863482 seconds.
  path: Assets/Toby Fredson/The Toby Foliage Engine/(TTFE)_Demo/Prefabs/Prefabs_Vegetation/Vegetation_Trees/VTSpecies_Shrub
  artifactKey: Guid(dcf888ae0368c9445baff08d839b52e8) Importer(815301076,1909f56bfc062723c751e8b465ee728b)
Start importing Assets/Toby Fredson/The Toby Foliage Engine/(TTFE)_Demo/Prefabs/Prefabs_Vegetation/Vegetation_Trees/VTSpecies_Shrub using Guid(dcf888ae0368c9445baff08d839b52e8) Importer(815301076,1909f56bfc062723c751e8b465ee728b) [PhysX] Initialized MultithreadedTaskDispatcher with 16 workers.
 -> (artifact id: '31a24f398905e310049e8fffa681d862') in 0.000666 seconds
Number of updated asset objects reloaded before import = 0
Number of asset objects unloaded after import = 0
========================================================================
Received Import Request.
  Time since last request: 111.269988 seconds.
  path: Assets/Toby Fredson/The Toby Foliage Engine/(TTFE)_Demo/Prefabs/Prefabs_Vegetation/Vegetation_Trees/VTSpecies_Shrub/ShrubTree(NR)_D.prefab
  artifactKey: Guid(45041291efc670640a7ea77a57e53254) Importer(815301076,1909f56bfc062723c751e8b465ee728b)
Start importing Assets/Toby Fredson/The Toby Foliage Engine/(TTFE)_Demo/Prefabs/Prefabs_Vegetation/Vegetation_Trees/VTSpecies_Shrub/ShrubTree(NR)_D.prefab using Guid(45041291efc670640a7ea77a57e53254) Importer(815301076,1909f56bfc062723c751e8b465ee728b) [PhysX] Initialized MultithreadedTaskDispatcher with 16 workers.
[PhysX] Initialized MultithreadedTaskDispatcher with 16 workers.
 -> (artifact id: '6014af1b02d89ec4ae58706c6683ead5') in 0.214127 seconds
Number of updated asset objects reloaded before import = 0
Number of asset objects unloaded after import = 68
========================================================================
Received Import Request.
  Time since last request: 0.575973 seconds.
  path: Assets/Toby Fredson/The Toby Foliage Engine/(TTFE)_Demo/Materials/Materials_Vegetation/MV_Tress/Shrub_Leaves.mat
  artifactKey: Guid(1e5fc5ecef63e2a40a3054b41fc73e2d) Importer(2089858483,0ecaa5967403d082aa24f35e1b516d23)
Start importing Assets/Toby Fredson/The Toby Foliage Engine/(TTFE)_Demo/Materials/Materials_Vegetation/MV_Tress/Shrub_Leaves.mat using Guid(1e5fc5ecef63e2a40a3054b41fc73e2d) Importer(2089858483,0ecaa5967403d082aa24f35e1b516d23) [PhysX] Initialized MultithreadedTaskDispatcher with 16 workers.
 -> (artifact id: '252ac04e98030774a013a79dbfa3f5c6') in 0.369671 seconds
Number of updated asset objects reloaded before import = 0
Number of asset objects unloaded after import = 6
========================================================================
Received Import Request.
  Time since last request: 9.214166 seconds.
  path: Assets/Toby Fredson/The Toby Foliage Engine/The Toby Foliage Engine - Light.pdf
  artifactKey: Guid(3e339f86cddddf14a9bab4cccf5cedc2) Importer(815301076,1909f56bfc062723c751e8b465ee728b)
Start importing Assets/Toby Fredson/The Toby Foliage Engine/The Toby Foliage Engine - Light.pdf using Guid(3e339f86cddddf14a9bab4cccf5cedc2) Importer(815301076,1909f56bfc062723c751e8b465ee728b) [PhysX] Initialized MultithreadedTaskDispatcher with 16 workers.
 -> (artifact id: 'c46103654db20164fd4b98c99bdd389f') in 0.001278 seconds
Number of updated asset objects reloaded before import = 0
Number of asset objects unloaded after import = 1
========================================================================
Received Import Request.
  Time since last request: 66.552903 seconds.
  path: Assets/Toby Fredson/The Toby Foliage Engine/(TTFE)_Core/Shaders/Default
  artifactKey: Guid(01c165d5b5e44fb4b94d2a2824bf600c) Importer(815301076,1909f56bfc062723c751e8b465ee728b)
Start importing Assets/Toby Fredson/The Toby Foliage Engine/(TTFE)_Core/Shaders/Default using Guid(01c165d5b5e44fb4b94d2a2824bf600c) Importer(815301076,1909f56bfc062723c751e8b465ee728b) [PhysX] Initialized MultithreadedTaskDispatcher with 16 workers.
 -> (artifact id: '4a7e8b3f85880f325314c48905ba62c2') in 0.000630 seconds
Number of updated asset objects reloaded before import = 0
Number of asset objects unloaded after import = 0
========================================================================
Received Import Request.
  Time since last request: 1.229936 seconds.
  path: Assets/Toby Fredson/The Toby Foliage Engine/(TTFE)_Core/Shaders/Default/(TTFE) Grass Foliage.shader
  artifactKey: Guid(9836eda9c73d0e7419630eb145f848ab) Importer(815301076,1909f56bfc062723c751e8b465ee728b)
Start importing Assets/Toby Fredson/The Toby Foliage Engine/(TTFE)_Core/Shaders/Default/(TTFE) Grass Foliage.shader using Guid(9836eda9c73d0e7419630eb145f848ab) Importer(815301076,1909f56bfc062723c751e8b465ee728b) [PhysX] Initialized MultithreadedTaskDispatcher with 16 workers.
 -> (artifact id: 'ffb2cc27c42d5f9b6787ecc80b4342b0') in 0.001022 seconds
Number of updated asset objects reloaded before import = 0
Number of asset objects unloaded after import = 0
========================================================================
Received Import Request.
  Time since last request: 0.892140 seconds.
  path: Assets/Toby Fredson/The Toby Foliage Engine/(TTFE)_Core/Shaders/Default/(TTFE) Mesh.shader
  artifactKey: Guid(f4785d4487b747542b5955296c3cea7e) Importer(815301076,1909f56bfc062723c751e8b465ee728b)
Start importing Assets/Toby Fredson/The Toby Foliage Engine/(TTFE)_Core/Shaders/Default/(TTFE) Mesh.shader using Guid(f4785d4487b747542b5955296c3cea7e) Importer(815301076,1909f56bfc062723c751e8b465ee728b) [PhysX] Initialized MultithreadedTaskDispatcher with 16 workers.
 -> (artifact id: 'da191e388568666f6583b157c792389c') in 0.000945 seconds
Number of updated asset objects reloaded before import = 0
Number of asset objects unloaded after import = 0
========================================================================
Received Import Request.
  Time since last request: 0.490405 seconds.
  path: Assets/Toby Fredson/The Toby Foliage Engine/(TTFE)_Core/Shaders/Default/(TTFE) Roots.shader
  artifactKey: Guid(aef74c22df0d58e4692680a6d23b069c) Importer(815301076,1909f56bfc062723c751e8b465ee728b)
Start importing Assets/Toby Fredson/The Toby Foliage Engine/(TTFE)_Core/Shaders/Default/(TTFE) Roots.shader using Guid(aef74c22df0d58e4692680a6d23b069c) Importer(815301076,1909f56bfc062723c751e8b465ee728b) [PhysX] Initialized MultithreadedTaskDispatcher with 16 workers.
 -> (artifact id: 'f4ac73189fa1a5b4db00e5e4d2025ed2') in 0.000962 seconds
Number of updated asset objects reloaded before import = 0
Number of asset objects unloaded after import = 0
========================================================================
Received Import Request.
  Time since last request: 1.387310 seconds.
  path: Assets/Toby Fredson/The Toby Foliage Engine/(TTFE)_Core/Shaders/Default/(TTFE) Simple Cliff Masked.shader
  artifactKey: Guid(40281aef83c984b4b9afe49e6e17271e) Importer(815301076,1909f56bfc062723c751e8b465ee728b)
Start importing Assets/Toby Fredson/The Toby Foliage Engine/(TTFE)_Core/Shaders/Default/(TTFE) Simple Cliff Masked.shader using Guid(40281aef83c984b4b9afe49e6e17271e) Importer(815301076,1909f56bfc062723c751e8b465ee728b) [PhysX] Initialized MultithreadedTaskDispatcher with 16 workers.
 -> (artifact id: '9b587a9cb0712fdc9de18569e2f36ca8') in 0.001030 seconds
Number of updated asset objects reloaded before import = 0
Number of asset objects unloaded after import = 0
========================================================================
Received Import Request.
  Time since last request: 0.762675 seconds.
  path: Assets/Toby Fredson/The Toby Foliage Engine/(TTFE)_Core/Shaders/Default/(TTFE) Tree Bark.shader
  artifactKey: Guid(afdb1e1f380186d438f4f923b2100101) Importer(815301076,1909f56bfc062723c751e8b465ee728b)
Start importing Assets/Toby Fredson/The Toby Foliage Engine/(TTFE)_Core/Shaders/Default/(TTFE) Tree Bark.shader using Guid(afdb1e1f380186d438f4f923b2100101) Importer(815301076,1909f56bfc062723c751e8b465ee728b) [PhysX] Initialized MultithreadedTaskDispatcher with 16 workers.
 -> (artifact id: 'fb246b3b502a8df30f7743b5d672cc62') in 0.001330 seconds
Number of updated asset objects reloaded before import = 0
Number of asset objects unloaded after import = 0
========================================================================
Received Import Request.
  Time since last request: 1.110778 seconds.
  path: Assets/Toby Fredson/The Toby Foliage Engine/(TTFE)_Core/Shaders/Default/(TTFE) Tree Billboard.shader
  artifactKey: Guid(0f465929dfb2594408a217d30f4c714e) Importer(815301076,1909f56bfc062723c751e8b465ee728b)
Start importing Assets/Toby Fredson/The Toby Foliage Engine/(TTFE)_Core/Shaders/Default/(TTFE) Tree Billboard.shader using Guid(0f465929dfb2594408a217d30f4c714e) Importer(815301076,1909f56bfc062723c751e8b465ee728b) [PhysX] Initialized MultithreadedTaskDispatcher with 16 workers.
 -> (artifact id: 'cefffe821cfeb49159723e4d3c97197b') in 0.000954 seconds
Number of updated asset objects reloaded before import = 0
Number of asset objects unloaded after import = 0
========================================================================
Received Import Request.
  Time since last request: 0.442842 seconds.
  path: Assets/Toby Fredson/The Toby Foliage Engine/(TTFE)_Core/Shaders/Default/(TTFE) Tree Foliage.shader
  artifactKey: Guid(6f53b8cb323b0614c82237d5b033019f) Importer(815301076,1909f56bfc062723c751e8b465ee728b)
Start importing Assets/Toby Fredson/The Toby Foliage Engine/(TTFE)_Core/Shaders/Default/(TTFE) Tree Foliage.shader using Guid(6f53b8cb323b0614c82237d5b033019f) Importer(815301076,1909f56bfc062723c751e8b465ee728b) [PhysX] Initialized MultithreadedTaskDispatcher with 16 workers.
 -> (artifact id: 'e7260418bd86ad77fea1a6bbf506dbb7') in 0.000974 seconds
Number of updated asset objects reloaded before import = 0
Number of asset objects unloaded after import = 0
========================================================================
Received Import Request.
  Time since last request: 43.498785 seconds.
  path: Assets/PalmTreePack/Prefabs/Old/Palm_2_3.prefab
  artifactKey: Guid(12f9a82c5b7ef59478254d7b307170cc) Importer(815301076,1909f56bfc062723c751e8b465ee728b)
Start importing Assets/PalmTreePack/Prefabs/Old/Palm_2_3.prefab using Guid(12f9a82c5b7ef59478254d7b307170cc) Importer(815301076,1909f56bfc062723c751e8b465ee728b) [PhysX] Initialized MultithreadedTaskDispatcher with 16 workers.
[PhysX] Initialized MultithreadedTaskDispatcher with 16 workers.
 -> (artifact id: '54e4adfbe919de1b9c8b887b979b7a30') in 0.130010 seconds
Number of updated asset objects reloaded before import = 0
Number of asset objects unloaded after import = 14
========================================================================
Received Import Request.
  Time since last request: 0.000036 seconds.
  path: Assets/PalmTreePack/Prefabs/Old/Palm_1_4.prefab
  artifactKey: Guid(03d072ad20556224fb55c076591908e4) Importer(815301076,1909f56bfc062723c751e8b465ee728b)
Start importing Assets/PalmTreePack/Prefabs/Old/Palm_1_4.prefab using Guid(03d072ad20556224fb55c076591908e4) Importer(815301076,1909f56bfc062723c751e8b465ee728b) [PhysX] Initialized MultithreadedTaskDispatcher with 16 workers.
[PhysX] Initialized MultithreadedTaskDispatcher with 16 workers.
 -> (artifact id: '9723732558099336e5841c9fee080bf2') in 0.048242 seconds
Number of updated asset objects reloaded before import = 0
Number of asset objects unloaded after import = 14
========================================================================
Received Import Request.
  Time since last request: 11.492530 seconds.
  path: Assets/Fristy stylize Modular Assets 2/Rocks/2_Rock/2_Rock.fbx
  artifactKey: Guid(6ff6b189e83a33148b368b8e8285b94c) Importer(815301076,1909f56bfc062723c751e8b465ee728b)
Start importing Assets/Fristy stylize Modular Assets 2/Rocks/2_Rock/2_Rock.fbx using Guid(6ff6b189e83a33148b368b8e8285b94c) Importer(815301076,1909f56bfc062723c751e8b465ee728b) [PhysX] Initialized MultithreadedTaskDispatcher with 16 workers.
[PhysX] Initialized MultithreadedTaskDispatcher with 16 workers.
[PhysX] Initialized MultithreadedTaskDispatcher with 16 workers.
 -> (artifact id: 'd33bda06eea779c37539cc002a266708') in 0.089302 seconds
Number of updated asset objects reloaded before import = 0
Number of asset objects unloaded after import = 12
========================================================================
Received Import Request.
  Time since last request: 0.000047 seconds.
  path: Assets/Fristy stylize Modular Assets 2/Rocks/3_Rocks/3_Rock_2.fbx
  artifactKey: Guid(b12221d43a7a0c74db66dc8a484b1e41) Importer(815301076,1909f56bfc062723c751e8b465ee728b)
Start importing Assets/Fristy stylize Modular Assets 2/Rocks/3_Rocks/3_Rock_2.fbx using Guid(b12221d43a7a0c74db66dc8a484b1e41) Importer(815301076,1909f56bfc062723c751e8b465ee728b) [PhysX] Initialized MultithreadedTaskDispatcher with 16 workers.
[PhysX] Initialized MultithreadedTaskDispatcher with 16 workers.
[PhysX] Initialized MultithreadedTaskDispatcher with 16 workers.
 -> (artifact id: 'a943af3b8b5b541d3e7ea2eca370f42e') in 0.096287 seconds
Number of updated asset objects reloaded before import = 0
Number of asset objects unloaded after import = 15
========================================================================
Received Import Request.
  Time since last request: 0.000074 seconds.
  path: Assets/NatureManufacture Assets/Advanced Foliage Pack/Demo/_TerrainAutoUpgrade/layer_T_Ground_Rocks_01_A_SmT_Ground_Rocks_01_N(8.000,8.000)(0.000,0.000)(0.000,0.000,0.000),0.000,0.000.terrainlayer
  artifactKey: Guid(4b69c848b9bff3c46bcaf81ee348c832) Importer(815301076,1909f56bfc062723c751e8b465ee728b)
Start importing Assets/NatureManufacture Assets/Advanced Foliage Pack/Demo/_TerrainAutoUpgrade/layer_T_Ground_Rocks_01_A_SmT_Ground_Rocks_01_N(8.000,8.000)(0.000,0.000)(0.000,0.000,0.000),0.000,0.000.terrainlayer using Guid(4b69c848b9bff3c46bcaf81ee348c832) Importer(815301076,1909f56bfc062723c751e8b465ee728b) [PhysX] Initialized MultithreadedTaskDispatcher with 16 workers.
 -> (artifact id: '96118e86d85a55ed1666a5173a9681e6') in 0.065846 seconds
Number of updated asset objects reloaded before import = 0
Number of asset objects unloaded after import = 5
========================================================================
Received Import Request.
  Time since last request: 0.000048 seconds.
  path: Assets/Toby Fredson/The Toby Foliage Engine/(TTFE)_Demo/Textures/Textures_Static/CliffRockTTFEL_B_Albedo.png
  artifactKey: Guid(7786648498cc37049804e1da3f3e0808) Importer(815301076,1909f56bfc062723c751e8b465ee728b)
Start importing Assets/Toby Fredson/The Toby Foliage Engine/(TTFE)_Demo/Textures/Textures_Static/CliffRockTTFEL_B_Albedo.png using Guid(7786648498cc37049804e1da3f3e0808) Importer(815301076,1909f56bfc062723c751e8b465ee728b) [PhysX] Initialized MultithreadedTaskDispatcher with 16 workers.
[PhysX] Initialized MultithreadedTaskDispatcher with 16 workers.
 -> (artifact id: 'be3beeb329b5e19189693da25ef75c73') in 0.037686 seconds
Number of updated asset objects reloaded before import = 0
Number of asset objects unloaded after import = 2
========================================================================
Received Import Request.
  Time since last request: 0.000037 seconds.
  path: Assets/Toby Fredson/The Toby Foliage Engine/(TTFE)_Demo/Textures/Textures_Tiles Nature/BaseRockGCATA_B_Albedo (BI).png
  artifactKey: Guid(5dfa642cff8c269449a4e670e296911e) Importer(815301076,1909f56bfc062723c751e8b465ee728b)
Start importing Assets/Toby Fredson/The Toby Foliage Engine/(TTFE)_Demo/Textures/Textures_Tiles Nature/BaseRockGCATA_B_Albedo (BI).png using Guid(5dfa642cff8c269449a4e670e296911e) Importer(815301076,1909f56bfc062723c751e8b465ee728b) [PhysX] Initialized MultithreadedTaskDispatcher with 16 workers.
[PhysX] Initialized MultithreadedTaskDispatcher with 16 workers.
 -> (artifact id: 'deda326b5d2748cd4c6964d90ff5e447') in 0.029472 seconds
Number of updated asset objects reloaded before import = 0
Number of asset objects unloaded after import = 2
========================================================================
Received Import Request.
  Time since last request: 0.000050 seconds.
  path: Assets/Rowlan/Terrain/Stamps/Examples/Brushes/Pride Rocks 02.brush
  artifactKey: Guid(9fa2c86bfa97a5649ae5c9441f7d939c) Importer(815301076,1909f56bfc062723c751e8b465ee728b)
Start importing Assets/Rowlan/Terrain/Stamps/Examples/Brushes/Pride Rocks 02.brush using Guid(9fa2c86bfa97a5649ae5c9441f7d939c) Importer(815301076,1909f56bfc062723c751e8b465ee728b) [PhysX] Initialized MultithreadedTaskDispatcher with 16 workers.
 -> (artifact id: '46d0ad7895a15460298bfbab585e69eb') in 0.065962 seconds
Number of updated asset objects reloaded before import = 0
Number of asset objects unloaded after import = 2
========================================================================
Received Import Request.
  Time since last request: 0.000044 seconds.
  path: Assets/Fristy stylize Modular Assets 2/Textures/5_Rock_T_Disp.png
  artifactKey: Guid(c7e93c6968d904b408c51b65ef061f0c) Importer(815301076,1909f56bfc062723c751e8b465ee728b)
Start importing Assets/Fristy stylize Modular Assets 2/Textures/5_Rock_T_Disp.png using Guid(c7e93c6968d904b408c51b65ef061f0c) Importer(815301076,1909f56bfc062723c751e8b465ee728b) [PhysX] Initialized MultithreadedTaskDispatcher with 16 workers.
[PhysX] Initialized MultithreadedTaskDispatcher with 16 workers.
 -> (artifact id: '822cebd63741c43ee85ac7c9346259de') in 0.041487 seconds
Number of updated asset objects reloaded before import = 0
Number of asset objects unloaded after import = 2
========================================================================
Received Import Request.
  Time since last request: 0.000045 seconds.
  path: Assets/Toby Fredson/The Toby Foliage Engine/(TTFE)_Demo/Textures/Textures_Static/CliffRockTTFEL_B_Normal.png
  artifactKey: Guid(5af57fde76c871440aa83608609d6cd1) Importer(815301076,1909f56bfc062723c751e8b465ee728b)
Start importing Assets/Toby Fredson/The Toby Foliage Engine/(TTFE)_Demo/Textures/Textures_Static/CliffRockTTFEL_B_Normal.png using Guid(5af57fde76c871440aa83608609d6cd1) Importer(815301076,1909f56bfc062723c751e8b465ee728b) [PhysX] Initialized MultithreadedTaskDispatcher with 16 workers.
[PhysX] Initialized MultithreadedTaskDispatcher with 16 workers.
 -> (artifact id: 'af67e44fe0e1ca7b376ae833b33434b0') in 0.056980 seconds
Number of updated asset objects reloaded before import = 0
Number of asset objects unloaded after import = 2
========================================================================
Received Import Request.
  Time since last request: 0.000052 seconds.
  path: Assets/TerrainDemoScene_HDRP/Terrain/Textures/Black_Sand_Rocks_B/Black_Sand_Rocks_B_Normal.tif
  artifactKey: Guid(f68eb2439bd63d149ae1dc62ab5d777a) Importer(815301076,1909f56bfc062723c751e8b465ee728b)
Start importing Assets/TerrainDemoScene_HDRP/Terrain/Textures/Black_Sand_Rocks_B/Black_Sand_Rocks_B_Normal.tif using Guid(f68eb2439bd63d149ae1dc62ab5d777a) Importer(815301076,1909f56bfc062723c751e8b465ee728b) [PhysX] Initialized MultithreadedTaskDispatcher with 16 workers.
[PhysX] Initialized MultithreadedTaskDispatcher with 16 workers.
 -> (artifact id: 'ee3546a2b5279932c535cf9e8681ab72') in 0.035865 seconds
Number of updated asset objects reloaded before import = 0
Number of asset objects unloaded after import = 2
========================================================================
Received Import Request.
  Time since last request: 0.000037 seconds.
  path: Assets/Fristy stylize Modular Assets 2/Shaders/HDPR/Rock.shadergraph
  artifactKey: Guid(81feb2c4ef1b5a942ba4f4cf4efbce6d) Importer(815301076,1909f56bfc062723c751e8b465ee728b)
Start importing Assets/Fristy stylize Modular Assets 2/Shaders/HDPR/Rock.shadergraph using Guid(81feb2c4ef1b5a942ba4f4cf4efbce6d) Importer(815301076,1909f56bfc062723c751e8b465ee728b) [PhysX] Initialized MultithreadedTaskDispatcher with 16 workers.
[PhysX] Initialized MultithreadedTaskDispatcher with 16 workers.
 -> (artifact id: '031a539851d6dd85962388c304371f9f') in 1.021834 seconds
Number of updated asset objects reloaded before import = 0
Number of asset objects unloaded after import = 2
========================================================================
Received Import Request.
  Time since last request: 0.000044 seconds.
  path: Assets/Rowlan/Terrain/Stamps/Examples/Heightmaps/Layered Rocks 09.png
  artifactKey: Guid(53b34fd1777f2ac448e341a5202bec0a) Importer(815301076,1909f56bfc062723c751e8b465ee728b)
Start importing Assets/Rowlan/Terrain/Stamps/Examples/Heightmaps/Layered Rocks 09.png using Guid(53b34fd1777f2ac448e341a5202bec0a) Importer(815301076,1909f56bfc062723c751e8b465ee728b) [PhysX] Initialized MultithreadedTaskDispatcher with 16 workers.
[PhysX] Initialized MultithreadedTaskDispatcher with 16 workers.
 -> (artifact id: 'e9bd69bde157ffded15fca5d99e38a14') in 0.054795 seconds
Number of updated asset objects reloaded before import = 0
Number of asset objects unloaded after import = 2
========================================================================
Received Import Request.
  Time since last request: 0.000057 seconds.
  path: Assets/Fristy stylize Modular Assets 2/Rocks/3_Rocks/3_Rock_3.fbx
  artifactKey: Guid(a6b12b0a10c6474439d91c7c9c8b6e9b) Importer(815301076,1909f56bfc062723c751e8b465ee728b)
Start importing Assets/Fristy stylize Modular Assets 2/Rocks/3_Rocks/3_Rock_3.fbx using Guid(a6b12b0a10c6474439d91c7c9c8b6e9b) Importer(815301076,1909f56bfc062723c751e8b465ee728b) [PhysX] Initialized MultithreadedTaskDispatcher with 16 workers.
[PhysX] Initialized MultithreadedTaskDispatcher with 16 workers.
[PhysX] Initialized MultithreadedTaskDispatcher with 16 workers.
 -> (artifact id: 'b779f2f2084157deb8ca2f523ba829ab') in 0.053074 seconds
Number of updated asset objects reloaded before import = 0
Number of asset objects unloaded after import = 15
========================================================================
Received Import Request.
  Time since last request: 0.000055 seconds.
  path: Assets/Fristy stylize Modular Assets 2/Rocks/4_Rock/4_Rock.fbx
  artifactKey: Guid(9166f300e2c3cac45814e67aacdb8c57) Importer(815301076,1909f56bfc062723c751e8b465ee728b)
Start importing Assets/Fristy stylize Modular Assets 2/Rocks/4_Rock/4_Rock.fbx using Guid(9166f300e2c3cac45814e67aacdb8c57) Importer(815301076,1909f56bfc062723c751e8b465ee728b) [PhysX] Initialized MultithreadedTaskDispatcher with 16 workers.
[PhysX] Initialized MultithreadedTaskDispatcher with 16 workers.
[PhysX] Initialized MultithreadedTaskDispatcher with 16 workers.
 -> (artifact id: '82ca2946735de03de3d6ba6bc47512d8') in 0.049948 seconds
Number of updated asset objects reloaded before import = 0
Number of asset objects unloaded after import = 14
========================================================================
Received Import Request.
  Time since last request: 0.004722 seconds.
  path: Assets/Toby Fredson/The Toby Foliage Engine/(TTFE)_Demo/Textures/Textures_Static/CliffRockTTFEL_A_Albedo.png
  artifactKey: Guid(ff0438eb336036a46812cb326468eddd) Importer(815301076,1909f56bfc062723c751e8b465ee728b)
Start importing Assets/Toby Fredson/The Toby Foliage Engine/(TTFE)_Demo/Textures/Textures_Static/CliffRockTTFEL_A_Albedo.png using Guid(ff0438eb336036a46812cb326468eddd) Importer(815301076,1909f56bfc062723c751e8b465ee728b) [PhysX] Initialized MultithreadedTaskDispatcher with 16 workers.
[PhysX] Initialized MultithreadedTaskDispatcher with 16 workers.
 -> (artifact id: 'c49157217dbbdc58652a137a299a7c44') in 0.040698 seconds
Number of updated asset objects reloaded before import = 0
Number of asset objects unloaded after import = 2
========================================================================
Received Import Request.
  Time since last request: 0.000038 seconds.
  path: Assets/Fristy stylize Modular Assets 2/Textures/3 Rock Normal.png
  artifactKey: Guid(933c6df7df5b79f48928b2a7cd0df678) Importer(815301076,1909f56bfc062723c751e8b465ee728b)
Start importing Assets/Fristy stylize Modular Assets 2/Textures/3 Rock Normal.png using Guid(933c6df7df5b79f48928b2a7cd0df678) Importer(815301076,1909f56bfc062723c751e8b465ee728b) [PhysX] Initialized MultithreadedTaskDispatcher with 16 workers.
[PhysX] Initialized MultithreadedTaskDispatcher with 16 workers.
 -> (artifact id: '22afaa44db20873ced50273e7245beaf') in 0.027463 seconds
Number of updated asset objects reloaded before import = 0
Number of asset objects unloaded after import = 2
========================================================================
Received Import Request.
  Time since last request: 0.000036 seconds.
  path: Assets/_TerrainAutoUpgrade/layer_RockSharp 1_DRockSharp 1_N793646612c42751.terrainlayer
  artifactKey: Guid(5e5e5bc46973b0248a3f139bfdb2eca5) Importer(815301076,1909f56bfc062723c751e8b465ee728b)
Start importing Assets/_TerrainAutoUpgrade/layer_RockSharp 1_DRockSharp 1_N793646612c42751.terrainlayer using Guid(5e5e5bc46973b0248a3f139bfdb2eca5) Importer(815301076,1909f56bfc062723c751e8b465ee728b) [PhysX] Initialized MultithreadedTaskDispatcher with 16 workers.
 -> (artifact id: '467fdda401cbe4382272e306552f7673') in 0.028390 seconds
Number of updated asset objects reloaded before import = 0
Number of asset objects unloaded after import = 4
========================================================================
Received Import Request.
  Time since last request: 0.000037 seconds.
  path: Assets/TerrainSampleAssets/Prefabs/Rocks/Models/Rock_Overgrown_D.fbx
  artifactKey: Guid(d162d260ab0c07b43b7e7e90d954b83a) Importer(815301076,1909f56bfc062723c751e8b465ee728b)
Start importing Assets/TerrainSampleAssets/Prefabs/Rocks/Models/Rock_Overgrown_D.fbx using Guid(d162d260ab0c07b43b7e7e90d954b83a) Importer(815301076,1909f56bfc062723c751e8b465ee728b) [PhysX] Initialized MultithreadedTaskDispatcher with 16 workers.
[PhysX] Initialized MultithreadedTaskDispatcher with 16 workers.
[PhysX] Initialized MultithreadedTaskDispatcher with 16 workers.
[PhysX] Initialized MultithreadedTaskDispatcher with 16 workers.
[PhysX] Initialized MultithreadedTaskDispatcher with 16 workers.
[PhysX] Initialized MultithreadedTaskDispatcher with 16 workers.
[PhysX] Initialized MultithreadedTaskDispatcher with 16 workers.
[PhysX] Initialized MultithreadedTaskDispatcher with 16 workers.
 -> (artifact id: '7d2c365397593a857044c878c3349ec5') in 0.120188 seconds
Number of updated asset objects reloaded before import = 0
Number of asset objects unloaded after import = 20
========================================================================
Received Import Request.
  Time since last request: 0.000046 seconds.
  path: Assets/Toby Fredson/The Toby Foliage Engine/(TTFE)_Demo/Textures/Textures_Static/CliffRockTTFEL_B_MAG.png
  artifactKey: Guid(ce054b904524a4346a8c8d77a8d067ad) Importer(815301076,1909f56bfc062723c751e8b465ee728b)
Start importing Assets/Toby Fredson/The Toby Foliage Engine/(TTFE)_Demo/Textures/Textures_Static/CliffRockTTFEL_B_MAG.png using Guid(ce054b904524a4346a8c8d77a8d067ad) Importer(815301076,1909f56bfc062723c751e8b465ee728b) [PhysX] Initialized MultithreadedTaskDispatcher with 16 workers.
[PhysX] Initialized MultithreadedTaskDispatcher with 16 workers.
 -> (artifact id: '5500cc2582861d1b3e80d51b9cd013c7') in 0.046386 seconds
Number of updated asset objects reloaded before import = 0
Number of asset objects unloaded after import = 2
========================================================================
Received Import Request.
  Time since last request: 0.000042 seconds.
  path: Assets/Fristy stylize Modular Assets 2/Rocks/4_Rock/Maps/4_Rock_Difuse.png
  artifactKey: Guid(1b0332f6dad82314180098b1cbcf7cf0) Importer(815301076,1909f56bfc062723c751e8b465ee728b)
Start importing Assets/Fristy stylize Modular Assets 2/Rocks/4_Rock/Maps/4_Rock_Difuse.png using Guid(1b0332f6dad82314180098b1cbcf7cf0) Importer(815301076,1909f56bfc062723c751e8b465ee728b) [PhysX] Initialized MultithreadedTaskDispatcher with 16 workers.
[PhysX] Initialized MultithreadedTaskDispatcher with 16 workers.
 -> (artifact id: 'f6746c0094c906dc21aeb0d935fab669') in 0.023260 seconds
Number of updated asset objects reloaded before import = 0
Number of asset objects unloaded after import = 2
========================================================================
Received Import Request.
  Time since last request: 0.000040 seconds.
  path: Assets/Toby Fredson/The Toby Foliage Engine/(TTFE)_Demo/Meshes/Meshes_Vegetation/MV_Static/CliffRockTTFEL_B.fbx
  artifactKey: Guid(fa67392fa0d4efd48b9b2a9d169d224e) Importer(815301076,1909f56bfc062723c751e8b465ee728b)
Start importing Assets/Toby Fredson/The Toby Foliage Engine/(TTFE)_Demo/Meshes/Meshes_Vegetation/MV_Static/CliffRockTTFEL_B.fbx using Guid(fa67392fa0d4efd48b9b2a9d169d224e) Importer(815301076,1909f56bfc062723c751e8b465ee728b) [PhysX] Initialized MultithreadedTaskDispatcher with 16 workers.
[PhysX] Initialized MultithreadedTaskDispatcher with 16 workers.
[PhysX] Initialized MultithreadedTaskDispatcher with 16 workers.
[PhysX] Initialized MultithreadedTaskDispatcher with 16 workers.
[PhysX] Initialized MultithreadedTaskDispatcher with 16 workers.
[PhysX] Initialized MultithreadedTaskDispatcher with 16 workers.
[PhysX] Initialized MultithreadedTaskDispatcher with 16 workers.
[PhysX] Initialized MultithreadedTaskDispatcher with 16 workers.
[PhysX] Initialized MultithreadedTaskDispatcher with 16 workers.
[PhysX] Initialized MultithreadedTaskDispatcher with 16 workers.
[PhysX] Initialized MultithreadedTaskDispatcher with 16 workers.
[PhysX] Initialized MultithreadedTaskDispatcher with 16 workers.
[PhysX] Initialized MultithreadedTaskDispatcher with 16 workers.
[PhysX] Initialized MultithreadedTaskDispatcher with 16 workers.
 -> (artifact id: 'b10d9a6fbceb572ab6f8f2d028bc24d5') in 0.163347 seconds
Number of updated asset objects reloaded before import = 0
Number of asset objects unloaded after import = 35
========================================================================
Received Import Request.
  Time since last request: 0.000048 seconds.
  path: Assets/Toby Fredson/The Toby Foliage Engine/(TTFE)_Demo/Textures/Textures_Tiles Nature/BaseRockGCATA_B_Normal.png
  artifactKey: Guid(887b0b3a60ab5204787b1640fd84e6dc) Importer(815301076,1909f56bfc062723c751e8b465ee728b)
Start importing Assets/Toby Fredson/The Toby Foliage Engine/(TTFE)_Demo/Textures/Textures_Tiles Nature/BaseRockGCATA_B_Normal.png using Guid(887b0b3a60ab5204787b1640fd84e6dc) Importer(815301076,1909f56bfc062723c751e8b465ee728b) [PhysX] Initialized MultithreadedTaskDispatcher with 16 workers.
[PhysX] Initialized MultithreadedTaskDispatcher with 16 workers.
 -> (artifact id: '9f8163ef1183ba15e8290683dc8a56bd') in 0.028648 seconds
Number of updated asset objects reloaded before import = 0
Number of asset objects unloaded after import = 2
========================================================================
Received Import Request.
  Time since last request: 0.000087 seconds.
  path: Assets/Fristy stylize Modular Assets 2/Rocks/3_Rocks/3_Rock_1.fbx
  artifactKey: Guid(1d28206aa1309a341ab08bbcc3ac6e15) Importer(815301076,1909f56bfc062723c751e8b465ee728b)
Start importing Assets/Fristy stylize Modular Assets 2/Rocks/3_Rocks/3_Rock_1.fbx using Guid(1d28206aa1309a341ab08bbcc3ac6e15) Importer(815301076,1909f56bfc062723c751e8b465ee728b) [PhysX] Initialized MultithreadedTaskDispatcher with 16 workers.
[PhysX] Initialized MultithreadedTaskDispatcher with 16 workers.
[PhysX] Initialized MultithreadedTaskDispatcher with 16 workers.
 -> (artifact id: 'd6350faebbf6ef2f577efd30d6e391df') in 0.049393 seconds
Number of updated asset objects reloaded before import = 0
Number of asset objects unloaded after import = 15
========================================================================
Received Import Request.
  Time since last request: 0.000037 seconds.
  path: Assets/TerrainDemoScene_HDRP/Terrain/Textures/Black_Sand_Rocks_B/Black_Sand_Rocks_B_MaskMap.tif
  artifactKey: Guid(a97e0a40d19d3d646a16652437748eaa) Importer(815301076,1909f56bfc062723c751e8b465ee728b)
Start importing Assets/TerrainDemoScene_HDRP/Terrain/Textures/Black_Sand_Rocks_B/Black_Sand_Rocks_B_MaskMap.tif using Guid(a97e0a40d19d3d646a16652437748eaa) Importer(815301076,1909f56bfc062723c751e8b465ee728b) [PhysX] Initialized MultithreadedTaskDispatcher with 16 workers.
[PhysX] Initialized MultithreadedTaskDispatcher with 16 workers.
 -> (artifact id: '257a967de4b96976381e8c2a1eec958a') in 0.032037 seconds
Number of updated asset objects reloaded before import = 0
Number of asset objects unloaded after import = 2
========================================================================
Received Import Request.
  Time since last request: 0.000042 seconds.
  path: Assets/Fristy stylize Modular Assets 2/Rocks/3_Rocks/Materials/3_Rock.mat
  artifactKey: Guid(09427a4a2d55ea84d8293b77ef98de72) Importer(815301076,1909f56bfc062723c751e8b465ee728b)
Start importing Assets/Fristy stylize Modular Assets 2/Rocks/3_Rocks/Materials/3_Rock.mat using Guid(09427a4a2d55ea84d8293b77ef98de72) Importer(815301076,1909f56bfc062723c751e8b465ee728b) [PhysX] Initialized MultithreadedTaskDispatcher with 16 workers.
[PhysX] Initialized MultithreadedTaskDispatcher with 16 workers.
 -> (artifact id: '3864f8bde71d801178df44c89931ba7c') in 0.039989 seconds
Number of updated asset objects reloaded before import = 0
Number of asset objects unloaded after import = 7
========================================================================
Received Import Request.
  Time since last request: 0.000059 seconds.
  path: Assets/Toby Fredson/The Toby Foliage Engine/(TTFE)_Demo/Textures/Textures_Static/CliffRockTTFEL_A_Normal.png
  artifactKey: Guid(8277036385229134a8ada1fd1fd295c5) Importer(815301076,1909f56bfc062723c751e8b465ee728b)
Start importing Assets/Toby Fredson/The Toby Foliage Engine/(TTFE)_Demo/Textures/Textures_Static/CliffRockTTFEL_A_Normal.png using Guid(8277036385229134a8ada1fd1fd295c5) Importer(815301076,1909f56bfc062723c751e8b465ee728b) [PhysX] Initialized MultithreadedTaskDispatcher with 16 workers.
[PhysX] Initialized MultithreadedTaskDispatcher with 16 workers.
 -> (artifact id: '42ceb2c3a4b4b2c153bf71d7fba8c8a2') in 0.062956 seconds
Number of updated asset objects reloaded before import = 0
Number of asset objects unloaded after import = 2
========================================================================
Received Import Request.
  Time since last request: 0.000038 seconds.
  path: Assets/TerrainDemoScene_HDRP/Terrain/Layers/Black_Sand_Rocks_B.terrainlayer
  artifactKey: Guid(c712922064f585c428a3d935cc68449a) Importer(815301076,1909f56bfc062723c751e8b465ee728b)
Start importing Assets/TerrainDemoScene_HDRP/Terrain/Layers/Black_Sand_Rocks_B.terrainlayer using Guid(c712922064f585c428a3d935cc68449a) Importer(815301076,1909f56bfc062723c751e8b465ee728b) [PhysX] Initialized MultithreadedTaskDispatcher with 16 workers.
 -> (artifact id: '0e8975df9c46995d5b4bfd740562eb1a') in 0.039105 seconds
Number of updated asset objects reloaded before import = 0
Number of asset objects unloaded after import = 5
========================================================================
Received Import Request.
  Time since last request: 0.000066 seconds.
  path: Assets/Fristy stylize Modular Assets 2/Rocks/4_Rock/4_Rock_1.fbx
  artifactKey: Guid(93c9c0ef31ea07a41b002dd07d9b8918) Importer(815301076,1909f56bfc062723c751e8b465ee728b)
Start importing Assets/Fristy stylize Modular Assets 2/Rocks/4_Rock/4_Rock_1.fbx using Guid(93c9c0ef31ea07a41b002dd07d9b8918) Importer(815301076,1909f56bfc062723c751e8b465ee728b) [PhysX] Initialized MultithreadedTaskDispatcher with 16 workers.
[PhysX] Initialized MultithreadedTaskDispatcher with 16 workers.
[PhysX] Initialized MultithreadedTaskDispatcher with 16 workers.
 -> (artifact id: '55b32d1725f988ecc400965a45938349') in 0.049651 seconds
Number of updated asset objects reloaded before import = 0
Number of asset objects unloaded after import = 14
========================================================================
Received Import Request.
  Time since last request: 0.000052 seconds.
  path: Assets/Fristy stylize Modular Assets 2/Textures/3 Rock Difuse.png
  artifactKey: Guid(6506d163b117c5c4a8310c604cef2653) Importer(815301076,1909f56bfc062723c751e8b465ee728b)
Start importing Assets/Fristy stylize Modular Assets 2/Textures/3 Rock Difuse.png using Guid(6506d163b117c5c4a8310c604cef2653) Importer(815301076,1909f56bfc062723c751e8b465ee728b) [PhysX] Initialized MultithreadedTaskDispatcher with 16 workers.
[PhysX] Initialized MultithreadedTaskDispatcher with 16 workers.
 -> (artifact id: '1683be3492cb8ec2fcd6633d87e4cd20') in 0.034713 seconds
Number of updated asset objects reloaded before import = 0
Number of asset objects unloaded after import = 2
========================================================================
Received Import Request.
  Time since last request: 0.000044 seconds.
  path: Assets/Fristy stylize Modular Assets 2/Rocks/4_Rock/4_Rock_2.fbx
  artifactKey: Guid(cc016795fa810184e86c62f67064d368) Importer(815301076,1909f56bfc062723c751e8b465ee728b)
Start importing Assets/Fristy stylize Modular Assets 2/Rocks/4_Rock/4_Rock_2.fbx using Guid(cc016795fa810184e86c62f67064d368) Importer(815301076,1909f56bfc062723c751e8b465ee728b) [PhysX] Initialized MultithreadedTaskDispatcher with 16 workers.
[PhysX] Initialized MultithreadedTaskDispatcher with 16 workers.
[PhysX] Initialized MultithreadedTaskDispatcher with 16 workers.
 -> (artifact id: '32af6609d8148f047e1d5205310b534d') in 0.045319 seconds
Number of updated asset objects reloaded before import = 0
Number of asset objects unloaded after import = 14
========================================================================
Received Import Request.
  Time since last request: 0.000045 seconds.
  path: Assets/Fristy stylize Modular Assets 2/Rocks/3_Rocks/Maps/3_Rock_Difuse.psd
  artifactKey: Guid(85ff92e2e3d56944dbca9c61db3742cb) Importer(815301076,1909f56bfc062723c751e8b465ee728b)
Start importing Assets/Fristy stylize Modular Assets 2/Rocks/3_Rocks/Maps/3_Rock_Difuse.psd using Guid(85ff92e2e3d56944dbca9c61db3742cb) Importer(815301076,1909f56bfc062723c751e8b465ee728b) [PhysX] Initialized MultithreadedTaskDispatcher with 16 workers.
[PhysX] Initialized MultithreadedTaskDispatcher with 16 workers.
 -> (artifact id: '9929e88aa83b4e66239d8d9ccfe96d6c') in 0.025021 seconds
Number of updated asset objects reloaded before import = 0
Number of asset objects unloaded after import = 2
========================================================================
Received Import Request.
  Time since last request: 0.000043 seconds.
  path: Assets/Toby Fredson/The Toby Foliage Engine/(TTFE)_Demo/Prefabs/Prefabs_Static/CliffRockTTFEL_B.prefab
  artifactKey: Guid(17ddcabb0b2efdc4ca675d6c599ff972) Importer(815301076,1909f56bfc062723c751e8b465ee728b)
Start importing Assets/Toby Fredson/The Toby Foliage Engine/(TTFE)_Demo/Prefabs/Prefabs_Static/CliffRockTTFEL_B.prefab using Guid(17ddcabb0b2efdc4ca675d6c599ff972) Importer(815301076,1909f56bfc062723c751e8b465ee728b) [PhysX] Initialized MultithreadedTaskDispatcher with 16 workers.
[PhysX] Initialized MultithreadedTaskDispatcher with 16 workers.
 -> (artifact id: 'e1debb488deaab961a988f10c204b6b0') in 0.493644 seconds
Number of updated asset objects reloaded before import = 0
Number of asset objects unloaded after import = 42
========================================================================
Received Import Request.
  Time since last request: 1.576265 seconds.
  path: Assets/TerrainSampleAssets/Prefabs/Rocks/Rock_A_01.prefab
  artifactKey: Guid(dd1cb49c7d40bfb44a9b4201f7f74b6c) Importer(815301076,1909f56bfc062723c751e8b465ee728b)
Start importing Assets/TerrainSampleAssets/Prefabs/Rocks/Rock_A_01.prefab using Guid(dd1cb49c7d40bfb44a9b4201f7f74b6c) Importer(815301076,1909f56bfc062723c751e8b465ee728b) [PhysX] Initialized MultithreadedTaskDispatcher with 16 workers.
[PhysX] Initialized MultithreadedTaskDispatcher with 16 workers.
 -> (artifact id: '395fcd64141ccdd960f85d3fcac7594e') in 0.567340 seconds
Number of updated asset objects reloaded before import = 0
Number of asset objects unloaded after import = 62
========================================================================
Received Import Request.
  Time since last request: 0.000086 seconds.
  path: Assets/Toby Fredson/The Toby Foliage Engine/(TTFE)_Demo/Prefabs/Prefabs_Static/RocksTTFEL_A.prefab
  artifactKey: Guid(2720c8291d12e7244b7fec437c7c5bd0) Importer(815301076,1909f56bfc062723c751e8b465ee728b)
Start importing Assets/Toby Fredson/The Toby Foliage Engine/(TTFE)_Demo/Prefabs/Prefabs_Static/RocksTTFEL_A.prefab using Guid(2720c8291d12e7244b7fec437c7c5bd0) Importer(815301076,1909f56bfc062723c751e8b465ee728b) [PhysX] Initialized MultithreadedTaskDispatcher with 16 workers.
[PhysX] Initialized MultithreadedTaskDispatcher with 16 workers.
 -> (artifact id: '570d38aeb9eb6d0086fe009186370b53') in 0.048899 seconds
Number of updated asset objects reloaded before import = 0
Number of asset objects unloaded after import = 12
========================================================================
Received Import Request.
  Time since last request: 0.000061 seconds.
  path: Assets/TerrainSampleAssets/Prefabs/Rocks/Rock_Overgrown_D.prefab
  artifactKey: Guid(a93f80d252523a14d9206681c7713ce8) Importer(815301076,1909f56bfc062723c751e8b465ee728b)
Start importing Assets/TerrainSampleAssets/Prefabs/Rocks/Rock_Overgrown_D.prefab using Guid(a93f80d252523a14d9206681c7713ce8) Importer(815301076,1909f56bfc062723c751e8b465ee728b) [PhysX] Initialized MultithreadedTaskDispatcher with 16 workers.
[PhysX] Initialized MultithreadedTaskDispatcher with 16 workers.
 -> (artifact id: '6a8418c15271faa3a340a8313d915d72') in 1.499357 seconds
Number of updated asset objects reloaded before import = 0
Number of asset objects unloaded after import = 59
========================================================================
Received Import Request.
  Time since last request: 0.000052 seconds.
  path: Assets/Toby Fredson/The Toby Foliage Engine/(TTFE)_Demo/Prefabs/Prefabs_Static/RocksTTFEL_B.prefab
  artifactKey: Guid(28ac5debd9ebb6b4db5b3cd07a09068f) Importer(815301076,1909f56bfc062723c751e8b465ee728b)
Start importing Assets/Toby Fredson/The Toby Foliage Engine/(TTFE)_Demo/Prefabs/Prefabs_Static/RocksTTFEL_B.prefab using Guid(28ac5debd9ebb6b4db5b3cd07a09068f) Importer(815301076,1909f56bfc062723c751e8b465ee728b) [PhysX] Initialized MultithreadedTaskDispatcher with 16 workers.
[PhysX] Initialized MultithreadedTaskDispatcher with 16 workers.
 -> (artifact id: '00d5e9d10ec1abd868d5255d41ae6f33') in 0.043031 seconds
Number of updated asset objects reloaded before import = 0
Number of asset objects unloaded after import = 12
========================================================================
Received Import Request.
  Time since last request: 0.000073 seconds.
  path: Assets/Toby Fredson/The Toby Foliage Engine/(TTFE)_Demo/Prefabs/Prefabs_Static/RocksTTFEL_C.prefab
  artifactKey: Guid(2314966121d0f794d8c6b95b205b6f02) Importer(815301076,1909f56bfc062723c751e8b465ee728b)
Start importing Assets/Toby Fredson/The Toby Foliage Engine/(TTFE)_Demo/Prefabs/Prefabs_Static/RocksTTFEL_C.prefab using Guid(2314966121d0f794d8c6b95b205b6f02) Importer(815301076,1909f56bfc062723c751e8b465ee728b) [PhysX] Initialized MultithreadedTaskDispatcher with 16 workers.
[PhysX] Initialized MultithreadedTaskDispatcher with 16 workers.
 -> (artifact id: '4e2e4d0f98714958b458b60f13a8ef81') in 0.042436 seconds
Number of updated asset objects reloaded before import = 0
Number of asset objects unloaded after import = 12
========================================================================
Received Import Request.
  Time since last request: 0.000034 seconds.
  path: Assets/Toby Fredson/The Toby Foliage Engine/(TTFE)_Demo/Prefabs/Prefabs_Static/RocksTTFEL_E.prefab
  artifactKey: Guid(6891de47d78cfef4f97f588e132a3c58) Importer(815301076,1909f56bfc062723c751e8b465ee728b)
Start importing Assets/Toby Fredson/The Toby Foliage Engine/(TTFE)_Demo/Prefabs/Prefabs_Static/RocksTTFEL_E.prefab using Guid(6891de47d78cfef4f97f588e132a3c58) Importer(815301076,1909f56bfc062723c751e8b465ee728b) [PhysX] Initialized MultithreadedTaskDispatcher with 16 workers.
[PhysX] Initialized MultithreadedTaskDispatcher with 16 workers.
 -> (artifact id: 'c8bd6f7f554767f8c5e3ca40d6651626') in 0.045281 seconds
Number of updated asset objects reloaded before import = 0
Number of asset objects unloaded after import = 12
========================================================================
Received Import Request.
  Time since last request: 0.000054 seconds.
  path: Assets/Toby Fredson/The Toby Foliage Engine/(TTFE)_Demo/Prefabs/Prefabs_Static/RocksTTFEL_G.prefab
  artifactKey: Guid(4d8cbe91b129f534989306e6b61afcef) Importer(815301076,1909f56bfc062723c751e8b465ee728b)
Start importing Assets/Toby Fredson/The Toby Foliage Engine/(TTFE)_Demo/Prefabs/Prefabs_Static/RocksTTFEL_G.prefab using Guid(4d8cbe91b129f534989306e6b61afcef) Importer(815301076,1909f56bfc062723c751e8b465ee728b) [PhysX] Initialized MultithreadedTaskDispatcher with 16 workers.
[PhysX] Initialized MultithreadedTaskDispatcher with 16 workers.
 -> (artifact id: '116c1043dd3ba9636fc010caf349a15b') in 0.050793 seconds
Number of updated asset objects reloaded before import = 0
Number of asset objects unloaded after import = 12
========================================================================
Received Import Request.
  Time since last request: 0.000050 seconds.
  path: Assets/TerrainSampleAssets/Prefabs/Rocks/Rock_Overgrown_B.prefab
  artifactKey: Guid(5e1b58f75618fc340baeccee09741a0e) Importer(815301076,1909f56bfc062723c751e8b465ee728b)
Start importing Assets/TerrainSampleAssets/Prefabs/Rocks/Rock_Overgrown_B.prefab using Guid(5e1b58f75618fc340baeccee09741a0e) Importer(815301076,1909f56bfc062723c751e8b465ee728b) [PhysX] Initialized MultithreadedTaskDispatcher with 16 workers.
[PhysX] Initialized MultithreadedTaskDispatcher with 16 workers.
 -> (artifact id: '750d816b12ff4de3d58c20bfe01a505c') in 0.206153 seconds
Number of updated asset objects reloaded before import = 0
Number of asset objects unloaded after import = 75
========================================================================
Received Import Request.
  Time since last request: 0.000071 seconds.
  path: Assets/TerrainSampleAssets/Prefabs/Rocks/Rock_B_02.prefab
  artifactKey: Guid(0d60a9157fc09ee4f9c059a176c8d1da) Importer(815301076,1909f56bfc062723c751e8b465ee728b)
Start importing Assets/TerrainSampleAssets/Prefabs/Rocks/Rock_B_02.prefab using Guid(0d60a9157fc09ee4f9c059a176c8d1da) Importer(815301076,1909f56bfc062723c751e8b465ee728b) [PhysX] Initialized MultithreadedTaskDispatcher with 16 workers.
[PhysX] Initialized MultithreadedTaskDispatcher with 16 workers.
 -> (artifact id: 'a192bc77805f567809480e3a247a872b') in 0.043584 seconds
Number of updated asset objects reloaded before import = 0
Number of asset objects unloaded after import = 62
========================================================================
Received Import Request.
  Time since last request: 0.000054 seconds.
  path: Assets/Toby Fredson/The Toby Foliage Engine/(TTFE)_Demo/Prefabs/Prefabs_Static/RocksTTFEL_D.prefab
  artifactKey: Guid(32f23c80203feae4281c82bfb793bca6) Importer(815301076,1909f56bfc062723c751e8b465ee728b)
Start importing Assets/Toby Fredson/The Toby Foliage Engine/(TTFE)_Demo/Prefabs/Prefabs_Static/RocksTTFEL_D.prefab using Guid(32f23c80203feae4281c82bfb793bca6) Importer(815301076,1909f56bfc062723c751e8b465ee728b) [PhysX] Initialized MultithreadedTaskDispatcher with 16 workers.
[PhysX] Initialized MultithreadedTaskDispatcher with 16 workers.
 -> (artifact id: 'c0e54b9d96a5b9002b68bd7ef5e25f28') in 0.044570 seconds
Number of updated asset objects reloaded before import = 0
Number of asset objects unloaded after import = 12
========================================================================
Received Import Request.
  Time since last request: 0.000048 seconds.
  path: Assets/TerrainSampleAssets/Prefabs/Rocks/Rock_C_02.prefab
  artifactKey: Guid(6b63070b5a692dc4389c591157da475d) Importer(815301076,1909f56bfc062723c751e8b465ee728b)
Start importing Assets/TerrainSampleAssets/Prefabs/Rocks/Rock_C_02.prefab using Guid(6b63070b5a692dc4389c591157da475d) Importer(815301076,1909f56bfc062723c751e8b465ee728b) [PhysX] Initialized MultithreadedTaskDispatcher with 16 workers.
[PhysX] Initialized MultithreadedTaskDispatcher with 16 workers.
 -> (artifact id: '33d43a2048b866a71219c946785a0a29') in 0.046324 seconds
Number of updated asset objects reloaded before import = 0
Number of asset objects unloaded after import = 62
========================================================================
Received Import Request.
  Time since last request: 0.000038 seconds.
  path: Assets/TerrainSampleAssets/Prefabs/Rocks/Rock_C_01.prefab
  artifactKey: Guid(398b156fac7c6f44db09e9ad046c24dd) Importer(815301076,1909f56bfc062723c751e8b465ee728b)
Start importing Assets/TerrainSampleAssets/Prefabs/Rocks/Rock_C_01.prefab using Guid(398b156fac7c6f44db09e9ad046c24dd) Importer(815301076,1909f56bfc062723c751e8b465ee728b) [PhysX] Initialized MultithreadedTaskDispatcher with 16 workers.
[PhysX] Initialized MultithreadedTaskDispatcher with 16 workers.
 -> (artifact id: 'b1063179d2a5c8afb54ae169d325dea6') in 0.043416 seconds
Number of updated asset objects reloaded before import = 0
Number of asset objects unloaded after import = 62
========================================================================
Received Import Request.
  Time since last request: 7.108025 seconds.
  path: Assets/SteamVR/Prefabs/[CameraRig].prefab
  artifactKey: Guid(4d293c8e162f3874b982baadd71153d2) Importer(815301076,1909f56bfc062723c751e8b465ee728b)
Start importing Assets/SteamVR/Prefabs/[CameraRig].prefab using Guid(4d293c8e162f3874b982baadd71153d2) Importer(815301076,1909f56bfc062723c751e8b465ee728b) [PhysX] Initialized MultithreadedTaskDispatcher with 16 workers.
 -> (artifact id: '439e4bc033b145d37c3d53232f9fcd43') in 0.028356 seconds
Number of updated asset objects reloaded before import = 0
Number of asset objects unloaded after import = 24
========================================================================
Received Import Request.
  Time since last request: 0.000039 seconds.
  path: Assets/Stylized Stone/prefab/Stacked_Boulder/_Stacked_Boulder_001.prefab
  artifactKey: Guid(3311326e4ce5bc54a8beb83f27c3b61b) Importer(815301076,1909f56bfc062723c751e8b465ee728b)
Start importing Assets/Stylized Stone/prefab/Stacked_Boulder/_Stacked_Boulder_001.prefab using Guid(3311326e4ce5bc54a8beb83f27c3b61b) Importer(815301076,1909f56bfc062723c751e8b465ee728b) [PhysX] Initialized MultithreadedTaskDispatcher with 16 workers.
[PhysX] Initialized MultithreadedTaskDispatcher with 16 workers.
 -> (artifact id: '0a9233e6987ea7fd962ee2969bd4be8f') in 0.159244 seconds
Number of updated asset objects reloaded before import = 0
Number of asset objects unloaded after import = 29
========================================================================
Received Import Request.
  Time since last request: 0.000052 seconds.
  path: Assets/Stylized Stone/prefab/Stacked_Boulder/_Stacked_Boulder_003 Variant.prefab
  artifactKey: Guid(c912b33fc4aa48745b148c6d5b79f3b5) Importer(815301076,1909f56bfc062723c751e8b465ee728b)
Start importing Assets/Stylized Stone/prefab/Stacked_Boulder/_Stacked_Boulder_003 Variant.prefab using Guid(c912b33fc4aa48745b148c6d5b79f3b5) Importer(815301076,1909f56bfc062723c751e8b465ee728b) [PhysX] Initialized MultithreadedTaskDispatcher with 16 workers.
[PhysX] Initialized MultithreadedTaskDispatcher with 16 workers.
 -> (artifact id: 'c72f7e2387aab225d372517fe52f52d3') in 0.064741 seconds
Number of updated asset objects reloaded before import = 0
Number of asset objects unloaded after import = 49
========================================================================
Received Import Request.
  Time since last request: 0.000050 seconds.
  path: Assets/Realistic Tree/Prefabs/URP/Birch/Birch Group 1.prefab
  artifactKey: Guid(74f851ac0ac2e7a45bbc4b6fc6d2a1fe) Importer(815301076,1909f56bfc062723c751e8b465ee728b)
Start importing Assets/Realistic Tree/Prefabs/URP/Birch/Birch Group 1.prefab using Guid(74f851ac0ac2e7a45bbc4b6fc6d2a1fe) Importer(815301076,1909f56bfc062723c751e8b465ee728b) [PhysX] Initialized MultithreadedTaskDispatcher with 16 workers.
[PhysX] Initialized MultithreadedTaskDispatcher with 16 workers.
 -> (artifact id: '6ad596dc14e3e87a75f67bc8d72f5619') in 0.076566 seconds
Number of updated asset objects reloaded before import = 0
Number of asset objects unloaded after import = 136
========================================================================
Received Import Request.
  Time since last request: 0.000046 seconds.
  path: Assets/Realistic Tree/Prefabs/URP/Ash/Ash 5.prefab
  artifactKey: Guid(396e4e2bcb4c3374c90c240769020c51) Importer(815301076,1909f56bfc062723c751e8b465ee728b)
Start importing Assets/Realistic Tree/Prefabs/URP/Ash/Ash 5.prefab using Guid(396e4e2bcb4c3374c90c240769020c51) Importer(815301076,1909f56bfc062723c751e8b465ee728b) [PhysX] Initialized MultithreadedTaskDispatcher with 16 workers.
[PhysX] Initialized MultithreadedTaskDispatcher with 16 workers.
 -> (artifact id: 'de50a3936fc6fd92c8d489f12357aa07') in 0.081593 seconds
Number of updated asset objects reloaded before import = 0
Number of asset objects unloaded after import = 137
========================================================================
Received Import Request.
  Time since last request: 0.000051 seconds.
  path: Assets/Realistic Tree/Prefabs/HDRP/Ash/Ash 7.prefab
  artifactKey: Guid(01914bcafa4cf2949b0740d6f03f86ff) Importer(815301076,1909f56bfc062723c751e8b465ee728b)
Start importing Assets/Realistic Tree/Prefabs/HDRP/Ash/Ash 7.prefab using Guid(01914bcafa4cf2949b0740d6f03f86ff) Importer(815301076,1909f56bfc062723c751e8b465ee728b) [PhysX] Initialized MultithreadedTaskDispatcher with 16 workers.
[PhysX] Initialized MultithreadedTaskDispatcher with 16 workers.
 -> (artifact id: '3765927804415770f304feeaff504f27') in 2.531747 seconds
Number of updated asset objects reloaded before import = 0
Number of asset objects unloaded after import = 133
========================================================================
Received Import Request.
  Time since last request: 0.000060 seconds.
  path: Assets/Stylized Stone/prefab/Stacked_Boulder/_Stacked_Boulder_004 Variant.prefab
  artifactKey: Guid(ec29d3396a0ed9340b607e6467804b85) Importer(815301076,1909f56bfc062723c751e8b465ee728b)
Start importing Assets/Stylized Stone/prefab/Stacked_Boulder/_Stacked_Boulder_004 Variant.prefab using Guid(ec29d3396a0ed9340b607e6467804b85) Importer(815301076,1909f56bfc062723c751e8b465ee728b) [PhysX] Initialized MultithreadedTaskDispatcher with 16 workers.
[PhysX] Initialized MultithreadedTaskDispatcher with 16 workers.
 -> (artifact id: '8fc940af35b04fd06af78eafbd3369d7') in 0.134403 seconds
Number of updated asset objects reloaded before import = 0
Number of asset objects unloaded after import = 49
========================================================================
Received Import Request.
  Time since last request: 0.000081 seconds.
  path: Assets/Stylized Stone/HDRP/prefab_HDRP/Stacked_Boulder/_Stacked_Boulder_004.prefab
  artifactKey: Guid(b526869799f207a4f89b0ea5a1abb4c2) Importer(815301076,1909f56bfc062723c751e8b465ee728b)
Start importing Assets/Stylized Stone/HDRP/prefab_HDRP/Stacked_Boulder/_Stacked_Boulder_004.prefab using Guid(b526869799f207a4f89b0ea5a1abb4c2) Importer(815301076,1909f56bfc062723c751e8b465ee728b) [PhysX] Initialized MultithreadedTaskDispatcher with 16 workers.
[PhysX] Initialized MultithreadedTaskDispatcher with 16 workers.
 -> (artifact id: '192b36e20c734ddb76a32ca4557e3fad') in 0.043978 seconds
Number of updated asset objects reloaded before import = 0
Number of asset objects unloaded after import = 29
========================================================================
Received Import Request.
  Time since last request: 0.000035 seconds.
  path: Assets/Realistic Tree/Prefabs/HDRP/Birch/Birch 3.prefab
  artifactKey: Guid(c2e80e24f0d8c45408da566bd5b3b964) Importer(815301076,1909f56bfc062723c751e8b465ee728b)
Start importing Assets/Realistic Tree/Prefabs/HDRP/Birch/Birch 3.prefab using Guid(c2e80e24f0d8c45408da566bd5b3b964) Importer(815301076,1909f56bfc062723c751e8b465ee728b) [PhysX] Initialized MultithreadedTaskDispatcher with 16 workers.
[PhysX] Initialized MultithreadedTaskDispatcher with 16 workers.
 -> (artifact id: '373d7ebe8955fabb7d7dfd87eb412e74') in 0.066019 seconds
Number of updated asset objects reloaded before import = 0
Number of asset objects unloaded after import = 133
========================================================================
Received Import Request.
  Time since last request: 0.000043 seconds.
  path: Assets/Realistic Tree/Prefabs/HDRP/Birch/Birch 6.prefab
  artifactKey: Guid(88496e6d55c5adf4dbd3eb7678289066) Importer(815301076,1909f56bfc062723c751e8b465ee728b)
Start importing Assets/Realistic Tree/Prefabs/HDRP/Birch/Birch 6.prefab using Guid(88496e6d55c5adf4dbd3eb7678289066) Importer(815301076,1909f56bfc062723c751e8b465ee728b) [PhysX] Initialized MultithreadedTaskDispatcher with 16 workers.
[PhysX] Initialized MultithreadedTaskDispatcher with 16 workers.
 -> (artifact id: '064d2ce74308987e9cf3ae87f27924d1') in 0.077215 seconds
Number of updated asset objects reloaded before import = 0
Number of asset objects unloaded after import = 133
========================================================================
Received Import Request.
  Time since last request: 0.000055 seconds.
  path: Assets/Realistic Tree/Prefabs/HDRP/Birch/Birch 10.prefab
  artifactKey: Guid(17cb153d775652d42a9b61419234b045) Importer(815301076,1909f56bfc062723c751e8b465ee728b)
Start importing Assets/Realistic Tree/Prefabs/HDRP/Birch/Birch 10.prefab using Guid(17cb153d775652d42a9b61419234b045) Importer(815301076,1909f56bfc062723c751e8b465ee728b) [PhysX] Initialized MultithreadedTaskDispatcher with 16 workers.
[PhysX] Initialized MultithreadedTaskDispatcher with 16 workers.
 -> (artifact id: '2ae1d861d4e8ea4f7a6e4e98d46cfafb') in 0.072040 seconds
Number of updated asset objects reloaded before import = 0
Number of asset objects unloaded after import = 95
========================================================================
Received Import Request.
  Time since last request: 0.000048 seconds.
  path: Assets/Realistic Tree/Prefabs/HDRP/Birch/Birch 7.prefab
  artifactKey: Guid(02ee852280231ad40857931e325cff7d) Importer(815301076,1909f56bfc062723c751e8b465ee728b)
Start importing Assets/Realistic Tree/Prefabs/HDRP/Birch/Birch 7.prefab using Guid(02ee852280231ad40857931e325cff7d) Importer(815301076,1909f56bfc062723c751e8b465ee728b) [PhysX] Initialized MultithreadedTaskDispatcher with 16 workers.
[PhysX] Initialized MultithreadedTaskDispatcher with 16 workers.
 -> (artifact id: '5ef3cd2077530f61f6d4f4ac203ab1ad') in 0.056251 seconds
Number of updated asset objects reloaded before import = 0
Number of asset objects unloaded after import = 95
========================================================================
Received Import Request.
  Time since last request: 0.000044 seconds.
  path: Assets/SteamVR/InteractionSystem/Longbow/Prefabs/ArcheryWeeble.prefab
  artifactKey: Guid(7fe1fef3cfad86946b3a549d6934330b) Importer(815301076,1909f56bfc062723c751e8b465ee728b)
Start importing Assets/SteamVR/InteractionSystem/Longbow/Prefabs/ArcheryWeeble.prefab using Guid(7fe1fef3cfad86946b3a549d6934330b) Importer(815301076,1909f56bfc062723c751e8b465ee728b) [PhysX] Initialized MultithreadedTaskDispatcher with 16 workers.
[PhysX] Initialized MultithreadedTaskDispatcher with 16 workers.
Refreshing native plugins compatible for Editor in 34.94 ms, found 12 plugins.
Preloading 0 native plugins for Editor in 0.00 ms.
 -> (artifact id: '159b588c55db905c32757d41a5f2f7aa') in 0.316801 seconds
Number of updated asset objects reloaded before import = 0
Number of asset objects unloaded after import = 132
========================================================================
Received Import Request.
  Time since last request: 0.000068 seconds.
  path: Assets/Stylized Stone/HDRP/prefab_HDRP/Solitary stone/Solitary_Stone_003 Variant.prefab
  artifactKey: Guid(7e93da2d6e2e5b040a3755218963e529) Importer(815301076,1909f56bfc062723c751e8b465ee728b)
Start importing Assets/Stylized Stone/HDRP/prefab_HDRP/Solitary stone/Solitary_Stone_003 Variant.prefab using Guid(7e93da2d6e2e5b040a3755218963e529) Importer(815301076,1909f56bfc062723c751e8b465ee728b) [PhysX] Initialized MultithreadedTaskDispatcher with 16 workers.
[PhysX] Initialized MultithreadedTaskDispatcher with 16 workers.
 -> (artifact id: '4aa916c0563d104e8edcefaf8828676e') in 0.052191 seconds
Number of updated asset objects reloaded before import = 0
Number of asset objects unloaded after import = 29
========================================================================
Received Import Request.
  Time since last request: 0.000040 seconds.
  path: Assets/Stylized Stone/URP/prefab_URP/Solitary stone/Solitary_Stone_003.prefab
  artifactKey: Guid(7c4053fbab5a5c2409afdb143b66d36f) Importer(815301076,1909f56bfc062723c751e8b465ee728b)
Start importing Assets/Stylized Stone/URP/prefab_URP/Solitary stone/Solitary_Stone_003.prefab using Guid(7c4053fbab5a5c2409afdb143b66d36f) Importer(815301076,1909f56bfc062723c751e8b465ee728b) [PhysX] Initialized MultithreadedTaskDispatcher with 16 workers.
[PhysX] Initialized MultithreadedTaskDispatcher with 16 workers.
 -> (artifact id: '0590441444263fd68e156373fe7c2367') in 0.051663 seconds
Number of updated asset objects reloaded before import = 0
Number of asset objects unloaded after import = 29
========================================================================
Received Import Request.
  Time since last request: 0.000051 seconds.
  path: Assets/Stylized Stone/prefab/Solitary stone/Solitary_Stone_001 Variant.prefab
  artifactKey: Guid(df632aa2de1889849a2e3136a0bf2792) Importer(815301076,1909f56bfc062723c751e8b465ee728b)
Start importing Assets/Stylized Stone/prefab/Solitary stone/Solitary_Stone_001 Variant.prefab using Guid(df632aa2de1889849a2e3136a0bf2792) Importer(815301076,1909f56bfc062723c751e8b465ee728b) [PhysX] Initialized MultithreadedTaskDispatcher with 16 workers.
[PhysX] Initialized MultithreadedTaskDispatcher with 16 workers.
 -> (artifact id: '52ac0577d9562cc12335fc4a2fdc02a3') in 0.056943 seconds
Number of updated asset objects reloaded before import = 0
Number of asset objects unloaded after import = 47
========================================================================
Received Import Request.
  Time since last request: 0.000064 seconds.
  path: Assets/Realistic Tree/Prefabs/HDRP/Ash/Ash 1.prefab
  artifactKey: Guid(64df991afecf1ea40b853b2e1cabf4df) Importer(815301076,1909f56bfc062723c751e8b465ee728b)
Start importing Assets/Realistic Tree/Prefabs/HDRP/Ash/Ash 1.prefab using Guid(64df991afecf1ea40b853b2e1cabf4df) Importer(815301076,1909f56bfc062723c751e8b465ee728b) [PhysX] Initialized MultithreadedTaskDispatcher with 16 workers.
[PhysX] Initialized MultithreadedTaskDispatcher with 16 workers.
 -> (artifact id: '5578212d2d28de9eac8a388f35335d5b') in 0.114166 seconds
Number of updated asset objects reloaded before import = 0
Number of asset objects unloaded after import = 134
========================================================================
Received Import Request.
  Time since last request: 0.000067 seconds.
  path: Assets/Realistic Tree/Prefabs/Standard/Birch/Birch Group 2.prefab
  artifactKey: Guid(80118ff03f387324fa3e2a2e2e5b0006) Importer(815301076,1909f56bfc062723c751e8b465ee728b)
Start importing Assets/Realistic Tree/Prefabs/Standard/Birch/Birch Group 2.prefab using Guid(80118ff03f387324fa3e2a2e2e5b0006) Importer(815301076,1909f56bfc062723c751e8b465ee728b) [PhysX] Initialized MultithreadedTaskDispatcher with 16 workers.
[PhysX] Initialized MultithreadedTaskDispatcher with 16 workers.
 -> (artifact id: '874f21c36f6798f7892b518379f67bf4') in 0.084563 seconds
Number of updated asset objects reloaded before import = 0
Number of asset objects unloaded after import = 132
========================================================================
Received Import Request.
  Time since last request: 0.000072 seconds.
  path: Assets/Realistic Tree/Prefabs/Standard/Birch/Birch 4.prefab
  artifactKey: Guid(c43898afeed675445b686aca1f9fe2c6) Importer(815301076,1909f56bfc062723c751e8b465ee728b)
Start importing Assets/Realistic Tree/Prefabs/Standard/Birch/Birch 4.prefab using Guid(c43898afeed675445b686aca1f9fe2c6) Importer(815301076,1909f56bfc062723c751e8b465ee728b) [PhysX] Initialized MultithreadedTaskDispatcher with 16 workers.
[PhysX] Initialized MultithreadedTaskDispatcher with 16 workers.
 -> (artifact id: 'eebffbba7a2b3bd8e30c47d911df1d95') in 0.055678 seconds
Number of updated asset objects reloaded before import = 0
Number of asset objects unloaded after import = 132
========================================================================
Received Import Request.
  Time since last request: 0.000075 seconds.
  path: Assets/Realistic Tree/Prefabs/HDRP/Ash/Ash 4.prefab
  artifactKey: Guid(df408d754fe2de341be77e8577932035) Importer(815301076,1909f56bfc062723c751e8b465ee728b)
Start importing Assets/Realistic Tree/Prefabs/HDRP/Ash/Ash 4.prefab using Guid(df408d754fe2de341be77e8577932035) Importer(815301076,1909f56bfc062723c751e8b465ee728b) [PhysX] Initialized MultithreadedTaskDispatcher with 16 workers.
[PhysX] Initialized MultithreadedTaskDispatcher with 16 workers.
 -> (artifact id: '62935e087c50a93fb533f3149a4d967c') in 0.074581 seconds
Number of updated asset objects reloaded before import = 0
Number of asset objects unloaded after import = 133
========================================================================
Received Import Request.
  Time since last request: 0.000063 seconds.
  path: Assets/Stylized Stone/URP/prefab_URP/Stacked_Boulder/_Stacked_Boulder_002 Variant.prefab
  artifactKey: Guid(3257cb8525178b74f9460929edb60e69) Importer(815301076,1909f56bfc062723c751e8b465ee728b)
Start importing Assets/Stylized Stone/URP/prefab_URP/Stacked_Boulder/_Stacked_Boulder_002 Variant.prefab using Guid(3257cb8525178b74f9460929edb60e69) Importer(815301076,1909f56bfc062723c751e8b465ee728b) [PhysX] Initialized MultithreadedTaskDispatcher with 16 workers.
[PhysX] Initialized MultithreadedTaskDispatcher with 16 workers.
 -> (artifact id: '9f33330902bf06e7c2f5fbedbe41822a') in 0.154972 seconds
Number of updated asset objects reloaded before import = 0
Number of asset objects unloaded after import = 29
========================================================================
Received Import Request.
  Time since last request: 0.000046 seconds.
  path: Assets/SteamVR/InteractionSystem/Longbow/Prefabs/BalloonPop.prefab
  artifactKey: Guid(9d2dddaae5c812841accc43e4da1fccd) Importer(815301076,1909f56bfc062723c751e8b465ee728b)
Start importing Assets/SteamVR/InteractionSystem/Longbow/Prefabs/BalloonPop.prefab using Guid(9d2dddaae5c812841accc43e4da1fccd) Importer(815301076,1909f56bfc062723c751e8b465ee728b) [PhysX] Initialized MultithreadedTaskDispatcher with 16 workers.
[PhysX] Initialized MultithreadedTaskDispatcher with 16 workers.
Refreshing native plugins compatible for Editor in 38.08 ms, found 12 plugins.
Preloading 0 native plugins for Editor in 0.00 ms.
 -> (artifact id: '1d45f72cfde80d325baf1fc50bf34771') in 0.097406 seconds
Number of updated asset objects reloaded before import = 0
Number of asset objects unloaded after import = 38
========================================================================
Received Import Request.
  Time since last request: 0.000068 seconds.
  path: Assets/Stylized Stone/prefab/Solitary stone/Solitary_Stone_002 Variant.prefab
  artifactKey: Guid(ab4f4a17e1afe844e9403c0edf191b44) Importer(815301076,1909f56bfc062723c751e8b465ee728b)
Start importing Assets/Stylized Stone/prefab/Solitary stone/Solitary_Stone_002 Variant.prefab using Guid(ab4f4a17e1afe844e9403c0edf191b44) Importer(815301076,1909f56bfc062723c751e8b465ee728b) [PhysX] Initialized MultithreadedTaskDispatcher with 16 workers.
[PhysX] Initialized MultithreadedTaskDispatcher with 16 workers.
 -> (artifact id: '298f893909873f97252c001017581dcc') in 0.051693 seconds
Number of updated asset objects reloaded before import = 0
Number of asset objects unloaded after import = 48
========================================================================
Received Import Request.
  Time since last request: 0.000036 seconds.
  path: Assets/SteamVR/InteractionSystem/Longbow/Prefabs/ArrowHand.prefab
  artifactKey: Guid(d410d7126dd411c4ea651fc94eae9202) Importer(815301076,1909f56bfc062723c751e8b465ee728b)
Start importing Assets/SteamVR/InteractionSystem/Longbow/Prefabs/ArrowHand.prefab using Guid(d410d7126dd411c4ea651fc94eae9202) Importer(815301076,1909f56bfc062723c751e8b465ee728b) [PhysX] Initialized MultithreadedTaskDispatcher with 16 workers.
[PhysX] Initialized MultithreadedTaskDispatcher with 16 workers.
 -> (artifact id: 'a45e728b198dcd5ee1200a7ebf315277') in 1.655121 seconds
Number of updated asset objects reloaded before import = 0
Number of asset objects unloaded after import = 497
========================================================================
Received Import Request.
  Time since last request: 11.010099 seconds.
  path: Assets/SteamVR/Prefabs/controller.prefab
  artifactKey: Guid(e789c2cc0c98a4c4198a4033fb8ccf96) Importer(815301076,1909f56bfc062723c751e8b465ee728b)
Start importing Assets/SteamVR/Prefabs/controller.prefab using Guid(e789c2cc0c98a4c4198a4033fb8ccf96) Importer(815301076,1909f56bfc062723c751e8b465ee728b) [PhysX] Initialized MultithreadedTaskDispatcher with 16 workers.
 -> (artifact id: '679446f9076b809db8e35d86a6983d34') in 0.004039 seconds
Number of updated asset objects reloaded before import = 0
Number of asset objects unloaded after import = 5
========================================================================
Received Import Request.
  Time since last request: 0.000034 seconds.
  path: Assets/CityGen3D/Facades/Industrial 01b.prefab
  artifactKey: Guid(f094b3fcdab9fcc4299f5363d60d9019) Importer(815301076,1909f56bfc062723c751e8b465ee728b)
Start importing Assets/CityGen3D/Facades/Industrial 01b.prefab using Guid(f094b3fcdab9fcc4299f5363d60d9019) Importer(815301076,1909f56bfc062723c751e8b465ee728b) [PhysX] Initialized MultithreadedTaskDispatcher with 16 workers.
 -> (artifact id: 'cffefb4802eca627378dd4d0750e1c0f') in 0.007032 seconds
Number of updated asset objects reloaded before import = 0
Number of asset objects unloaded after import = 8
========================================================================
Received Import Request.
  Time since last request: 0.000052 seconds.
  path: Assets/Forst/Lux Instant Vegetation/Demo/Content/URP/Prefabs/PF_TreeIt fully procedural Fake LOD URP.prefab
  artifactKey: Guid(345c167bf3170194aa320030816b1ba9) Importer(815301076,1909f56bfc062723c751e8b465ee728b)
Start importing Assets/Forst/Lux Instant Vegetation/Demo/Content/URP/Prefabs/PF_TreeIt fully procedural Fake LOD URP.prefab using Guid(345c167bf3170194aa320030816b1ba9) Importer(815301076,1909f56bfc062723c751e8b465ee728b) [PhysX] Initialized MultithreadedTaskDispatcher with 16 workers.
[PhysX] Initialized MultithreadedTaskDispatcher with 16 workers.
 -> (artifact id: '923952467755a23cff25cdd85a7af591') in 0.153416 seconds
Number of updated asset objects reloaded before import = 0
Number of asset objects unloaded after import = 36
========================================================================
Received Import Request.
  Time since last request: 0.000048 seconds.
  path: Assets/TerrainSampleAssets/Prefabs/Screenshots/ScreenshotRiver.prefab
  artifactKey: Guid(a1682eeed83f9413eb83c9c415ba313c) Importer(815301076,1909f56bfc062723c751e8b465ee728b)
Start importing Assets/TerrainSampleAssets/Prefabs/Screenshots/ScreenshotRiver.prefab using Guid(a1682eeed83f9413eb83c9c415ba313c) Importer(815301076,1909f56bfc062723c751e8b465ee728b) [PhysX] Initialized MultithreadedTaskDispatcher with 16 workers.
 -> (artifact id: 'dce96bc3e3cb50ef09e65e2039d873c2') in 0.014138 seconds
Number of updated asset objects reloaded before import = 0
Number of asset objects unloaded after import = 30
========================================================================
Received Import Request.
  Time since last request: 0.000058 seconds.
  path: Assets/TerrainSampleAssets/Prefabs/Shots/TreePanningShot.prefab
  artifactKey: Guid(bbdac3f1c1cbe8c42a6770126147d794) Importer(815301076,1909f56bfc062723c751e8b465ee728b)
Start importing Assets/TerrainSampleAssets/Prefabs/Shots/TreePanningShot.prefab using Guid(bbdac3f1c1cbe8c42a6770126147d794) Importer(815301076,1909f56bfc062723c751e8b465ee728b) [PhysX] Initialized MultithreadedTaskDispatcher with 16 workers.
 -> (artifact id: '04bda0c971dd5677e2f6dd264c7806b9') in 0.005044 seconds
Number of updated asset objects reloaded before import = 0
Number of asset objects unloaded after import = 27
========================================================================
Received Import Request.
  Time since last request: 0.000058 seconds.
  path: Assets/SteamVR/InteractionSystem/Core/Prefabs/LeftRenderModel Slim.prefab
  artifactKey: Guid(d5082f7d9f947374197e0a97786f4e40) Importer(815301076,1909f56bfc062723c751e8b465ee728b)
Start importing Assets/SteamVR/InteractionSystem/Core/Prefabs/LeftRenderModel Slim.prefab using Guid(d5082f7d9f947374197e0a97786f4e40) Importer(815301076,1909f56bfc062723c751e8b465ee728b) [PhysX] Initialized MultithreadedTaskDispatcher with 16 workers.
 -> (artifact id: 'e1ffbf4abfa888414b6392dd4e84fd35') in 0.010081 seconds
Number of updated asset objects reloaded before import = 0
Number of asset objects unloaded after import = 163
========================================================================
Received Import Request.
  Time since last request: 0.000040 seconds.
  path: Assets/Forst/Lux Instant Vegetation/Demo/Content/HDRP/Prefabs/PF_TreeIt fully procedural HDRP.prefab
  artifactKey: Guid(f49563b79a1efcd4ea4b683e4e4b8cfa) Importer(815301076,1909f56bfc062723c751e8b465ee728b)
Start importing Assets/Forst/Lux Instant Vegetation/Demo/Content/HDRP/Prefabs/PF_TreeIt fully procedural HDRP.prefab using Guid(f49563b79a1efcd4ea4b683e4e4b8cfa) Importer(815301076,1909f56bfc062723c751e8b465ee728b) [PhysX] Initialized MultithreadedTaskDispatcher with 16 workers.
[PhysX] Initialized MultithreadedTaskDispatcher with 16 workers.
 -> (artifact id: '9129d02490a9992789c60a74af3b69eb') in 1.668809 seconds
Number of updated asset objects reloaded before import = 0
Number of asset objects unloaded after import = 27
========================================================================
Received Import Request.
  Time since last request: 266.961830 seconds.
  path: Assets/CityGen3D/Meshes/Bushes/Bush 01.mat
  artifactKey: Guid(0865d409b0044d04991fba99953017a4) Importer(815301076,1909f56bfc062723c751e8b465ee728b)
Start importing Assets/CityGen3D/Meshes/Bushes/Bush 01.mat using Guid(0865d409b0044d04991fba99953017a4) Importer(815301076,1909f56bfc062723c751e8b465ee728b) [PhysX] Initialized MultithreadedTaskDispatcher with 16 workers.
[PhysX] Initialized MultithreadedTaskDispatcher with 16 workers.
 -> (artifact id: '09625c4f7ba868c5c4a32b98a2257c37') in 0.066113 seconds
Number of updated asset objects reloaded before import = 0
Number of asset objects unloaded after import = 3
========================================================================
Received Import Request.
  Time since last request: 0.000040 seconds.
  path: Assets/TerrainSampleAssets/Prefabs/Details/Models/Bush_Red.asset
  artifactKey: Guid(c6d1e88a3a0c3cf4581050100e178cab) Importer(815301076,1909f56bfc062723c751e8b465ee728b)
Start importing Assets/TerrainSampleAssets/Prefabs/Details/Models/Bush_Red.asset using Guid(c6d1e88a3a0c3cf4581050100e178cab) Importer(815301076,1909f56bfc062723c751e8b465ee728b) [PhysX] Initialized MultithreadedTaskDispatcher with 16 workers.
[PhysX] Initialized MultithreadedTaskDispatcher with 16 workers.
 -> (artifact id: '32a3c61dc421ffe3ecd65b338caed930') in 0.028588 seconds
Number of updated asset objects reloaded before import = 0
Number of asset objects unloaded after import = 2
========================================================================
Received Import Request.
  Time since last request: 0.000040 seconds.
  path: Assets/CityGen3D/Meshes/Bushes/Bush 02 n.tga
  artifactKey: Guid(15d54ad95e5e3d14daec7f24588c6a81) Importer(815301076,1909f56bfc062723c751e8b465ee728b)
Start importing Assets/CityGen3D/Meshes/Bushes/Bush 02 n.tga using Guid(15d54ad95e5e3d14daec7f24588c6a81) Importer(815301076,1909f56bfc062723c751e8b465ee728b) [PhysX] Initialized MultithreadedTaskDispatcher with 16 workers.
[PhysX] Initialized MultithreadedTaskDispatcher with 16 workers.
 -> (artifact id: '090bda3f90a60cf021b55ffab55e2e1c') in 0.024952 seconds
Number of updated asset objects reloaded before import = 0
Number of asset objects unloaded after import = 2
========================================================================
Received Import Request.
  Time since last request: 0.000044 seconds.
  path: Assets/TerrainSampleAssets/Prefabs/Details/Textures/Bush_Dry_Thickness.tif
  artifactKey: Guid(d1ffdea5696ef0947a28f850f7bb2d73) Importer(815301076,1909f56bfc062723c751e8b465ee728b)
Start importing Assets/TerrainSampleAssets/Prefabs/Details/Textures/Bush_Dry_Thickness.tif using Guid(d1ffdea5696ef0947a28f850f7bb2d73) Importer(815301076,1909f56bfc062723c751e8b465ee728b) [PhysX] Initialized MultithreadedTaskDispatcher with 16 workers.
[PhysX] Initialized MultithreadedTaskDispatcher with 16 workers.
 -> (artifact id: '6d2ed4c105fb627c6b0f8d1c463f8b43') in 0.049029 seconds
Number of updated asset objects reloaded before import = 0
Number of asset objects unloaded after import = 2
========================================================================
Received Import Request.
  Time since last request: 0.000044 seconds.
  path: Assets/TerrainSampleAssets/Prefabs/Foliage/Red_Bush/Textures/Red_Bush_BaseColor.tif
  artifactKey: Guid(1933fb8bd6eed9d429dd93c5de2f061c) Importer(815301076,1909f56bfc062723c751e8b465ee728b)
Start importing Assets/TerrainSampleAssets/Prefabs/Foliage/Red_Bush/Textures/Red_Bush_BaseColor.tif using Guid(1933fb8bd6eed9d429dd93c5de2f061c) Importer(815301076,1909f56bfc062723c751e8b465ee728b) [PhysX] Initialized MultithreadedTaskDispatcher with 16 workers.
[PhysX] Initialized MultithreadedTaskDispatcher with 16 workers.
 -> (artifact id: '3582ca4beb1dd626cd61537dc55bd1cc') in 0.059286 seconds
Number of updated asset objects reloaded before import = 0
Number of asset objects unloaded after import = 2
========================================================================
Received Import Request.
  Time since last request: 0.000044 seconds.
  path: Assets/CityGen3D/Meshes/Bushes/Bush 02.fbx
  artifactKey: Guid(72dcf02fa92f6b24f9ead644e502d72b) Importer(815301076,1909f56bfc062723c751e8b465ee728b)
Start importing Assets/CityGen3D/Meshes/Bushes/Bush 02.fbx using Guid(72dcf02fa92f6b24f9ead644e502d72b) Importer(815301076,1909f56bfc062723c751e8b465ee728b) [PhysX] Initialized MultithreadedTaskDispatcher with 16 workers.
[PhysX] Initialized MultithreadedTaskDispatcher with 16 workers.
[PhysX] Initialized MultithreadedTaskDispatcher with 16 workers.
 -> (artifact id: '02faeb6f1430ad8faacf0c6604031a6a') in 0.045361 seconds
Number of updated asset objects reloaded before import = 0
Number of asset objects unloaded after import = 10
========================================================================
Received Import Request.
  Time since last request: 0.000046 seconds.
  path: Assets/CityGen3D/Meshes/Bushes/Bush 04.mat
  artifactKey: Guid(4741456561b21be4cac5c1681be00679) Importer(815301076,1909f56bfc062723c751e8b465ee728b)
Start importing Assets/CityGen3D/Meshes/Bushes/Bush 04.mat using Guid(4741456561b21be4cac5c1681be00679) Importer(815301076,1909f56bfc062723c751e8b465ee728b) [PhysX] Initialized MultithreadedTaskDispatcher with 16 workers.
[PhysX] Initialized MultithreadedTaskDispatcher with 16 workers.
 -> (artifact id: 'f474d9d5c6f0f6d2308e1592933bc036') in 0.044916 seconds
Number of updated asset objects reloaded before import = 0
Number of asset objects unloaded after import = 3
========================================================================
Received Import Request.
  Time since last request: 0.000048 seconds.
  path: Assets/Forst/Lux Instant Vegetation/Demo/Content/URP/Materials/M_RedBush URP.mat
  artifactKey: Guid(083d6be7cb5781a479d80114157234b3) Importer(815301076,1909f56bfc062723c751e8b465ee728b)
Start importing Assets/Forst/Lux Instant Vegetation/Demo/Content/URP/Materials/M_RedBush URP.mat using Guid(083d6be7cb5781a479d80114157234b3) Importer(815301076,1909f56bfc062723c751e8b465ee728b) [PhysX] Initialized MultithreadedTaskDispatcher with 16 workers.
[PhysX] Initialized MultithreadedTaskDispatcher with 16 workers.
 -> (artifact id: '8cbc81c2d128650befb47401acbd45ff') in 0.096813 seconds
Number of updated asset objects reloaded before import = 0
Number of asset objects unloaded after import = 5
========================================================================
Received Import Request.
  Time since last request: 0.000050 seconds.
  path: Assets/CityGen3D/Meshes/Bushes/Bush 04.tga
  artifactKey: Guid(80fbd2fc2d5e8d14ab972523b7498b0f) Importer(815301076,1909f56bfc062723c751e8b465ee728b)
Start importing Assets/CityGen3D/Meshes/Bushes/Bush 04.tga using Guid(80fbd2fc2d5e8d14ab972523b7498b0f) Importer(815301076,1909f56bfc062723c751e8b465ee728b) [PhysX] Initialized MultithreadedTaskDispatcher with 16 workers.
[PhysX] Initialized MultithreadedTaskDispatcher with 16 workers.
 -> (artifact id: '1eee338652ae6c0563628e338f6d46dc') in 0.030976 seconds
Number of updated asset objects reloaded before import = 0
Number of asset objects unloaded after import = 2
========================================================================
Received Import Request.
  Time since last request: 0.000069 seconds.
  path: Assets/TerrainSampleAssets/Prefabs/Details/Textures/Bush_Dry_MaskMap.tif
  artifactKey: Guid(e1484bcf985712746a5319fb205d30c9) Importer(815301076,1909f56bfc062723c751e8b465ee728b)
Start importing Assets/TerrainSampleAssets/Prefabs/Details/Textures/Bush_Dry_MaskMap.tif using Guid(e1484bcf985712746a5319fb205d30c9) Importer(815301076,1909f56bfc062723c751e8b465ee728b) [PhysX] Initialized MultithreadedTaskDispatcher with 16 workers.
[PhysX] Initialized MultithreadedTaskDispatcher with 16 workers.
 -> (artifact id: '34ad85d212efb6313ed3257d7f2945f2') in 0.035180 seconds
Number of updated asset objects reloaded before import = 0
Number of asset objects unloaded after import = 2
========================================================================
Received Import Request.
  Time since last request: 0.000033 seconds.
  path: Assets/TerrainSampleAssets/Prefabs/Details/Materials/Bush_Red.mat
  artifactKey: Guid(1d2ed9cc10dda1245b29dcdf4fa052bf) Importer(815301076,1909f56bfc062723c751e8b465ee728b)
Start importing Assets/TerrainSampleAssets/Prefabs/Details/Materials/Bush_Red.mat using Guid(1d2ed9cc10dda1245b29dcdf4fa052bf) Importer(815301076,1909f56bfc062723c751e8b465ee728b) [PhysX] Initialized MultithreadedTaskDispatcher with 16 workers.
[PhysX] Initialized MultithreadedTaskDispatcher with 16 workers.
 -> (artifact id: '5b29f64b447bf109f102433a94580125') in 0.061322 seconds
Number of updated asset objects reloaded before import = 0
Number of asset objects unloaded after import = 7
========================================================================
Received Import Request.
  Time since last request: 0.000048 seconds.
  path: Assets/CityGen3D/Meshes/Bushes/Bush 03.mat
  artifactKey: Guid(73c1d354bdfb1be4eaf2656d4bd7c3f2) Importer(815301076,1909f56bfc062723c751e8b465ee728b)
Start importing Assets/CityGen3D/Meshes/Bushes/Bush 03.mat using Guid(73c1d354bdfb1be4eaf2656d4bd7c3f2) Importer(815301076,1909f56bfc062723c751e8b465ee728b) [PhysX] Initialized MultithreadedTaskDispatcher with 16 workers.
[PhysX] Initialized MultithreadedTaskDispatcher with 16 workers.
 -> (artifact id: '5aea4af8b409ba4e7ea678ede203c76c') in 0.043035 seconds
Number of updated asset objects reloaded before import = 0
Number of asset objects unloaded after import = 3
========================================================================
Received Import Request.
  Time since last request: 0.000066 seconds.
  path: Assets/TerrainSampleAssets/Textures/Details/Bush_A_BaseColor.tif
  artifactKey: Guid(eb04da16cbc16c9488332336fb11b965) Importer(815301076,1909f56bfc062723c751e8b465ee728b)
Start importing Assets/TerrainSampleAssets/Textures/Details/Bush_A_BaseColor.tif using Guid(eb04da16cbc16c9488332336fb11b965) Importer(815301076,1909f56bfc062723c751e8b465ee728b) [PhysX] Initialized MultithreadedTaskDispatcher with 16 workers.
[PhysX] Initialized MultithreadedTaskDispatcher with 16 workers.
 -> (artifact id: '16ea576e1e6c5bfe3d58b5ead6ec61df') in 0.024438 seconds
Number of updated asset objects reloaded before import = 0
Number of asset objects unloaded after import = 2
========================================================================
Received Import Request.
  Time since last request: 0.000035 seconds.
  path: Assets/TerrainSampleAssets/Models/BushDry_A.asset
  artifactKey: Guid(3b8f934b79237034b816dfcc8369e9fb) Importer(815301076,1909f56bfc062723c751e8b465ee728b)
Start importing Assets/TerrainSampleAssets/Models/BushDry_A.asset using Guid(3b8f934b79237034b816dfcc8369e9fb) Importer(815301076,1909f56bfc062723c751e8b465ee728b) [PhysX] Initialized MultithreadedTaskDispatcher with 16 workers.
[PhysX] Initialized MultithreadedTaskDispatcher with 16 workers.
 -> (artifact id: '2d4a18f10266413d6cf688120a42992e') in 0.042343 seconds
Number of updated asset objects reloaded before import = 0
Number of asset objects unloaded after import = 2
========================================================================
Received Import Request.
  Time since last request: 0.000032 seconds.
  path: Assets/TerrainSampleAssets/Prefabs/Details/Models/Bush_Twig.asset
  artifactKey: Guid(e9eae922c4f3be043ab536ba7bf7706d) Importer(815301076,1909f56bfc062723c751e8b465ee728b)
Start importing Assets/TerrainSampleAssets/Prefabs/Details/Models/Bush_Twig.asset using Guid(e9eae922c4f3be043ab536ba7bf7706d) Importer(815301076,1909f56bfc062723c751e8b465ee728b) [PhysX] Initialized MultithreadedTaskDispatcher with 16 workers.
[PhysX] Initialized MultithreadedTaskDispatcher with 16 workers.
 -> (artifact id: 'b5a5c09b6265b4d03ec9aa4767b50333') in 0.028991 seconds
Number of updated asset objects reloaded before import = 0
Number of asset objects unloaded after import = 2
========================================================================
Received Import Request.
  Time since last request: 0.000043 seconds.
  path: Assets/TerrainSampleAssets/Prefabs/Foliage/Red_Bush/Red_Bush.prefab
  artifactKey: Guid(c06ecca5c3d565e42808724839b39b6f) Importer(815301076,1909f56bfc062723c751e8b465ee728b)
Start importing Assets/TerrainSampleAssets/Prefabs/Foliage/Red_Bush/Red_Bush.prefab using Guid(c06ecca5c3d565e42808724839b39b6f) Importer(815301076,1909f56bfc062723c751e8b465ee728b) [PhysX] Initialized MultithreadedTaskDispatcher with 16 workers.
[PhysX] Initialized MultithreadedTaskDispatcher with 16 workers.
 -> (artifact id: '5701063e8ae3be806c8afc0d5b3f2c42') in 0.067586 seconds
Number of updated asset objects reloaded before import = 0
Number of asset objects unloaded after import = 47
========================================================================
Received Import Request.
  Time since last request: 0.000051 seconds.
  path: Assets/TerrainSampleAssets/Prefabs/Details/Textures/Bush_Dry_Normal.tif
  artifactKey: Guid(f0975258bc516b4439b1b7f27122a25d) Importer(815301076,1909f56bfc062723c751e8b465ee728b)
Start importing Assets/TerrainSampleAssets/Prefabs/Details/Textures/Bush_Dry_Normal.tif using Guid(f0975258bc516b4439b1b7f27122a25d) Importer(815301076,1909f56bfc062723c751e8b465ee728b) [PhysX] Initialized MultithreadedTaskDispatcher with 16 workers.
[PhysX] Initialized MultithreadedTaskDispatcher with 16 workers.
 -> (artifact id: 'ddd46cee117457206245f4ac26d485a1') in 0.027016 seconds
Number of updated asset objects reloaded before import = 0
Number of asset objects unloaded after import = 2
========================================================================
Received Import Request.
  Time since last request: 0.000042 seconds.
  path: Assets/TerrainDemoScene_HDRP/Settings/DiffusionProfiles/Red_Bush_A_DiffusionProfile.asset
  artifactKey: Guid(ced0ded1002e03b4cbe34e685c502de4) Importer(815301076,1909f56bfc062723c751e8b465ee728b)
Start importing Assets/TerrainDemoScene_HDRP/Settings/DiffusionProfiles/Red_Bush_A_DiffusionProfile.asset using Guid(ced0ded1002e03b4cbe34e685c502de4) Importer(815301076,1909f56bfc062723c751e8b465ee728b) [PhysX] Initialized MultithreadedTaskDispatcher with 16 workers.
 -> (artifact id: '00cb87873071c5ddfce3a8ac8c50eaae') in 0.003184 seconds
Number of updated asset objects reloaded before import = 0
Number of asset objects unloaded after import = 1
========================================================================
Received Import Request.
  Time since last request: 0.000066 seconds.
  path: Assets/Forst/Lux Instant Vegetation/Demo/Content/HDRP/Materials/M_RedBush HDRP.mat
  artifactKey: Guid(00715c5a450868649a4ae6aa160bded6) Importer(815301076,1909f56bfc062723c751e8b465ee728b)
Start importing Assets/Forst/Lux Instant Vegetation/Demo/Content/HDRP/Materials/M_RedBush HDRP.mat using Guid(00715c5a450868649a4ae6aa160bded6) Importer(815301076,1909f56bfc062723c751e8b465ee728b) [PhysX] Initialized MultithreadedTaskDispatcher with 16 workers.
[PhysX] Initialized MultithreadedTaskDispatcher with 16 workers.
 -> (artifact id: 'a81a76d1bc17e851bba0ec186421dbcc') in 1.205505 seconds
Number of updated asset objects reloaded before import = 0
Number of asset objects unloaded after import = 5
========================================================================
Received Import Request.
  Time since last request: 0.000055 seconds.
  path: Assets/TerrainSampleAssets/Prefabs/BushDry_B.prefab
  artifactKey: Guid(054bf5cf244ff2e4083cbf8eca205cf0) Importer(815301076,1909f56bfc062723c751e8b465ee728b)
Start importing Assets/TerrainSampleAssets/Prefabs/BushDry_B.prefab using Guid(054bf5cf244ff2e4083cbf8eca205cf0) Importer(815301076,1909f56bfc062723c751e8b465ee728b) [PhysX] Initialized MultithreadedTaskDispatcher with 16 workers.
[PhysX] Initialized MultithreadedTaskDispatcher with 16 workers.
 -> (artifact id: '8cb1c057de73f9a9eeaa735f4054a5ec') in 0.038612 seconds
Number of updated asset objects reloaded before import = 0
Number of asset objects unloaded after import = 12
========================================================================
Received Import Request.
  Time since last request: 0.000046 seconds.
  path: Assets/TerrainSampleAssets/Models/Bush_A.asset
  artifactKey: Guid(0c4301a6ce8e5964c8df62a78aca15d1) Importer(815301076,1909f56bfc062723c751e8b465ee728b)
Start importing Assets/TerrainSampleAssets/Models/Bush_A.asset using Guid(0c4301a6ce8e5964c8df62a78aca15d1) Importer(815301076,1909f56bfc062723c751e8b465ee728b) [PhysX] Initialized MultithreadedTaskDispatcher with 16 workers.
[PhysX] Initialized MultithreadedTaskDispatcher with 16 workers.
 -> (artifact id: 'bf5487ff9d51d48598e69dc366de3a50') in 0.045729 seconds
Number of updated asset objects reloaded before import = 0
Number of asset objects unloaded after import = 2
========================================================================
Received Import Request.
  Time since last request: 0.000046 seconds.
  path: Assets/Grass And Flowers Pack 1/Bush/Bush 8.png
  artifactKey: Guid(5fd606df687c15340965bd70b73e6f3d) Importer(815301076,1909f56bfc062723c751e8b465ee728b)
Start importing Assets/Grass And Flowers Pack 1/Bush/Bush 8.png using Guid(5fd606df687c15340965bd70b73e6f3d) Importer(815301076,1909f56bfc062723c751e8b465ee728b) [PhysX] Initialized MultithreadedTaskDispatcher with 16 workers.
[PhysX] Initialized MultithreadedTaskDispatcher with 16 workers.
 -> (artifact id: 'b1c1e1a1de977896595d0b6c6bc8cded') in 0.052319 seconds
Number of updated asset objects reloaded before import = 0
Number of asset objects unloaded after import = 2
========================================================================
Received Import Request.
  Time since last request: 0.000044 seconds.
  path: Assets/TerrainSampleAssets/Models/BushDry_B.asset
  artifactKey: Guid(8d68c191594d5a24baee81cc22acf55b) Importer(815301076,1909f56bfc062723c751e8b465ee728b)
Start importing Assets/TerrainSampleAssets/Models/BushDry_B.asset using Guid(8d68c191594d5a24baee81cc22acf55b) Importer(815301076,1909f56bfc062723c751e8b465ee728b) [PhysX] Initialized MultithreadedTaskDispatcher with 16 workers.
[PhysX] Initialized MultithreadedTaskDispatcher with 16 workers.
 -> (artifact id: 'd1a9c6888b81997cbb826323e428b00b') in 0.049421 seconds
Number of updated asset objects reloaded before import = 0
Number of asset objects unloaded after import = 2
========================================================================
Received Import Request.
  Time since last request: 0.000046 seconds.
  path: Assets/CityGen3D/Meshes/Bushes/Bush 04.fbx
  artifactKey: Guid(e88c4cb2b2c8087488da848bd6b20b31) Importer(815301076,1909f56bfc062723c751e8b465ee728b)
Start importing Assets/CityGen3D/Meshes/Bushes/Bush 04.fbx using Guid(e88c4cb2b2c8087488da848bd6b20b31) Importer(815301076,1909f56bfc062723c751e8b465ee728b) [PhysX] Initialized MultithreadedTaskDispatcher with 16 workers.
[PhysX] Initialized MultithreadedTaskDispatcher with 16 workers.
[PhysX] Initialized MultithreadedTaskDispatcher with 16 workers.
 -> (artifact id: 'cf7835214a953f3968ce5a887b320811') in 0.053651 seconds
Number of updated asset objects reloaded before import = 0
Number of asset objects unloaded after import = 10
========================================================================
Received Import Request.
  Time since last request: 0.000039 seconds.
  path: Assets/CityGen3D/Meshes/Bushes/Bush 05.mat
  artifactKey: Guid(bbccb09ed5249cb428c2f52e934a767b) Importer(815301076,1909f56bfc062723c751e8b465ee728b)
Start importing Assets/CityGen3D/Meshes/Bushes/Bush 05.mat using Guid(bbccb09ed5249cb428c2f52e934a767b) Importer(815301076,1909f56bfc062723c751e8b465ee728b) [PhysX] Initialized MultithreadedTaskDispatcher with 16 workers.
[PhysX] Initialized MultithreadedTaskDispatcher with 16 workers.
 -> (artifact id: 'b69a0b31b55b066267fc3ae608f6262a') in 0.039984 seconds
Number of updated asset objects reloaded before import = 0
Number of asset objects unloaded after import = 3
========================================================================
Received Import Request.
  Time since last request: 0.000057 seconds.
  path: Assets/TerrainSampleAssets/Prefabs/Details/Bush_Twig.prefab
  artifactKey: Guid(0d2d600394cae8e4f908c5bdd1154222) Importer(815301076,1909f56bfc062723c751e8b465ee728b)
Start importing Assets/TerrainSampleAssets/Prefabs/Details/Bush_Twig.prefab using Guid(0d2d600394cae8e4f908c5bdd1154222) Importer(815301076,1909f56bfc062723c751e8b465ee728b) [PhysX] Initialized MultithreadedTaskDispatcher with 16 workers.
[PhysX] Initialized MultithreadedTaskDispatcher with 16 workers.
 -> (artifact id: 'bf7e19de5147eb85ef263df7435b87ab') in 0.059042 seconds
Number of updated asset objects reloaded before import = 0
Number of asset objects unloaded after import = 15
========================================================================
Received Import Request.
  Time since last request: 0.000046 seconds.
  path: Assets/TerrainSampleAssets/Textures/Details/BushDry_Normal.tif
  artifactKey: Guid(03fe3ff010bcfb3418536e2f7896257b) Importer(815301076,1909f56bfc062723c751e8b465ee728b)
Start importing Assets/TerrainSampleAssets/Textures/Details/BushDry_Normal.tif using Guid(03fe3ff010bcfb3418536e2f7896257b) Importer(815301076,1909f56bfc062723c751e8b465ee728b) [PhysX] Initialized MultithreadedTaskDispatcher with 16 workers.
[PhysX] Initialized MultithreadedTaskDispatcher with 16 workers.
 -> (artifact id: 'faa5bab9b5e7afc01a0cee8d8fff644b') in 0.056282 seconds
Number of updated asset objects reloaded before import = 0
Number of asset objects unloaded after import = 2
========================================================================
Received Import Request.
  Time since last request: 0.000041 seconds.
  path: Assets/CityGen3D/Meshes/Bushes/Bush 02.tga
  artifactKey: Guid(6ed0b265b3fad1a4daad800605f92ba2) Importer(815301076,1909f56bfc062723c751e8b465ee728b)
Start importing Assets/CityGen3D/Meshes/Bushes/Bush 02.tga using Guid(6ed0b265b3fad1a4daad800605f92ba2) Importer(815301076,1909f56bfc062723c751e8b465ee728b) [PhysX] Initialized MultithreadedTaskDispatcher with 16 workers.
[PhysX] Initialized MultithreadedTaskDispatcher with 16 workers.
 -> (artifact id: '2001303fdf7b464b674a53d2444f0aed') in 0.048611 seconds
Number of updated asset objects reloaded before import = 0
Number of asset objects unloaded after import = 2
========================================================================
Received Import Request.
  Time since last request: 0.000043 seconds.
  path: Assets/TerrainSampleAssets/Prefabs/Details/Materials/Bush_Twig.asset
  artifactKey: Guid(8e65580a6b5070f499f845032764a4d3) Importer(815301076,1909f56bfc062723c751e8b465ee728b)
Start importing Assets/TerrainSampleAssets/Prefabs/Details/Materials/Bush_Twig.asset using Guid(8e65580a6b5070f499f845032764a4d3) Importer(815301076,1909f56bfc062723c751e8b465ee728b) [PhysX] Initialized MultithreadedTaskDispatcher with 16 workers.
[PhysX] Initialized MultithreadedTaskDispatcher with 16 workers.
 -> (artifact id: '4ac0a40bb749da6fd0b73cebec5f8e5d') in 0.043382 seconds
Number of updated asset objects reloaded before import = 0
Number of asset objects unloaded after import = 6
========================================================================
Received Import Request.
  Time since last request: 0.000064 seconds.
  path: Assets/TerrainSampleAssets/Prefabs/Details/Textures/Bush_Twig_Thickness.tif
  artifactKey: Guid(fe776dd9b1cb96246a83059626ea99f8) Importer(815301076,1909f56bfc062723c751e8b465ee728b)
Start importing Assets/TerrainSampleAssets/Prefabs/Details/Textures/Bush_Twig_Thickness.tif using Guid(fe776dd9b1cb96246a83059626ea99f8) Importer(815301076,1909f56bfc062723c751e8b465ee728b) [PhysX] Initialized MultithreadedTaskDispatcher with 16 workers.
[PhysX] Initialized MultithreadedTaskDispatcher with 16 workers.
 -> (artifact id: 'db04ef42d5ca4056b4a4a98bd551a41f') in 0.044935 seconds
Number of updated asset objects reloaded before import = 0
Number of asset objects unloaded after import = 2
========================================================================
Received Import Request.
  Time since last request: 0.000039 seconds.
  path: Assets/Grass And Flowers Pack 1/Bush/Bush 1.png
  artifactKey: Guid(021e2ef4de3b13e4b85e10d230b9a52c) Importer(815301076,1909f56bfc062723c751e8b465ee728b)
Start importing Assets/Grass And Flowers Pack 1/Bush/Bush 1.png using Guid(021e2ef4de3b13e4b85e10d230b9a52c) Importer(815301076,1909f56bfc062723c751e8b465ee728b) [PhysX] Initialized MultithreadedTaskDispatcher with 16 workers.
[PhysX] Initialized MultithreadedTaskDispatcher with 16 workers.
 -> (artifact id: 'f389375fd2261197aeb90f912ff37d63') in 0.054844 seconds
Number of updated asset objects reloaded before import = 0
Number of asset objects unloaded after import = 2
========================================================================
Received Import Request.
  Time since last request: 0.000047 seconds.
  path: Assets/Grass And Flowers Pack 1/Bush/Bush 2.png
  artifactKey: Guid(a060d0f8ad4251c4f8e786d48447dce0) Importer(815301076,1909f56bfc062723c751e8b465ee728b)
Start importing Assets/Grass And Flowers Pack 1/Bush/Bush 2.png using Guid(a060d0f8ad4251c4f8e786d48447dce0) Importer(815301076,1909f56bfc062723c751e8b465ee728b) [PhysX] Initialized MultithreadedTaskDispatcher with 16 workers.
[PhysX] Initialized MultithreadedTaskDispatcher with 16 workers.
 -> (artifact id: 'a25a1b30831d481e9dbd4439aa5d719c') in 0.042359 seconds
Number of updated asset objects reloaded before import = 0
Number of asset objects unloaded after import = 2
========================================================================
Received Import Request.
  Time since last request: 0.000046 seconds.
  path: Assets/TerrainSampleAssets/Models/Bush_B.asset
  artifactKey: Guid(1ea33222cad50ad49aa4978bc84846e4) Importer(815301076,1909f56bfc062723c751e8b465ee728b)
Start importing Assets/TerrainSampleAssets/Models/Bush_B.asset using Guid(1ea33222cad50ad49aa4978bc84846e4) Importer(815301076,1909f56bfc062723c751e8b465ee728b) [PhysX] Initialized MultithreadedTaskDispatcher with 16 workers.
[PhysX] Initialized MultithreadedTaskDispatcher with 16 workers.
 -> (artifact id: '1be5b31bbd307a1710f4bf87db5930c9') in 0.058632 seconds
Number of updated asset objects reloaded before import = 0
Number of asset objects unloaded after import = 2
========================================================================
Received Import Request.
  Time since last request: 0.000033 seconds.
  path: Assets/TerrainSampleAssets/Prefabs/Foliage/Red_Bush/Models/Red_Bush.fbx
  artifactKey: Guid(5e76989194570e246acc05a8d2697af2) Importer(815301076,1909f56bfc062723c751e8b465ee728b)
Start importing Assets/TerrainSampleAssets/Prefabs/Foliage/Red_Bush/Models/Red_Bush.fbx using Guid(5e76989194570e246acc05a8d2697af2) Importer(815301076,1909f56bfc062723c751e8b465ee728b) [PhysX] Initialized MultithreadedTaskDispatcher with 16 workers.
[PhysX] Initialized MultithreadedTaskDispatcher with 16 workers.
[PhysX] Initialized MultithreadedTaskDispatcher with 16 workers.
[PhysX] Initialized MultithreadedTaskDispatcher with 16 workers.
[PhysX] Initialized MultithreadedTaskDispatcher with 16 workers.
[PhysX] Initialized MultithreadedTaskDispatcher with 16 workers.
[PhysX] Initialized MultithreadedTaskDispatcher with 16 workers.
[PhysX] Initialized MultithreadedTaskDispatcher with 16 workers.
 -> (artifact id: 'cc5e2649e3317c2452080b12f507c0ae') in 0.224261 seconds
Number of updated asset objects reloaded before import = 0
Number of asset objects unloaded after import = 27
========================================================================
Received Import Request.
  Time since last request: 0.000039 seconds.
  path: Assets/CityGen3D/Meshes/Bushes/Bush 05.fbx
  artifactKey: Guid(e9c74aa6f2250a54692393075bfd016c) Importer(815301076,1909f56bfc062723c751e8b465ee728b)
Start importing Assets/CityGen3D/Meshes/Bushes/Bush 05.fbx using Guid(e9c74aa6f2250a54692393075bfd016c) Importer(815301076,1909f56bfc062723c751e8b465ee728b) [PhysX] Initialized MultithreadedTaskDispatcher with 16 workers.
[PhysX] Initialized MultithreadedTaskDispatcher with 16 workers.
[PhysX] Initialized MultithreadedTaskDispatcher with 16 workers.
 -> (artifact id: 'c2804e67dfd14ba733767d9912b5788f') in 0.043459 seconds
Number of updated asset objects reloaded before import = 0
Number of asset objects unloaded after import = 10
========================================================================
Received Import Request.
  Time since last request: 0.000062 seconds.
  path: Assets/TerrainSampleAssets/Textures/Details/Bush_A_MaskMap.tif
  artifactKey: Guid(0e1771a5cd057014db71494d5a458d40) Importer(815301076,1909f56bfc062723c751e8b465ee728b)
Start importing Assets/TerrainSampleAssets/Textures/Details/Bush_A_MaskMap.tif using Guid(0e1771a5cd057014db71494d5a458d40) Importer(815301076,1909f56bfc062723c751e8b465ee728b) [PhysX] Initialized MultithreadedTaskDispatcher with 16 workers.
[PhysX] Initialized MultithreadedTaskDispatcher with 16 workers.
 -> (artifact id: '29bb33fe5985c8d89bd695c8f010d75b') in 0.042029 seconds
Number of updated asset objects reloaded before import = 0
Number of asset objects unloaded after import = 2
========================================================================
Received Import Request.
  Time since last request: 0.000040 seconds.
  path: Assets/Grass And Flowers Pack 1/Bush/Bush 7.png
  artifactKey: Guid(58b6100b4b1965642a0130a34bdcd1c2) Importer(815301076,1909f56bfc062723c751e8b465ee728b)
Start importing Assets/Grass And Flowers Pack 1/Bush/Bush 7.png using Guid(58b6100b4b1965642a0130a34bdcd1c2) Importer(815301076,1909f56bfc062723c751e8b465ee728b) [PhysX] Initialized MultithreadedTaskDispatcher with 16 workers.
[PhysX] Initialized MultithreadedTaskDispatcher with 16 workers.
 -> (artifact id: 'e143d336053590970278e3a65e9d8b5d') in 0.023472 seconds
Number of updated asset objects reloaded before import = 0
Number of asset objects unloaded after import = 2
========================================================================
Received Import Request.
  Time since last request: 1.892152 seconds.
  path: Assets/Toby Fredson/The Toby Foliage Engine/(TTFE)_Demo/Prefabs/Prefabs_Vegetation - (SL)/Vegetation_Trees - (SL)/VTSpecies_Shrub Fall/ShrubBush_C_Fall.prefab
  artifactKey: Guid(6e87e029f25a1b94bb5103ab33737599) Importer(815301076,1909f56bfc062723c751e8b465ee728b)
Start importing Assets/Toby Fredson/The Toby Foliage Engine/(TTFE)_Demo/Prefabs/Prefabs_Vegetation - (SL)/Vegetation_Trees - (SL)/VTSpecies_Shrub Fall/ShrubBush_C_Fall.prefab using Guid(6e87e029f25a1b94bb5103ab33737599) Importer(815301076,1909f56bfc062723c751e8b465ee728b) [PhysX] Initialized MultithreadedTaskDispatcher with 16 workers.
[PhysX] Initialized MultithreadedTaskDispatcher with 16 workers.
 -> (artifact id: '4100ed173d79607280144ffc3de1fedb') in 0.444278 seconds
Number of updated asset objects reloaded before import = 0
Number of asset objects unloaded after import = 57
========================================================================
Received Import Request.
  Time since last request: 15.575516 seconds.
  path: Assets/TerrainSampleAssets/Prefabs/Bush_B.prefab
  artifactKey: Guid(b273de0d6e5818a4cb3195ce4f376ccb) Importer(815301076,1909f56bfc062723c751e8b465ee728b)
Start importing Assets/TerrainSampleAssets/Prefabs/Bush_B.prefab using Guid(b273de0d6e5818a4cb3195ce4f376ccb) Importer(815301076,1909f56bfc062723c751e8b465ee728b) [PhysX] Initialized MultithreadedTaskDispatcher with 16 workers.
[PhysX] Initialized MultithreadedTaskDispatcher with 16 workers.
 -> (artifact id: '66813292fb67253980cab0551393938c') in 0.045101 seconds
Number of updated asset objects reloaded before import = 0
Number of asset objects unloaded after import = 11
========================================================================
Received Import Request.
  Time since last request: 1.640250 seconds.
  path: Assets/TerrainDemoScene_HDRP/Settings/DiffusionProfiles/Leaves.asset
  artifactKey: Guid(5a9a2dc462c7bde4f86d0615a19c2c72) Importer(2089858483,0ecaa5967403d082aa24f35e1b516d23)
Start importing Assets/TerrainDemoScene_HDRP/Settings/DiffusionProfiles/Leaves.asset using Guid(5a9a2dc462c7bde4f86d0615a19c2c72) Importer(2089858483,0ecaa5967403d082aa24f35e1b516d23) [PhysX] Initialized MultithreadedTaskDispatcher with 16 workers.
 -> (artifact id: 'e051fc88c1d53a10c8cad4a4af436ced') in 0.057099 seconds
Number of updated asset objects reloaded before import = 0
Number of asset objects unloaded after import = 1
========================================================================
Received Import Request.
  Time since last request: 0.000038 seconds.
  path: Assets/TerrainSampleAssets/Materials/Bush.asset
  artifactKey: Guid(a48ad8aadb27f004390383c89862e6f3) Importer(2089858483,0ecaa5967403d082aa24f35e1b516d23)
Start importing Assets/TerrainSampleAssets/Materials/Bush.asset using Guid(a48ad8aadb27f004390383c89862e6f3) Importer(2089858483,0ecaa5967403d082aa24f35e1b516d23) [PhysX] Initialized MultithreadedTaskDispatcher with 16 workers.
 -> (artifact id: '5df5b95a03bd57f09331effe9c8ca07e') in 0.031552 seconds
Number of updated asset objects reloaded before import = 0
Number of asset objects unloaded after import = 4
========================================================================
Received Import Request.
  Time since last request: 0.000047 seconds.
  path: Assets/TerrainSampleAssets/Prefabs/Rocks/Materials/Rock_Overgrown_D.mat
  artifactKey: Guid(799e8ee0a2f8df54892652191374349d) Importer(2089858483,0ecaa5967403d082aa24f35e1b516d23)
Start importing Assets/TerrainSampleAssets/Prefabs/Rocks/Materials/Rock_Overgrown_D.mat using Guid(799e8ee0a2f8df54892652191374349d) Importer(2089858483,0ecaa5967403d082aa24f35e1b516d23) [PhysX] Initialized MultithreadedTaskDispatcher with 16 workers.
 -> (artifact id: '0af430a054c9278b27f738c97f5fe812') in 0.105740 seconds
Number of updated asset objects reloaded before import = 0
Number of asset objects unloaded after import = 15
========================================================================
Received Import Request.
  Time since last request: 0.000045 seconds.
  path: Assets/TerrainDemoScene_HDRP/Settings/DiffusionProfiles/Dead_Grass.asset
  artifactKey: Guid(bf98aeed9548d6840ae9b1000bdceeda) Importer(2089858483,0ecaa5967403d082aa24f35e1b516d23)
Start importing Assets/TerrainDemoScene_HDRP/Settings/DiffusionProfiles/Dead_Grass.asset using Guid(bf98aeed9548d6840ae9b1000bdceeda) Importer(2089858483,0ecaa5967403d082aa24f35e1b516d23) [PhysX] Initialized MultithreadedTaskDispatcher with 16 workers.
 -> (artifact id: '247dfbc0535c07aad31aab5b8e919c10') in 0.039577 seconds
Number of updated asset objects reloaded before import = 0
Number of asset objects unloaded after import = 1
========================================================================
Received Import Request.
  Time since last request: 0.000039 seconds.
  path: Assets/TerrainSampleAssets/Prefabs/Rocks/Materials/Rock_Overgrown_B.mat
  artifactKey: Guid(dde3f8edf14984b4a8709892ab5c4c92) Importer(2089858483,0ecaa5967403d082aa24f35e1b516d23)
Start importing Assets/TerrainSampleAssets/Prefabs/Rocks/Materials/Rock_Overgrown_B.mat using Guid(dde3f8edf14984b4a8709892ab5c4c92) Importer(2089858483,0ecaa5967403d082aa24f35e1b516d23) [PhysX] Initialized MultithreadedTaskDispatcher with 16 workers.
 -> (artifact id: '6aa45350b95000be7f4ddc9e8a0c241d') in 0.094457 seconds
Number of updated asset objects reloaded before import = 0
Number of asset objects unloaded after import = 15
========================================================================
Received Import Request.
  Time since last request: 0.000086 seconds.
  path: Assets/TerrainDemoScene_HDRP/Settings/DiffusionProfiles/Grass.asset
  artifactKey: Guid(16c7c1d43c1734b4b9fd6e420650bca0) Importer(2089858483,0ecaa5967403d082aa24f35e1b516d23)
Start importing Assets/TerrainDemoScene_HDRP/Settings/DiffusionProfiles/Grass.asset using Guid(16c7c1d43c1734b4b9fd6e420650bca0) Importer(2089858483,0ecaa5967403d082aa24f35e1b516d23) [PhysX] Initialized MultithreadedTaskDispatcher with 16 workers.
 -> (artifact id: '0bc29853e3247df1e99415f8727201b7') in 0.025049 seconds
Number of updated asset objects reloaded before import = 0
Number of asset objects unloaded after import = 1
========================================================================
Received Import Request.
  Time since last request: 0.000033 seconds.
  path: Assets/TerrainDemoScene_HDRP/Terrain/Materials/TerrainLit.mat
  artifactKey: Guid(0b6d251ba3ab07a45beb3c4a6ac4b68b) Importer(2089858483,0ecaa5967403d082aa24f35e1b516d23)
Start importing Assets/TerrainDemoScene_HDRP/Terrain/Materials/TerrainLit.mat using Guid(0b6d251ba3ab07a45beb3c4a6ac4b68b) Importer(2089858483,0ecaa5967403d082aa24f35e1b516d23) [PhysX] Initialized MultithreadedTaskDispatcher with 16 workers.
 -> (artifact id: '81214110a6a5b75a290f009c8bdeaa1f') in 0.315169 seconds
Number of updated asset objects reloaded before import = 0
Number of asset objects unloaded after import = 1
========================================================================
Received Import Request.
  Time since last request: 4.213081 seconds.
  path: Assets/Realistic Tree/Prefabs/HDRP/Chestnut/Chestnut 1.prefab
  artifactKey: Guid(ca41ad7dff05aeb4bb3b104e4a55d7f4) Importer(815301076,1909f56bfc062723c751e8b465ee728b)
Start importing Assets/Realistic Tree/Prefabs/HDRP/Chestnut/Chestnut 1.prefab using Guid(ca41ad7dff05aeb4bb3b104e4a55d7f4) Importer(815301076,1909f56bfc062723c751e8b465ee728b) [PhysX] Initialized MultithreadedTaskDispatcher with 16 workers.
[PhysX] Initialized MultithreadedTaskDispatcher with 16 workers.
 -> (artifact id: '0fa3c0db84bc6d9b186f755b86e12299') in 0.113446 seconds
Number of updated asset objects reloaded before import = 0
Number of asset objects unloaded after import = 171
========================================================================
Received Import Request.
  Time since last request: 0.000044 seconds.
  path: Assets/Realistic Tree/Prefabs/URP/Chestnut/Chestnut 3.prefab
  artifactKey: Guid(48c03ef913cc61846a12cb8f6dc7ff8e) Importer(815301076,1909f56bfc062723c751e8b465ee728b)
Start importing Assets/Realistic Tree/Prefabs/URP/Chestnut/Chestnut 3.prefab using Guid(48c03ef913cc61846a12cb8f6dc7ff8e) Importer(815301076,1909f56bfc062723c751e8b465ee728b) [PhysX] Initialized MultithreadedTaskDispatcher with 16 workers.
[PhysX] Initialized MultithreadedTaskDispatcher with 16 workers.
 -> (artifact id: '6bf4c3694cc2a7465e911a69e3389feb') in 0.086237 seconds
Number of updated asset objects reloaded before import = 0
Number of asset objects unloaded after import = 174
========================================================================
Received Import Request.
  Time since last request: 0.000058 seconds.
  path: Assets/CityGen3D/Facades/Church 01.prefab
  artifactKey: Guid(a40a3e449869371498b406bf3c6ddcc0) Importer(815301076,1909f56bfc062723c751e8b465ee728b)
Start importing Assets/CityGen3D/Facades/Church 01.prefab using Guid(a40a3e449869371498b406bf3c6ddcc0) Importer(815301076,1909f56bfc062723c751e8b465ee728b) [PhysX] Initialized MultithreadedTaskDispatcher with 16 workers.
 -> (artifact id: 'e3735e22be03e758e4beb713626df127') in 0.007770 seconds
Number of updated asset objects reloaded before import = 0
Number of asset objects unloaded after import = 8
========================================================================
Received Import Request.
  Time since last request: 0.000061 seconds.
  path: Assets/Realistic Tree/Prefabs/URP/Chestnut/Chestnut 6.prefab
  artifactKey: Guid(43d33c55046b8e6498be1b030c29b239) Importer(815301076,1909f56bfc062723c751e8b465ee728b)
Start importing Assets/Realistic Tree/Prefabs/URP/Chestnut/Chestnut 6.prefab using Guid(43d33c55046b8e6498be1b030c29b239) Importer(815301076,1909f56bfc062723c751e8b465ee728b) [PhysX] Initialized MultithreadedTaskDispatcher with 16 workers.
[PhysX] Initialized MultithreadedTaskDispatcher with 16 workers.
 -> (artifact id: '9a9ce9101aa56f30d308bc539fc1f222') in 0.084153 seconds
Number of updated asset objects reloaded before import = 0
Number of asset objects unloaded after import = 210
========================================================================
Received Import Request.
  Time since last request: 0.000048 seconds.
  path: Assets/Realistic Tree/Prefabs/HDRP/Chestnut/Chestnut 7.prefab
  artifactKey: Guid(5aad144dfe0872d4ca484ab6a958cf9f) Importer(815301076,1909f56bfc062723c751e8b465ee728b)
Start importing Assets/Realistic Tree/Prefabs/HDRP/Chestnut/Chestnut 7.prefab using Guid(5aad144dfe0872d4ca484ab6a958cf9f) Importer(815301076,1909f56bfc062723c751e8b465ee728b) [PhysX] Initialized MultithreadedTaskDispatcher with 16 workers.
[PhysX] Initialized MultithreadedTaskDispatcher with 16 workers.
 -> (artifact id: '818b5e7ae2b78c6df252856a17d92f2e') in 0.083399 seconds
Number of updated asset objects reloaded before import = 0
Number of asset objects unloaded after import = 207
========================================================================
Received Import Request.
  Time since last request: 0.000054 seconds.
  path: Assets/Realistic Tree/Prefabs/Standard/Chestnut/Chestnut 7.prefab
  artifactKey: Guid(12bf62c2a5fd78f4697bb927d29bcbf0) Importer(815301076,1909f56bfc062723c751e8b465ee728b)
Start importing Assets/Realistic Tree/Prefabs/Standard/Chestnut/Chestnut 7.prefab using Guid(12bf62c2a5fd78f4697bb927d29bcbf0) Importer(815301076,1909f56bfc062723c751e8b465ee728b) [PhysX] Initialized MultithreadedTaskDispatcher with 16 workers.
[PhysX] Initialized MultithreadedTaskDispatcher with 16 workers.
 -> (artifact id: '32b1b958fbc2ea2f6f4e4dda639f38ca') in 0.075373 seconds
Number of updated asset objects reloaded before import = 0
Number of asset objects unloaded after import = 206
========================================================================
Received Import Request.
  Time since last request: 0.000065 seconds.
  path: Assets/Realistic Tree/Prefabs/HDRP/Chestnut/Chestnut 8.prefab
  artifactKey: Guid(33323fba0177e5f46a9c0f208b3b3d8d) Importer(815301076,1909f56bfc062723c751e8b465ee728b)
Start importing Assets/Realistic Tree/Prefabs/HDRP/Chestnut/Chestnut 8.prefab using Guid(33323fba0177e5f46a9c0f208b3b3d8d) Importer(815301076,1909f56bfc062723c751e8b465ee728b) [PhysX] Initialized MultithreadedTaskDispatcher with 16 workers.
[PhysX] Initialized MultithreadedTaskDispatcher with 16 workers.
 -> (artifact id: 'ab391249af35f10dbfc2569c8e22ad86') in 0.095376 seconds
Number of updated asset objects reloaded before import = 0
Number of asset objects unloaded after import = 207
========================================================================
Received Import Request.
  Time since last request: 0.000063 seconds.
  path: Assets/Realistic Tree/Prefabs/Standard/Chestnut/Chestnut 6.prefab
  artifactKey: Guid(4a9c3a2cadac6294d83a9cc770865028) Importer(815301076,1909f56bfc062723c751e8b465ee728b)
Start importing Assets/Realistic Tree/Prefabs/Standard/Chestnut/Chestnut 6.prefab using Guid(4a9c3a2cadac6294d83a9cc770865028) Importer(815301076,1909f56bfc062723c751e8b465ee728b) [PhysX] Initialized MultithreadedTaskDispatcher with 16 workers.
[PhysX] Initialized MultithreadedTaskDispatcher with 16 workers.
 -> (artifact id: 'ad62c9ff57384fe76e4626d06c0f4751') in 0.091318 seconds
Number of updated asset objects reloaded before import = 0
Number of asset objects unloaded after import = 204
========================================================================
Received Import Request.
  Time since last request: 0.000069 seconds.
  path: Assets/Realistic Tree/Prefabs/URP/Chestnut/Chestnut 4.prefab
  artifactKey: Guid(ea00aff9c9f90504daf5192b2b6f6527) Importer(815301076,1909f56bfc062723c751e8b465ee728b)
Start importing Assets/Realistic Tree/Prefabs/URP/Chestnut/Chestnut 4.prefab using Guid(ea00aff9c9f90504daf5192b2b6f6527) Importer(815301076,1909f56bfc062723c751e8b465ee728b) [PhysX] Initialized MultithreadedTaskDispatcher with 16 workers.
[PhysX] Initialized MultithreadedTaskDispatcher with 16 workers.
 -> (artifact id: '45cb656b20c145756af1493b2483bd4c') in 0.074993 seconds
Number of updated asset objects reloaded before import = 0
Number of asset objects unloaded after import = 174
========================================================================
Received Import Request.
  Time since last request: 0.000040 seconds.
  path: Assets/Realistic Tree/Prefabs/URP/Chestnut/Chestnut 7.prefab
  artifactKey: Guid(62877a2894356f7408f0565824d414c2) Importer(815301076,1909f56bfc062723c751e8b465ee728b)
Start importing Assets/Realistic Tree/Prefabs/URP/Chestnut/Chestnut 7.prefab using Guid(62877a2894356f7408f0565824d414c2) Importer(815301076,1909f56bfc062723c751e8b465ee728b) [PhysX] Initialized MultithreadedTaskDispatcher with 16 workers.
[PhysX] Initialized MultithreadedTaskDispatcher with 16 workers.
 -> (artifact id: 'f9cd556d3f1b09870bcb54203adb5a45') in 0.087586 seconds
Number of updated asset objects reloaded before import = 0
Number of asset objects unloaded after import = 210
========================================================================
Received Import Request.
  Time since last request: 0.000049 seconds.
  path: Assets/CityGen3D/Resources/Prefabs/HDRP/Environment HDRP.prefab
  artifactKey: Guid(0123c1e1719224649887b14f74082127) Importer(815301076,1909f56bfc062723c751e8b465ee728b)
Start importing Assets/CityGen3D/Resources/Prefabs/HDRP/Environment HDRP.prefab using Guid(0123c1e1719224649887b14f74082127) Importer(815301076,1909f56bfc062723c751e8b465ee728b) [PhysX] Initialized MultithreadedTaskDispatcher with 16 workers.
 -> (artifact id: '7cae59c7e2f17addac841c2be528ef4b') in 0.024291 seconds
Number of updated asset objects reloaded before import = 0
Number of asset objects unloaded after import = 30
========================================================================
Received Import Request.
  Time since last request: 0.000042 seconds.
  path: Assets/Realistic Tree/Prefabs/Standard/Chestnut/Chestnut 5.prefab
  artifactKey: Guid(bff57b9810feed64abe743f4c260640e) Importer(815301076,1909f56bfc062723c751e8b465ee728b)
Start importing Assets/Realistic Tree/Prefabs/Standard/Chestnut/Chestnut 5.prefab using Guid(bff57b9810feed64abe743f4c260640e) Importer(815301076,1909f56bfc062723c751e8b465ee728b) [PhysX] Initialized MultithreadedTaskDispatcher with 16 workers.
[PhysX] Initialized MultithreadedTaskDispatcher with 16 workers.
 -> (artifact id: '7283d2cc18a2c14617c04e7b9d0d82a9') in 0.076813 seconds
Number of updated asset objects reloaded before import = 0
Number of asset objects unloaded after import = 206
========================================================================
Received Import Request.
  Time since last request: 0.667960 seconds.
  path: Assets/TerrainSampleAssets/Prefabs/Grass_D.prefab
  artifactKey: Guid(4dfd50a1f648e984f8188be70774f281) Importer(815301076,1909f56bfc062723c751e8b465ee728b)
Start importing Assets/TerrainSampleAssets/Prefabs/Grass_D.prefab using Guid(4dfd50a1f648e984f8188be70774f281) Importer(815301076,1909f56bfc062723c751e8b465ee728b) [PhysX] Initialized MultithreadedTaskDispatcher with 16 workers.
[PhysX] Initialized MultithreadedTaskDispatcher with 16 workers.
 -> (artifact id: '68487fb357cdfd2f26d0521e5ab02c09') in 0.200480 seconds
Number of updated asset objects reloaded before import = 0
Number of asset objects unloaded after import = 14
========================================================================
Received Import Request.
  Time since last request: 0.000055 seconds.
  path: Assets/Toby Fredson/The Toby Foliage Engine/(TTFE)_Demo/Prefabs/Prefabs_Vegetation - (SL)/Vegetation_Plants - (SL)/VP_Grass Fall/GrassMedium_A_Fall.prefab
  artifactKey: Guid(a333c7736d5f45845a0bba13bc58394a) Importer(815301076,1909f56bfc062723c751e8b465ee728b)
Start importing Assets/Toby Fredson/The Toby Foliage Engine/(TTFE)_Demo/Prefabs/Prefabs_Vegetation - (SL)/Vegetation_Plants - (SL)/VP_Grass Fall/GrassMedium_A_Fall.prefab using Guid(a333c7736d5f45845a0bba13bc58394a) Importer(815301076,1909f56bfc062723c751e8b465ee728b) [PhysX] Initialized MultithreadedTaskDispatcher with 16 workers.
[PhysX] Initialized MultithreadedTaskDispatcher with 16 workers.
Shader error in 'Toby Fredson/The Toby Foliage Engine/(TTFE) Grass Foliage': 'ApplyDecalToSurfaceData': no matching 3 parameter function at Foliage.shader(880) (on d3d11)

Compiling Subshader: 0, Pass: GBuffer, Fragment program with DECALS_3RT DECAL_SURFACE_GRADIENT LOD_FADE_CROSSFADE PROBE_VOLUMES_OFF _ALPHATEST_ON _CONTINUOUSWINDGENTLE_ON _DOUBLESIDED_ON _WINDTYPE_GENTLEBREEZE
Platform defines: SHADER_API_DESKTOP UNITY_ENABLE_DETAIL_NORMALMAP UNITY_ENABLE_REFLECTION_BUFFERS UNITY_LIGHTMAP_FULL_HDR UNITY_LIGHT_PROBE_PROXY_VOLUME UNITY_PBS_USE_BRDF1 UNITY_SPECCUBE_BLENDING UNITY_SPECCUBE_BOX_PROJECTION UNITY_USE_DITHER_MASK_FOR_ALPHABLENDED_SHADOWS
Disabled keywords: DEBUG_DISPLAY DECALS_4RT DECALS_OFF DIRLIGHTMAP_COMBINED DOTS_INSTANCING_ON DYNAMICLIGHTMAP_ON INSTANCING_ON LIGHTMAP_ON LIGHT_LAYERS PROBE_VOLUMES_L1 PROBE_VOLUMES_L2 SHADER_API_GLES30 SHADOWS_SHADOWMASK UNITY_ASTC_NORMALMAP_ENCODING UNITY_COLORSPACE_GAMMA UNITY_FRAMEBUFFER_FETCH_AVAILABLE UNITY_HALF_PRECISION_FRAGMENT_SHADER_REGISTERS UNITY_HARDWARE_TIER1 UNITY_HARDWARE_TIER2 UNITY_HARDWARE_TIER3 UNITY_LIGHTMAP_DLDR_ENCODING UNITY_LIGHTMAP_RGBM_ENCODING UNITY_METAL_SHADOWS_USE_POINT_FILTERING UNITY_NO_DXT5nm UNITY_NO_FULL_STANDARD_SHADER UNITY_NO_SCREENSPACE_SHADOWS UNITY_PBS_USE_BRDF2 UNITY_PBS_USE_BRDF3 UNITY_PRETRANSFORM_TO_DISPLAY_ORIENTATION UNITY_UNIFIED_SHADER_PRECISION_MODEL UNITY_VIRTUAL_TEXTURING _ENABLE_FOG_ON_TRANSPARENT _SURFACE_TYPE_TRANSPARENT _TRANSPARENT_WRITES_MOTION_VEC _WINDTYPE_WINDOFF
 -> (artifact id: 'da907dae216237f6941992ff209d8bb7') in 0.219866 seconds
Number of updated asset objects reloaded before import = 0
Number of asset objects unloaded after import = 48
========================================================================
Received Import Request.
  Time since last request: 0.000073 seconds.
  path: Assets/Toby Fredson/The Toby Foliage Engine/(TTFE)_Demo/Prefabs/Prefabs_Vegetation/Vegetation_Plants/VP_Grass/GrassShort_C.prefab
  artifactKey: Guid(88120682e7d6d8b44981b69d0e0dace6) Importer(815301076,1909f56bfc062723c751e8b465ee728b)
Start importing Assets/Toby Fredson/The Toby Foliage Engine/(TTFE)_Demo/Prefabs/Prefabs_Vegetation/Vegetation_Plants/VP_Grass/GrassShort_C.prefab using Guid(88120682e7d6d8b44981b69d0e0dace6) Importer(815301076,1909f56bfc062723c751e8b465ee728b) [PhysX] Initialized MultithreadedTaskDispatcher with 16 workers.
[PhysX] Initialized MultithreadedTaskDispatcher with 16 workers.
Shader error in 'Toby Fredson/The Toby Foliage Engine/(TTFE) Grass Foliage': 'ApplyDecalToSurfaceData': no matching 3 parameter function at Foliage.shader(880) (on d3d11)

Compiling Subshader: 0, Pass: GBuffer, Fragment program with DECALS_3RT DECAL_SURFACE_GRADIENT LOD_FADE_CROSSFADE PROBE_VOLUMES_OFF _ALPHATEST_ON _CONTINUOUSWINDGENTLE_ON _DOUBLESIDED_ON _WINDTYPE_GENTLEBREEZE
Platform defines: SHADER_API_DESKTOP UNITY_ENABLE_DETAIL_NORMALMAP UNITY_ENABLE_REFLECTION_BUFFERS UNITY_LIGHTMAP_FULL_HDR UNITY_LIGHT_PROBE_PROXY_VOLUME UNITY_PBS_USE_BRDF1 UNITY_SPECCUBE_BLENDING UNITY_SPECCUBE_BOX_PROJECTION UNITY_USE_DITHER_MASK_FOR_ALPHABLENDED_SHADOWS
Disabled keywords: DEBUG_DISPLAY DECALS_4RT DECALS_OFF DIRLIGHTMAP_COMBINED DOTS_INSTANCING_ON DYNAMICLIGHTMAP_ON INSTANCING_ON LIGHTMAP_ON LIGHT_LAYERS PROBE_VOLUMES_L1 PROBE_VOLUMES_L2 SHADER_API_GLES30 SHADOWS_SHADOWMASK UNITY_ASTC_NORMALMAP_ENCODING UNITY_COLORSPACE_GAMMA UNITY_FRAMEBUFFER_FETCH_AVAILABLE UNITY_HALF_PRECISION_FRAGMENT_SHADER_REGISTERS UNITY_HARDWARE_TIER1 UNITY_HARDWARE_TIER2 UNITY_HARDWARE_TIER3 UNITY_LIGHTMAP_DLDR_ENCODING UNITY_LIGHTMAP_RGBM_ENCODING UNITY_METAL_SHADOWS_USE_POINT_FILTERING UNITY_NO_DXT5nm UNITY_NO_FULL_STANDARD_SHADER UNITY_NO_SCREENSPACE_SHADOWS UNITY_PBS_USE_BRDF2 UNITY_PBS_USE_BRDF3 UNITY_PRETRANSFORM_TO_DISPLAY_ORIENTATION UNITY_UNIFIED_SHADER_PRECISION_MODEL UNITY_VIRTUAL_TEXTURING _ENABLE_FOG_ON_TRANSPARENT _SURFACE_TYPE_TRANSPARENT _TRANSPARENT_WRITES_MOTION_VEC _WINDTYPE_WINDOFF
 -> (artifact id: '119452dd2d304c4f053dbe644d0619f8') in 1.520587 seconds
Number of updated asset objects reloaded before import = 0
Number of asset objects unloaded after import = 26
========================================================================
Received Import Request.
  Time since last request: 0.000079 seconds.
  path: Assets/Toby Fredson/The Toby Foliage Engine/(TTFE)_Demo/Prefabs/Prefabs_Vegetation/Vegetation_Plants/VP_Grass/GrassShort_A.prefab
  artifactKey: Guid(c4c39c18ccae52e4faebc946a7928d71) Importer(815301076,1909f56bfc062723c751e8b465ee728b)
Start importing Assets/Toby Fredson/The Toby Foliage Engine/(TTFE)_Demo/Prefabs/Prefabs_Vegetation/Vegetation_Plants/VP_Grass/GrassShort_A.prefab using Guid(c4c39c18ccae52e4faebc946a7928d71) Importer(815301076,1909f56bfc062723c751e8b465ee728b) [PhysX] Initialized MultithreadedTaskDispatcher with 16 workers.
[PhysX] Initialized MultithreadedTaskDispatcher with 16 workers.
 -> (artifact id: 'bd743761adef38e98b252bb1955a86cc') in 0.157150 seconds
Number of updated asset objects reloaded before import = 0
Number of asset objects unloaded after import = 26
Editor requested this worker to shutdown with reason: Scaling down because of idle timeout
TcpMessagingSession - receive error: operation aborted. errorcode: 995, details: Der E/A-Vorgang wurde wegen eines Threadendes oder einer Anwendungsanforderung abgebrochen.
AssetImportWorker is now disconnected from the server
Process exiting
Exiting without the bug reporter. Application will terminate with return code 0