Using pre-set license
Built from '2022.3/staging' branch; Version is '2022.3.62f1 (4af31df58517) revision 4911901'; Using compiler version '192829333'; Build Type 'Release'
OS: 'Windows 10  (10.0.19045) 64bit Professional' Language: 'de' Physical Memory: 32700 MB
BatchMode: 1, IsHumanControllingUs: 0, StartBugReporterOnCrash: 0, Is64bit: 1, IsPro: 1

COMMAND LINE ARGUMENTS:
C:\Program Files\Unity\Hub\Editor\2022.3.62f1\Editor\Unity.exe
-adb2
-batchMode
-noUpm
-name
AssetImportWorker15
-projectPath
C:/StudentProjects/Serious game group 18/My project
-logFile
Logs/AssetImportWorker15.log
-srvPort
58467
Successfully changed project path to: C:/StudentProjects/Serious game group 18/My project
C:/StudentProjects/Serious game group 18/My project
[UnityMemory] Configuration Parameters - Can be set up in boot.config
    "memorysetup-bucket-allocator-granularity=16"
    "memorysetup-bucket-allocator-bucket-count=8"
    "memorysetup-bucket-allocator-block-size=33554432"
    "memorysetup-bucket-allocator-block-count=8"
    "memorysetup-main-allocator-block-size=16777216"
    "memorysetup-thread-allocator-block-size=16777216"
    "memorysetup-gfx-main-allocator-block-size=16777216"
    "memorysetup-gfx-thread-allocator-block-size=16777216"
    "memorysetup-cache-allocator-block-size=4194304"
    "memorysetup-typetree-allocator-block-size=2097152"
    "memorysetup-profiler-bucket-allocator-granularity=16"
    "memorysetup-profiler-bucket-allocator-bucket-count=8"
    "memorysetup-profiler-bucket-allocator-block-size=33554432"
    "memorysetup-profiler-bucket-allocator-block-count=8"
    "memorysetup-profiler-allocator-block-size=16777216"
    "memorysetup-profiler-editor-allocator-block-size=1048576"
    "memorysetup-temp-allocator-size-main=16777216"
    "memorysetup-job-temp-allocator-block-size=2097152"
    "memorysetup-job-temp-allocator-block-size-background=1048576"
    "memorysetup-job-temp-allocator-reduction-small-platforms=262144"
    "memorysetup-allocator-temp-initial-block-size-main=262144"
    "memorysetup-allocator-temp-initial-block-size-worker=262144"
    "memorysetup-temp-allocator-size-background-worker=32768"
    "memorysetup-temp-allocator-size-job-worker=262144"
    "memorysetup-temp-allocator-size-preload-manager=33554432"
    "memorysetup-temp-allocator-size-nav-mesh-worker=65536"
    "memorysetup-temp-allocator-size-audio-worker=65536"
    "memorysetup-temp-allocator-size-cloud-worker=32768"
    "memorysetup-temp-allocator-size-gi-baking-worker=262144"
    "memorysetup-temp-allocator-size-gfx=262144"
Player connection [27428]  Target information:

Player connection [27428]  * "[IP] 192.168.253.171 [Port] 0 [Flags] 2 [Guid] 1056819351 [EditorId] 1056819351 [Version] 1048832 [Id] WindowsEditor(7,DESKTOP-66DGGND) [Debug] 1 [PackageName] WindowsEditor [ProjectName] Editor" 

Player connection [27428] Host joined multi-casting on [225.0.0.222:54997]...
Player connection [27428] Host joined alternative multi-casting on [225.0.0.222:34997]...
Input System module state changed to: Initialized.
[PhysX] Initialized MultithreadedTaskDispatcher with 16 workers.
Refreshing native plugins compatible for Editor in 66.41 ms, found 12 plugins.
Preloading 0 native plugins for Editor in 0.00 ms.
Initialize engine version: 2022.3.62f1 (4af31df58517)
[Subsystems] Discovering subsystems at path C:/Program Files/Unity/Hub/Editor/2022.3.62f1/Editor/Data/Resources/UnitySubsystems
[Subsystems] Discovering subsystems at path C:/StudentProjects/Serious game group 18/My project/Assets
GfxDevice: creating device client; threaded=0; jobified=0
Direct3D:
    Version:  Direct3D 11.0 [level 11.1]
    Renderer: Radeon RX Vega (ID=0x687f)
    Vendor:   ATI
    VRAM:     8119 MB
    Driver:   31.0.12027.9001
Shader 'Fristy/Nature/Leaves': fallback shader 'TransparentCutout' not found
Shader 'Fristy/Nature/Leaves 2': fallback shader 'TransparentCutout' not found
Shader 'Fristy/Nature/Leaves 2': fallback shader 'TransparentCutout' not found
Shader 'Fristy/Nature/Leaves': fallback shader 'TransparentCutout' not found
Initialize mono
Mono path[0] = 'C:/Program Files/Unity/Hub/Editor/2022.3.62f1/Editor/Data/Managed'
Mono path[1] = 'C:/Program Files/Unity/Hub/Editor/2022.3.62f1/Editor/Data/MonoBleedingEdge/lib/mono/unityjit-win32'
Mono config path = 'C:/Program Files/Unity/Hub/Editor/2022.3.62f1/Editor/Data/MonoBleedingEdge/etc'
Using monoOptions --debugger-agent=transport=dt_socket,embedding=1,server=y,suspend=n,address=127.0.0.1:56372
Begin MonoManager ReloadAssembly
Registering precompiled unity dll's ...
Register platform support module: C:/Program Files/Unity/Hub/Editor/2022.3.62f1/Editor/Data/PlaybackEngines/WindowsStandaloneSupport/UnityEditor.WindowsStandalone.Extensions.dll
Registered in 0.018888 seconds.
- Loaded All Assemblies, in  0.558 seconds
Native extension for WindowsStandalone target not found
Mono: successfully reloaded assembly
- Finished resetting the current domain, in  0.416 seconds
Domain Reload Profiling: 969ms
	BeginReloadAssembly (171ms)
		ExecutionOrderSort (0ms)
		DisableScriptedObjects (0ms)
		BackupInstance (0ms)
		ReleaseScriptingObjects (0ms)
		CreateAndSetChildDomain (1ms)
	RebuildCommonClasses (55ms)
	RebuildNativeTypeToScriptingClass (17ms)
	initialDomainReloadingComplete (105ms)
	LoadAllAssembliesAndSetupDomain (206ms)
		LoadAssemblies (165ms)
		RebuildTransferFunctionScriptingTraits (0ms)
		AnalyzeDomain (202ms)
			TypeCache.Refresh (200ms)
				TypeCache.ScanAssembly (181ms)
			ScanForSourceGeneratedMonoScriptInfo (0ms)
			ResolveRequiredComponents (1ms)
	FinalizeReload (416ms)
		ReleaseScriptCaches (0ms)
		RebuildScriptCaches (0ms)
		SetupLoadedEditorAssemblies (349ms)
			LogAssemblyErrors (0ms)
			InitializePlatformSupportModulesInManaged (19ms)
			SetLoadedEditorAssemblies (11ms)
			RefreshPlugins (0ms)
			BeforeProcessingInitializeOnLoad (3ms)
			ProcessInitializeOnLoadAttributes (239ms)
			ProcessInitializeOnLoadMethodAttributes (76ms)
			AfterProcessingInitializeOnLoad (0ms)
			EditorAssembliesLoaded (0ms)
		ExecutionOrderSort2 (0ms)
		AwakeInstancesAfterBackupRestoration (0ms)
========================================================================
Worker process is ready to serve import requests
Caller must complete domain reload
Begin MonoManager ReloadAssembly
- Loaded All Assemblies, in  1.398 seconds
Native extension for WindowsStandalone target not found
Package Manager log level set to [2]
[Package Manager] Server::EnsureServerProcessIsRunning -- launch failed, reason: Unity was launched with the -noUpm command-line argument
[Package Manager] UpmClient::Send -- Unable to send message (not connected to UPM process).
[Package Manager] Cannot connect to Unity Package Manager local server
Mono: successfully reloaded assembly
[Package Manager] Server::EnsureServerProcessIsRunning -- launch failed, reason: Unity was launched with the -noUpm command-line argument
[Package Manager] UpmClient::Send -- Unable to send message (not connected to UPM process).
[Package Manager] Cannot connect to Unity Package Manager local server
[Package Manager] Server::EnsureServerProcessIsRunning -- launch failed, reason: Unity was launched with the -noUpm command-line argument
[Package Manager] UpmClient::Send -- Unable to send message (not connected to UPM process).
[Package Manager] Cannot connect to Unity Package Manager local server
- Finished resetting the current domain, in  1.728 seconds
Domain Reload Profiling: 3115ms
	BeginReloadAssembly (199ms)
		ExecutionOrderSort (0ms)
		DisableScriptedObjects (8ms)
		BackupInstance (0ms)
		ReleaseScriptingObjects (0ms)
		CreateAndSetChildDomain (27ms)
	RebuildCommonClasses (46ms)
	RebuildNativeTypeToScriptingClass (17ms)
	initialDomainReloadingComplete (73ms)
	LoadAllAssembliesAndSetupDomain (1051ms)
		LoadAssemblies (651ms)
		RebuildTransferFunctionScriptingTraits (0ms)
		AnalyzeDomain (517ms)
			TypeCache.Refresh (428ms)
				TypeCache.ScanAssembly (398ms)
			ScanForSourceGeneratedMonoScriptInfo (61ms)
			ResolveRequiredComponents (24ms)
	FinalizeReload (1729ms)
		ReleaseScriptCaches (0ms)
		RebuildScriptCaches (0ms)
		SetupLoadedEditorAssemblies (1389ms)
			LogAssemblyErrors (0ms)
			InitializePlatformSupportModulesInManaged (10ms)
			SetLoadedEditorAssemblies (7ms)
			RefreshPlugins (0ms)
			BeforeProcessingInitializeOnLoad (171ms)
			ProcessInitializeOnLoadAttributes (794ms)
			ProcessInitializeOnLoadMethodAttributes (392ms)
			AfterProcessingInitializeOnLoad (14ms)
			EditorAssembliesLoaded (0ms)
		ExecutionOrderSort2 (0ms)
		AwakeInstancesAfterBackupRestoration (11ms)
WARNING: Shader Unsupported: 'Hidden/Builtin_TerrainVisualization' - All subshaders removed
WARNING: Shader Did you use #pragma only_renderers and omit this platform?
WARNING: Shader If subshaders removal was intentional, you may have forgotten turning Fallback off?
WARNING: Shader Unsupported: 'Hidden/Builtin_TerrainVisualization' - All subshaders removed
WARNING: Shader Did you use #pragma only_renderers and omit this platform?
WARNING: Shader If subshaders removal was intentional, you may have forgotten turning Fallback off?
WARNING: Shader Unsupported: 'Hidden/Universal Render Pipeline/Terrain/Lit (Base Pass)' - All subshaders removed
WARNING: Shader Did you use #pragma only_renderers and omit this platform?
WARNING: Shader If subshaders removal was intentional, you may have forgotten turning Fallback off?
WARNING: Shader Unsupported: 'Hidden/Universal Render Pipeline/Terrain/Lit (Base Pass)' - All subshaders removed
WARNING: Shader Did you use #pragma only_renderers and omit this platform?
WARNING: Shader If subshaders removal was intentional, you may have forgotten turning Fallback off?
WARNING: Shader Unsupported: 'Universal Render Pipeline/Terrain/Lit' - All subshaders removed
WARNING: Shader Did you use #pragma only_renderers and omit this platform?
WARNING: Shader If subshaders removal was intentional, you may have forgotten turning Fallback off?
WARNING: Shader Unsupported: 'Universal Render Pipeline/Terrain/Lit' - All subshaders removed
WARNING: Shader Did you use #pragma only_renderers and omit this platform?
WARNING: Shader If subshaders removal was intentional, you may have forgotten turning Fallback off?
Shader 'Fristy/Nature/Leaves 2': fallback shader 'TransparentCutout' not found
Shader 'Fristy/Nature/Leaves': fallback shader 'TransparentCutout' not found
Shader 'Fristy/Nature/Leaves': fallback shader 'TransparentCutout' not found
Shader 'Fristy/Nature/Leaves 2': fallback shader 'TransparentCutout' not found
Launched and connected shader compiler UnityShaderCompiler.exe after 0.05 seconds
Refreshing native plugins compatible for Editor in 28.17 ms, found 12 plugins.
Preloading 0 native plugins for Editor in 0.00 ms.
Unloading 9287 Unused Serialized files (Serialized files now loaded: 0)
Unloading 166 unused Assets / (7.0 MB). Loaded Objects now: 9815.
Memory consumption went from 471.4 MB to 464.3 MB.
Total: 8.264400 ms (FindLiveObjects: 0.900300 ms CreateObjectMapping: 0.336700 ms MarkObjects: 4.911500 ms  DeleteObjects: 2.114500 ms)

AssetImportParameters requested are different than current active one (requested -> active):
  custom:container-demuxer-ogg: 62fdf1f143b41e24485cea50d1cbac27 -> 
  custom:framework-win-MediaFoundation: 216162199b28c13a410421893ffa2e32 -> 
  custom:container-muxer-webm: aa71ff27fc2769a1b78a27578f13a17b -> 
  custom:video-decoder-webm-vp8: 9c59270c3fd7afecdb556c50c9e8de78 -> 
  custom:SearchIndexIgnoredProperties: e643bd26f0fe6173181afceb89e7c659 -> 
  custom:AudioImporter_EditorPlatform: d09bf68614088b80899f8185d706f6e7 -> 
  custom:audio-decoder-ogg-vorbis: bf7c407c2cedff20999df2af8eb42d56 -> 
  custom:audio-encoder-webm-vorbis: bf7c407c2cedff20999df2af8eb42d56 -> 
  custom:video-codec-MediaFoundation-h265: 746d11721c4dcdbdad8f713fa42b33f4 -> 
  custom:video-decoder-ogg-theora: a1e56fd34408186e4bbccfd4996cb3dc -> 
  custom:CustomObjectIndexerAttribute: 3ead1caaecf1c488f20bcfeb224b6af5 -> 
  custom:container-demuxer-webm: 4f35f7cbe854078d1ac9338744f61a02 -> 
  custom:video-encoder-webm-vp8: eb34c28f22e8b96e1ab97ce403110664 -> 
========================================================================
Received Import Request.
  Time since last request: 975374.803425 seconds.
  path: Assets/Grass And Flowers Pack 1/Grass
  artifactKey: Guid(30f0779fc61380549baa7317d265612e) Importer(815301076,1909f56bfc062723c751e8b465ee728b)
Start importing Assets/Grass And Flowers Pack 1/Grass using Guid(30f0779fc61380549baa7317d265612e) Importer(815301076,1909f56bfc062723c751e8b465ee728b) [PhysX] Initialized MultithreadedTaskDispatcher with 16 workers.
 -> (artifact id: '2fbc7b14d72ecc86a6e9ea7fbcc68f49') in 0.002241 seconds
Number of updated asset objects reloaded before import = 0
Number of asset objects unloaded after import = 0
========================================================================
Received Import Request.
  Time since last request: 225.905912 seconds.
  path: Assets/PBR_Grass_Flowers_Pack_01/materials/big_green_grass01.mat
  artifactKey: Guid(b60f938bd49adcc418751cc23c808f2c) Importer(815301076,1909f56bfc062723c751e8b465ee728b)
Start importing Assets/PBR_Grass_Flowers_Pack_01/materials/big_green_grass01.mat using Guid(b60f938bd49adcc418751cc23c808f2c) Importer(815301076,1909f56bfc062723c751e8b465ee728b) [PhysX] Initialized MultithreadedTaskDispatcher with 16 workers.
[PhysX] Initialized MultithreadedTaskDispatcher with 16 workers.
 -> (artifact id: '96d0cc050998db70fa74cd129339d791') in 1.256829 seconds
Number of updated asset objects reloaded before import = 0
Number of asset objects unloaded after import = 70
========================================================================
Received Import Request.
  Time since last request: 0.000072 seconds.
  path: Assets/PBR_Grass_Flowers_Pack_01/ExtraMeshes/Textures/ForestGrassDet01.tga
  artifactKey: Guid(5f99c13d93bd75848afb683f50d585c9) Importer(815301076,1909f56bfc062723c751e8b465ee728b)
Start importing Assets/PBR_Grass_Flowers_Pack_01/ExtraMeshes/Textures/ForestGrassDet01.tga using Guid(5f99c13d93bd75848afb683f50d585c9) Importer(815301076,1909f56bfc062723c751e8b465ee728b) [PhysX] Initialized MultithreadedTaskDispatcher with 16 workers.
[PhysX] Initialized MultithreadedTaskDispatcher with 16 workers.
 -> (artifact id: '967b3a3c64556adfc0a9cf902a6d5513') in 0.046607 seconds
Number of updated asset objects reloaded before import = 0
Number of asset objects unloaded after import = 2
========================================================================
Received Import Request.
  Time since last request: 0.000061 seconds.
  path: Assets/PBR_Grass_Flowers_Pack_01/models/BigGreenGrassDetail04.prefab
  artifactKey: Guid(973461ab7dd1d434db7d4da18a633b91) Importer(815301076,1909f56bfc062723c751e8b465ee728b)
Start importing Assets/PBR_Grass_Flowers_Pack_01/models/BigGreenGrassDetail04.prefab using Guid(973461ab7dd1d434db7d4da18a633b91) Importer(815301076,1909f56bfc062723c751e8b465ee728b) [PhysX] Initialized MultithreadedTaskDispatcher with 16 workers.
[PhysX] Initialized MultithreadedTaskDispatcher with 16 workers.
[PhysX] Initialized MultithreadedTaskDispatcher with 16 workers.
[PhysX] Initialized MultithreadedTaskDispatcher with 16 workers.
[PhysX] Initialized MultithreadedTaskDispatcher with 16 workers.
 -> (artifact id: 'bf01ea654fd86df836aa2405b6e63c23') in 0.341189 seconds
Number of updated asset objects reloaded before import = 0
Number of asset objects unloaded after import = 23
========================================================================
Received Import Request.
  Time since last request: 0.000057 seconds.
  path: Assets/PBR_Grass_Flowers_Pack_01/models/ForestGrass01Detail01.prefab
  artifactKey: Guid(dd83e56acfa85674dbc74ec368c7ae2f) Importer(815301076,1909f56bfc062723c751e8b465ee728b)
Start importing Assets/PBR_Grass_Flowers_Pack_01/models/ForestGrass01Detail01.prefab using Guid(dd83e56acfa85674dbc74ec368c7ae2f) Importer(815301076,1909f56bfc062723c751e8b465ee728b) [PhysX] Initialized MultithreadedTaskDispatcher with 16 workers.
[PhysX] Initialized MultithreadedTaskDispatcher with 16 workers.
[PhysX] Initialized MultithreadedTaskDispatcher with 16 workers.
[PhysX] Initialized MultithreadedTaskDispatcher with 16 workers.
[PhysX] Initialized MultithreadedTaskDispatcher with 16 workers.
 -> (artifact id: '6ed66779303b3d7a477f8d67bc9cd4bd') in 0.091961 seconds
Number of updated asset objects reloaded before import = 0
Number of asset objects unloaded after import = 25
========================================================================
Received Import Request.
  Time since last request: 0.000086 seconds.
  path: Assets/PBR_Grass_Flowers_Pack_01/models/BigGreenGrassDetail01.prefab
  artifactKey: Guid(da24fec085d4fbe4e9c189922acdc8bc) Importer(815301076,1909f56bfc062723c751e8b465ee728b)
Start importing Assets/PBR_Grass_Flowers_Pack_01/models/BigGreenGrassDetail01.prefab using Guid(da24fec085d4fbe4e9c189922acdc8bc) Importer(815301076,1909f56bfc062723c751e8b465ee728b) [PhysX] Initialized MultithreadedTaskDispatcher with 16 workers.
[PhysX] Initialized MultithreadedTaskDispatcher with 16 workers.
[PhysX] Initialized MultithreadedTaskDispatcher with 16 workers.
[PhysX] Initialized MultithreadedTaskDispatcher with 16 workers.
[PhysX] Initialized MultithreadedTaskDispatcher with 16 workers.
 -> (artifact id: '1f19bdab1c1f357fa841e2cd9fd730a3') in 0.139230 seconds
Number of updated asset objects reloaded before import = 0
Number of asset objects unloaded after import = 23
========================================================================
Received Import Request.
  Time since last request: 0.000038 seconds.
  path: Assets/PBR_Grass_Flowers_Pack_01/ExtraMeshes/Textures/ForestGrassDet01_G.tga
  artifactKey: Guid(2a66c7a52d2fe1e4d9044fe893ac1541) Importer(815301076,1909f56bfc062723c751e8b465ee728b)
Start importing Assets/PBR_Grass_Flowers_Pack_01/ExtraMeshes/Textures/ForestGrassDet01_G.tga using Guid(2a66c7a52d2fe1e4d9044fe893ac1541) Importer(815301076,1909f56bfc062723c751e8b465ee728b) [PhysX] Initialized MultithreadedTaskDispatcher with 16 workers.
[PhysX] Initialized MultithreadedTaskDispatcher with 16 workers.
 -> (artifact id: 'd5cd932a36d7c9bb766058568ddf947c') in 0.024953 seconds
Number of updated asset objects reloaded before import = 0
Number of asset objects unloaded after import = 2
========================================================================
Received Import Request.
  Time since last request: 0.000037 seconds.
  path: Assets/PBR_Grass_Flowers_Pack_01/textures/big_green_grass02.tga
  artifactKey: Guid(788bbe7f5f93d1046b30b50a10df945a) Importer(815301076,1909f56bfc062723c751e8b465ee728b)
Start importing Assets/PBR_Grass_Flowers_Pack_01/textures/big_green_grass02.tga using Guid(788bbe7f5f93d1046b30b50a10df945a) Importer(815301076,1909f56bfc062723c751e8b465ee728b) [PhysX] Initialized MultithreadedTaskDispatcher with 16 workers.
[PhysX] Initialized MultithreadedTaskDispatcher with 16 workers.
 -> (artifact id: '140db8389828b4a413f0f7134e4fd94e') in 0.029031 seconds
Number of updated asset objects reloaded before import = 0
Number of asset objects unloaded after import = 2
========================================================================
Received Import Request.
  Time since last request: 0.000044 seconds.
  path: Assets/PBR_Grass_Flowers_Pack_01/textures/big_green_grass02_N.png
  artifactKey: Guid(31232dd42fc2b19458eb67d212100123) Importer(815301076,1909f56bfc062723c751e8b465ee728b)
Start importing Assets/PBR_Grass_Flowers_Pack_01/textures/big_green_grass02_N.png using Guid(31232dd42fc2b19458eb67d212100123) Importer(815301076,1909f56bfc062723c751e8b465ee728b) [PhysX] Initialized MultithreadedTaskDispatcher with 16 workers.
[PhysX] Initialized MultithreadedTaskDispatcher with 16 workers.
 -> (artifact id: '436579e8d52d99a1e8962d08aa1e57b4') in 0.033946 seconds
Number of updated asset objects reloaded before import = 0
Number of asset objects unloaded after import = 2
========================================================================
Received Import Request.
  Time since last request: 0.000035 seconds.
  path: Assets/PBR_Grass_Flowers_Pack_01/models/DryGrassDetail01.prefab
  artifactKey: Guid(ddfae00ad2da8d340b6387d46099642b) Importer(815301076,1909f56bfc062723c751e8b465ee728b)
Start importing Assets/PBR_Grass_Flowers_Pack_01/models/DryGrassDetail01.prefab using Guid(ddfae00ad2da8d340b6387d46099642b) Importer(815301076,1909f56bfc062723c751e8b465ee728b) [PhysX] Initialized MultithreadedTaskDispatcher with 16 workers.
[PhysX] Initialized MultithreadedTaskDispatcher with 16 workers.
[PhysX] Initialized MultithreadedTaskDispatcher with 16 workers.
[PhysX] Initialized MultithreadedTaskDispatcher with 16 workers.
[PhysX] Initialized MultithreadedTaskDispatcher with 16 workers.
 -> (artifact id: 'cb386304fbf836880879b73d8e0d5ef0') in 0.095133 seconds
Number of updated asset objects reloaded before import = 0
Number of asset objects unloaded after import = 15
========================================================================
Received Import Request.
  Time since last request: 0.286893 seconds.
  path: Assets/TerrainDemoScene_HDRP/Terrain/Textures/Grass_A/Grass_A_Normal.tif
  artifactKey: Guid(c00756ebe5d45cd49a5af53f5b77118f) Importer(815301076,1909f56bfc062723c751e8b465ee728b)
Start importing Assets/TerrainDemoScene_HDRP/Terrain/Textures/Grass_A/Grass_A_Normal.tif using Guid(c00756ebe5d45cd49a5af53f5b77118f) Importer(815301076,1909f56bfc062723c751e8b465ee728b) [PhysX] Initialized MultithreadedTaskDispatcher with 16 workers.
[PhysX] Initialized MultithreadedTaskDispatcher with 16 workers.
 -> (artifact id: '8c4a01ea8e4d59ae9e64f9e20bad0181') in 0.034089 seconds
Number of updated asset objects reloaded before import = 0
Number of asset objects unloaded after import = 2
========================================================================
Received Import Request.
  Time since last request: 0.000050 seconds.
  path: Assets/TerrainSampleAssets/Textures/Terrain/Grass_B_BaseColor.tif
  artifactKey: Guid(e318f31bebce62d48a648da3f8ba56c9) Importer(815301076,1909f56bfc062723c751e8b465ee728b)
Start importing Assets/TerrainSampleAssets/Textures/Terrain/Grass_B_BaseColor.tif using Guid(e318f31bebce62d48a648da3f8ba56c9) Importer(815301076,1909f56bfc062723c751e8b465ee728b) [PhysX] Initialized MultithreadedTaskDispatcher with 16 workers.
[PhysX] Initialized MultithreadedTaskDispatcher with 16 workers.
 -> (artifact id: '7255077d4f6a845c655f9a3890bd9865') in 0.029976 seconds
Number of updated asset objects reloaded before import = 0
Number of asset objects unloaded after import = 2
========================================================================
Received Import Request.
  Time since last request: 0.000041 seconds.
  path: Assets/TerrainSampleAssets/Textures/Terrain/Grass_Dry_MaskMap.tif
  artifactKey: Guid(9f2c593ad6e69ad4ab880e57ce9b69d6) Importer(815301076,1909f56bfc062723c751e8b465ee728b)
Start importing Assets/TerrainSampleAssets/Textures/Terrain/Grass_Dry_MaskMap.tif using Guid(9f2c593ad6e69ad4ab880e57ce9b69d6) Importer(815301076,1909f56bfc062723c751e8b465ee728b) [PhysX] Initialized MultithreadedTaskDispatcher with 16 workers.
[PhysX] Initialized MultithreadedTaskDispatcher with 16 workers.
 -> (artifact id: 'c59362d75f174e198f6d367b6134064e') in 0.034529 seconds
Number of updated asset objects reloaded before import = 0
Number of asset objects unloaded after import = 2
========================================================================
Received Import Request.
  Time since last request: 0.000062 seconds.
  path: Assets/TerrainSampleAssets/TerrainLayers/Grass_Dry_TerrainLayer.terrainlayer
  artifactKey: Guid(0cbb01b61ed524a48a119d81aa262fed) Importer(815301076,1909f56bfc062723c751e8b465ee728b)
Start importing Assets/TerrainSampleAssets/TerrainLayers/Grass_Dry_TerrainLayer.terrainlayer using Guid(0cbb01b61ed524a48a119d81aa262fed) Importer(815301076,1909f56bfc062723c751e8b465ee728b) [PhysX] Initialized MultithreadedTaskDispatcher with 16 workers.
 -> (artifact id: '85429dc625b4547a8c1141656ffb6d39') in 0.044160 seconds
Number of updated asset objects reloaded before import = 0
Number of asset objects unloaded after import = 5
========================================================================
Received Import Request.
  Time since last request: 0.000040 seconds.
  path: Assets/PBR_Grass_Flowers_Pack_01/ExtraMeshes/Textures/GrassDetMap03.tga
  artifactKey: Guid(ec564458d40694e4498db89bdba8ff73) Importer(815301076,1909f56bfc062723c751e8b465ee728b)
Start importing Assets/PBR_Grass_Flowers_Pack_01/ExtraMeshes/Textures/GrassDetMap03.tga using Guid(ec564458d40694e4498db89bdba8ff73) Importer(815301076,1909f56bfc062723c751e8b465ee728b) [PhysX] Initialized MultithreadedTaskDispatcher with 16 workers.
[PhysX] Initialized MultithreadedTaskDispatcher with 16 workers.
 -> (artifact id: '24a2310ac615ae87c57eb1b07c3c67e9') in 0.027333 seconds
Number of updated asset objects reloaded before import = 0
Number of asset objects unloaded after import = 2
========================================================================
Received Import Request.
  Time since last request: 0.000035 seconds.
  path: Assets/PBR_Grass_Flowers_Pack_01/ExtraMeshes/GrassDetMesh01.fbx
  artifactKey: Guid(d203b2459cccdad44a077abba73133ae) Importer(815301076,1909f56bfc062723c751e8b465ee728b)
Start importing Assets/PBR_Grass_Flowers_Pack_01/ExtraMeshes/GrassDetMesh01.fbx using Guid(d203b2459cccdad44a077abba73133ae) Importer(815301076,1909f56bfc062723c751e8b465ee728b) [PhysX] Initialized MultithreadedTaskDispatcher with 16 workers.
[PhysX] Initialized MultithreadedTaskDispatcher with 16 workers.
[PhysX] Initialized MultithreadedTaskDispatcher with 16 workers.
 -> (artifact id: '32a6a03e1f45b18e65db991e556155e4') in 0.077922 seconds
Number of updated asset objects reloaded before import = 0
Number of asset objects unloaded after import = 11
========================================================================
Received Import Request.
  Time since last request: 0.000040 seconds.
  path: Assets/PBR_Grass_Flowers_Pack_01/GroundTextures/GroundGrassGreen_BigUV_01_N.png
  artifactKey: Guid(cacce7e2d4806fa4697d0dfe112245f3) Importer(815301076,1909f56bfc062723c751e8b465ee728b)
Start importing Assets/PBR_Grass_Flowers_Pack_01/GroundTextures/GroundGrassGreen_BigUV_01_N.png using Guid(cacce7e2d4806fa4697d0dfe112245f3) Importer(815301076,1909f56bfc062723c751e8b465ee728b) [PhysX] Initialized MultithreadedTaskDispatcher with 16 workers.
[PhysX] Initialized MultithreadedTaskDispatcher with 16 workers.
 -> (artifact id: '302e5e6bb038e259aba1d344fb6d0a5f') in 0.154704 seconds
Number of updated asset objects reloaded before import = 0
Number of asset objects unloaded after import = 2
========================================================================
Received Import Request.
  Time since last request: 0.000071 seconds.
  path: Assets/PBR_Grass_Flowers_Pack_01/ExtraMeshes/Textures/GrassDetMap02.tga
  artifactKey: Guid(44c22d38db5b7e94fa9d6e6653ac8a09) Importer(815301076,1909f56bfc062723c751e8b465ee728b)
Start importing Assets/PBR_Grass_Flowers_Pack_01/ExtraMeshes/Textures/GrassDetMap02.tga using Guid(44c22d38db5b7e94fa9d6e6653ac8a09) Importer(815301076,1909f56bfc062723c751e8b465ee728b) [PhysX] Initialized MultithreadedTaskDispatcher with 16 workers.
[PhysX] Initialized MultithreadedTaskDispatcher with 16 workers.
 -> (artifact id: '139757d8df8a45ceaa71cfa1c1e7a074') in 0.030780 seconds
Number of updated asset objects reloaded before import = 0
Number of asset objects unloaded after import = 2
========================================================================
Received Import Request.
  Time since last request: 0.000114 seconds.
  path: Assets/PBR_Grass_Flowers_Pack_01/ExtraMeshes/Textures/GrassDetMap01.tga
  artifactKey: Guid(8d80dac73c478104db7909da42452cc2) Importer(815301076,1909f56bfc062723c751e8b465ee728b)
Start importing Assets/PBR_Grass_Flowers_Pack_01/ExtraMeshes/Textures/GrassDetMap01.tga using Guid(8d80dac73c478104db7909da42452cc2) Importer(815301076,1909f56bfc062723c751e8b465ee728b) [PhysX] Initialized MultithreadedTaskDispatcher with 16 workers.
[PhysX] Initialized MultithreadedTaskDispatcher with 16 workers.
 -> (artifact id: 'e93385d7a4f0c3c58745fa622a6d0b8f') in 0.048111 seconds
Number of updated asset objects reloaded before import = 0
Number of asset objects unloaded after import = 2
========================================================================
Received Import Request.
  Time since last request: 0.000037 seconds.
  path: Assets/NatureManufacture Assets/Advanced Foliage Pack/Unity grass/Unity Billboard Grass/T_grass_02_dry_A_M.png
  artifactKey: Guid(73c43ec2de48a1f4a8ef8bf191b2a17d) Importer(815301076,1909f56bfc062723c751e8b465ee728b)
Start importing Assets/NatureManufacture Assets/Advanced Foliage Pack/Unity grass/Unity Billboard Grass/T_grass_02_dry_A_M.png using Guid(73c43ec2de48a1f4a8ef8bf191b2a17d) Importer(815301076,1909f56bfc062723c751e8b465ee728b) [PhysX] Initialized MultithreadedTaskDispatcher with 16 workers.
[PhysX] Initialized MultithreadedTaskDispatcher with 16 workers.
 -> (artifact id: '14c2c248a7001d56981948adecb772a3') in 0.025887 seconds
Number of updated asset objects reloaded before import = 0
Number of asset objects unloaded after import = 2
========================================================================
Received Import Request.
  Time since last request: 0.000038 seconds.
  path: Assets/NatureManufacture Assets/Advanced Foliage Pack/Unity grass/Unity Billboard Grass/T_grass_05_A_M.png
  artifactKey: Guid(edf5d60d6ee4ffc45b820b26648eb495) Importer(815301076,1909f56bfc062723c751e8b465ee728b)
Start importing Assets/NatureManufacture Assets/Advanced Foliage Pack/Unity grass/Unity Billboard Grass/T_grass_05_A_M.png using Guid(edf5d60d6ee4ffc45b820b26648eb495) Importer(815301076,1909f56bfc062723c751e8b465ee728b) [PhysX] Initialized MultithreadedTaskDispatcher with 16 workers.
[PhysX] Initialized MultithreadedTaskDispatcher with 16 workers.
 -> (artifact id: '4362511c3ffec5f36a43ff560b8c28af') in 0.023124 seconds
Number of updated asset objects reloaded before import = 0
Number of asset objects unloaded after import = 2
========================================================================
Received Import Request.
  Time since last request: 0.000046 seconds.
  path: Assets/PalmTreePack/Textures/Props/TexturesCom_Grass0110_1_seamless_S.png
  artifactKey: Guid(1b73d5c30cdc81948ade6907b3dbc87c) Importer(815301076,1909f56bfc062723c751e8b465ee728b)
Start importing Assets/PalmTreePack/Textures/Props/TexturesCom_Grass0110_1_seamless_S.png using Guid(1b73d5c30cdc81948ade6907b3dbc87c) Importer(815301076,1909f56bfc062723c751e8b465ee728b) [PhysX] Initialized MultithreadedTaskDispatcher with 16 workers.
[PhysX] Initialized MultithreadedTaskDispatcher with 16 workers.
 -> (artifact id: '6f7e824116079b7d0627c7b416b08845') in 0.026979 seconds
Number of updated asset objects reloaded before import = 0
Number of asset objects unloaded after import = 2
========================================================================
Received Import Request.
  Time since last request: 0.000034 seconds.
  path: Assets/NatureManufacture Assets/Advanced Foliage Pack/Advanced Grass/Materials/M_atlas_grass_01.mat
  artifactKey: Guid(60ebafc534e7d164ca554165a90ca71b) Importer(815301076,1909f56bfc062723c751e8b465ee728b)
Start importing Assets/NatureManufacture Assets/Advanced Foliage Pack/Advanced Grass/Materials/M_atlas_grass_01.mat using Guid(60ebafc534e7d164ca554165a90ca71b) Importer(815301076,1909f56bfc062723c751e8b465ee728b) [PhysX] Initialized MultithreadedTaskDispatcher with 16 workers.
[PhysX] Initialized MultithreadedTaskDispatcher with 16 workers.
 -> (artifact id: '8777a5579797c92d6d2548fb19f0c2ef') in 0.035624 seconds
Number of updated asset objects reloaded before import = 0
Number of asset objects unloaded after import = 4
========================================================================
Received Import Request.
  Time since last request: 0.000040 seconds.
  path: Assets/NatureManufacture Assets/Advanced Foliage Pack/Advanced Grass/Textures/T_atlas_grass_01_Mt_AO_Sm.png
  artifactKey: Guid(b18669044de00e44797de8883b9dc196) Importer(815301076,1909f56bfc062723c751e8b465ee728b)
Start importing Assets/NatureManufacture Assets/Advanced Foliage Pack/Advanced Grass/Textures/T_atlas_grass_01_Mt_AO_Sm.png using Guid(b18669044de00e44797de8883b9dc196) Importer(815301076,1909f56bfc062723c751e8b465ee728b) [PhysX] Initialized MultithreadedTaskDispatcher with 16 workers.
[PhysX] Initialized MultithreadedTaskDispatcher with 16 workers.
 -> (artifact id: '0daa7330fee8c27dd77ffbd5ca37bc04') in 0.030725 seconds
Number of updated asset objects reloaded before import = 0
Number of asset objects unloaded after import = 2
========================================================================
Received Import Request.
  Time since last request: 0.000040 seconds.
  path: Assets/NatureManufacture Assets/Advanced Foliage Pack/Unity grass/Unity Grass Models/Materials Snow/M_Unity_Snow_Grass_fern_01.mat
  artifactKey: Guid(973812e54e619204a8ff4a11c063595b) Importer(815301076,1909f56bfc062723c751e8b465ee728b)
Start importing Assets/NatureManufacture Assets/Advanced Foliage Pack/Unity grass/Unity Grass Models/Materials Snow/M_Unity_Snow_Grass_fern_01.mat using Guid(973812e54e619204a8ff4a11c063595b) Importer(815301076,1909f56bfc062723c751e8b465ee728b) [PhysX] Initialized MultithreadedTaskDispatcher with 16 workers.
[PhysX] Initialized MultithreadedTaskDispatcher with 16 workers.
 -> (artifact id: 'de357e4075b555b86dceb20bbfa9ddd2') in 0.047534 seconds
Number of updated asset objects reloaded before import = 0
Number of asset objects unloaded after import = 5
========================================================================
Received Import Request.
  Time since last request: 0.000049 seconds.
  path: Assets/PBR_Grass_Flowers_Pack_01/materials/SwampGrass03.mat
  artifactKey: Guid(5a375ae5e54ffd54fa048ec9d80ffa73) Importer(815301076,1909f56bfc062723c751e8b465ee728b)
Start importing Assets/PBR_Grass_Flowers_Pack_01/materials/SwampGrass03.mat using Guid(5a375ae5e54ffd54fa048ec9d80ffa73) Importer(815301076,1909f56bfc062723c751e8b465ee728b) [PhysX] Initialized MultithreadedTaskDispatcher with 16 workers.
[PhysX] Initialized MultithreadedTaskDispatcher with 16 workers.
 -> (artifact id: 'e22f79f0c948f6f396c90f91a358b183') in 0.015304 seconds
Number of updated asset objects reloaded before import = 0
Number of asset objects unloaded after import = 1
========================================================================
Received Import Request.
  Time since last request: 0.000034 seconds.
  path: Assets/NatureManufacture Assets/Advanced Foliage Pack/Ground Textures/T_Ground_Grass_02_A_Sm.tga
  artifactKey: Guid(8aea69057aff0b341941b6a5185ea567) Importer(815301076,1909f56bfc062723c751e8b465ee728b)
Start importing Assets/NatureManufacture Assets/Advanced Foliage Pack/Ground Textures/T_Ground_Grass_02_A_Sm.tga using Guid(8aea69057aff0b341941b6a5185ea567) Importer(815301076,1909f56bfc062723c751e8b465ee728b) [PhysX] Initialized MultithreadedTaskDispatcher with 16 workers.
[PhysX] Initialized MultithreadedTaskDispatcher with 16 workers.
 -> (artifact id: '674d94a3d2ececb132a5a225ab67532f') in 0.025065 seconds
Number of updated asset objects reloaded before import = 0
Number of asset objects unloaded after import = 2
========================================================================
Received Import Request.
  Time since last request: 0.000036 seconds.
  path: Assets/NatureManufacture Assets/Advanced Foliage Pack/Ground Textures/T_Ground_Grass_02_AO.tga
  artifactKey: Guid(2d262905143bd194da9c521023722a82) Importer(815301076,1909f56bfc062723c751e8b465ee728b)
Start importing Assets/NatureManufacture Assets/Advanced Foliage Pack/Ground Textures/T_Ground_Grass_02_AO.tga using Guid(2d262905143bd194da9c521023722a82) Importer(815301076,1909f56bfc062723c751e8b465ee728b) [PhysX] Initialized MultithreadedTaskDispatcher with 16 workers.
[PhysX] Initialized MultithreadedTaskDispatcher with 16 workers.
 -> (artifact id: '51924737bc1840f18dcabe9edc1da765') in 0.024570 seconds
Number of updated asset objects reloaded before import = 0
Number of asset objects unloaded after import = 2
========================================================================
Received Import Request.
  Time since last request: 0.000039 seconds.
  path: Assets/PBR_Grass_Flowers_Pack_01/Prefabs/WindZoneGrassFlowers.prefab
  artifactKey: Guid(7a5ff21dbb7c42b40832c5cc1f70b1df) Importer(815301076,1909f56bfc062723c751e8b465ee728b)
Start importing Assets/PBR_Grass_Flowers_Pack_01/Prefabs/WindZoneGrassFlowers.prefab using Guid(7a5ff21dbb7c42b40832c5cc1f70b1df) Importer(815301076,1909f56bfc062723c751e8b465ee728b) [PhysX] Initialized MultithreadedTaskDispatcher with 16 workers.
 -> (artifact id: 'a6040d36751b663bb7d50547de3ff2c0') in 0.002762 seconds
Number of updated asset objects reloaded before import = 0
Number of asset objects unloaded after import = 5
========================================================================
Received Import Request.
  Time since last request: 0.000043 seconds.
  path: Assets/PBR_Grass_Flowers_Pack_01/ExtraMeshes/Materials/GrassDetMap02.mat
  artifactKey: Guid(30690bffd6377dc41aebd4667bab0841) Importer(815301076,1909f56bfc062723c751e8b465ee728b)
Start importing Assets/PBR_Grass_Flowers_Pack_01/ExtraMeshes/Materials/GrassDetMap02.mat using Guid(30690bffd6377dc41aebd4667bab0841) Importer(815301076,1909f56bfc062723c751e8b465ee728b) [PhysX] Initialized MultithreadedTaskDispatcher with 16 workers.
[PhysX] Initialized MultithreadedTaskDispatcher with 16 workers.
 -> (artifact id: '77fdf35f04f7bb636c3160651d1810fb') in 0.106744 seconds
Number of updated asset objects reloaded before import = 0
Number of asset objects unloaded after import = 4
========================================================================
Received Import Request.
  Time since last request: 0.000044 seconds.
  path: Assets/PBR_Grass_Flowers_Pack_01/ExtraMeshes/GrassDetMesh01White.fbx
  artifactKey: Guid(a5da0fde231cbd647aa1e066bb38d4eb) Importer(815301076,1909f56bfc062723c751e8b465ee728b)
Start importing Assets/PBR_Grass_Flowers_Pack_01/ExtraMeshes/GrassDetMesh01White.fbx using Guid(a5da0fde231cbd647aa1e066bb38d4eb) Importer(815301076,1909f56bfc062723c751e8b465ee728b) [PhysX] Initialized MultithreadedTaskDispatcher with 16 workers.
[PhysX] Initialized MultithreadedTaskDispatcher with 16 workers.
[PhysX] Initialized MultithreadedTaskDispatcher with 16 workers.
 -> (artifact id: '173cfb259fc1270be0e29d02b9dce990') in 0.069285 seconds
Number of updated asset objects reloaded before import = 0
Number of asset objects unloaded after import = 11
========================================================================
Received Import Request.
  Time since last request: 0.000046 seconds.
  path: Assets/TerrainSampleAssets/Prefabs/Details/Textures/Grass_Dry_MaskMap.tif
  artifactKey: Guid(0e4e84521e5ade040a90daa795f9441b) Importer(815301076,1909f56bfc062723c751e8b465ee728b)
Start importing Assets/TerrainSampleAssets/Prefabs/Details/Textures/Grass_Dry_MaskMap.tif using Guid(0e4e84521e5ade040a90daa795f9441b) Importer(815301076,1909f56bfc062723c751e8b465ee728b) [PhysX] Initialized MultithreadedTaskDispatcher with 16 workers.
[PhysX] Initialized MultithreadedTaskDispatcher with 16 workers.
 -> (artifact id: 'b93a336c9352e26d2d1d0534467ca11a') in 0.022315 seconds
Number of updated asset objects reloaded before import = 0
Number of asset objects unloaded after import = 2
========================================================================
Received Import Request.
  Time since last request: 0.000047 seconds.
  path: Assets/NatureManufacture Assets/Advanced Foliage Pack/Unity grass/Unity Billboard Grass/T_grass_09_A_M.png
  artifactKey: Guid(a56e0c5381fa9e648b91b112c6d46b0e) Importer(815301076,1909f56bfc062723c751e8b465ee728b)
Start importing Assets/NatureManufacture Assets/Advanced Foliage Pack/Unity grass/Unity Billboard Grass/T_grass_09_A_M.png using Guid(a56e0c5381fa9e648b91b112c6d46b0e) Importer(815301076,1909f56bfc062723c751e8b465ee728b) [PhysX] Initialized MultithreadedTaskDispatcher with 16 workers.
[PhysX] Initialized MultithreadedTaskDispatcher with 16 workers.
 -> (artifact id: 'bc685bca3b2f3f517f527aa0e0d85ca9') in 0.024136 seconds
Number of updated asset objects reloaded before import = 0
Number of asset objects unloaded after import = 2
========================================================================
Received Import Request.
  Time since last request: 0.000035 seconds.
  path: Assets/TerrainSampleAssets/Models/Grass_D.asset
  artifactKey: Guid(15afb6df1db838d409d503b01fb48944) Importer(815301076,1909f56bfc062723c751e8b465ee728b)
Start importing Assets/TerrainSampleAssets/Models/Grass_D.asset using Guid(15afb6df1db838d409d503b01fb48944) Importer(815301076,1909f56bfc062723c751e8b465ee728b) [PhysX] Initialized MultithreadedTaskDispatcher with 16 workers.
[PhysX] Initialized MultithreadedTaskDispatcher with 16 workers.
 -> (artifact id: 'aba38e0c2fe86dc0bf9f5e9cb63792ef') in 0.026951 seconds
Number of updated asset objects reloaded before import = 0
Number of asset objects unloaded after import = 2
========================================================================
Received Import Request.
  Time since last request: 0.000039 seconds.
  path: Assets/PBR_Grass_Flowers_Pack_01/ExtraMeshes/Textures/GrassDetMap03_N.png
  artifactKey: Guid(e41fe736e24dfa54ba04609fd217d391) Importer(815301076,1909f56bfc062723c751e8b465ee728b)
Start importing Assets/PBR_Grass_Flowers_Pack_01/ExtraMeshes/Textures/GrassDetMap03_N.png using Guid(e41fe736e24dfa54ba04609fd217d391) Importer(815301076,1909f56bfc062723c751e8b465ee728b) [PhysX] Initialized MultithreadedTaskDispatcher with 16 workers.
[PhysX] Initialized MultithreadedTaskDispatcher with 16 workers.
 -> (artifact id: '68f24085c8ef881c6230fbc1b5530221') in 0.028480 seconds
Number of updated asset objects reloaded before import = 0
Number of asset objects unloaded after import = 2
========================================================================
Received Import Request.
  Time since last request: 0.000038 seconds.
  path: Assets/NatureManufacture Assets/Advanced Foliage Pack/Unity grass/Unity Billboard Grass/T_grass_04_N.png
  artifactKey: Guid(ff1e30c755d9bfd40bd73005155a3bf0) Importer(815301076,1909f56bfc062723c751e8b465ee728b)
Start importing Assets/NatureManufacture Assets/Advanced Foliage Pack/Unity grass/Unity Billboard Grass/T_grass_04_N.png using Guid(ff1e30c755d9bfd40bd73005155a3bf0) Importer(815301076,1909f56bfc062723c751e8b465ee728b) [PhysX] Initialized MultithreadedTaskDispatcher with 16 workers.
[PhysX] Initialized MultithreadedTaskDispatcher with 16 workers.
 -> (artifact id: '8dab807603a4757ddd454c467060d9cb') in 0.026620 seconds
Number of updated asset objects reloaded before import = 0
Number of asset objects unloaded after import = 2
========================================================================
Received Import Request.
  Time since last request: 0.000058 seconds.
  path: Assets/NatureManufacture Assets/Advanced Foliage Pack/Unity grass/Unity Billboard Grass/T_grass_03_dry_A_M.png
  artifactKey: Guid(f344c4d277119bb4db2ca91a8703a0fa) Importer(815301076,1909f56bfc062723c751e8b465ee728b)
Start importing Assets/NatureManufacture Assets/Advanced Foliage Pack/Unity grass/Unity Billboard Grass/T_grass_03_dry_A_M.png using Guid(f344c4d277119bb4db2ca91a8703a0fa) Importer(815301076,1909f56bfc062723c751e8b465ee728b) [PhysX] Initialized MultithreadedTaskDispatcher with 16 workers.
[PhysX] Initialized MultithreadedTaskDispatcher with 16 workers.
 -> (artifact id: 'a7b643520ad540e2afd0874c21ce5061') in 0.024293 seconds
Number of updated asset objects reloaded before import = 0
Number of asset objects unloaded after import = 2
========================================================================
Received Import Request.
  Time since last request: 0.000069 seconds.
  path: Assets/PBR_Grass_Flowers_Pack_01/models/SpurgeGrasssDetail02.prefab
  artifactKey: Guid(37355cb6f013c9a4696f02f0a258ff8d) Importer(815301076,1909f56bfc062723c751e8b465ee728b)
Start importing Assets/PBR_Grass_Flowers_Pack_01/models/SpurgeGrasssDetail02.prefab using Guid(37355cb6f013c9a4696f02f0a258ff8d) Importer(815301076,1909f56bfc062723c751e8b465ee728b) [PhysX] Initialized MultithreadedTaskDispatcher with 16 workers.
[PhysX] Initialized MultithreadedTaskDispatcher with 16 workers.
[PhysX] Initialized MultithreadedTaskDispatcher with 16 workers.
[PhysX] Initialized MultithreadedTaskDispatcher with 16 workers.
[PhysX] Initialized MultithreadedTaskDispatcher with 16 workers.
 -> (artifact id: '38e67eaa720409f5766e895dd083c4bf') in 0.101828 seconds
Number of updated asset objects reloaded before import = 0
Number of asset objects unloaded after import = 19
========================================================================
Received Import Request.
  Time since last request: 0.000044 seconds.
  path: Assets/PBR_Grass_Flowers_Pack_01/textures/SpurgeGrass01_G.tga
  artifactKey: Guid(9d24f2a52d674d244bb938aae3871738) Importer(815301076,1909f56bfc062723c751e8b465ee728b)
Start importing Assets/PBR_Grass_Flowers_Pack_01/textures/SpurgeGrass01_G.tga using Guid(9d24f2a52d674d244bb938aae3871738) Importer(815301076,1909f56bfc062723c751e8b465ee728b) [PhysX] Initialized MultithreadedTaskDispatcher with 16 workers.
[PhysX] Initialized MultithreadedTaskDispatcher with 16 workers.
 -> (artifact id: '38693711cb840f198396ed0141eb515a') in 0.036142 seconds
Number of updated asset objects reloaded before import = 0
Number of asset objects unloaded after import = 2
========================================================================
Received Import Request.
  Time since last request: 0.000049 seconds.
  path: Assets/PBR_Grass_Flowers_Pack_01/materials/SwampGrass02.mat
  artifactKey: Guid(c1b784d0e3e42e8489ce57807a16e307) Importer(815301076,1909f56bfc062723c751e8b465ee728b)
Start importing Assets/PBR_Grass_Flowers_Pack_01/materials/SwampGrass02.mat using Guid(c1b784d0e3e42e8489ce57807a16e307) Importer(815301076,1909f56bfc062723c751e8b465ee728b) [PhysX] Initialized MultithreadedTaskDispatcher with 16 workers.
[PhysX] Initialized MultithreadedTaskDispatcher with 16 workers.
 -> (artifact id: 'ecb1c4478a1c3a4ab79b5201591bab59') in 0.020817 seconds
Number of updated asset objects reloaded before import = 0
Number of asset objects unloaded after import = 1
========================================================================
Received Import Request.
  Time since last request: 0.000033 seconds.
  path: Assets/NatureManufacture Assets/Advanced Foliage Pack/Unity grass/Unity Grass Models/Materials Snow/M_Unity_Snow_Grass_ground_foliage_04.mat
  artifactKey: Guid(7a8323fcff7556444b93e0d7e599784a) Importer(815301076,1909f56bfc062723c751e8b465ee728b)
Start importing Assets/NatureManufacture Assets/Advanced Foliage Pack/Unity grass/Unity Grass Models/Materials Snow/M_Unity_Snow_Grass_ground_foliage_04.mat using Guid(7a8323fcff7556444b93e0d7e599784a) Importer(815301076,1909f56bfc062723c751e8b465ee728b) [PhysX] Initialized MultithreadedTaskDispatcher with 16 workers.
[PhysX] Initialized MultithreadedTaskDispatcher with 16 workers.
 -> (artifact id: '6212e85092f23316b79971a073ff8171') in 0.035063 seconds
Number of updated asset objects reloaded before import = 0
Number of asset objects unloaded after import = 5
========================================================================
Received Import Request.
  Time since last request: 0.000038 seconds.
  path: Assets/NatureManufacture Assets/Advanced Foliage Pack/Ground Textures/Materials/T_Ground_Grass_02.mat
  artifactKey: Guid(4983ae17de4a30845884e0440b1a500f) Importer(815301076,1909f56bfc062723c751e8b465ee728b)
Start importing Assets/NatureManufacture Assets/Advanced Foliage Pack/Ground Textures/Materials/T_Ground_Grass_02.mat using Guid(4983ae17de4a30845884e0440b1a500f) Importer(815301076,1909f56bfc062723c751e8b465ee728b) [PhysX] Initialized MultithreadedTaskDispatcher with 16 workers.
[PhysX] Initialized MultithreadedTaskDispatcher with 16 workers.
 -> (artifact id: '473cb70be33cde6764160c9da6fe320e') in 0.061764 seconds
Number of updated asset objects reloaded before import = 0
Number of asset objects unloaded after import = 5
========================================================================
Received Import Request.
  Time since last request: 0.000046 seconds.
  path: Assets/NatureManufacture Assets/Advanced Foliage Pack/Unity grass/Unity Grass Models/unity_grass_grass_bush_simple_01.fbx
  artifactKey: Guid(9de72feacccfd134a800a426cb3aab88) Importer(815301076,1909f56bfc062723c751e8b465ee728b)
Start importing Assets/NatureManufacture Assets/Advanced Foliage Pack/Unity grass/Unity Grass Models/unity_grass_grass_bush_simple_01.fbx using Guid(9de72feacccfd134a800a426cb3aab88) Importer(815301076,1909f56bfc062723c751e8b465ee728b) [PhysX] Initialized MultithreadedTaskDispatcher with 16 workers.
[PhysX] Initialized MultithreadedTaskDispatcher with 16 workers.
[PhysX] Initialized MultithreadedTaskDispatcher with 16 workers.
 -> (artifact id: '687c62be9515dfd2919da8b867273e70') in 0.097455 seconds
Number of updated asset objects reloaded before import = 0
Number of asset objects unloaded after import = 7
========================================================================
Received Import Request.
  Time since last request: 0.000072 seconds.
  path: Assets/NatureManufacture Assets/Advanced Foliage Pack/Advanced Grass/SM_grass_bush_022 (2).fbx
  artifactKey: Guid(852efc60afd856241b2de99ac24e29a5) Importer(815301076,1909f56bfc062723c751e8b465ee728b)
Start importing Assets/NatureManufacture Assets/Advanced Foliage Pack/Advanced Grass/SM_grass_bush_022 (2).fbx using Guid(852efc60afd856241b2de99ac24e29a5) Importer(815301076,1909f56bfc062723c751e8b465ee728b) [PhysX] Initialized MultithreadedTaskDispatcher with 16 workers.
[PhysX] Initialized MultithreadedTaskDispatcher with 16 workers.
[PhysX] Initialized MultithreadedTaskDispatcher with 16 workers.
[PhysX] Initialized MultithreadedTaskDispatcher with 16 workers.
[PhysX] Initialized MultithreadedTaskDispatcher with 16 workers.
[PhysX] Initialized MultithreadedTaskDispatcher with 16 workers.
[PhysX] Initialized MultithreadedTaskDispatcher with 16 workers.
[PhysX] Initialized MultithreadedTaskDispatcher with 16 workers.
 -> (artifact id: 'cbceb9d218c2e4edbb50f4999f23d00a') in 0.100074 seconds
Number of updated asset objects reloaded before import = 0
Number of asset objects unloaded after import = 24
========================================================================
Received Import Request.
  Time since last request: 0.000035 seconds.
  path: Assets/NatureManufacture Assets/Advanced Foliage Pack/Unity grass/Unity Grass Models/unity_grass_grass_bush_simple_03.fbx
  artifactKey: Guid(575e5e2ae2e9b594fa4695bb49f3ff95) Importer(815301076,1909f56bfc062723c751e8b465ee728b)
Start importing Assets/NatureManufacture Assets/Advanced Foliage Pack/Unity grass/Unity Grass Models/unity_grass_grass_bush_simple_03.fbx using Guid(575e5e2ae2e9b594fa4695bb49f3ff95) Importer(815301076,1909f56bfc062723c751e8b465ee728b) [PhysX] Initialized MultithreadedTaskDispatcher with 16 workers.
[PhysX] Initialized MultithreadedTaskDispatcher with 16 workers.
[PhysX] Initialized MultithreadedTaskDispatcher with 16 workers.
 -> (artifact id: '7cd4455d4117bba955d02caabdf64ef1') in 0.035971 seconds
Number of updated asset objects reloaded before import = 0
Number of asset objects unloaded after import = 7
========================================================================
Received Import Request.
  Time since last request: 0.000047 seconds.
  path: Assets/PalmTreePack/Textures/Props/Grass_tess.tga
  artifactKey: Guid(c9380b8de1fbc5f4780fecc80023de7d) Importer(815301076,1909f56bfc062723c751e8b465ee728b)
Start importing Assets/PalmTreePack/Textures/Props/Grass_tess.tga using Guid(c9380b8de1fbc5f4780fecc80023de7d) Importer(815301076,1909f56bfc062723c751e8b465ee728b) [PhysX] Initialized MultithreadedTaskDispatcher with 16 workers.
[PhysX] Initialized MultithreadedTaskDispatcher with 16 workers.
 -> (artifact id: 'c640142ea70904e961b9def56d5d059d') in 0.035033 seconds
Number of updated asset objects reloaded before import = 0
Number of asset objects unloaded after import = 2
========================================================================
Received Import Request.
  Time since last request: 0.000056 seconds.
  path: Assets/NatureManufacture Assets/Advanced Foliage Pack/Unity grass/Unity Grass Models/unity_grass_grass_bush_01.fbx
  artifactKey: Guid(c4fee96e9bc12e645adc42c8e0edd34f) Importer(815301076,1909f56bfc062723c751e8b465ee728b)
Start importing Assets/NatureManufacture Assets/Advanced Foliage Pack/Unity grass/Unity Grass Models/unity_grass_grass_bush_01.fbx using Guid(c4fee96e9bc12e645adc42c8e0edd34f) Importer(815301076,1909f56bfc062723c751e8b465ee728b) [PhysX] Initialized MultithreadedTaskDispatcher with 16 workers.
[PhysX] Initialized MultithreadedTaskDispatcher with 16 workers.
[PhysX] Initialized MultithreadedTaskDispatcher with 16 workers.
 -> (artifact id: '8538b62863eb971c61326b54cc1a67fe') in 0.036060 seconds
Number of updated asset objects reloaded before import = 0
Number of asset objects unloaded after import = 7
========================================================================
Received Import Request.
  Time since last request: 0.000037 seconds.
  path: Assets/NatureManufacture Assets/Advanced Foliage Pack/Unity grass/Unity Billboard Grass/T_grass_06_dry_A_M.png
  artifactKey: Guid(cc66ec9661b07db4483b15174b633471) Importer(815301076,1909f56bfc062723c751e8b465ee728b)
Start importing Assets/NatureManufacture Assets/Advanced Foliage Pack/Unity grass/Unity Billboard Grass/T_grass_06_dry_A_M.png using Guid(cc66ec9661b07db4483b15174b633471) Importer(815301076,1909f56bfc062723c751e8b465ee728b) [PhysX] Initialized MultithreadedTaskDispatcher with 16 workers.
[PhysX] Initialized MultithreadedTaskDispatcher with 16 workers.
 -> (artifact id: '7cab35180dac314f8a42419800dc1fc3') in 0.025616 seconds
Number of updated asset objects reloaded before import = 0
Number of asset objects unloaded after import = 2
========================================================================
Received Import Request.
  Time since last request: 0.000043 seconds.
  path: Assets/NatureManufacture Assets/Advanced Foliage Pack/Advanced Grass/SM_grass_bush_04.fbx
  artifactKey: Guid(50fbf2c5634ac174bb95ffbbea22192d) Importer(815301076,1909f56bfc062723c751e8b465ee728b)
Start importing Assets/NatureManufacture Assets/Advanced Foliage Pack/Advanced Grass/SM_grass_bush_04.fbx using Guid(50fbf2c5634ac174bb95ffbbea22192d) Importer(815301076,1909f56bfc062723c751e8b465ee728b) [PhysX] Initialized MultithreadedTaskDispatcher with 16 workers.
[PhysX] Initialized MultithreadedTaskDispatcher with 16 workers.
[PhysX] Initialized MultithreadedTaskDispatcher with 16 workers.
[PhysX] Initialized MultithreadedTaskDispatcher with 16 workers.
[PhysX] Initialized MultithreadedTaskDispatcher with 16 workers.
[PhysX] Initialized MultithreadedTaskDispatcher with 16 workers.
[PhysX] Initialized MultithreadedTaskDispatcher with 16 workers.
[PhysX] Initialized MultithreadedTaskDispatcher with 16 workers.
 -> (artifact id: '0e54ebf516421cf9060e12cffe8330e6') in 0.092257 seconds
Number of updated asset objects reloaded before import = 0
Number of asset objects unloaded after import = 20
========================================================================
Received Import Request.
  Time since last request: 0.000049 seconds.
  path: Assets/NatureManufacture Assets/Advanced Foliage Pack/Unity grass/Unity Billboard Grass/T_grass_07_N.png
  artifactKey: Guid(afca26ca40ba63f46af3a413df3f1b9b) Importer(815301076,1909f56bfc062723c751e8b465ee728b)
Start importing Assets/NatureManufacture Assets/Advanced Foliage Pack/Unity grass/Unity Billboard Grass/T_grass_07_N.png using Guid(afca26ca40ba63f46af3a413df3f1b9b) Importer(815301076,1909f56bfc062723c751e8b465ee728b) [PhysX] Initialized MultithreadedTaskDispatcher with 16 workers.
[PhysX] Initialized MultithreadedTaskDispatcher with 16 workers.
 -> (artifact id: 'bae673029c8d2bc46a96c78f6e97b9df') in 0.023462 seconds
Number of updated asset objects reloaded before import = 0
Number of asset objects unloaded after import = 2
========================================================================
Received Import Request.
  Time since last request: 0.000047 seconds.
  path: Assets/NatureManufacture Assets/Advanced Foliage Pack/Advanced Grass/SM_grass_bush_simple_05.fbx
  artifactKey: Guid(fe9c706605429134d8777bd024e25161) Importer(815301076,1909f56bfc062723c751e8b465ee728b)
Start importing Assets/NatureManufacture Assets/Advanced Foliage Pack/Advanced Grass/SM_grass_bush_simple_05.fbx using Guid(fe9c706605429134d8777bd024e25161) Importer(815301076,1909f56bfc062723c751e8b465ee728b) [PhysX] Initialized MultithreadedTaskDispatcher with 16 workers.
[PhysX] Initialized MultithreadedTaskDispatcher with 16 workers.
[PhysX] Initialized MultithreadedTaskDispatcher with 16 workers.
 -> (artifact id: '134b18dbd56db78cd380df5e099566e9') in 0.035531 seconds
Number of updated asset objects reloaded before import = 0
Number of asset objects unloaded after import = 7
========================================================================
Received Import Request.
  Time since last request: 0.000038 seconds.
  path: Assets/TerrainDemoScene_HDRP/Terrain/Textures/Grass_Soil_A/Grass_Soil_A_Normal.tif
  artifactKey: Guid(eef0943283c17334eae49af84b383dc8) Importer(815301076,1909f56bfc062723c751e8b465ee728b)
Start importing Assets/TerrainDemoScene_HDRP/Terrain/Textures/Grass_Soil_A/Grass_Soil_A_Normal.tif using Guid(eef0943283c17334eae49af84b383dc8) Importer(815301076,1909f56bfc062723c751e8b465ee728b) [PhysX] Initialized MultithreadedTaskDispatcher with 16 workers.
[PhysX] Initialized MultithreadedTaskDispatcher with 16 workers.
 -> (artifact id: 'a44bc695ba9aa13bfb8aeb51a5a9c761') in 0.031676 seconds
Number of updated asset objects reloaded before import = 0
Number of asset objects unloaded after import = 2
========================================================================
Received Import Request.
  Time since last request: 0.000039 seconds.
  path: Assets/NatureManufacture Assets/Advanced Foliage Pack/Advanced Grass/Textures/T_atlas_grass_01_TM.tga
  artifactKey: Guid(af1eca56a448c834e848fd8bbb40ae42) Importer(815301076,1909f56bfc062723c751e8b465ee728b)
Start importing Assets/NatureManufacture Assets/Advanced Foliage Pack/Advanced Grass/Textures/T_atlas_grass_01_TM.tga using Guid(af1eca56a448c834e848fd8bbb40ae42) Importer(815301076,1909f56bfc062723c751e8b465ee728b) [PhysX] Initialized MultithreadedTaskDispatcher with 16 workers.
[PhysX] Initialized MultithreadedTaskDispatcher with 16 workers.
 -> (artifact id: '899348a2dcff393f77123021ca8d408c') in 0.026900 seconds
Number of updated asset objects reloaded before import = 0
Number of asset objects unloaded after import = 2
========================================================================
Received Import Request.
  Time since last request: 0.000044 seconds.
  path: Assets/PBR_Grass_Flowers_Pack_01/ExtraMeshes/Textures/GrassDetMap02_G.tga
  artifactKey: Guid(646aa596121b6d944b1b70a822579f3a) Importer(815301076,1909f56bfc062723c751e8b465ee728b)
Start importing Assets/PBR_Grass_Flowers_Pack_01/ExtraMeshes/Textures/GrassDetMap02_G.tga using Guid(646aa596121b6d944b1b70a822579f3a) Importer(815301076,1909f56bfc062723c751e8b465ee728b) [PhysX] Initialized MultithreadedTaskDispatcher with 16 workers.
[PhysX] Initialized MultithreadedTaskDispatcher with 16 workers.
 -> (artifact id: '2fd6f87469d0156241a34e6f4b25e184') in 0.013640 seconds
Number of updated asset objects reloaded before import = 0
Number of asset objects unloaded after import = 2
========================================================================
Received Import Request.
  Time since last request: 0.000043 seconds.
  path: Assets/NatureManufacture Assets/Advanced Foliage Pack/Unity grass/Unity Billboard Grass/T_grass_09_dry_A_M.png
  artifactKey: Guid(195f39fcb93bf974e99a2370f7a24a3c) Importer(815301076,1909f56bfc062723c751e8b465ee728b)
Start importing Assets/NatureManufacture Assets/Advanced Foliage Pack/Unity grass/Unity Billboard Grass/T_grass_09_dry_A_M.png using Guid(195f39fcb93bf974e99a2370f7a24a3c) Importer(815301076,1909f56bfc062723c751e8b465ee728b) [PhysX] Initialized MultithreadedTaskDispatcher with 16 workers.
[PhysX] Initialized MultithreadedTaskDispatcher with 16 workers.
 -> (artifact id: '8b03d71f95554c80d573105f834cd4db') in 0.025602 seconds
Number of updated asset objects reloaded before import = 0
Number of asset objects unloaded after import = 2
========================================================================
Received Import Request.
  Time since last request: 0.000047 seconds.
  path: Assets/NatureManufacture Assets/Advanced Foliage Pack/Ground Textures/T_Ground_Grass_01_A_Sm.tga
  artifactKey: Guid(81e3d74ab402931498405f87d70d5b41) Importer(815301076,1909f56bfc062723c751e8b465ee728b)
Start importing Assets/NatureManufacture Assets/Advanced Foliage Pack/Ground Textures/T_Ground_Grass_01_A_Sm.tga using Guid(81e3d74ab402931498405f87d70d5b41) Importer(815301076,1909f56bfc062723c751e8b465ee728b) [PhysX] Initialized MultithreadedTaskDispatcher with 16 workers.
[PhysX] Initialized MultithreadedTaskDispatcher with 16 workers.
 -> (artifact id: '0ae30dee1c41eb06ee34a7aafa39b922') in 0.025982 seconds
Number of updated asset objects reloaded before import = 0
Number of asset objects unloaded after import = 2
========================================================================
Received Import Request.
  Time since last request: 0.000032 seconds.
  path: Assets/NatureManufacture Assets/Advanced Foliage Pack/Unity grass/Unity Grass Models/Materials/M_Unity_Grass_ground_foliage_04.mat
  artifactKey: Guid(301a6df8ec7fc6840baeb20c666f85b8) Importer(815301076,1909f56bfc062723c751e8b465ee728b)
Start importing Assets/NatureManufacture Assets/Advanced Foliage Pack/Unity grass/Unity Grass Models/Materials/M_Unity_Grass_ground_foliage_04.mat using Guid(301a6df8ec7fc6840baeb20c666f85b8) Importer(815301076,1909f56bfc062723c751e8b465ee728b) [PhysX] Initialized MultithreadedTaskDispatcher with 16 workers.
[PhysX] Initialized MultithreadedTaskDispatcher with 16 workers.
 -> (artifact id: '0a0ef3283d938b7b5ee00c0f458a0d7f') in 0.031511 seconds
Number of updated asset objects reloaded before import = 0
Number of asset objects unloaded after import = 4
========================================================================
Received Import Request.
  Time since last request: 0.000052 seconds.
  path: Assets/TerrainSampleAssets/Textures/Details/Grass_C_Thickness.tif
  artifactKey: Guid(5ac60e8e8739b1f4daeb70e1c662df49) Importer(815301076,1909f56bfc062723c751e8b465ee728b)
Start importing Assets/TerrainSampleAssets/Textures/Details/Grass_C_Thickness.tif using Guid(5ac60e8e8739b1f4daeb70e1c662df49) Importer(815301076,1909f56bfc062723c751e8b465ee728b) [PhysX] Initialized MultithreadedTaskDispatcher with 16 workers.
[PhysX] Initialized MultithreadedTaskDispatcher with 16 workers.
 -> (artifact id: 'fc775830c98e408c8e1f2e9c2d7c993e') in 0.024359 seconds
Number of updated asset objects reloaded before import = 0
Number of asset objects unloaded after import = 2
========================================================================
Received Import Request.
  Time since last request: 0.000046 seconds.
  path: Assets/TerrainSampleAssets/Textures/Terrain/Grass_Dry_BaseColor.tif
  artifactKey: Guid(7e6fff2112f33d748962082012d11cce) Importer(815301076,1909f56bfc062723c751e8b465ee728b)
Start importing Assets/TerrainSampleAssets/Textures/Terrain/Grass_Dry_BaseColor.tif using Guid(7e6fff2112f33d748962082012d11cce) Importer(815301076,1909f56bfc062723c751e8b465ee728b) [PhysX] Initialized MultithreadedTaskDispatcher with 16 workers.
[PhysX] Initialized MultithreadedTaskDispatcher with 16 workers.
 -> (artifact id: '0599f79a0749e575a9b6ae8ec74c326d') in 0.027713 seconds
Number of updated asset objects reloaded before import = 0
Number of asset objects unloaded after import = 2
========================================================================
Received Import Request.
  Time since last request: 0.000038 seconds.
  path: Assets/NatureManufacture Assets/Advanced Foliage Pack/Unity grass/Unity Grass Models/unity_grass_grass_bush_simple_05.fbx
  artifactKey: Guid(5c2c04f1959f7554db5da7ba7ad927ef) Importer(815301076,1909f56bfc062723c751e8b465ee728b)
Start importing Assets/NatureManufacture Assets/Advanced Foliage Pack/Unity grass/Unity Grass Models/unity_grass_grass_bush_simple_05.fbx using Guid(5c2c04f1959f7554db5da7ba7ad927ef) Importer(815301076,1909f56bfc062723c751e8b465ee728b) [PhysX] Initialized MultithreadedTaskDispatcher with 16 workers.
[PhysX] Initialized MultithreadedTaskDispatcher with 16 workers.
[PhysX] Initialized MultithreadedTaskDispatcher with 16 workers.
 -> (artifact id: 'b5b7a6b4836637ca637ab9c6a0d98f87') in 0.034697 seconds
Number of updated asset objects reloaded before import = 0
Number of asset objects unloaded after import = 7
========================================================================
Received Import Request.
  Time since last request: 0.000032 seconds.
  path: Assets/TerrainSampleAssets/Textures/Terrain/Grass_Soil_BaseColor.tif
  artifactKey: Guid(bde7423cb35c64746b6b24c63040dcb0) Importer(815301076,1909f56bfc062723c751e8b465ee728b)
Start importing Assets/TerrainSampleAssets/Textures/Terrain/Grass_Soil_BaseColor.tif using Guid(bde7423cb35c64746b6b24c63040dcb0) Importer(815301076,1909f56bfc062723c751e8b465ee728b) [PhysX] Initialized MultithreadedTaskDispatcher with 16 workers.
[PhysX] Initialized MultithreadedTaskDispatcher with 16 workers.
 -> (artifact id: 'bb7a8ed97c96981807accef70b12178d') in 0.027484 seconds
Number of updated asset objects reloaded before import = 0
Number of asset objects unloaded after import = 2
========================================================================
Received Import Request.
  Time since last request: 0.000190 seconds.
  path: Assets/TerrainSampleAssets/Prefabs/Details/Models/GrassDry_D.asset
  artifactKey: Guid(e6f6c0127afaa034d9bb6c588f59abf4) Importer(815301076,1909f56bfc062723c751e8b465ee728b)
Start importing Assets/TerrainSampleAssets/Prefabs/Details/Models/GrassDry_D.asset using Guid(e6f6c0127afaa034d9bb6c588f59abf4) Importer(815301076,1909f56bfc062723c751e8b465ee728b) [PhysX] Initialized MultithreadedTaskDispatcher with 16 workers.
[PhysX] Initialized MultithreadedTaskDispatcher with 16 workers.
 -> (artifact id: 'c75614cab569f8c23d84ab714baee30d') in 0.011638 seconds
Number of updated asset objects reloaded before import = 0
Number of asset objects unloaded after import = 2
========================================================================
Received Import Request.
  Time since last request: 0.000051 seconds.
  path: Assets/NatureManufacture Assets/Advanced Foliage Pack/Ground Textures/T_Ground_Grass_01_A.tga
  artifactKey: Guid(763e52ac614c31c4a969ef0696c40174) Importer(815301076,1909f56bfc062723c751e8b465ee728b)
Start importing Assets/NatureManufacture Assets/Advanced Foliage Pack/Ground Textures/T_Ground_Grass_01_A.tga using Guid(763e52ac614c31c4a969ef0696c40174) Importer(815301076,1909f56bfc062723c751e8b465ee728b) [PhysX] Initialized MultithreadedTaskDispatcher with 16 workers.
[PhysX] Initialized MultithreadedTaskDispatcher with 16 workers.
 -> (artifact id: '50bc55d87fdb2ebf6a7aa2530dfb4949') in 0.024977 seconds
Number of updated asset objects reloaded before import = 0
Number of asset objects unloaded after import = 2
========================================================================
Received Import Request.
  Time since last request: 0.000049 seconds.
  path: Assets/NatureManufacture Assets/Advanced Foliage Pack/Ground Textures/T_Ground_Grass_03_A.tga
  artifactKey: Guid(3783569905f5e994c9a732d692597998) Importer(815301076,1909f56bfc062723c751e8b465ee728b)
Start importing Assets/NatureManufacture Assets/Advanced Foliage Pack/Ground Textures/T_Ground_Grass_03_A.tga using Guid(3783569905f5e994c9a732d692597998) Importer(815301076,1909f56bfc062723c751e8b465ee728b) [PhysX] Initialized MultithreadedTaskDispatcher with 16 workers.
[PhysX] Initialized MultithreadedTaskDispatcher with 16 workers.
 -> (artifact id: 'b4a7db1c09c4333557741addfc88a309') in 0.029612 seconds
Number of updated asset objects reloaded before import = 0
Number of asset objects unloaded after import = 2
========================================================================
Received Import Request.
  Time since last request: 0.000060 seconds.
  path: Assets/NatureManufacture Assets/Advanced Foliage Pack/Unity grass/Unity Grass Models/unity_grass_grass_bush_simple_04.fbx
  artifactKey: Guid(7ad4dcc798641ad49b17efa55355697c) Importer(815301076,1909f56bfc062723c751e8b465ee728b)
Start importing Assets/NatureManufacture Assets/Advanced Foliage Pack/Unity grass/Unity Grass Models/unity_grass_grass_bush_simple_04.fbx using Guid(7ad4dcc798641ad49b17efa55355697c) Importer(815301076,1909f56bfc062723c751e8b465ee728b) [PhysX] Initialized MultithreadedTaskDispatcher with 16 workers.
[PhysX] Initialized MultithreadedTaskDispatcher with 16 workers.
[PhysX] Initialized MultithreadedTaskDispatcher with 16 workers.
 -> (artifact id: 'cda83a17df2fae2ffe88f3b5bc08393a') in 0.036906 seconds
Number of updated asset objects reloaded before import = 0
Number of asset objects unloaded after import = 7
========================================================================
Received Import Request.
  Time since last request: 0.000044 seconds.
  path: Assets/NatureManufacture Assets/Advanced Foliage Pack/Unity grass/Unity Grass Models/Materials/M_Unity_Grass_ground_foliage_01.mat
  artifactKey: Guid(e3d0a4586474ce748bccc1c4145933bc) Importer(815301076,1909f56bfc062723c751e8b465ee728b)
Start importing Assets/NatureManufacture Assets/Advanced Foliage Pack/Unity grass/Unity Grass Models/Materials/M_Unity_Grass_ground_foliage_01.mat using Guid(e3d0a4586474ce748bccc1c4145933bc) Importer(815301076,1909f56bfc062723c751e8b465ee728b) [PhysX] Initialized MultithreadedTaskDispatcher with 16 workers.
[PhysX] Initialized MultithreadedTaskDispatcher with 16 workers.
 -> (artifact id: '7284ad1a311d59f8226458260f968fe1') in 0.030697 seconds
Number of updated asset objects reloaded before import = 0
Number of asset objects unloaded after import = 4
========================================================================
Received Import Request.
  Time since last request: 0.000038 seconds.
  path: Assets/TerrainSampleAssets/Textures/Terrain/Grass_Moss_BaseColor.tif
  artifactKey: Guid(d44cec25420524046b0137655ed7f307) Importer(815301076,1909f56bfc062723c751e8b465ee728b)
Start importing Assets/TerrainSampleAssets/Textures/Terrain/Grass_Moss_BaseColor.tif using Guid(d44cec25420524046b0137655ed7f307) Importer(815301076,1909f56bfc062723c751e8b465ee728b) [PhysX] Initialized MultithreadedTaskDispatcher with 16 workers.
[PhysX] Initialized MultithreadedTaskDispatcher with 16 workers.
 -> (artifact id: '95661f354544791933d29cacccddc05d') in 0.030049 seconds
Number of updated asset objects reloaded before import = 0
Number of asset objects unloaded after import = 2
========================================================================
Received Import Request.
  Time since last request: 0.000037 seconds.
  path: Assets/TerrainDemoScene_HDRP/Terrain/Textures/Grass_Moss_A/Grass_Moss_A_Normal.tif
  artifactKey: Guid(f8c9bb189b5f4d344bc5193ab9446783) Importer(815301076,1909f56bfc062723c751e8b465ee728b)
Start importing Assets/TerrainDemoScene_HDRP/Terrain/Textures/Grass_Moss_A/Grass_Moss_A_Normal.tif using Guid(f8c9bb189b5f4d344bc5193ab9446783) Importer(815301076,1909f56bfc062723c751e8b465ee728b) [PhysX] Initialized MultithreadedTaskDispatcher with 16 workers.
[PhysX] Initialized MultithreadedTaskDispatcher with 16 workers.
 -> (artifact id: '25b2ae905e8d417e0bf767ce8e076654') in 0.028761 seconds
Number of updated asset objects reloaded before import = 0
Number of asset objects unloaded after import = 2
========================================================================
Received Import Request.
  Time since last request: 0.000039 seconds.
  path: Assets/PBR_Grass_Flowers_Pack_01/GrassTextures/GreenGrass01.tga
  artifactKey: Guid(b5541e597473e5d4cb80ced566d587c9) Importer(815301076,1909f56bfc062723c751e8b465ee728b)
Start importing Assets/PBR_Grass_Flowers_Pack_01/GrassTextures/GreenGrass01.tga using Guid(b5541e597473e5d4cb80ced566d587c9) Importer(815301076,1909f56bfc062723c751e8b465ee728b) [PhysX] Initialized MultithreadedTaskDispatcher with 16 workers.
[PhysX] Initialized MultithreadedTaskDispatcher with 16 workers.
 -> (artifact id: '95f0a9face32f099ae6e7b944a3e1d55') in 0.024536 seconds
Number of updated asset objects reloaded before import = 0
Number of asset objects unloaded after import = 2
========================================================================
Received Import Request.
  Time since last request: 0.000045 seconds.
  path: Assets/NatureManufacture Assets/Advanced Foliage Pack/Advanced Grass/Textures/T_atlas_grass_01_A_M.png
  artifactKey: Guid(e623705470e827245a486b56316bbba6) Importer(815301076,1909f56bfc062723c751e8b465ee728b)
Start importing Assets/NatureManufacture Assets/Advanced Foliage Pack/Advanced Grass/Textures/T_atlas_grass_01_A_M.png using Guid(e623705470e827245a486b56316bbba6) Importer(815301076,1909f56bfc062723c751e8b465ee728b) [PhysX] Initialized MultithreadedTaskDispatcher with 16 workers.
[PhysX] Initialized MultithreadedTaskDispatcher with 16 workers.
 -> (artifact id: 'ad943cfc548e2989a4955cb997a3d4f1') in 0.024956 seconds
Number of updated asset objects reloaded before import = 0
Number of asset objects unloaded after import = 2
========================================================================
Received Import Request.
  Time since last request: 0.000035 seconds.
  path: Assets/TerrainDemoScene_HDRP/Terrain/Textures/Grass_Soil_A/Grass_Soil_A_MaskMap.tif
  artifactKey: Guid(6bb37dde39da9b04eb31348c5aba38ba) Importer(815301076,1909f56bfc062723c751e8b465ee728b)
Start importing Assets/TerrainDemoScene_HDRP/Terrain/Textures/Grass_Soil_A/Grass_Soil_A_MaskMap.tif using Guid(6bb37dde39da9b04eb31348c5aba38ba) Importer(815301076,1909f56bfc062723c751e8b465ee728b) [PhysX] Initialized MultithreadedTaskDispatcher with 16 workers.
[PhysX] Initialized MultithreadedTaskDispatcher with 16 workers.
 -> (artifact id: '53f484677f28083cf185acd83b6fee6f') in 0.029286 seconds
Number of updated asset objects reloaded before import = 0
Number of asset objects unloaded after import = 2
========================================================================
Received Import Request.
  Time since last request: 0.000041 seconds.
  path: Assets/PBR_Grass_Flowers_Pack_01/ExtraMeshes/Materials/GrassDetMap03.mat
  artifactKey: Guid(f5bbb16364bd3ac40aee9522aae6d9b3) Importer(815301076,1909f56bfc062723c751e8b465ee728b)
Start importing Assets/PBR_Grass_Flowers_Pack_01/ExtraMeshes/Materials/GrassDetMap03.mat using Guid(f5bbb16364bd3ac40aee9522aae6d9b3) Importer(815301076,1909f56bfc062723c751e8b465ee728b) [PhysX] Initialized MultithreadedTaskDispatcher with 16 workers.
[PhysX] Initialized MultithreadedTaskDispatcher with 16 workers.
 -> (artifact id: 'e997a7705beff487ef3714c3b3ae66d0') in 0.036610 seconds
Number of updated asset objects reloaded before import = 0
Number of asset objects unloaded after import = 4
========================================================================
Received Import Request.
  Time since last request: 0.000046 seconds.
  path: Assets/PBR_Grass_Flowers_Pack_01/GrassTextures/GreenGrassDry01.tga
  artifactKey: Guid(4b0b2629b82e87a40b3252c8d1375997) Importer(815301076,1909f56bfc062723c751e8b465ee728b)
Start importing Assets/PBR_Grass_Flowers_Pack_01/GrassTextures/GreenGrassDry01.tga using Guid(4b0b2629b82e87a40b3252c8d1375997) Importer(815301076,1909f56bfc062723c751e8b465ee728b) [PhysX] Initialized MultithreadedTaskDispatcher with 16 workers.
[PhysX] Initialized MultithreadedTaskDispatcher with 16 workers.
 -> (artifact id: 'ef2390038475a31a900d8f708b15a2db') in 0.025625 seconds
Number of updated asset objects reloaded before import = 0
Number of asset objects unloaded after import = 2
========================================================================
Received Import Request.
  Time since last request: 0.000046 seconds.
  path: Assets/NatureManufacture Assets/Advanced Foliage Pack/Unity grass/Unity Billboard Grass/T_grass_02_N.png
  artifactKey: Guid(72f0602fe7a561a458952384cb548f43) Importer(815301076,1909f56bfc062723c751e8b465ee728b)
Start importing Assets/NatureManufacture Assets/Advanced Foliage Pack/Unity grass/Unity Billboard Grass/T_grass_02_N.png using Guid(72f0602fe7a561a458952384cb548f43) Importer(815301076,1909f56bfc062723c751e8b465ee728b) [PhysX] Initialized MultithreadedTaskDispatcher with 16 workers.
[PhysX] Initialized MultithreadedTaskDispatcher with 16 workers.
 -> (artifact id: 'c806357facf353e0d76d0bd40188baaa') in 0.035091 seconds
Number of updated asset objects reloaded before import = 0
Number of asset objects unloaded after import = 2
========================================================================
Received Import Request.
  Time since last request: 0.000034 seconds.
  path: Assets/CityGen3D/Textures/Terrain/Grass_mask.png
  artifactKey: Guid(7fbed9cfea6b1684ea54aaa8194500b6) Importer(815301076,1909f56bfc062723c751e8b465ee728b)
Start importing Assets/CityGen3D/Textures/Terrain/Grass_mask.png using Guid(7fbed9cfea6b1684ea54aaa8194500b6) Importer(815301076,1909f56bfc062723c751e8b465ee728b) [PhysX] Initialized MultithreadedTaskDispatcher with 16 workers.
[PhysX] Initialized MultithreadedTaskDispatcher with 16 workers.
 -> (artifact id: 'ab1222b482094398f4613c53261b75a6') in 0.026701 seconds
Number of updated asset objects reloaded before import = 0
Number of asset objects unloaded after import = 2
========================================================================
Received Import Request.
  Time since last request: 0.000038 seconds.
  path: Assets/TerrainSampleAssets/Prefabs/Details/Materials/Grass_Dry.asset
  artifactKey: Guid(a6ae374cfb5d227498fc06ddb64436c1) Importer(815301076,1909f56bfc062723c751e8b465ee728b)
Start importing Assets/TerrainSampleAssets/Prefabs/Details/Materials/Grass_Dry.asset using Guid(a6ae374cfb5d227498fc06ddb64436c1) Importer(815301076,1909f56bfc062723c751e8b465ee728b) [PhysX] Initialized MultithreadedTaskDispatcher with 16 workers.
[PhysX] Initialized MultithreadedTaskDispatcher with 16 workers.
 -> (artifact id: 'e9f4000da6d010f131171b3d84cd3084') in 0.052099 seconds
Number of updated asset objects reloaded before import = 0
Number of asset objects unloaded after import = 6
========================================================================
Received Import Request.
  Time since last request: 0.000036 seconds.
  path: Assets/PBR_Grass_Flowers_Pack_01/GroundTextures/GroundGrassGreen_BigUV_01.terrainlayer
  artifactKey: Guid(de67c501327d0da42bc27c756826aac7) Importer(815301076,1909f56bfc062723c751e8b465ee728b)
Start importing Assets/PBR_Grass_Flowers_Pack_01/GroundTextures/GroundGrassGreen_BigUV_01.terrainlayer using Guid(de67c501327d0da42bc27c756826aac7) Importer(815301076,1909f56bfc062723c751e8b465ee728b) [PhysX] Initialized MultithreadedTaskDispatcher with 16 workers.
 -> (artifact id: '461c7a391ed8ad6ed311a01e87e84675') in 0.249828 seconds
Number of updated asset objects reloaded before import = 0
Number of asset objects unloaded after import = 4
========================================================================
Received Import Request.
  Time since last request: 0.000053 seconds.
  path: Assets/PalmTreePack/Textures/Props/TexturesCom_Grass0166_1_seamless_S.png
  artifactKey: Guid(8cb78ac7f26129746b0a2dc0c3d0a70d) Importer(815301076,1909f56bfc062723c751e8b465ee728b)
Start importing Assets/PalmTreePack/Textures/Props/TexturesCom_Grass0166_1_seamless_S.png using Guid(8cb78ac7f26129746b0a2dc0c3d0a70d) Importer(815301076,1909f56bfc062723c751e8b465ee728b) [PhysX] Initialized MultithreadedTaskDispatcher with 16 workers.
[PhysX] Initialized MultithreadedTaskDispatcher with 16 workers.
 -> (artifact id: 'e94af20564ea2a62cd16a11acb1abc87') in 0.027806 seconds
Number of updated asset objects reloaded before import = 0
Number of asset objects unloaded after import = 2
========================================================================
Received Import Request.
  Time since last request: 0.000052 seconds.
  path: Assets/NatureManufacture Assets/Advanced Foliage Pack/Unity grass/Unity Billboard Grass/T_grass_05_Mt_AO_Sm.png
  artifactKey: Guid(b99c9cc11cb69454e9c4154d58a6bc0a) Importer(815301076,1909f56bfc062723c751e8b465ee728b)
Start importing Assets/NatureManufacture Assets/Advanced Foliage Pack/Unity grass/Unity Billboard Grass/T_grass_05_Mt_AO_Sm.png using Guid(b99c9cc11cb69454e9c4154d58a6bc0a) Importer(815301076,1909f56bfc062723c751e8b465ee728b) [PhysX] Initialized MultithreadedTaskDispatcher with 16 workers.
[PhysX] Initialized MultithreadedTaskDispatcher with 16 workers.
 -> (artifact id: '8781317e611d59a1cbac372730782f76') in 0.028571 seconds
Number of updated asset objects reloaded before import = 0
Number of asset objects unloaded after import = 2
========================================================================
Received Import Request.
  Time since last request: 0.000036 seconds.
  path: Assets/NatureManufacture Assets/Advanced Foliage Pack/Unity grass/Unity Grass Models/unity_grass_grass_bush_02.fbx
  artifactKey: Guid(a2b7f71f5247d5643bf743268c4e920d) Importer(815301076,1909f56bfc062723c751e8b465ee728b)
Start importing Assets/NatureManufacture Assets/Advanced Foliage Pack/Unity grass/Unity Grass Models/unity_grass_grass_bush_02.fbx using Guid(a2b7f71f5247d5643bf743268c4e920d) Importer(815301076,1909f56bfc062723c751e8b465ee728b) [PhysX] Initialized MultithreadedTaskDispatcher with 16 workers.
[PhysX] Initialized MultithreadedTaskDispatcher with 16 workers.
[PhysX] Initialized MultithreadedTaskDispatcher with 16 workers.
 -> (artifact id: 'dc5c6e412abc0735adc2ca27ea77709b') in 0.033388 seconds
Number of updated asset objects reloaded before import = 0
Number of asset objects unloaded after import = 7
========================================================================
Received Import Request.
  Time since last request: 0.000034 seconds.
  path: Assets/NatureManufacture Assets/Advanced Foliage Pack/Unity grass/Unity Grass Models/unity_grass_ground_foliage_03.fbx
  artifactKey: Guid(06f780eea624616468e4907d3ac1018a) Importer(815301076,1909f56bfc062723c751e8b465ee728b)
Start importing Assets/NatureManufacture Assets/Advanced Foliage Pack/Unity grass/Unity Grass Models/unity_grass_ground_foliage_03.fbx using Guid(06f780eea624616468e4907d3ac1018a) Importer(815301076,1909f56bfc062723c751e8b465ee728b) [PhysX] Initialized MultithreadedTaskDispatcher with 16 workers.
[PhysX] Initialized MultithreadedTaskDispatcher with 16 workers.
[PhysX] Initialized MultithreadedTaskDispatcher with 16 workers.
 -> (artifact id: '81cad44587503b3b29189398e58b5e11') in 0.036607 seconds
Number of updated asset objects reloaded before import = 0
Number of asset objects unloaded after import = 7
========================================================================
Received Import Request.
  Time since last request: 0.000050 seconds.
  path: Assets/NatureManufacture Assets/Advanced Foliage Pack/Ground Textures/T_Ground_Grass_03_Mt_AO_H_Sm.tga
  artifactKey: Guid(962cac67621fa1c4083e9aee9f6def87) Importer(815301076,1909f56bfc062723c751e8b465ee728b)
Start importing Assets/NatureManufacture Assets/Advanced Foliage Pack/Ground Textures/T_Ground_Grass_03_Mt_AO_H_Sm.tga using Guid(962cac67621fa1c4083e9aee9f6def87) Importer(815301076,1909f56bfc062723c751e8b465ee728b) [PhysX] Initialized MultithreadedTaskDispatcher with 16 workers.
[PhysX] Initialized MultithreadedTaskDispatcher with 16 workers.
 -> (artifact id: '8da8d452f3d92b91c593d448fbced3b6') in 0.029243 seconds
Number of updated asset objects reloaded before import = 0
Number of asset objects unloaded after import = 2
========================================================================
Received Import Request.
  Time since last request: 0.000054 seconds.
  path: Assets/NatureManufacture Assets/Advanced Foliage Pack/Unity grass/Unity Grass Models/Materials/M_Unity_Grass_atlas_grass_01.mat
  artifactKey: Guid(6727486d89fa8374c95834be9f113bb2) Importer(815301076,1909f56bfc062723c751e8b465ee728b)
Start importing Assets/NatureManufacture Assets/Advanced Foliage Pack/Unity grass/Unity Grass Models/Materials/M_Unity_Grass_atlas_grass_01.mat using Guid(6727486d89fa8374c95834be9f113bb2) Importer(815301076,1909f56bfc062723c751e8b465ee728b) [PhysX] Initialized MultithreadedTaskDispatcher with 16 workers.
[PhysX] Initialized MultithreadedTaskDispatcher with 16 workers.
 -> (artifact id: '6205d98a03a83dace6caed60ff489cc1') in 0.035861 seconds
Number of updated asset objects reloaded before import = 0
Number of asset objects unloaded after import = 4
========================================================================
Received Import Request.
  Time since last request: 0.000082 seconds.
  path: Assets/Fristy stylize Modular Assets 2/Textures/Grass_DefuseFinal 2.png
  artifactKey: Guid(c0a7994650f28484b9e21cd331bd4c39) Importer(815301076,1909f56bfc062723c751e8b465ee728b)
Start importing Assets/Fristy stylize Modular Assets 2/Textures/Grass_DefuseFinal 2.png using Guid(c0a7994650f28484b9e21cd331bd4c39) Importer(815301076,1909f56bfc062723c751e8b465ee728b) [PhysX] Initialized MultithreadedTaskDispatcher with 16 workers.
[PhysX] Initialized MultithreadedTaskDispatcher with 16 workers.
 -> (artifact id: 'e255df3bfcb9d30983ee6f4c98bb9b75') in 0.031356 seconds
Number of updated asset objects reloaded before import = 0
Number of asset objects unloaded after import = 2
========================================================================
Received Import Request.
  Time since last request: 0.000057 seconds.
  path: Assets/Fristy stylize Modular Assets 2/Textures/Grass_normals.png
  artifactKey: Guid(bb747d8bc82cb2244b86c1406ddfe9e3) Importer(815301076,1909f56bfc062723c751e8b465ee728b)
Start importing Assets/Fristy stylize Modular Assets 2/Textures/Grass_normals.png using Guid(bb747d8bc82cb2244b86c1406ddfe9e3) Importer(815301076,1909f56bfc062723c751e8b465ee728b) [PhysX] Initialized MultithreadedTaskDispatcher with 16 workers.
[PhysX] Initialized MultithreadedTaskDispatcher with 16 workers.
 -> (artifact id: 'e57444e41593e8208edac915806f961c') in 0.028490 seconds
Number of updated asset objects reloaded before import = 0
Number of asset objects unloaded after import = 2
========================================================================
Received Import Request.
  Time since last request: 0.000052 seconds.
  path: Assets/PBR_Grass_Flowers_Pack_01/ExtraMeshes/Textures/GrassDetMap02_N.tga
  artifactKey: Guid(e837ea89c89dd2f488b07c303700bb6f) Importer(815301076,1909f56bfc062723c751e8b465ee728b)
Start importing Assets/PBR_Grass_Flowers_Pack_01/ExtraMeshes/Textures/GrassDetMap02_N.tga using Guid(e837ea89c89dd2f488b07c303700bb6f) Importer(815301076,1909f56bfc062723c751e8b465ee728b) [PhysX] Initialized MultithreadedTaskDispatcher with 16 workers.
[PhysX] Initialized MultithreadedTaskDispatcher with 16 workers.
 -> (artifact id: '17ba74349b9c1626b7e8672975d49aeb') in 0.031427 seconds
Number of updated asset objects reloaded before import = 0
Number of asset objects unloaded after import = 2
========================================================================
Received Import Request.
  Time since last request: 0.000036 seconds.
  path: Assets/NatureManufacture Assets/Advanced Foliage Pack/Ground Textures/T_Ground_Grass_01_Mt_AO_H_Sm.tga
  artifactKey: Guid(2150a7d063ae9cc4087589b0b872308a) Importer(815301076,1909f56bfc062723c751e8b465ee728b)
Start importing Assets/NatureManufacture Assets/Advanced Foliage Pack/Ground Textures/T_Ground_Grass_01_Mt_AO_H_Sm.tga using Guid(2150a7d063ae9cc4087589b0b872308a) Importer(815301076,1909f56bfc062723c751e8b465ee728b) [PhysX] Initialized MultithreadedTaskDispatcher with 16 workers.
[PhysX] Initialized MultithreadedTaskDispatcher with 16 workers.
 -> (artifact id: 'c2bd96c3b0d212c0bf68027b1a575afc') in 0.037692 seconds
Number of updated asset objects reloaded before import = 0
Number of asset objects unloaded after import = 2
========================================================================
Received Import Request.
  Time since last request: 0.000041 seconds.
  path: Assets/PBR_Grass_Flowers_Pack_01/ExtraMeshes/Textures/GrassDetMap01_G.tga
  artifactKey: Guid(362bd41eb2a647f44962a9a494e27f7f) Importer(815301076,1909f56bfc062723c751e8b465ee728b)
Start importing Assets/PBR_Grass_Flowers_Pack_01/ExtraMeshes/Textures/GrassDetMap01_G.tga using Guid(362bd41eb2a647f44962a9a494e27f7f) Importer(815301076,1909f56bfc062723c751e8b465ee728b) [PhysX] Initialized MultithreadedTaskDispatcher with 16 workers.
[PhysX] Initialized MultithreadedTaskDispatcher with 16 workers.
 -> (artifact id: '250fbc5e8d49923be1ae58d7a2648dec') in 0.033268 seconds
Number of updated asset objects reloaded before import = 0
Number of asset objects unloaded after import = 2
========================================================================
Received Import Request.
  Time since last request: 0.000040 seconds.
  path: Assets/NatureManufacture Assets/Advanced Foliage Pack/Unity grass/Unity Billboard Grass/T_grass_04_dry_A_M.png
  artifactKey: Guid(9bb4ab23e54495c4e8f8b2501f789cd0) Importer(815301076,1909f56bfc062723c751e8b465ee728b)
Start importing Assets/NatureManufacture Assets/Advanced Foliage Pack/Unity grass/Unity Billboard Grass/T_grass_04_dry_A_M.png using Guid(9bb4ab23e54495c4e8f8b2501f789cd0) Importer(815301076,1909f56bfc062723c751e8b465ee728b) [PhysX] Initialized MultithreadedTaskDispatcher with 16 workers.
[PhysX] Initialized MultithreadedTaskDispatcher with 16 workers.
 -> (artifact id: 'e660cc5a8040c41831112ac6b87a734a') in 0.033154 seconds
Number of updated asset objects reloaded before import = 0
Number of asset objects unloaded after import = 2
========================================================================
Received Import Request.
  Time since last request: 0.000048 seconds.
  path: Assets/NatureManufacture Assets/Advanced Foliage Pack/Ground Textures/T_Ground_Grass_02_Mt_AO_H_Sm.tga
  artifactKey: Guid(5fa8a2c153789a846930833d37897912) Importer(815301076,1909f56bfc062723c751e8b465ee728b)
Start importing Assets/NatureManufacture Assets/Advanced Foliage Pack/Ground Textures/T_Ground_Grass_02_Mt_AO_H_Sm.tga using Guid(5fa8a2c153789a846930833d37897912) Importer(815301076,1909f56bfc062723c751e8b465ee728b) [PhysX] Initialized MultithreadedTaskDispatcher with 16 workers.
[PhysX] Initialized MultithreadedTaskDispatcher with 16 workers.
 -> (artifact id: '65258f67f6f32b707c7ad3442cb1823e') in 0.029334 seconds
Number of updated asset objects reloaded before import = 0
Number of asset objects unloaded after import = 2
========================================================================
Received Import Request.
  Time since last request: 0.000042 seconds.
  path: Assets/TerrainSampleAssets/Prefabs/Details/Textures/Grass_Dry_BaseColor.tif
  artifactKey: Guid(2219c27af867fbf4f9dfdf66ee6ffd8e) Importer(815301076,1909f56bfc062723c751e8b465ee728b)
Start importing Assets/TerrainSampleAssets/Prefabs/Details/Textures/Grass_Dry_BaseColor.tif using Guid(2219c27af867fbf4f9dfdf66ee6ffd8e) Importer(815301076,1909f56bfc062723c751e8b465ee728b) [PhysX] Initialized MultithreadedTaskDispatcher with 16 workers.
[PhysX] Initialized MultithreadedTaskDispatcher with 16 workers.
 -> (artifact id: '58bfdb38e40a6ee20173a85220e0cf47') in 0.026259 seconds
Number of updated asset objects reloaded before import = 0
Number of asset objects unloaded after import = 2
========================================================================
Received Import Request.
  Time since last request: 0.000039 seconds.
  path: Assets/NatureManufacture Assets/Advanced Foliage Pack/Unity grass/Unity Grass Models/Materials Snow/M_Unity_Snow_Grass_forest_heather_01.mat
  artifactKey: Guid(64a370849cde6e147986f44747528488) Importer(815301076,1909f56bfc062723c751e8b465ee728b)
Start importing Assets/NatureManufacture Assets/Advanced Foliage Pack/Unity grass/Unity Grass Models/Materials Snow/M_Unity_Snow_Grass_forest_heather_01.mat using Guid(64a370849cde6e147986f44747528488) Importer(815301076,1909f56bfc062723c751e8b465ee728b) [PhysX] Initialized MultithreadedTaskDispatcher with 16 workers.
[PhysX] Initialized MultithreadedTaskDispatcher with 16 workers.
 -> (artifact id: '72b0c73f40ca9697b6aa1b2552b7fc48') in 0.036496 seconds
Number of updated asset objects reloaded before import = 0
Number of asset objects unloaded after import = 5
========================================================================
Received Import Request.
  Time since last request: 0.000066 seconds.
  path: Assets/NatureManufacture Assets/Advanced Foliage Pack/Unity grass/Unity Grass Models/Materials/M_Unity_Grass_clover_01.mat
  artifactKey: Guid(8aba6d9270d457f448989631de796cc0) Importer(815301076,1909f56bfc062723c751e8b465ee728b)
Start importing Assets/NatureManufacture Assets/Advanced Foliage Pack/Unity grass/Unity Grass Models/Materials/M_Unity_Grass_clover_01.mat using Guid(8aba6d9270d457f448989631de796cc0) Importer(815301076,1909f56bfc062723c751e8b465ee728b) [PhysX] Initialized MultithreadedTaskDispatcher with 16 workers.
[PhysX] Initialized MultithreadedTaskDispatcher with 16 workers.
 -> (artifact id: 'b6bb5b9994798a09a6aed1955588445d') in 0.032362 seconds
Number of updated asset objects reloaded before import = 0
Number of asset objects unloaded after import = 4
========================================================================
Received Import Request.
  Time since last request: 0.000047 seconds.
  path: Assets/NatureManufacture Assets/Advanced Foliage Pack/Unity grass/Unity Grass Models/unity_grass_grass_bush_03.fbx
  artifactKey: Guid(6810826619989fd42bc529fe03bc8250) Importer(815301076,1909f56bfc062723c751e8b465ee728b)
Start importing Assets/NatureManufacture Assets/Advanced Foliage Pack/Unity grass/Unity Grass Models/unity_grass_grass_bush_03.fbx using Guid(6810826619989fd42bc529fe03bc8250) Importer(815301076,1909f56bfc062723c751e8b465ee728b) [PhysX] Initialized MultithreadedTaskDispatcher with 16 workers.
[PhysX] Initialized MultithreadedTaskDispatcher with 16 workers.
[PhysX] Initialized MultithreadedTaskDispatcher with 16 workers.
 -> (artifact id: '0c8689cbe4db400ed7477024258f9558') in 0.047356 seconds
Number of updated asset objects reloaded before import = 0
Number of asset objects unloaded after import = 7
========================================================================
Received Import Request.
  Time since last request: 0.000056 seconds.
  path: Assets/PBR_Grass_Flowers_Pack_01/ExtraMeshes/Textures/GrassDetMap01_N.png
  artifactKey: Guid(a75d4345b68bc8041ba91df421950880) Importer(815301076,1909f56bfc062723c751e8b465ee728b)
Start importing Assets/PBR_Grass_Flowers_Pack_01/ExtraMeshes/Textures/GrassDetMap01_N.png using Guid(a75d4345b68bc8041ba91df421950880) Importer(815301076,1909f56bfc062723c751e8b465ee728b) [PhysX] Initialized MultithreadedTaskDispatcher with 16 workers.
[PhysX] Initialized MultithreadedTaskDispatcher with 16 workers.
 -> (artifact id: '3b29557ed14dac0b4ee0100c3812e3e2') in 0.039286 seconds
Number of updated asset objects reloaded before import = 0
Number of asset objects unloaded after import = 2
========================================================================
Received Import Request.
  Time since last request: 0.000041 seconds.
  path: Assets/TerrainSampleAssets/Textures/Terrain/Grass_Soil_Normal.tif
  artifactKey: Guid(b5fff5575723f4a40bfa0f147cb9c27f) Importer(815301076,1909f56bfc062723c751e8b465ee728b)
Start importing Assets/TerrainSampleAssets/Textures/Terrain/Grass_Soil_Normal.tif using Guid(b5fff5575723f4a40bfa0f147cb9c27f) Importer(815301076,1909f56bfc062723c751e8b465ee728b) [PhysX] Initialized MultithreadedTaskDispatcher with 16 workers.
[PhysX] Initialized MultithreadedTaskDispatcher with 16 workers.
 -> (artifact id: 'f75f638ede949288750f0ebae99e1ed8') in 0.036443 seconds
Number of updated asset objects reloaded before import = 0
Number of asset objects unloaded after import = 2
========================================================================
Received Import Request.
  Time since last request: 0.000048 seconds.
  path: Assets/TerrainSampleAssets/ShaderGraphs/TerrainGrass.shadergraph
  artifactKey: Guid(dfa3b96612ed4df4a97b7fd06217ba23) Importer(815301076,1909f56bfc062723c751e8b465ee728b)
Start importing Assets/TerrainSampleAssets/ShaderGraphs/TerrainGrass.shadergraph using Guid(dfa3b96612ed4df4a97b7fd06217ba23) Importer(815301076,1909f56bfc062723c751e8b465ee728b) [PhysX] Initialized MultithreadedTaskDispatcher with 16 workers.
[PhysX] Initialized MultithreadedTaskDispatcher with 16 workers.
 -> (artifact id: '4f0b3884d19333c58fad3e66fc5f7fe1') in 0.977458 seconds
Number of updated asset objects reloaded before import = 0
Number of asset objects unloaded after import = 1
========================================================================
Received Import Request.
  Time since last request: 0.000041 seconds.
  path: Assets/TerrainSampleAssets/TerrainLayers/Grass_Moss_TerrainLayer.terrainlayer
  artifactKey: Guid(d25c8def728088547ae6a1024dd9b481) Importer(815301076,1909f56bfc062723c751e8b465ee728b)
Start importing Assets/TerrainSampleAssets/TerrainLayers/Grass_Moss_TerrainLayer.terrainlayer using Guid(d25c8def728088547ae6a1024dd9b481) Importer(815301076,1909f56bfc062723c751e8b465ee728b) [PhysX] Initialized MultithreadedTaskDispatcher with 16 workers.
 -> (artifact id: 'abd741a6d49cbab7fa04ab1b8f98e6fa') in 0.047504 seconds
Number of updated asset objects reloaded before import = 0
Number of asset objects unloaded after import = 5
========================================================================
Received Import Request.
  Time since last request: 0.000056 seconds.
  path: Assets/NatureManufacture Assets/Advanced Foliage Pack/Unity grass/Unity Billboard Grass/T_grass_07_Mt_AO_Sm.png
  artifactKey: Guid(52d2229b0735ae24e81fde1218507f92) Importer(815301076,1909f56bfc062723c751e8b465ee728b)
Start importing Assets/NatureManufacture Assets/Advanced Foliage Pack/Unity grass/Unity Billboard Grass/T_grass_07_Mt_AO_Sm.png using Guid(52d2229b0735ae24e81fde1218507f92) Importer(815301076,1909f56bfc062723c751e8b465ee728b) [PhysX] Initialized MultithreadedTaskDispatcher with 16 workers.
[PhysX] Initialized MultithreadedTaskDispatcher with 16 workers.
 -> (artifact id: '44ab6ecefc7c6c42679255870e9422c8') in 0.026144 seconds
Number of updated asset objects reloaded before import = 0
Number of asset objects unloaded after import = 2
========================================================================
Received Import Request.
  Time since last request: 0.000037 seconds.
  path: Assets/NatureManufacture Assets/Advanced Foliage Pack/Unity grass/Unity Grass Models/Materials/M_Unity_Grass_ground_foliage_02.mat
  artifactKey: Guid(4e74cb955ee1ea541a369de76c533180) Importer(815301076,1909f56bfc062723c751e8b465ee728b)
Start importing Assets/NatureManufacture Assets/Advanced Foliage Pack/Unity grass/Unity Grass Models/Materials/M_Unity_Grass_ground_foliage_02.mat using Guid(4e74cb955ee1ea541a369de76c533180) Importer(815301076,1909f56bfc062723c751e8b465ee728b) [PhysX] Initialized MultithreadedTaskDispatcher with 16 workers.
[PhysX] Initialized MultithreadedTaskDispatcher with 16 workers.
 -> (artifact id: '1c6ee9656faf7f145145f9aed317a70e') in 0.026379 seconds
Number of updated asset objects reloaded before import = 0
Number of asset objects unloaded after import = 4
========================================================================
Received Import Request.
  Time since last request: 0.000035 seconds.
  path: Assets/NatureManufacture Assets/Advanced Foliage Pack/Unity grass/Unity Grass Models/Materials/M_Unity_Grass_fern_01.mat
  artifactKey: Guid(ff7b30ad32fa72e4c99b1366af53b7cc) Importer(815301076,1909f56bfc062723c751e8b465ee728b)
Start importing Assets/NatureManufacture Assets/Advanced Foliage Pack/Unity grass/Unity Grass Models/Materials/M_Unity_Grass_fern_01.mat using Guid(ff7b30ad32fa72e4c99b1366af53b7cc) Importer(815301076,1909f56bfc062723c751e8b465ee728b) [PhysX] Initialized MultithreadedTaskDispatcher with 16 workers.
[PhysX] Initialized MultithreadedTaskDispatcher with 16 workers.
 -> (artifact id: '382040ed410bcc195e3bca961520cd30') in 0.035968 seconds
Number of updated asset objects reloaded before import = 0
Number of asset objects unloaded after import = 4
========================================================================
Received Import Request.
  Time since last request: 0.000043 seconds.
  path: Assets/PBR_Grass_Flowers_Pack_01/ExtraMeshes/Textures/GreenGrassBig02.tga
  artifactKey: Guid(bbf2fdabf929ae3429b6569cd2962bee) Importer(815301076,1909f56bfc062723c751e8b465ee728b)
Start importing Assets/PBR_Grass_Flowers_Pack_01/ExtraMeshes/Textures/GreenGrassBig02.tga using Guid(bbf2fdabf929ae3429b6569cd2962bee) Importer(815301076,1909f56bfc062723c751e8b465ee728b) [PhysX] Initialized MultithreadedTaskDispatcher with 16 workers.
[PhysX] Initialized MultithreadedTaskDispatcher with 16 workers.
 -> (artifact id: '358effa5b41a8d786a8ae3f7b593060d') in 0.032226 seconds
Number of updated asset objects reloaded before import = 0
Number of asset objects unloaded after import = 2
========================================================================
Received Import Request.
  Time since last request: 0.000083 seconds.
  path: Assets/CityGen3D/Textures/Terrain/Grass_n.png
  artifactKey: Guid(eaa5ff63c43d61143ba61b49d17702f7) Importer(815301076,1909f56bfc062723c751e8b465ee728b)
Start importing Assets/CityGen3D/Textures/Terrain/Grass_n.png using Guid(eaa5ff63c43d61143ba61b49d17702f7) Importer(815301076,1909f56bfc062723c751e8b465ee728b) [PhysX] Initialized MultithreadedTaskDispatcher with 16 workers.
[PhysX] Initialized MultithreadedTaskDispatcher with 16 workers.
 -> (artifact id: 'ebbf2e401c06ce59ee96a80571e9022b') in 0.029998 seconds
Number of updated asset objects reloaded before import = 0
Number of asset objects unloaded after import = 2
========================================================================
Received Import Request.
  Time since last request: 0.000041 seconds.
  path: Assets/NatureManufacture Assets/Advanced Foliage Pack/Ground Textures/T_Ground_Grass_01_H.tga
  artifactKey: Guid(c17fe3b5a1b004e458dfd7dc4d19ce2a) Importer(815301076,1909f56bfc062723c751e8b465ee728b)
Start importing Assets/NatureManufacture Assets/Advanced Foliage Pack/Ground Textures/T_Ground_Grass_01_H.tga using Guid(c17fe3b5a1b004e458dfd7dc4d19ce2a) Importer(815301076,1909f56bfc062723c751e8b465ee728b) [PhysX] Initialized MultithreadedTaskDispatcher with 16 workers.
[PhysX] Initialized MultithreadedTaskDispatcher with 16 workers.
 -> (artifact id: 'cb4e00ee46c8a92308c9d5ced7822835') in 0.029539 seconds
Number of updated asset objects reloaded before import = 0
Number of asset objects unloaded after import = 2
========================================================================
Received Import Request.
  Time since last request: 0.000032 seconds.
  path: Assets/TerrainSampleAssets/Textures/Terrain/Grass_Moss_Normal.tif
  artifactKey: Guid(2114e87dbc5872042860b1588217688e) Importer(815301076,1909f56bfc062723c751e8b465ee728b)
Start importing Assets/TerrainSampleAssets/Textures/Terrain/Grass_Moss_Normal.tif using Guid(2114e87dbc5872042860b1588217688e) Importer(815301076,1909f56bfc062723c751e8b465ee728b) [PhysX] Initialized MultithreadedTaskDispatcher with 16 workers.
[PhysX] Initialized MultithreadedTaskDispatcher with 16 workers.
 -> (artifact id: '2ecebf3e26c3464a546c5986082fe6e8') in 0.035206 seconds
Number of updated asset objects reloaded before import = 0
Number of asset objects unloaded after import = 2
========================================================================
Received Import Request.
  Time since last request: 0.000040 seconds.
  path: Assets/NatureManufacture Assets/Advanced Foliage Pack/Unity grass/Unity Billboard Grass/T_grass_05_N.png
  artifactKey: Guid(b18df5c6a9173bc4089513577ef3f4b9) Importer(815301076,1909f56bfc062723c751e8b465ee728b)
Start importing Assets/NatureManufacture Assets/Advanced Foliage Pack/Unity grass/Unity Billboard Grass/T_grass_05_N.png using Guid(b18df5c6a9173bc4089513577ef3f4b9) Importer(815301076,1909f56bfc062723c751e8b465ee728b) [PhysX] Initialized MultithreadedTaskDispatcher with 16 workers.
[PhysX] Initialized MultithreadedTaskDispatcher with 16 workers.
 -> (artifact id: 'f9db6e68d605de3440b676045c1605b8') in 0.027281 seconds
Number of updated asset objects reloaded before import = 0
Number of asset objects unloaded after import = 2
========================================================================
Received Import Request.
  Time since last request: 0.000675 seconds.
  path: Assets/NatureManufacture Assets/Advanced Foliage Pack/Ground Textures/T_Ground_Grass_03_H.tga
  artifactKey: Guid(59fbf300f152f7d4ca10cfad063d8123) Importer(815301076,1909f56bfc062723c751e8b465ee728b)
Start importing Assets/NatureManufacture Assets/Advanced Foliage Pack/Ground Textures/T_Ground_Grass_03_H.tga using Guid(59fbf300f152f7d4ca10cfad063d8123) Importer(815301076,1909f56bfc062723c751e8b465ee728b) [PhysX] Initialized MultithreadedTaskDispatcher with 16 workers.
[PhysX] Initialized MultithreadedTaskDispatcher with 16 workers.
 -> (artifact id: '31262496ef8aabb92c81c574e80ff5c6') in 0.026618 seconds
Number of updated asset objects reloaded before import = 0
Number of asset objects unloaded after import = 2
========================================================================
Received Import Request.
  Time since last request: 0.000044 seconds.
  path: Assets/TerrainDemoScene_HDRP/Terrain/Textures/Grass_Moss_A/Grass_Moss_A_MaskMap.tif
  artifactKey: Guid(b59653c2a4aef63458bcc4f030119ba0) Importer(815301076,1909f56bfc062723c751e8b465ee728b)
Start importing Assets/TerrainDemoScene_HDRP/Terrain/Textures/Grass_Moss_A/Grass_Moss_A_MaskMap.tif using Guid(b59653c2a4aef63458bcc4f030119ba0) Importer(815301076,1909f56bfc062723c751e8b465ee728b) [PhysX] Initialized MultithreadedTaskDispatcher with 16 workers.
[PhysX] Initialized MultithreadedTaskDispatcher with 16 workers.
 -> (artifact id: '35853f868703206cd2c68c5c98a459ab') in 0.030640 seconds
Number of updated asset objects reloaded before import = 0
Number of asset objects unloaded after import = 2
========================================================================
Received Import Request.
  Time since last request: 0.000033 seconds.
  path: Assets/NatureManufacture Assets/Advanced Foliage Pack/Ground Textures/T_Ground_Grass_02_N.png
  artifactKey: Guid(f471d6ff35ab93f4c9cbb3e640d30383) Importer(815301076,1909f56bfc062723c751e8b465ee728b)
Start importing Assets/NatureManufacture Assets/Advanced Foliage Pack/Ground Textures/T_Ground_Grass_02_N.png using Guid(f471d6ff35ab93f4c9cbb3e640d30383) Importer(815301076,1909f56bfc062723c751e8b465ee728b) [PhysX] Initialized MultithreadedTaskDispatcher with 16 workers.
[PhysX] Initialized MultithreadedTaskDispatcher with 16 workers.
 -> (artifact id: '3748eee0dc364568a4381950a98419d7') in 0.053365 seconds
Number of updated asset objects reloaded before import = 0
Number of asset objects unloaded after import = 2
========================================================================
Received Import Request.
  Time since last request: 0.000041 seconds.
  path: Assets/NatureManufacture Assets/Advanced Foliage Pack/Unity grass/Unity Billboard Grass/T_grass_03_N.png
  artifactKey: Guid(cc8c9af1ba4ee8c45aa241b6f1799689) Importer(815301076,1909f56bfc062723c751e8b465ee728b)
Start importing Assets/NatureManufacture Assets/Advanced Foliage Pack/Unity grass/Unity Billboard Grass/T_grass_03_N.png using Guid(cc8c9af1ba4ee8c45aa241b6f1799689) Importer(815301076,1909f56bfc062723c751e8b465ee728b) [PhysX] Initialized MultithreadedTaskDispatcher with 16 workers.
[PhysX] Initialized MultithreadedTaskDispatcher with 16 workers.
 -> (artifact id: '400e5e97952489e74a60f05302458ad3') in 0.024703 seconds
Number of updated asset objects reloaded before import = 0
Number of asset objects unloaded after import = 2
========================================================================
Received Import Request.
  Time since last request: 0.000040 seconds.
  path: Assets/NatureManufacture Assets/Advanced Foliage Pack/Ground Textures/T_Ground_Grass_01_AO.tga
  artifactKey: Guid(674fd3107f2ae7a4691c860fbe7f3769) Importer(815301076,1909f56bfc062723c751e8b465ee728b)
Start importing Assets/NatureManufacture Assets/Advanced Foliage Pack/Ground Textures/T_Ground_Grass_01_AO.tga using Guid(674fd3107f2ae7a4691c860fbe7f3769) Importer(815301076,1909f56bfc062723c751e8b465ee728b) [PhysX] Initialized MultithreadedTaskDispatcher with 16 workers.
[PhysX] Initialized MultithreadedTaskDispatcher with 16 workers.
 -> (artifact id: '83ec9f57a26953c9eaf03606075a3e1f') in 0.024211 seconds
Number of updated asset objects reloaded before import = 0
Number of asset objects unloaded after import = 2
========================================================================
Received Import Request.
  Time since last request: 0.000043 seconds.
  path: Assets/NatureManufacture Assets/Advanced Foliage Pack/Unity grass/Unity Grass Models/unity_grass_ground_foliage_04_1.fbx
  artifactKey: Guid(21529711b1e8b1846ba9a79cf1556521) Importer(815301076,1909f56bfc062723c751e8b465ee728b)
Start importing Assets/NatureManufacture Assets/Advanced Foliage Pack/Unity grass/Unity Grass Models/unity_grass_ground_foliage_04_1.fbx using Guid(21529711b1e8b1846ba9a79cf1556521) Importer(815301076,1909f56bfc062723c751e8b465ee728b) [PhysX] Initialized MultithreadedTaskDispatcher with 16 workers.
[PhysX] Initialized MultithreadedTaskDispatcher with 16 workers.
[PhysX] Initialized MultithreadedTaskDispatcher with 16 workers.
 -> (artifact id: '45ddff9ddd3ee5cc46c44ed82607bd6f') in 0.033634 seconds
Number of updated asset objects reloaded before import = 0
Number of asset objects unloaded after import = 7
========================================================================
Received Import Request.
  Time since last request: 0.000033 seconds.
  path: Assets/TerrainSampleAssets/Textures/Details/Grass_C_Normal.tif
  artifactKey: Guid(ec6838d3bd80287449a69dc40380ebc8) Importer(815301076,1909f56bfc062723c751e8b465ee728b)
Start importing Assets/TerrainSampleAssets/Textures/Details/Grass_C_Normal.tif using Guid(ec6838d3bd80287449a69dc40380ebc8) Importer(815301076,1909f56bfc062723c751e8b465ee728b) [PhysX] Initialized MultithreadedTaskDispatcher with 16 workers.
[PhysX] Initialized MultithreadedTaskDispatcher with 16 workers.
 -> (artifact id: 'bdaa01acde5f8f00e577d809533ef698') in 0.026627 seconds
Number of updated asset objects reloaded before import = 0
Number of asset objects unloaded after import = 2
========================================================================
Received Import Request.
  Time since last request: 0.000071 seconds.
  path: Assets/NatureManufacture Assets/Advanced Foliage Pack/Ground Textures/T_Ground_Grass_01_4_A_Sm.tga
  artifactKey: Guid(889b3dd374e17974db6eeb36774dfd98) Importer(815301076,1909f56bfc062723c751e8b465ee728b)
Start importing Assets/NatureManufacture Assets/Advanced Foliage Pack/Ground Textures/T_Ground_Grass_01_4_A_Sm.tga using Guid(889b3dd374e17974db6eeb36774dfd98) Importer(815301076,1909f56bfc062723c751e8b465ee728b) [PhysX] Initialized MultithreadedTaskDispatcher with 16 workers.
[PhysX] Initialized MultithreadedTaskDispatcher with 16 workers.
 -> (artifact id: '7eaf7a5213c586e07f0623cc63fa9b0c') in 0.031009 seconds
Number of updated asset objects reloaded before import = 0
Number of asset objects unloaded after import = 2
========================================================================
Received Import Request.
  Time since last request: 0.000057 seconds.
  path: Assets/NatureManufacture Assets/Advanced Foliage Pack/Unity grass/Unity Billboard Grass/T_grass_10_A_M.png
  artifactKey: Guid(9eee41d6b42bb9d4f9f9b91f73279f2c) Importer(815301076,1909f56bfc062723c751e8b465ee728b)
Start importing Assets/NatureManufacture Assets/Advanced Foliage Pack/Unity grass/Unity Billboard Grass/T_grass_10_A_M.png using Guid(9eee41d6b42bb9d4f9f9b91f73279f2c) Importer(815301076,1909f56bfc062723c751e8b465ee728b) [PhysX] Initialized MultithreadedTaskDispatcher with 16 workers.
[PhysX] Initialized MultithreadedTaskDispatcher with 16 workers.
 -> (artifact id: '185011d0fae2108217c47560accc8728') in 0.028884 seconds
Number of updated asset objects reloaded before import = 0
Number of asset objects unloaded after import = 2
========================================================================
Received Import Request.
  Time since last request: 0.000042 seconds.
  path: Assets/NatureManufacture Assets/Advanced Foliage Pack/Ground Textures/T_Ground_Grass_01_1_A_Sm.tga
  artifactKey: Guid(59df69cc720f4f84f850c6eb5d51f4d5) Importer(815301076,1909f56bfc062723c751e8b465ee728b)
Start importing Assets/NatureManufacture Assets/Advanced Foliage Pack/Ground Textures/T_Ground_Grass_01_1_A_Sm.tga using Guid(59df69cc720f4f84f850c6eb5d51f4d5) Importer(815301076,1909f56bfc062723c751e8b465ee728b) [PhysX] Initialized MultithreadedTaskDispatcher with 16 workers.
[PhysX] Initialized MultithreadedTaskDispatcher with 16 workers.
 -> (artifact id: '561d91a916735c175f2cc2cb5effec39') in 0.031247 seconds
Number of updated asset objects reloaded before import = 0
Number of asset objects unloaded after import = 2
========================================================================
Received Import Request.
  Time since last request: 0.000035 seconds.
  path: Assets/NatureManufacture Assets/Advanced Foliage Pack/Unity grass/Unity Grass Models/Materials Snow/M_Unity_Snow_Grass_ground_foliage_03.mat
  artifactKey: Guid(d507ab5db9504044e991892b75c79ced) Importer(815301076,1909f56bfc062723c751e8b465ee728b)
Start importing Assets/NatureManufacture Assets/Advanced Foliage Pack/Unity grass/Unity Grass Models/Materials Snow/M_Unity_Snow_Grass_ground_foliage_03.mat using Guid(d507ab5db9504044e991892b75c79ced) Importer(815301076,1909f56bfc062723c751e8b465ee728b) [PhysX] Initialized MultithreadedTaskDispatcher with 16 workers.
[PhysX] Initialized MultithreadedTaskDispatcher with 16 workers.
 -> (artifact id: '33216b4bb4969da79e037c260f362846') in 0.038669 seconds
Number of updated asset objects reloaded before import = 0
Number of asset objects unloaded after import = 5
========================================================================
Received Import Request.
  Time since last request: 0.000080 seconds.
  path: Assets/NatureManufacture Assets/Advanced Foliage Pack/Unity grass/Unity Grass Models/unity_grass_grass_bush_simple_02.fbx
  artifactKey: Guid(9b09bceb79b83ed4d931b8fc432eca76) Importer(815301076,1909f56bfc062723c751e8b465ee728b)
Start importing Assets/NatureManufacture Assets/Advanced Foliage Pack/Unity grass/Unity Grass Models/unity_grass_grass_bush_simple_02.fbx using Guid(9b09bceb79b83ed4d931b8fc432eca76) Importer(815301076,1909f56bfc062723c751e8b465ee728b) [PhysX] Initialized MultithreadedTaskDispatcher with 16 workers.
[PhysX] Initialized MultithreadedTaskDispatcher with 16 workers.
[PhysX] Initialized MultithreadedTaskDispatcher with 16 workers.
 -> (artifact id: 'ddb03dbacca0e034a78a572b52351fbe') in 0.033704 seconds
Number of updated asset objects reloaded before import = 0
Number of asset objects unloaded after import = 7
========================================================================
Received Import Request.
  Time since last request: 15.253171 seconds.
  path: Assets/PBR_Grass_Flowers_Pack_01/Prefabs
  artifactKey: Guid(f8a47d30b1bc37d42ae1284dcdf5ae69) Importer(815301076,1909f56bfc062723c751e8b465ee728b)
Start importing Assets/PBR_Grass_Flowers_Pack_01/Prefabs using Guid(f8a47d30b1bc37d42ae1284dcdf5ae69) Importer(815301076,1909f56bfc062723c751e8b465ee728b) [PhysX] Initialized MultithreadedTaskDispatcher with 16 workers.
 -> (artifact id: '0aa3ee594f1c8c0dffcc51e3b7ff1f28') in 0.000695 seconds
Number of updated asset objects reloaded before import = 0
Number of asset objects unloaded after import = 0
========================================================================
Received Import Request.
  Time since last request: 10.736872 seconds.
  path: Assets/PBR_Grass_Flowers_Pack_01/SceneDemo/Demo.unity
  artifactKey: Guid(e348adec44a50f045958bee79a9fbce6) Importer(815301076,1909f56bfc062723c751e8b465ee728b)
Start importing Assets/PBR_Grass_Flowers_Pack_01/SceneDemo/Demo.unity using Guid(e348adec44a50f045958bee79a9fbce6) Importer(815301076,1909f56bfc062723c751e8b465ee728b) [PhysX] Initialized MultithreadedTaskDispatcher with 16 workers.
 -> (artifact id: '29ef77dfd40b1a2fd5737a52d34e0532') in 0.000724 seconds
Number of updated asset objects reloaded before import = 0
Number of asset objects unloaded after import = 0
========================================================================
Received Import Request.
  Time since last request: 53.112610 seconds.
  path: Assets/PBR_Grass_Flowers_Pack_01/models/BurdockBushDetail01.prefab
  artifactKey: Guid(5c13f4c14a5d7234fac99eba2152315e) Importer(815301076,1909f56bfc062723c751e8b465ee728b)
Start importing Assets/PBR_Grass_Flowers_Pack_01/models/BurdockBushDetail01.prefab using Guid(5c13f4c14a5d7234fac99eba2152315e) Importer(815301076,1909f56bfc062723c751e8b465ee728b) [PhysX] Initialized MultithreadedTaskDispatcher with 16 workers.
[PhysX] Initialized MultithreadedTaskDispatcher with 16 workers.
[PhysX] Initialized MultithreadedTaskDispatcher with 16 workers.
[PhysX] Initialized MultithreadedTaskDispatcher with 16 workers.
[PhysX] Initialized MultithreadedTaskDispatcher with 16 workers.
 -> (artifact id: 'ffdee572c767e9db2564bebf66779698') in 0.142514 seconds
Number of updated asset objects reloaded before import = 0
Number of asset objects unloaded after import = 25
========================================================================
Received Import Request.
  Time since last request: 0.000087 seconds.
  path: Assets/PBR_Grass_Flowers_Pack_01/models/FullDetail01.prefab
  artifactKey: Guid(b1916ff604cf86f4d8c80542424b9c98) Importer(815301076,1909f56bfc062723c751e8b465ee728b)
Start importing Assets/PBR_Grass_Flowers_Pack_01/models/FullDetail01.prefab using Guid(b1916ff604cf86f4d8c80542424b9c98) Importer(815301076,1909f56bfc062723c751e8b465ee728b) [PhysX] Initialized MultithreadedTaskDispatcher with 16 workers.
[PhysX] Initialized MultithreadedTaskDispatcher with 16 workers.
[PhysX] Initialized MultithreadedTaskDispatcher with 16 workers.
[PhysX] Initialized MultithreadedTaskDispatcher with 16 workers.
[PhysX] Initialized MultithreadedTaskDispatcher with 16 workers.
 -> (artifact id: '0f1130c1807ba4b5d34d85d8a2577301') in 0.108621 seconds
Number of updated asset objects reloaded before import = 0
Number of asset objects unloaded after import = 25
========================================================================
Received Import Request.
  Time since last request: 0.000085 seconds.
  path: Assets/PBR_Grass_Flowers_Pack_01/models/DandelionFlowerDetail01.prefab
  artifactKey: Guid(3905c7b5d86299e42a6ae3afb2db34d4) Importer(815301076,1909f56bfc062723c751e8b465ee728b)
Start importing Assets/PBR_Grass_Flowers_Pack_01/models/DandelionFlowerDetail01.prefab using Guid(3905c7b5d86299e42a6ae3afb2db34d4) Importer(815301076,1909f56bfc062723c751e8b465ee728b) [PhysX] Initialized MultithreadedTaskDispatcher with 16 workers.
[PhysX] Initialized MultithreadedTaskDispatcher with 16 workers.
[PhysX] Initialized MultithreadedTaskDispatcher with 16 workers.
[PhysX] Initialized MultithreadedTaskDispatcher with 16 workers.
[PhysX] Initialized MultithreadedTaskDispatcher with 16 workers.
 -> (artifact id: 'f0dcaf75bb5a6dc941805ee6c98434c1') in 0.079268 seconds
Number of updated asset objects reloaded before import = 0
Number of asset objects unloaded after import = 25
========================================================================
Received Import Request.
  Time since last request: 0.000061 seconds.
  path: Assets/PBR_Grass_Flowers_Pack_01/models/ChamomileFlowersDetail02.prefab
  artifactKey: Guid(4d68e0f043b4cb74eadcf114e09f2d42) Importer(815301076,1909f56bfc062723c751e8b465ee728b)
Start importing Assets/PBR_Grass_Flowers_Pack_01/models/ChamomileFlowersDetail02.prefab using Guid(4d68e0f043b4cb74eadcf114e09f2d42) Importer(815301076,1909f56bfc062723c751e8b465ee728b) [PhysX] Initialized MultithreadedTaskDispatcher with 16 workers.
[PhysX] Initialized MultithreadedTaskDispatcher with 16 workers.
[PhysX] Initialized MultithreadedTaskDispatcher with 16 workers.
[PhysX] Initialized MultithreadedTaskDispatcher with 16 workers.
[PhysX] Initialized MultithreadedTaskDispatcher with 16 workers.
 -> (artifact id: 'fe9fd5bf5977f93168a2023f9e1b6e9d') in 0.080320 seconds
Number of updated asset objects reloaded before import = 0
Number of asset objects unloaded after import = 39
========================================================================
Received Import Request.
  Time since last request: 0.000060 seconds.
  path: Assets/PBR_Grass_Flowers_Pack_01/models/FullDetail01White.prefab
  artifactKey: Guid(931448b9abd1bfb49b6c337e601259cb) Importer(815301076,1909f56bfc062723c751e8b465ee728b)
Start importing Assets/PBR_Grass_Flowers_Pack_01/models/FullDetail01White.prefab using Guid(931448b9abd1bfb49b6c337e601259cb) Importer(815301076,1909f56bfc062723c751e8b465ee728b) [PhysX] Initialized MultithreadedTaskDispatcher with 16 workers.
[PhysX] Initialized MultithreadedTaskDispatcher with 16 workers.
[PhysX] Initialized MultithreadedTaskDispatcher with 16 workers.
[PhysX] Initialized MultithreadedTaskDispatcher with 16 workers.
[PhysX] Initialized MultithreadedTaskDispatcher with 16 workers.
 -> (artifact id: 'a9498dbf646d44ab20da5ece9235b054') in 0.090613 seconds
Number of updated asset objects reloaded before import = 0
Number of asset objects unloaded after import = 25
========================================================================
Received Import Request.
  Time since last request: 0.000063 seconds.
  path: Assets/PBR_Grass_Flowers_Pack_01/models/ForestBush02.prefab
  artifactKey: Guid(90b158ed7e5caa841be401cf5ec3051c) Importer(815301076,1909f56bfc062723c751e8b465ee728b)
Start importing Assets/PBR_Grass_Flowers_Pack_01/models/ForestBush02.prefab using Guid(90b158ed7e5caa841be401cf5ec3051c) Importer(815301076,1909f56bfc062723c751e8b465ee728b) [PhysX] Initialized MultithreadedTaskDispatcher with 16 workers.
[PhysX] Initialized MultithreadedTaskDispatcher with 16 workers.
[PhysX] Initialized MultithreadedTaskDispatcher with 16 workers.
[PhysX] Initialized MultithreadedTaskDispatcher with 16 workers.
[PhysX] Initialized MultithreadedTaskDispatcher with 16 workers.
 -> (artifact id: '756e73e307a1f7610428a1e62c2e75ed') in 0.100947 seconds
Number of updated asset objects reloaded before import = 0
Number of asset objects unloaded after import = 25
========================================================================
Received Import Request.
  Time since last request: 0.000072 seconds.
  path: Assets/PBR_Grass_Flowers_Pack_01/models/FernGreenDetail01.prefab
  artifactKey: Guid(099d74b4288f6f946a58929abbf9acb5) Importer(815301076,1909f56bfc062723c751e8b465ee728b)
Start importing Assets/PBR_Grass_Flowers_Pack_01/models/FernGreenDetail01.prefab using Guid(099d74b4288f6f946a58929abbf9acb5) Importer(815301076,1909f56bfc062723c751e8b465ee728b) [PhysX] Initialized MultithreadedTaskDispatcher with 16 workers.
[PhysX] Initialized MultithreadedTaskDispatcher with 16 workers.
[PhysX] Initialized MultithreadedTaskDispatcher with 16 workers.
[PhysX] Initialized MultithreadedTaskDispatcher with 16 workers.
[PhysX] Initialized MultithreadedTaskDispatcher with 16 workers.
 -> (artifact id: 'ff0256a6d02c6537f831a38466a06e02') in 0.074522 seconds
Number of updated asset objects reloaded before import = 0
Number of asset objects unloaded after import = 25
========================================================================
Received Import Request.
  Time since last request: 0.000045 seconds.
  path: Assets/PBR_Grass_Flowers_Pack_01/models/FullDetail02White.prefab
  artifactKey: Guid(0d39e4592868b724297b8fc68800219d) Importer(815301076,1909f56bfc062723c751e8b465ee728b)
Start importing Assets/PBR_Grass_Flowers_Pack_01/models/FullDetail02White.prefab using Guid(0d39e4592868b724297b8fc68800219d) Importer(815301076,1909f56bfc062723c751e8b465ee728b) [PhysX] Initialized MultithreadedTaskDispatcher with 16 workers.
[PhysX] Initialized MultithreadedTaskDispatcher with 16 workers.
[PhysX] Initialized MultithreadedTaskDispatcher with 16 workers.
[PhysX] Initialized MultithreadedTaskDispatcher with 16 workers.
[PhysX] Initialized MultithreadedTaskDispatcher with 16 workers.
 -> (artifact id: 'f14cd9570bd3db51eaded557e2211dd1') in 0.091471 seconds
Number of updated asset objects reloaded before import = 0
Number of asset objects unloaded after import = 25
========================================================================
Received Import Request.
  Time since last request: 14.931814 seconds.
  path: Assets/PBR_Grass_Flowers_Pack_01/ExtraMeshes/BurdockBush01.fbx
  artifactKey: Guid(8d060250a915dde4480d28c6d605d10c) Importer(815301076,1909f56bfc062723c751e8b465ee728b)
Start importing Assets/PBR_Grass_Flowers_Pack_01/ExtraMeshes/BurdockBush01.fbx using Guid(8d060250a915dde4480d28c6d605d10c) Importer(815301076,1909f56bfc062723c751e8b465ee728b) [PhysX] Initialized MultithreadedTaskDispatcher with 16 workers.
[PhysX] Initialized MultithreadedTaskDispatcher with 16 workers.
[PhysX] Initialized MultithreadedTaskDispatcher with 16 workers.
 -> (artifact id: '6829d3f9fe3c3ab718d5acc8a6a1e3a5') in 0.059687 seconds
Number of updated asset objects reloaded before import = 0
Number of asset objects unloaded after import = 11
========================================================================
Received Import Request.
  Time since last request: 0.000050 seconds.
  path: Assets/PBR_Grass_Flowers_Pack_01/ExtraMeshes/Textures/BurdockBushDet01_N.tga
  artifactKey: Guid(60d58d5f93613104896bf3bdf80ea11d) Importer(815301076,1909f56bfc062723c751e8b465ee728b)
Start importing Assets/PBR_Grass_Flowers_Pack_01/ExtraMeshes/Textures/BurdockBushDet01_N.tga using Guid(60d58d5f93613104896bf3bdf80ea11d) Importer(815301076,1909f56bfc062723c751e8b465ee728b) [PhysX] Initialized MultithreadedTaskDispatcher with 16 workers.
[PhysX] Initialized MultithreadedTaskDispatcher with 16 workers.
 -> (artifact id: '6b830dc610e3fb8d84d86df47eae320d') in 0.029174 seconds
Number of updated asset objects reloaded before import = 0
Number of asset objects unloaded after import = 2
Editor requested this worker to shutdown with reason: Scaling down because of idle timeout
TcpMessagingSession - receive error: operation aborted. errorcode: 995, details: Der E/A-Vorgang wurde wegen eines Threadendes oder einer Anwendungsanforderung abgebrochen.
AssetImportWorker is now disconnected from the server
Process exiting
Exiting without the bug reporter. Application will terminate with return code 0