Using pre-set license
Built from '2022.3/staging' branch; Version is '2022.3.62f1 (4af31df58517) revision 4911901'; Using compiler version '192829333'; Build Type 'Release'
OS: 'Windows 10  (10.0.19045) 64bit Professional' Language: 'de' Physical Memory: 32700 MB
BatchMode: 1, IsHumanControllingUs: 0, StartBugReporterOnCrash: 0, Is64bit: 1, IsPro: 1

COMMAND LINE ARGUMENTS:
C:\Program Files\Unity\Hub\Editor\2022.3.62f1\Editor\Unity.exe
-adb2
-batchMode
-noUpm
-name
AssetImportWorker26
-projectPath
C:/StudentProjects/Serious game group 18/My project
-logFile
Logs/AssetImportWorker26.log
-srvPort
58467
Successfully changed project path to: C:/StudentProjects/Serious game group 18/My project
C:/StudentProjects/Serious game group 18/My project
[UnityMemory] Configuration Parameters - Can be set up in boot.config
    "memorysetup-bucket-allocator-granularity=16"
    "memorysetup-bucket-allocator-bucket-count=8"
    "memorysetup-bucket-allocator-block-size=33554432"
    "memorysetup-bucket-allocator-block-count=8"
    "memorysetup-main-allocator-block-size=16777216"
    "memorysetup-thread-allocator-block-size=16777216"
    "memorysetup-gfx-main-allocator-block-size=16777216"
    "memorysetup-gfx-thread-allocator-block-size=16777216"
    "memorysetup-cache-allocator-block-size=4194304"
    "memorysetup-typetree-allocator-block-size=2097152"
    "memorysetup-profiler-bucket-allocator-granularity=16"
    "memorysetup-profiler-bucket-allocator-bucket-count=8"
    "memorysetup-profiler-bucket-allocator-block-size=33554432"
    "memorysetup-profiler-bucket-allocator-block-count=8"
    "memorysetup-profiler-allocator-block-size=16777216"
    "memorysetup-profiler-editor-allocator-block-size=1048576"
    "memorysetup-temp-allocator-size-main=16777216"
    "memorysetup-job-temp-allocator-block-size=2097152"
    "memorysetup-job-temp-allocator-block-size-background=1048576"
    "memorysetup-job-temp-allocator-reduction-small-platforms=262144"
    "memorysetup-allocator-temp-initial-block-size-main=262144"
    "memorysetup-allocator-temp-initial-block-size-worker=262144"
    "memorysetup-temp-allocator-size-background-worker=32768"
    "memorysetup-temp-allocator-size-job-worker=262144"
    "memorysetup-temp-allocator-size-preload-manager=33554432"
    "memorysetup-temp-allocator-size-nav-mesh-worker=65536"
    "memorysetup-temp-allocator-size-audio-worker=65536"
    "memorysetup-temp-allocator-size-cloud-worker=32768"
    "memorysetup-temp-allocator-size-gi-baking-worker=262144"
    "memorysetup-temp-allocator-size-gfx=262144"
Player connection [10664]  Target information:

Player connection [10664]  * "[IP] 192.168.253.171 [Port] 0 [Flags] 2 [Guid] 1884957722 [EditorId] 1884957722 [Version] 1048832 [Id] WindowsEditor(7,DESKTOP-66DGGND) [Debug] 1 [PackageName] WindowsEditor [ProjectName] Editor" 

Player connection [10664] Host joined multi-casting on [225.0.0.222:54997]...
Player connection [10664] Host joined alternative multi-casting on [225.0.0.222:34997]...
Input System module state changed to: Initialized.
[PhysX] Initialized MultithreadedTaskDispatcher with 16 workers.
Refreshing native plugins compatible for Editor in 56.46 ms, found 12 plugins.
Preloading 0 native plugins for Editor in 0.00 ms.
Initialize engine version: 2022.3.62f1 (4af31df58517)
[Subsystems] Discovering subsystems at path C:/Program Files/Unity/Hub/Editor/2022.3.62f1/Editor/Data/Resources/UnitySubsystems
[Subsystems] Discovering subsystems at path C:/StudentProjects/Serious game group 18/My project/Assets
GfxDevice: creating device client; threaded=0; jobified=0
Direct3D:
    Version:  Direct3D 11.0 [level 11.1]
    Renderer: Radeon RX Vega (ID=0x687f)
    Vendor:   ATI
    VRAM:     8119 MB
    Driver:   31.0.12027.9001
Shader 'Fristy/Nature/Leaves': fallback shader 'TransparentCutout' not found
Shader 'Fristy/Nature/Leaves 2': fallback shader 'TransparentCutout' not found
Shader 'Fristy/Nature/Leaves 2': fallback shader 'TransparentCutout' not found
Shader 'Fristy/Nature/Leaves': fallback shader 'TransparentCutout' not found
Initialize mono
Mono path[0] = 'C:/Program Files/Unity/Hub/Editor/2022.3.62f1/Editor/Data/Managed'
Mono path[1] = 'C:/Program Files/Unity/Hub/Editor/2022.3.62f1/Editor/Data/MonoBleedingEdge/lib/mono/unityjit-win32'
Mono config path = 'C:/Program Files/Unity/Hub/Editor/2022.3.62f1/Editor/Data/MonoBleedingEdge/etc'
Using monoOptions --debugger-agent=transport=dt_socket,embedding=1,server=y,suspend=n,address=127.0.0.1:56560
Begin MonoManager ReloadAssembly
Registering precompiled unity dll's ...
Register platform support module: C:/Program Files/Unity/Hub/Editor/2022.3.62f1/Editor/Data/PlaybackEngines/WindowsStandaloneSupport/UnityEditor.WindowsStandalone.Extensions.dll
Registered in 0.015087 seconds.
- Loaded All Assemblies, in  0.503 seconds
Native extension for WindowsStandalone target not found
Mono: successfully reloaded assembly
- Finished resetting the current domain, in  0.362 seconds
Domain Reload Profiling: 862ms
	BeginReloadAssembly (157ms)
		ExecutionOrderSort (0ms)
		DisableScriptedObjects (0ms)
		BackupInstance (0ms)
		ReleaseScriptingObjects (0ms)
		CreateAndSetChildDomain (1ms)
	RebuildCommonClasses (46ms)
	RebuildNativeTypeToScriptingClass (15ms)
	initialDomainReloadingComplete (86ms)
	LoadAllAssembliesAndSetupDomain (195ms)
		LoadAssemblies (152ms)
		RebuildTransferFunctionScriptingTraits (0ms)
		AnalyzeDomain (192ms)
			TypeCache.Refresh (191ms)
				TypeCache.ScanAssembly (174ms)
			ScanForSourceGeneratedMonoScriptInfo (0ms)
			ResolveRequiredComponents (1ms)
	FinalizeReload (363ms)
		ReleaseScriptCaches (0ms)
		RebuildScriptCaches (0ms)
		SetupLoadedEditorAssemblies (302ms)
			LogAssemblyErrors (0ms)
			InitializePlatformSupportModulesInManaged (14ms)
			SetLoadedEditorAssemblies (9ms)
			RefreshPlugins (0ms)
			BeforeProcessingInitializeOnLoad (3ms)
			ProcessInitializeOnLoadAttributes (209ms)
			ProcessInitializeOnLoadMethodAttributes (67ms)
			AfterProcessingInitializeOnLoad (0ms)
			EditorAssembliesLoaded (0ms)
		ExecutionOrderSort2 (0ms)
		AwakeInstancesAfterBackupRestoration (0ms)
========================================================================
Worker process is ready to serve import requests
Caller must complete domain reload
Begin MonoManager ReloadAssembly
- Loaded All Assemblies, in  1.361 seconds
Native extension for WindowsStandalone target not found
Package Manager log level set to [2]
[Package Manager] Server::EnsureServerProcessIsRunning -- launch failed, reason: Unity was launched with the -noUpm command-line argument
[Package Manager] UpmClient::Send -- Unable to send message (not connected to UPM process).
[Package Manager] Cannot connect to Unity Package Manager local server
Mono: successfully reloaded assembly
[Package Manager] Server::EnsureServerProcessIsRunning -- launch failed, reason: Unity was launched with the -noUpm command-line argument
[Package Manager] UpmClient::Send -- Unable to send message (not connected to UPM process).
[Package Manager] Cannot connect to Unity Package Manager local server
[Package Manager] Server::EnsureServerProcessIsRunning -- launch failed, reason: Unity was launched with the -noUpm command-line argument
[Package Manager] UpmClient::Send -- Unable to send message (not connected to UPM process).
[Package Manager] Cannot connect to Unity Package Manager local server
- Finished resetting the current domain, in  1.724 seconds
Domain Reload Profiling: 3076ms
	BeginReloadAssembly (209ms)
		ExecutionOrderSort (0ms)
		DisableScriptedObjects (7ms)
		BackupInstance (0ms)
		ReleaseScriptingObjects (0ms)
		CreateAndSetChildDomain (26ms)
	RebuildCommonClasses (48ms)
	RebuildNativeTypeToScriptingClass (14ms)
	initialDomainReloadingComplete (67ms)
	LoadAllAssembliesAndSetupDomain (1014ms)
		LoadAssemblies (632ms)
		RebuildTransferFunctionScriptingTraits (0ms)
		AnalyzeDomain (506ms)
			TypeCache.Refresh (418ms)
				TypeCache.ScanAssembly (389ms)
			ScanForSourceGeneratedMonoScriptInfo (62ms)
			ResolveRequiredComponents (24ms)
	FinalizeReload (1725ms)
		ReleaseScriptCaches (0ms)
		RebuildScriptCaches (0ms)
		SetupLoadedEditorAssemblies (1393ms)
			LogAssemblyErrors (0ms)
			InitializePlatformSupportModulesInManaged (10ms)
			SetLoadedEditorAssemblies (7ms)
			RefreshPlugins (0ms)
			BeforeProcessingInitializeOnLoad (171ms)
			ProcessInitializeOnLoadAttributes (804ms)
			ProcessInitializeOnLoadMethodAttributes (385ms)
			AfterProcessingInitializeOnLoad (15ms)
			EditorAssembliesLoaded (0ms)
		ExecutionOrderSort2 (0ms)
		AwakeInstancesAfterBackupRestoration (13ms)
WARNING: Shader Unsupported: 'Hidden/Builtin_TerrainVisualization' - All subshaders removed
WARNING: Shader Did you use #pragma only_renderers and omit this platform?
WARNING: Shader If subshaders removal was intentional, you may have forgotten turning Fallback off?
WARNING: Shader Unsupported: 'Hidden/Builtin_TerrainVisualization' - All subshaders removed
WARNING: Shader Did you use #pragma only_renderers and omit this platform?
WARNING: Shader If subshaders removal was intentional, you may have forgotten turning Fallback off?
WARNING: Shader Unsupported: 'Hidden/Universal Render Pipeline/Terrain/Lit (Base Pass)' - All subshaders removed
WARNING: Shader Did you use #pragma only_renderers and omit this platform?
WARNING: Shader If subshaders removal was intentional, you may have forgotten turning Fallback off?
WARNING: Shader Unsupported: 'Hidden/Universal Render Pipeline/Terrain/Lit (Base Pass)' - All subshaders removed
WARNING: Shader Did you use #pragma only_renderers and omit this platform?
WARNING: Shader If subshaders removal was intentional, you may have forgotten turning Fallback off?
WARNING: Shader Unsupported: 'Universal Render Pipeline/Terrain/Lit' - All subshaders removed
WARNING: Shader Did you use #pragma only_renderers and omit this platform?
WARNING: Shader If subshaders removal was intentional, you may have forgotten turning Fallback off?
WARNING: Shader Unsupported: 'Universal Render Pipeline/Terrain/Lit' - All subshaders removed
WARNING: Shader Did you use #pragma only_renderers and omit this platform?
WARNING: Shader If subshaders removal was intentional, you may have forgotten turning Fallback off?
Shader 'Fristy/Nature/Leaves': fallback shader 'TransparentCutout' not found
Shader 'Fristy/Nature/Leaves': fallback shader 'TransparentCutout' not found
Shader 'Fristy/Nature/Leaves 2': fallback shader 'TransparentCutout' not found
Shader 'Fristy/Nature/Leaves 2': fallback shader 'TransparentCutout' not found
Launched and connected shader compiler UnityShaderCompiler.exe after 0.05 seconds
Refreshing native plugins compatible for Editor in 32.25 ms, found 12 plugins.
Preloading 0 native plugins for Editor in 0.00 ms.
Unloading 9311 Unused Serialized files (Serialized files now loaded: 0)
Unloading 167 unused Assets / (7.6 MB). Loaded Objects now: 9851.
Memory consumption went from 487.7 MB to 480.1 MB.
Total: 10.252700 ms (FindLiveObjects: 1.036600 ms CreateObjectMapping: 0.380000 ms MarkObjects: 6.462100 ms  DeleteObjects: 2.372100 ms)

AssetImportParameters requested are different than current active one (requested -> active):
  custom:container-demuxer-ogg: 62fdf1f143b41e24485cea50d1cbac27 -> 
  custom:framework-win-MediaFoundation: 216162199b28c13a410421893ffa2e32 -> 
  custom:container-muxer-webm: aa71ff27fc2769a1b78a27578f13a17b -> 
  custom:video-decoder-webm-vp8: 9c59270c3fd7afecdb556c50c9e8de78 -> 
  custom:SearchIndexIgnoredProperties: e643bd26f0fe6173181afceb89e7c659 -> 
  custom:AudioImporter_EditorPlatform: d09bf68614088b80899f8185d706f6e7 -> 
  custom:audio-decoder-ogg-vorbis: bf7c407c2cedff20999df2af8eb42d56 -> 
  custom:audio-encoder-webm-vorbis: bf7c407c2cedff20999df2af8eb42d56 -> 
  custom:video-codec-MediaFoundation-h265: 746d11721c4dcdbdad8f713fa42b33f4 -> 
  custom:video-decoder-ogg-theora: a1e56fd34408186e4bbccfd4996cb3dc -> 
  custom:CustomObjectIndexerAttribute: 3ead1caaecf1c488f20bcfeb224b6af5 -> 
  custom:container-demuxer-webm: 4f35f7cbe854078d1ac9338744f61a02 -> 
  custom:video-encoder-webm-vp8: eb34c28f22e8b96e1ab97ce403110664 -> 
========================================================================
Received Import Request.
  Time since last request: 976584.765157 seconds.
  path: Assets/Toby Fredson/The Toby Foliage Engine/(TTFE)_Demo/Prefabs/Prefabs_Vegetation/Vegetation_Plants/VP_GrassSingle/Grass_Single_X.prefab
  artifactKey: Guid(13eb6174adb31a340873cf6eea21782d) Importer(815301076,1909f56bfc062723c751e8b465ee728b)
Start importing Assets/Toby Fredson/The Toby Foliage Engine/(TTFE)_Demo/Prefabs/Prefabs_Vegetation/Vegetation_Plants/VP_GrassSingle/Grass_Single_X.prefab using Guid(13eb6174adb31a340873cf6eea21782d) Importer(815301076,1909f56bfc062723c751e8b465ee728b) [PhysX] Initialized MultithreadedTaskDispatcher with 16 workers.
[PhysX] Initialized MultithreadedTaskDispatcher with 16 workers.
Shader error in 'Toby Fredson/The Toby Foliage Engine/(TTFE) Grass Foliage': 'ApplyDecalToSurfaceData': no matching 3 parameter function at Foliage.shader(880) (on d3d11)

Compiling Subshader: 0, Pass: GBuffer, Fragment program with DECALS_3RT DECAL_SURFACE_GRADIENT LOD_FADE_CROSSFADE PROBE_VOLUMES_OFF _ALPHATEST_ON _CONTINUOUSWINDGENTLE_ON _DOUBLESIDED_ON _WINDTYPE_GENTLEBREEZE
Platform defines: SHADER_API_DESKTOP UNITY_ENABLE_DETAIL_NORMALMAP UNITY_ENABLE_REFLECTION_BUFFERS UNITY_LIGHTMAP_FULL_HDR UNITY_LIGHT_PROBE_PROXY_VOLUME UNITY_PBS_USE_BRDF1 UNITY_SPECCUBE_BLENDING UNITY_SPECCUBE_BOX_PROJECTION UNITY_USE_DITHER_MASK_FOR_ALPHABLENDED_SHADOWS
Disabled keywords: DEBUG_DISPLAY DECALS_4RT DECALS_OFF DIRLIGHTMAP_COMBINED DOTS_INSTANCING_ON DYNAMICLIGHTMAP_ON INSTANCING_ON LIGHTMAP_ON LIGHT_LAYERS PROBE_VOLUMES_L1 PROBE_VOLUMES_L2 SHADER_API_GLES30 SHADOWS_SHADOWMASK UNITY_ASTC_NORMALMAP_ENCODING UNITY_COLORSPACE_GAMMA UNITY_FRAMEBUFFER_FETCH_AVAILABLE UNITY_HALF_PRECISION_FRAGMENT_SHADER_REGISTERS UNITY_HARDWARE_TIER1 UNITY_HARDWARE_TIER2 UNITY_HARDWARE_TIER3 UNITY_LIGHTMAP_DLDR_ENCODING UNITY_LIGHTMAP_RGBM_ENCODING UNITY_METAL_SHADOWS_USE_POINT_FILTERING UNITY_NO_DXT5nm UNITY_NO_FULL_STANDARD_SHADER UNITY_NO_SCREENSPACE_SHADOWS UNITY_PBS_USE_BRDF2 UNITY_PBS_USE_BRDF3 UNITY_PRETRANSFORM_TO_DISPLAY_ORIENTATION UNITY_UNIFIED_SHADER_PRECISION_MODEL UNITY_VIRTUAL_TEXTURING _ENABLE_FOG_ON_TRANSPARENT _SURFACE_TYPE_TRANSPARENT _TRANSPARENT_WRITES_MOTION_VEC _WINDTYPE_WINDOFF
 -> (artifact id: '7aa97cfbd2a07c90d44020477c34b79c') in 1.393544 seconds
Number of updated asset objects reloaded before import = 0
Number of asset objects unloaded after import = 87
========================================================================
Received Import Request.
  Time since last request: 0.000065 seconds.
  path: Assets/Toby Fredson/The Toby Foliage Engine/(TTFE)_Demo/Prefabs/Prefabs_Vegetation/Vegetation_Plants/VP_Flowers/FlowersWTTFE-E.prefab
  artifactKey: Guid(c429c64a8bd92474bbef70eb646a9739) Importer(815301076,1909f56bfc062723c751e8b465ee728b)
Start importing Assets/Toby Fredson/The Toby Foliage Engine/(TTFE)_Demo/Prefabs/Prefabs_Vegetation/Vegetation_Plants/VP_Flowers/FlowersWTTFE-E.prefab using Guid(c429c64a8bd92474bbef70eb646a9739) Importer(815301076,1909f56bfc062723c751e8b465ee728b) [PhysX] Initialized MultithreadedTaskDispatcher with 16 workers.
[PhysX] Initialized MultithreadedTaskDispatcher with 16 workers.
Shader error in 'Toby Fredson/The Toby Foliage Engine/(TTFE) Tree Foliage': 'ApplyDecalToSurfaceData': no matching 3 parameter function at Foliage.shader(887) (on d3d11)

Compiling Subshader: 0, Pass: GBuffer, Fragment program with DECALS_3RT DECAL_SURFACE_GRADIENT LOD_FADE_CROSSFADE PROBE_VOLUMES_OFF _ALPHATEST_ON _DOUBLESIDED_ON _LEAFFLUTTER_ON _SELFSHADING_ON _WINDTYPE_GENTLEBREEZE
Platform defines: SHADER_API_DESKTOP UNITY_ENABLE_DETAIL_NORMALMAP UNITY_ENABLE_REFLECTION_BUFFERS UNITY_LIGHTMAP_FULL_HDR UNITY_LIGHT_PROBE_PROXY_VOLUME UNITY_PBS_USE_BRDF1 UNITY_SPECCUBE_BLENDING UNITY_SPECCUBE_BOX_PROJECTION UNITY_USE_DITHER_MASK_FOR_ALPHABLENDED_SHADOWS
Disabled keywords: DEBUG_DISPLAY DECALS_4RT DECALS_OFF DIRLIGHTMAP_COMBINED DOTS_INSTANCING_ON DYNAMICLIGHTMAP_ON INSTANCING_ON LIGHTMAP_ON LIGHT_LAYERS PROBE_VOLUMES_L1 PROBE_VOLUMES_L2 SHADER_API_GLES30 SHADOWS_SHADOWMASK UNITY_ASTC_NORMALMAP_ENCODING UNITY_COLORSPACE_GAMMA UNITY_FRAMEBUFFER_FETCH_AVAILABLE UNITY_HALF_PRECISION_FRAGMENT_SHADER_REGISTERS UNITY_HARDWARE_TIER1 UNITY_HARDWARE_TIER2 UNITY_HARDWARE_TIER3 UNITY_LIGHTMAP_DLDR_ENCODING UNITY_LIGHTMAP_RGBM_ENCODING UNITY_METAL_SHADOWS_USE_POINT_FILTERING UNITY_NO_DXT5nm UNITY_NO_FULL_STANDARD_SHADER UNITY_NO_SCREENSPACE_SHADOWS UNITY_PBS_USE_BRDF2 UNITY_PBS_USE_BRDF3 UNITY_PRETRANSFORM_TO_DISPLAY_ORIENTATION UNITY_UNIFIED_SHADER_PRECISION_MODEL UNITY_VIRTUAL_TEXTURING _ENABLE_FOG_ON_TRANSPARENT _SURFACE_TYPE_TRANSPARENT _TRANSPARENT_WRITES_MOTION_VEC _WINDTYPE_WINDOFF
 -> (artifact id: 'c3b2e0993fbfbcd3574c1badb0b01f7d') in 0.079616 seconds
Number of updated asset objects reloaded before import = 0
Number of asset objects unloaded after import = 27
========================================================================
Received Import Request.
  Time since last request: 0.000100 seconds.
  path: Assets/Toby Fredson/The Toby Foliage Engine/(TTFE)_Demo/Prefabs/Prefabs_Vegetation/Vegetation_Plants/VP_Grass/GrassBig_A.prefab
  artifactKey: Guid(abb51bb2cf0ed594d91fa1394d79d707) Importer(815301076,1909f56bfc062723c751e8b465ee728b)
Start importing Assets/Toby Fredson/The Toby Foliage Engine/(TTFE)_Demo/Prefabs/Prefabs_Vegetation/Vegetation_Plants/VP_Grass/GrassBig_A.prefab using Guid(abb51bb2cf0ed594d91fa1394d79d707) Importer(815301076,1909f56bfc062723c751e8b465ee728b) [PhysX] Initialized MultithreadedTaskDispatcher with 16 workers.
[PhysX] Initialized MultithreadedTaskDispatcher with 16 workers.
 -> (artifact id: '16765a2b4ee145f06968e0057fccf270') in 0.136344 seconds
Number of updated asset objects reloaded before import = 0
Number of asset objects unloaded after import = 33
========================================================================
Received Import Request.
  Time since last request: 0.000084 seconds.
  path: Assets/Toby Fredson/The Toby Foliage Engine/(TTFE)_Demo/Prefabs/Prefabs_Vegetation/Vegetation_Plants/VP_Grass/GrassBig_B.prefab
  artifactKey: Guid(6d3b2f816fe1f964bb9aac13fbca709a) Importer(815301076,1909f56bfc062723c751e8b465ee728b)
Start importing Assets/Toby Fredson/The Toby Foliage Engine/(TTFE)_Demo/Prefabs/Prefabs_Vegetation/Vegetation_Plants/VP_Grass/GrassBig_B.prefab using Guid(6d3b2f816fe1f964bb9aac13fbca709a) Importer(815301076,1909f56bfc062723c751e8b465ee728b) [PhysX] Initialized MultithreadedTaskDispatcher with 16 workers.
[PhysX] Initialized MultithreadedTaskDispatcher with 16 workers.
 -> (artifact id: 'b3b91e185fa15761cb33178b8edd9997') in 0.154407 seconds
Number of updated asset objects reloaded before import = 0
Number of asset objects unloaded after import = 33
========================================================================
Received Import Request.
  Time since last request: 0.000060 seconds.
  path: Assets/Toby Fredson/The Toby Foliage Engine/(TTFE)_Demo/Prefabs/Prefabs_Vegetation/Vegetation_Trees/VTSpecies_Shrub/ShrubTree_C.prefab
  artifactKey: Guid(3c3469c7197d61c49a03afbf210b7ba4) Importer(815301076,1909f56bfc062723c751e8b465ee728b)
Start importing Assets/Toby Fredson/The Toby Foliage Engine/(TTFE)_Demo/Prefabs/Prefabs_Vegetation/Vegetation_Trees/VTSpecies_Shrub/ShrubTree_C.prefab using Guid(3c3469c7197d61c49a03afbf210b7ba4) Importer(815301076,1909f56bfc062723c751e8b465ee728b) [PhysX] Initialized MultithreadedTaskDispatcher with 16 workers.
[PhysX] Initialized MultithreadedTaskDispatcher with 16 workers.
Shader error in 'Toby Fredson/The Toby Foliage Engine/(TTFE) Tree Bark': 'ApplyDecalToSurfaceData': no matching 3 parameter function at Bark.shader(806) (on d3d11)

Compiling Subshader: 0, Pass: GBuffer, Fragment program with DECALS_3RT DECAL_SURFACE_GRADIENT LOD_FADE_CROSSFADE PROBE_VOLUMES_OFF _WINDTYPE_GENTLEBREEZE
Platform defines: SHADER_API_DESKTOP UNITY_ENABLE_DETAIL_NORMALMAP UNITY_ENABLE_REFLECTION_BUFFERS UNITY_LIGHTMAP_FULL_HDR UNITY_LIGHT_PROBE_PROXY_VOLUME UNITY_PBS_USE_BRDF1 UNITY_SPECCUBE_BLENDING UNITY_SPECCUBE_BOX_PROJECTION UNITY_USE_DITHER_MASK_FOR_ALPHABLENDED_SHADOWS
Disabled keywords: DEBUG_DISPLAY DECALS_4RT DECALS_OFF DIRLIGHTMAP_COMBINED DOTS_INSTANCING_ON DYNAMICLIGHTMAP_ON INSTANCING_ON LIGHTMAP_ON LIGHT_LAYERS PROBE_VOLUMES_L1 PROBE_VOLUMES_L2 SHADER_API_GLES30 SHADOWS_SHADOWMASK UNITY_ASTC_NORMALMAP_ENCODING UNITY_COLORSPACE_GAMMA UNITY_FRAMEBUFFER_FETCH_AVAILABLE UNITY_HALF_PRECISION_FRAGMENT_SHADER_REGISTERS UNITY_HARDWARE_TIER1 UNITY_HARDWARE_TIER2 UNITY_HARDWARE_TIER3 UNITY_LIGHTMAP_DLDR_ENCODING UNITY_LIGHTMAP_RGBM_ENCODING UNITY_METAL_SHADOWS_USE_POINT_FILTERING UNITY_NO_DXT5nm UNITY_NO_FULL_STANDARD_SHADER UNITY_NO_SCREENSPACE_SHADOWS UNITY_PBS_USE_BRDF2 UNITY_PBS_USE_BRDF3 UNITY_PRETRANSFORM_TO_DISPLAY_ORIENTATION UNITY_UNIFIED_SHADER_PRECISION_MODEL UNITY_VIRTUAL_TEXTURING _DISABLE_DECALS _DOUBLESIDED_ON _ENABLE_FOG_ON_TRANSPARENT _SURFACE_TYPE_TRANSPARENT _TRANSPARENT_WRITES_MOTION_VEC _WINDTYPE_WINDOFF
Shader error in 'Toby Fredson/The Toby Foliage Engine/(TTFE) Tree Foliage': 'ApplyDecalToSurfaceData': no matching 3 parameter function at Foliage.shader(887) (on d3d11)

Compiling Subshader: 0, Pass: GBuffer, Fragment program with DECALS_3RT DECAL_SURFACE_GRADIENT LOD_FADE_CROSSFADE PROBE_VOLUMES_OFF _ALPHATEST_ON _DOUBLESIDED_ON _LEAFFLUTTER_ON _SELFSHADING_ON _WINDTYPE_GENTLEBREEZE
Platform defines: SHADER_API_DESKTOP UNITY_ENABLE_DETAIL_NORMALMAP UNITY_ENABLE_REFLECTION_BUFFERS UNITY_LIGHTMAP_FULL_HDR UNITY_LIGHT_PROBE_PROXY_VOLUME UNITY_PBS_USE_BRDF1 UNITY_SPECCUBE_BLENDING UNITY_SPECCUBE_BOX_PROJECTION UNITY_USE_DITHER_MASK_FOR_ALPHABLENDED_SHADOWS
Disabled keywords: DEBUG_DISPLAY DECALS_4RT DECALS_OFF DIRLIGHTMAP_COMBINED DOTS_INSTANCING_ON DYNAMICLIGHTMAP_ON INSTANCING_ON LIGHTMAP_ON LIGHT_LAYERS PROBE_VOLUMES_L1 PROBE_VOLUMES_L2 SHADER_API_GLES30 SHADOWS_SHADOWMASK UNITY_ASTC_NORMALMAP_ENCODING UNITY_COLORSPACE_GAMMA UNITY_FRAMEBUFFER_FETCH_AVAILABLE UNITY_HALF_PRECISION_FRAGMENT_SHADER_REGISTERS UNITY_HARDWARE_TIER1 UNITY_HARDWARE_TIER2 UNITY_HARDWARE_TIER3 UNITY_LIGHTMAP_DLDR_ENCODING UNITY_LIGHTMAP_RGBM_ENCODING UNITY_METAL_SHADOWS_USE_POINT_FILTERING UNITY_NO_DXT5nm UNITY_NO_FULL_STANDARD_SHADER UNITY_NO_SCREENSPACE_SHADOWS UNITY_PBS_USE_BRDF2 UNITY_PBS_USE_BRDF3 UNITY_PRETRANSFORM_TO_DISPLAY_ORIENTATION UNITY_UNIFIED_SHADER_PRECISION_MODEL UNITY_VIRTUAL_TEXTURING _ENABLE_FOG_ON_TRANSPARENT _SURFACE_TYPE_TRANSPARENT _TRANSPARENT_WRITES_MOTION_VEC _WINDTYPE_WINDOFF
 -> (artifact id: '083637dcc897e1e2a626f328ea4cf23d') in 0.497740 seconds
Number of updated asset objects reloaded before import = 0
Number of asset objects unloaded after import = 69
========================================================================
Received Import Request.
  Time since last request: 0.000060 seconds.
  path: Assets/Toby Fredson/The Toby Foliage Engine/(TTFE)_Demo/Prefabs/Prefabs_Vegetation/Vegetation_Trees/VTSpecies_Shrub/ShrubTree(NR)_D.prefab
  artifactKey: Guid(45041291efc670640a7ea77a57e53254) Importer(815301076,1909f56bfc062723c751e8b465ee728b)
Start importing Assets/Toby Fredson/The Toby Foliage Engine/(TTFE)_Demo/Prefabs/Prefabs_Vegetation/Vegetation_Trees/VTSpecies_Shrub/ShrubTree(NR)_D.prefab using Guid(45041291efc670640a7ea77a57e53254) Importer(815301076,1909f56bfc062723c751e8b465ee728b) [PhysX] Initialized MultithreadedTaskDispatcher with 16 workers.
[PhysX] Initialized MultithreadedTaskDispatcher with 16 workers.
 -> (artifact id: '1ecb14ddb820f9916bf0c2cc60b5ba78') in 0.303102 seconds
Number of updated asset objects reloaded before import = 0
Number of asset objects unloaded after import = 68
========================================================================
Received Import Request.
  Time since last request: 0.000072 seconds.
  path: Assets/Toby Fredson/The Toby Foliage Engine/(TTFE)_Demo/Prefabs/Prefabs_Vegetation/Vegetation_Plants/VP_Flowers/FlowersWTTFE-A.prefab
  artifactKey: Guid(785cf4b43691d8944a7e3255563a6a2f) Importer(815301076,1909f56bfc062723c751e8b465ee728b)
Start importing Assets/Toby Fredson/The Toby Foliage Engine/(TTFE)_Demo/Prefabs/Prefabs_Vegetation/Vegetation_Plants/VP_Flowers/FlowersWTTFE-A.prefab using Guid(785cf4b43691d8944a7e3255563a6a2f) Importer(815301076,1909f56bfc062723c751e8b465ee728b) [PhysX] Initialized MultithreadedTaskDispatcher with 16 workers.
[PhysX] Initialized MultithreadedTaskDispatcher with 16 workers.
 -> (artifact id: '4640558ecefd0b6d98d9ba5bc72c51fe') in 0.048286 seconds
Number of updated asset objects reloaded before import = 0
Number of asset objects unloaded after import = 27
========================================================================
Received Import Request.
  Time since last request: 150.240806 seconds.
  path: Assets/Toby Fredson/The Toby Foliage Engine/(TTFE)_Demo/Prefabs/Prefabs_Vegetation/Vegetation_Trees/VTSpecies_Shrub/ShrubTree_C.prefab
  artifactKey: Guid(3c3469c7197d61c49a03afbf210b7ba4) Importer(815301076,1909f56bfc062723c751e8b465ee728b)
Start importing Assets/Toby Fredson/The Toby Foliage Engine/(TTFE)_Demo/Prefabs/Prefabs_Vegetation/Vegetation_Trees/VTSpecies_Shrub/ShrubTree_C.prefab using Guid(3c3469c7197d61c49a03afbf210b7ba4) Importer(815301076,1909f56bfc062723c751e8b465ee728b) [PhysX] Initialized MultithreadedTaskDispatcher with 16 workers.
[PhysX] Initialized MultithreadedTaskDispatcher with 16 workers.
 -> (artifact id: 'fd1c1ad08ff10c61b332b5fa6d34c5ee') in 0.256545 seconds
Number of updated asset objects reloaded before import = 0
Number of asset objects unloaded after import = 69
========================================================================
Received Import Request.
  Time since last request: 127.033072 seconds.
  path: Assets/PalmTreePack/Models/Palm2/Palm_2_1.fbx
  artifactKey: Guid(51cc191002f9a974da100b864ba08727) Importer(815301076,1909f56bfc062723c751e8b465ee728b)
Start importing Assets/PalmTreePack/Models/Palm2/Palm_2_1.fbx using Guid(51cc191002f9a974da100b864ba08727) Importer(815301076,1909f56bfc062723c751e8b465ee728b) [PhysX] Initialized MultithreadedTaskDispatcher with 16 workers.
[PhysX] Initialized MultithreadedTaskDispatcher with 16 workers.
[PhysX] Initialized MultithreadedTaskDispatcher with 16 workers.
 -> (artifact id: '953dfd4846dda10a799f2c3b536b2264') in 0.156658 seconds
Number of updated asset objects reloaded before import = 0
Number of asset objects unloaded after import = 14
========================================================================
Received Import Request.
  Time since last request: 11.569811 seconds.
  path: Assets/Fristy stylize Modular Assets 2/Rocks/2_Rock/Materials/2_Rock.mat
  artifactKey: Guid(b0c9a3e3d179cf74da675bae9e84804f) Importer(815301076,1909f56bfc062723c751e8b465ee728b)
Start importing Assets/Fristy stylize Modular Assets 2/Rocks/2_Rock/Materials/2_Rock.mat using Guid(b0c9a3e3d179cf74da675bae9e84804f) Importer(815301076,1909f56bfc062723c751e8b465ee728b) [PhysX] Initialized MultithreadedTaskDispatcher with 16 workers.
[PhysX] Initialized MultithreadedTaskDispatcher with 16 workers.
 -> (artifact id: '5f05ad3886a47cb7da62916bf5409ff6') in 0.090070 seconds
Number of updated asset objects reloaded before import = 0
Number of asset objects unloaded after import = 5
========================================================================
Received Import Request.
  Time since last request: 0.000050 seconds.
  path: Assets/Fristy stylize Modular Assets 2/Rocks/3_Rocks/Maps/3_Rock_normals.png
  artifactKey: Guid(4eae2d22a07ca2f489265a9ac7cda23e) Importer(815301076,1909f56bfc062723c751e8b465ee728b)
Start importing Assets/Fristy stylize Modular Assets 2/Rocks/3_Rocks/Maps/3_Rock_normals.png using Guid(4eae2d22a07ca2f489265a9ac7cda23e) Importer(815301076,1909f56bfc062723c751e8b465ee728b) [PhysX] Initialized MultithreadedTaskDispatcher with 16 workers.
[PhysX] Initialized MultithreadedTaskDispatcher with 16 workers.
 -> (artifact id: '6b128a1dd2ca37f8993e6e567334b847') in 0.053180 seconds
Number of updated asset objects reloaded before import = 0
Number of asset objects unloaded after import = 2
========================================================================
Received Import Request.
  Time since last request: 0.000057 seconds.
  path: Assets/Toby Fredson/The Toby Foliage Engine/(TTFE)_Demo/Textures/Textures_Tiles Nature/BaseRockGCATA_B_MAG.png
  artifactKey: Guid(99a1b7c7c2418734aa485b33901c3e11) Importer(815301076,1909f56bfc062723c751e8b465ee728b)
Start importing Assets/Toby Fredson/The Toby Foliage Engine/(TTFE)_Demo/Textures/Textures_Tiles Nature/BaseRockGCATA_B_MAG.png using Guid(99a1b7c7c2418734aa485b33901c3e11) Importer(815301076,1909f56bfc062723c751e8b465ee728b) [PhysX] Initialized MultithreadedTaskDispatcher with 16 workers.
[PhysX] Initialized MultithreadedTaskDispatcher with 16 workers.
 -> (artifact id: 'f62a77972c1b3b35c6c56119c2919020') in 0.027769 seconds
Number of updated asset objects reloaded before import = 0
Number of asset objects unloaded after import = 2
========================================================================
Received Import Request.
  Time since last request: 0.000039 seconds.
  path: Assets/Toby Fredson/The Toby Foliage Engine/(TTFE)_Demo/Meshes/Meshes_Vegetation/MV_Static/CliffRockTTFEL_A.fbx
  artifactKey: Guid(895a3a340d44bd24d981be0611d940f6) Importer(815301076,1909f56bfc062723c751e8b465ee728b)
Start importing Assets/Toby Fredson/The Toby Foliage Engine/(TTFE)_Demo/Meshes/Meshes_Vegetation/MV_Static/CliffRockTTFEL_A.fbx using Guid(895a3a340d44bd24d981be0611d940f6) Importer(815301076,1909f56bfc062723c751e8b465ee728b) [PhysX] Initialized MultithreadedTaskDispatcher with 16 workers.
[PhysX] Initialized MultithreadedTaskDispatcher with 16 workers.
[PhysX] Initialized MultithreadedTaskDispatcher with 16 workers.
[PhysX] Initialized MultithreadedTaskDispatcher with 16 workers.
[PhysX] Initialized MultithreadedTaskDispatcher with 16 workers.
[PhysX] Initialized MultithreadedTaskDispatcher with 16 workers.
[PhysX] Initialized MultithreadedTaskDispatcher with 16 workers.
[PhysX] Initialized MultithreadedTaskDispatcher with 16 workers.
[PhysX] Initialized MultithreadedTaskDispatcher with 16 workers.
[PhysX] Initialized MultithreadedTaskDispatcher with 16 workers.
[PhysX] Initialized MultithreadedTaskDispatcher with 16 workers.
[PhysX] Initialized MultithreadedTaskDispatcher with 16 workers.
[PhysX] Initialized MultithreadedTaskDispatcher with 16 workers.
[PhysX] Initialized MultithreadedTaskDispatcher with 16 workers.
 -> (artifact id: '15f4e57d8cec3ac9d410b8ac8634c175') in 0.169882 seconds
Number of updated asset objects reloaded before import = 0
Number of asset objects unloaded after import = 35
========================================================================
Received Import Request.
  Time since last request: 0.000054 seconds.
  path: Assets/TerrainSampleAssets/Prefabs/Rocks/Models/Rock_Overgrown_C.FBX
  artifactKey: Guid(28e5b3b349d66c24486540309217e20d) Importer(815301076,1909f56bfc062723c751e8b465ee728b)
Start importing Assets/TerrainSampleAssets/Prefabs/Rocks/Models/Rock_Overgrown_C.FBX using Guid(28e5b3b349d66c24486540309217e20d) Importer(815301076,1909f56bfc062723c751e8b465ee728b) [PhysX] Initialized MultithreadedTaskDispatcher with 16 workers.
[PhysX] Initialized MultithreadedTaskDispatcher with 16 workers.
[PhysX] Initialized MultithreadedTaskDispatcher with 16 workers.
[PhysX] Initialized MultithreadedTaskDispatcher with 16 workers.
[PhysX] Initialized MultithreadedTaskDispatcher with 16 workers.
[PhysX] Initialized MultithreadedTaskDispatcher with 16 workers.
[PhysX] Initialized MultithreadedTaskDispatcher with 16 workers.
[PhysX] Initialized MultithreadedTaskDispatcher with 16 workers.
[PhysX] Initialized MultithreadedTaskDispatcher with 16 workers.
 -> (artifact id: 'b898b6aab5e5282e255f4c892da000de') in 0.110288 seconds
Number of updated asset objects reloaded before import = 0
Number of asset objects unloaded after import = 21
========================================================================
Received Import Request.
  Time since last request: 0.000060 seconds.
  path: Assets/Fristy stylize Modular Assets 2/Textures/5_Rock_T_Normal.png
  artifactKey: Guid(8c27ec7d6efb5c548aba7aac84956fcd) Importer(815301076,1909f56bfc062723c751e8b465ee728b)
Start importing Assets/Fristy stylize Modular Assets 2/Textures/5_Rock_T_Normal.png using Guid(8c27ec7d6efb5c548aba7aac84956fcd) Importer(815301076,1909f56bfc062723c751e8b465ee728b) [PhysX] Initialized MultithreadedTaskDispatcher with 16 workers.
[PhysX] Initialized MultithreadedTaskDispatcher with 16 workers.
 -> (artifact id: '1f2d8fa9b3ae26c77affa72661cf32b3') in 0.039094 seconds
Number of updated asset objects reloaded before import = 0
Number of asset objects unloaded after import = 2
========================================================================
Received Import Request.
  Time since last request: 0.000041 seconds.
  path: Assets/Toby Fredson/The Toby Foliage Engine/(TTFE)_Demo/Textures/Textures_Tiles Nature/BaseRockGCATA_B_Height.png
  artifactKey: Guid(ae7ff056ab5d66e4aab165616c75f385) Importer(815301076,1909f56bfc062723c751e8b465ee728b)
Start importing Assets/Toby Fredson/The Toby Foliage Engine/(TTFE)_Demo/Textures/Textures_Tiles Nature/BaseRockGCATA_B_Height.png using Guid(ae7ff056ab5d66e4aab165616c75f385) Importer(815301076,1909f56bfc062723c751e8b465ee728b) [PhysX] Initialized MultithreadedTaskDispatcher with 16 workers.
[PhysX] Initialized MultithreadedTaskDispatcher with 16 workers.
 -> (artifact id: '950eb5355e28c89638388e694606fa19') in 0.025169 seconds
Number of updated asset objects reloaded before import = 0
Number of asset objects unloaded after import = 2
========================================================================
Received Import Request.
  Time since last request: 0.000047 seconds.
  path: Assets/Toby Fredson/The Toby Foliage Engine/(TTFE)_Demo/Textures/Textures_Tiles Nature/BaseRockGCATA_B_Albedo.png
  artifactKey: Guid(80320eaf0437460479475679f18cb135) Importer(815301076,1909f56bfc062723c751e8b465ee728b)
Start importing Assets/Toby Fredson/The Toby Foliage Engine/(TTFE)_Demo/Textures/Textures_Tiles Nature/BaseRockGCATA_B_Albedo.png using Guid(80320eaf0437460479475679f18cb135) Importer(815301076,1909f56bfc062723c751e8b465ee728b) [PhysX] Initialized MultithreadedTaskDispatcher with 16 workers.
[PhysX] Initialized MultithreadedTaskDispatcher with 16 workers.
 -> (artifact id: '817f0ad37758bbb3fabcae263e60f4fb') in 0.028537 seconds
Number of updated asset objects reloaded before import = 0
Number of asset objects unloaded after import = 2
========================================================================
Received Import Request.
  Time since last request: 0.000042 seconds.
  path: Assets/Toby Fredson/The Toby Foliage Engine/(TTFE)_Demo/Textures/Textures_Static/CliffRockTTFEL_A_MAG.png
  artifactKey: Guid(7e276c593e5e1f646928beda4d4d391f) Importer(815301076,1909f56bfc062723c751e8b465ee728b)
Start importing Assets/Toby Fredson/The Toby Foliage Engine/(TTFE)_Demo/Textures/Textures_Static/CliffRockTTFEL_A_MAG.png using Guid(7e276c593e5e1f646928beda4d4d391f) Importer(815301076,1909f56bfc062723c751e8b465ee728b) [PhysX] Initialized MultithreadedTaskDispatcher with 16 workers.
[PhysX] Initialized MultithreadedTaskDispatcher with 16 workers.
 -> (artifact id: '644fa5ab4d1c3fd6606ed8c52164e81c') in 0.051479 seconds
Number of updated asset objects reloaded before import = 0
Number of asset objects unloaded after import = 2
========================================================================
Received Import Request.
  Time since last request: 0.000051 seconds.
  path: Assets/Rowlan/Terrain/Stamps/Examples/Heightmaps/Pride Rocks 11.png
  artifactKey: Guid(9b925a5928fb7424aa019d0859fa1130) Importer(815301076,1909f56bfc062723c751e8b465ee728b)
Start importing Assets/Rowlan/Terrain/Stamps/Examples/Heightmaps/Pride Rocks 11.png using Guid(9b925a5928fb7424aa019d0859fa1130) Importer(815301076,1909f56bfc062723c751e8b465ee728b) [PhysX] Initialized MultithreadedTaskDispatcher with 16 workers.
[PhysX] Initialized MultithreadedTaskDispatcher with 16 workers.
 -> (artifact id: '0681f391cfcff20b6d56da7fc5331ca6') in 0.060788 seconds
Number of updated asset objects reloaded before import = 0
Number of asset objects unloaded after import = 2
========================================================================
Received Import Request.
  Time since last request: 0.000042 seconds.
  path: Assets/Fristy stylize Modular Assets 2/Rocks/3_Rocks/3_Rock_4.fbx
  artifactKey: Guid(e918cf9a15303eb4792dd6fbceb7e957) Importer(815301076,1909f56bfc062723c751e8b465ee728b)
Start importing Assets/Fristy stylize Modular Assets 2/Rocks/3_Rocks/3_Rock_4.fbx using Guid(e918cf9a15303eb4792dd6fbceb7e957) Importer(815301076,1909f56bfc062723c751e8b465ee728b) [PhysX] Initialized MultithreadedTaskDispatcher with 16 workers.
[PhysX] Initialized MultithreadedTaskDispatcher with 16 workers.
[PhysX] Initialized MultithreadedTaskDispatcher with 16 workers.
 -> (artifact id: 'dbe45de97a336b185668ce5c38ab9b2a') in 0.061797 seconds
Number of updated asset objects reloaded before import = 0
Number of asset objects unloaded after import = 15
========================================================================
Received Import Request.
  Time since last request: 0.000041 seconds.
  path: Assets/Rowlan/Terrain/Stamps/Examples/Brushes/Layered Rocks 15.brush
  artifactKey: Guid(e20dbf7e6795c6a4493963e694b77360) Importer(815301076,1909f56bfc062723c751e8b465ee728b)
Start importing Assets/Rowlan/Terrain/Stamps/Examples/Brushes/Layered Rocks 15.brush using Guid(e20dbf7e6795c6a4493963e694b77360) Importer(815301076,1909f56bfc062723c751e8b465ee728b) [PhysX] Initialized MultithreadedTaskDispatcher with 16 workers.
 -> (artifact id: '4daa5190dd9eb280c0d93cf7e850ad0e') in 0.064699 seconds
Number of updated asset objects reloaded before import = 0
Number of asset objects unloaded after import = 2
========================================================================
Received Import Request.
  Time since last request: 0.000056 seconds.
  path: Assets/Fristy stylize Modular Assets 2/Rocks/3_Rocks/Materials/3_Rock.006.mat
  artifactKey: Guid(e4a7e69ac0343404882b38a2f0f0848a) Importer(815301076,1909f56bfc062723c751e8b465ee728b)
Start importing Assets/Fristy stylize Modular Assets 2/Rocks/3_Rocks/Materials/3_Rock.006.mat using Guid(e4a7e69ac0343404882b38a2f0f0848a) Importer(815301076,1909f56bfc062723c751e8b465ee728b) [PhysX] Initialized MultithreadedTaskDispatcher with 16 workers.
[PhysX] Initialized MultithreadedTaskDispatcher with 16 workers.
 -> (artifact id: '42e5b4c6a3027d1a3864858338524207') in 0.032917 seconds
Number of updated asset objects reloaded before import = 0
Number of asset objects unloaded after import = 1
========================================================================
Received Import Request.
  Time since last request: 0.000039 seconds.
  path: Assets/TerrainDemoScene_HDRP/Terrain/Textures/Black_Sand_Rocks_B/Black_Sand_Rocks_B_BaseColor.tif
  artifactKey: Guid(b756c5c9e2e229946b5705dfbfd3973f) Importer(815301076,1909f56bfc062723c751e8b465ee728b)
Start importing Assets/TerrainDemoScene_HDRP/Terrain/Textures/Black_Sand_Rocks_B/Black_Sand_Rocks_B_BaseColor.tif using Guid(b756c5c9e2e229946b5705dfbfd3973f) Importer(815301076,1909f56bfc062723c751e8b465ee728b) [PhysX] Initialized MultithreadedTaskDispatcher with 16 workers.
[PhysX] Initialized MultithreadedTaskDispatcher with 16 workers.
 -> (artifact id: '3bd5b0dcb76fe5522c8593a0d3d47d97') in 0.026839 seconds
Number of updated asset objects reloaded before import = 0
Number of asset objects unloaded after import = 2
========================================================================
Received Import Request.
  Time since last request: 0.000039 seconds.
  path: Assets/Fristy stylize Modular Assets 2/Rocks/2_Rock/Maps/2_Rock_Diffuse.psd
  artifactKey: Guid(5d6c1bffde57e3f4faab6d0a6b55ab49) Importer(815301076,1909f56bfc062723c751e8b465ee728b)
Start importing Assets/Fristy stylize Modular Assets 2/Rocks/2_Rock/Maps/2_Rock_Diffuse.psd using Guid(5d6c1bffde57e3f4faab6d0a6b55ab49) Importer(815301076,1909f56bfc062723c751e8b465ee728b) [PhysX] Initialized MultithreadedTaskDispatcher with 16 workers.
[PhysX] Initialized MultithreadedTaskDispatcher with 16 workers.
 -> (artifact id: '69971ed52af77af77bb05b6a998b86ce') in 0.026552 seconds
Number of updated asset objects reloaded before import = 0
Number of asset objects unloaded after import = 2
========================================================================
Received Import Request.
  Time since last request: 0.000039 seconds.
  path: Assets/Fristy stylize Modular Assets 2/Rocks/4_Rock/Maps/4_Rock_normals.png
  artifactKey: Guid(1a71685a1b014174e8ff62f7e790db8e) Importer(815301076,1909f56bfc062723c751e8b465ee728b)
Start importing Assets/Fristy stylize Modular Assets 2/Rocks/4_Rock/Maps/4_Rock_normals.png using Guid(1a71685a1b014174e8ff62f7e790db8e) Importer(815301076,1909f56bfc062723c751e8b465ee728b) [PhysX] Initialized MultithreadedTaskDispatcher with 16 workers.
[PhysX] Initialized MultithreadedTaskDispatcher with 16 workers.
 -> (artifact id: 'bc764268712f03b39ba43527506ff31d') in 0.029474 seconds
Number of updated asset objects reloaded before import = 0
Number of asset objects unloaded after import = 2
========================================================================
Received Import Request.
  Time since last request: 0.000047 seconds.
  path: Assets/Fristy stylize Modular Assets 2/Rocks/2_Rock/Maps/2_Rock_normals.png
  artifactKey: Guid(4f2c770e1f3d3fa4ba06d6c073b6892f) Importer(815301076,1909f56bfc062723c751e8b465ee728b)
Start importing Assets/Fristy stylize Modular Assets 2/Rocks/2_Rock/Maps/2_Rock_normals.png using Guid(4f2c770e1f3d3fa4ba06d6c073b6892f) Importer(815301076,1909f56bfc062723c751e8b465ee728b) [PhysX] Initialized MultithreadedTaskDispatcher with 16 workers.
[PhysX] Initialized MultithreadedTaskDispatcher with 16 workers.
 -> (artifact id: '2ddb4c32bddcaf90e50a6f9080383f7c') in 0.029258 seconds
Number of updated asset objects reloaded before import = 0
Number of asset objects unloaded after import = 2
========================================================================
Received Import Request.
  Time since last request: 0.000040 seconds.
  path: Assets/Toby Fredson/The Toby Foliage Engine/(TTFE)_Demo/Prefabs/Prefabs_Static/CliffRockTTFEL_A.prefab
  artifactKey: Guid(d80d66283d5ec724d86504f8e8de85f0) Importer(815301076,1909f56bfc062723c751e8b465ee728b)
Start importing Assets/Toby Fredson/The Toby Foliage Engine/(TTFE)_Demo/Prefabs/Prefabs_Static/CliffRockTTFEL_A.prefab using Guid(d80d66283d5ec724d86504f8e8de85f0) Importer(815301076,1909f56bfc062723c751e8b465ee728b) [PhysX] Initialized MultithreadedTaskDispatcher with 16 workers.
[PhysX] Initialized MultithreadedTaskDispatcher with 16 workers.
 -> (artifact id: '7678649ad13ccb9db4540887b5c160b0') in 0.500437 seconds
Number of updated asset objects reloaded before import = 0
Number of asset objects unloaded after import = 42
========================================================================
Received Import Request.
  Time since last request: 0.000054 seconds.
  path: Assets/Rowlan/Terrain/Stamps/Examples/Heightmaps/Pride Rocks 02.png
  artifactKey: Guid(a7bc33ce29cca8d43b6ece5db549cf32) Importer(815301076,1909f56bfc062723c751e8b465ee728b)
Start importing Assets/Rowlan/Terrain/Stamps/Examples/Heightmaps/Pride Rocks 02.png using Guid(a7bc33ce29cca8d43b6ece5db549cf32) Importer(815301076,1909f56bfc062723c751e8b465ee728b) [PhysX] Initialized MultithreadedTaskDispatcher with 16 workers.
[PhysX] Initialized MultithreadedTaskDispatcher with 16 workers.
 -> (artifact id: 'b89f49d2decc4859bdde3aa855c31ce2') in 0.048674 seconds
Number of updated asset objects reloaded before import = 0
Number of asset objects unloaded after import = 2
========================================================================
Received Import Request.
  Time since last request: 0.000045 seconds.
  path: Assets/Rowlan/Terrain/Stamps/Examples/Brushes/Layered Rocks 09.brush
  artifactKey: Guid(98a2540547cafe74c983f54fd3413ac6) Importer(815301076,1909f56bfc062723c751e8b465ee728b)
Start importing Assets/Rowlan/Terrain/Stamps/Examples/Brushes/Layered Rocks 09.brush using Guid(98a2540547cafe74c983f54fd3413ac6) Importer(815301076,1909f56bfc062723c751e8b465ee728b) [PhysX] Initialized MultithreadedTaskDispatcher with 16 workers.
 -> (artifact id: '7437eb2fa7c8961c5e3ad139f0ed5e97') in 0.065640 seconds
Number of updated asset objects reloaded before import = 0
Number of asset objects unloaded after import = 2
========================================================================
Received Import Request.
  Time since last request: 0.000039 seconds.
  path: Assets/TerrainSampleAssets/Prefabs/Rocks/Models/Rock_Overgrown_B.FBX
  artifactKey: Guid(b2c98a43e7a97e94280599e0429f11b3) Importer(815301076,1909f56bfc062723c751e8b465ee728b)
Start importing Assets/TerrainSampleAssets/Prefabs/Rocks/Models/Rock_Overgrown_B.FBX using Guid(b2c98a43e7a97e94280599e0429f11b3) Importer(815301076,1909f56bfc062723c751e8b465ee728b) [PhysX] Initialized MultithreadedTaskDispatcher with 16 workers.
[PhysX] Initialized MultithreadedTaskDispatcher with 16 workers.
[PhysX] Initialized MultithreadedTaskDispatcher with 16 workers.
[PhysX] Initialized MultithreadedTaskDispatcher with 16 workers.
[PhysX] Initialized MultithreadedTaskDispatcher with 16 workers.
[PhysX] Initialized MultithreadedTaskDispatcher with 16 workers.
[PhysX] Initialized MultithreadedTaskDispatcher with 16 workers.
[PhysX] Initialized MultithreadedTaskDispatcher with 16 workers.
[PhysX] Initialized MultithreadedTaskDispatcher with 16 workers.
 -> (artifact id: '46d2379164d8fa91a23cef12bb1f7816') in 0.105145 seconds
Number of updated asset objects reloaded before import = 0
Number of asset objects unloaded after import = 21
========================================================================
Received Import Request.
  Time since last request: 0.000053 seconds.
  path: Assets/Toby Fredson/The Toby Foliage Engine/(TTFE)_Demo/Prefabs/Prefabs_Static/CliffRockTTFEL_B Grass.prefab
  artifactKey: Guid(d8da1b6935a8e9547a0d2ac8d27d8ec0) Importer(815301076,1909f56bfc062723c751e8b465ee728b)
Start importing Assets/Toby Fredson/The Toby Foliage Engine/(TTFE)_Demo/Prefabs/Prefabs_Static/CliffRockTTFEL_B Grass.prefab using Guid(d8da1b6935a8e9547a0d2ac8d27d8ec0) Importer(815301076,1909f56bfc062723c751e8b465ee728b) [PhysX] Initialized MultithreadedTaskDispatcher with 16 workers.
[PhysX] Initialized MultithreadedTaskDispatcher with 16 workers.
Shader error in 'Toby Fredson/The Toby Foliage Engine/(TTFE) Simple Cliff Masked': 'ApplyDecalToSurfaceData': no matching 3 parameter function at Masked.shader(731) (on d3d11)

Compiling Subshader: 0, Pass: GBuffer, Fragment program with DECALS_3RT DECAL_SURFACE_GRADIENT PROBE_VOLUMES_OFF
Platform defines: SHADER_API_DESKTOP UNITY_ENABLE_DETAIL_NORMALMAP UNITY_ENABLE_REFLECTION_BUFFERS UNITY_LIGHTMAP_FULL_HDR UNITY_LIGHT_PROBE_PROXY_VOLUME UNITY_PBS_USE_BRDF1 UNITY_SPECCUBE_BLENDING UNITY_SPECCUBE_BOX_PROJECTION UNITY_USE_DITHER_MASK_FOR_ALPHABLENDED_SHADOWS
Disabled keywords: DEBUG_DISPLAY DECALS_4RT DECALS_OFF DIRLIGHTMAP_COMBINED DOTS_INSTANCING_ON DYNAMICLIGHTMAP_ON INSTANCING_ON LIGHTMAP_ON LIGHT_LAYERS PROBE_VOLUMES_L1 PROBE_VOLUMES_L2 SHADER_API_GLES30 SHADOWS_SHADOWMASK UNITY_ASTC_NORMALMAP_ENCODING UNITY_COLORSPACE_GAMMA UNITY_FRAMEBUFFER_FETCH_AVAILABLE UNITY_HALF_PRECISION_FRAGMENT_SHADER_REGISTERS UNITY_HARDWARE_TIER1 UNITY_HARDWARE_TIER2 UNITY_HARDWARE_TIER3 UNITY_LIGHTMAP_DLDR_ENCODING UNITY_LIGHTMAP_RGBM_ENCODING UNITY_METAL_SHADOWS_USE_POINT_FILTERING UNITY_NO_DXT5nm UNITY_NO_FULL_STANDARD_SHADER UNITY_NO_SCREENSPACE_SHADOWS UNITY_PBS_USE_BRDF2 UNITY_PBS_USE_BRDF3 UNITY_PRETRANSFORM_TO_DISPLAY_ORIENTATION UNITY_UNIFIED_SHADER_PRECISION_MODEL UNITY_VIRTUAL_TEXTURING _DISABLE_DECALS _DOUBLESIDED_ON _ENABLE_FOG_ON_TRANSPARENT _SURFACE_TYPE_TRANSPARENT _TRANSPARENT_WRITES_MOTION_VEC
 -> (artifact id: '131744174e14e49b80fead9d3f78823f') in 0.257790 seconds
Number of updated asset objects reloaded before import = 0
Number of asset objects unloaded after import = 43
========================================================================
Received Import Request.
  Time since last request: 0.000051 seconds.
  path: Assets/Fristy stylize Modular Assets 2/Rocks/4_Rock/Materials/4_Rocks.mat
  artifactKey: Guid(dc8acde8b3ad5294f99298de6d11157e) Importer(815301076,1909f56bfc062723c751e8b465ee728b)
Start importing Assets/Fristy stylize Modular Assets 2/Rocks/4_Rock/Materials/4_Rocks.mat using Guid(dc8acde8b3ad5294f99298de6d11157e) Importer(815301076,1909f56bfc062723c751e8b465ee728b) [PhysX] Initialized MultithreadedTaskDispatcher with 16 workers.
[PhysX] Initialized MultithreadedTaskDispatcher with 16 workers.
 -> (artifact id: '550f1b703a88a8661e252c4dcbf4fa2f') in 0.044202 seconds
Number of updated asset objects reloaded before import = 0
Number of asset objects unloaded after import = 6
========================================================================
Received Import Request.
  Time since last request: 0.000046 seconds.
  path: Assets/Toby Fredson/The Toby Foliage Engine/(TTFE)_Demo/Prefabs/Prefabs_Static/CliffRockTTFEL_A Grass.prefab
  artifactKey: Guid(a9bce73b6ed66b64caa051b7bc93e634) Importer(815301076,1909f56bfc062723c751e8b465ee728b)
Start importing Assets/Toby Fredson/The Toby Foliage Engine/(TTFE)_Demo/Prefabs/Prefabs_Static/CliffRockTTFEL_A Grass.prefab using Guid(a9bce73b6ed66b64caa051b7bc93e634) Importer(815301076,1909f56bfc062723c751e8b465ee728b) [PhysX] Initialized MultithreadedTaskDispatcher with 16 workers.
[PhysX] Initialized MultithreadedTaskDispatcher with 16 workers.
 -> (artifact id: '18843b7098a9816164a6368c1e46be3a') in 0.092829 seconds
Number of updated asset objects reloaded before import = 0
Number of asset objects unloaded after import = 43
========================================================================
Received Import Request.
  Time since last request: 0.000044 seconds.
  path: Assets/TerrainSampleAssets/Prefabs/Rocks/Models/Rock_Overgrown_A.FBX
  artifactKey: Guid(249458d5129350f42a5146a75f8b4710) Importer(815301076,1909f56bfc062723c751e8b465ee728b)
Start importing Assets/TerrainSampleAssets/Prefabs/Rocks/Models/Rock_Overgrown_A.FBX using Guid(249458d5129350f42a5146a75f8b4710) Importer(815301076,1909f56bfc062723c751e8b465ee728b) [PhysX] Initialized MultithreadedTaskDispatcher with 16 workers.
[PhysX] Initialized MultithreadedTaskDispatcher with 16 workers.
[PhysX] Initialized MultithreadedTaskDispatcher with 16 workers.
[PhysX] Initialized MultithreadedTaskDispatcher with 16 workers.
[PhysX] Initialized MultithreadedTaskDispatcher with 16 workers.
[PhysX] Initialized MultithreadedTaskDispatcher with 16 workers.
[PhysX] Initialized MultithreadedTaskDispatcher with 16 workers.
[PhysX] Initialized MultithreadedTaskDispatcher with 16 workers.
[PhysX] Initialized MultithreadedTaskDispatcher with 16 workers.
 -> (artifact id: '78296e59b88b634c17b5f66072bacc32') in 0.111605 seconds
Number of updated asset objects reloaded before import = 0
Number of asset objects unloaded after import = 21
========================================================================
Received Import Request.
  Time since last request: 0.000044 seconds.
  path: Assets/Toby Fredson/The Toby Foliage Engine/(TTFE)_Demo/Materials/Materials_Static/CliffRockTTFEL_A.mat
  artifactKey: Guid(febdb90214301654faa11a4faf4a178c) Importer(815301076,1909f56bfc062723c751e8b465ee728b)
Start importing Assets/Toby Fredson/The Toby Foliage Engine/(TTFE)_Demo/Materials/Materials_Static/CliffRockTTFEL_A.mat using Guid(febdb90214301654faa11a4faf4a178c) Importer(815301076,1909f56bfc062723c751e8b465ee728b) [PhysX] Initialized MultithreadedTaskDispatcher with 16 workers.
[PhysX] Initialized MultithreadedTaskDispatcher with 16 workers.
 -> (artifact id: '982be20096a39d93db145e10f185dc63') in 0.076504 seconds
Number of updated asset objects reloaded before import = 0
Number of asset objects unloaded after import = 6
========================================================================
Received Import Request.
  Time since last request: 0.000051 seconds.
  path: Assets/Toby Fredson/The Toby Foliage Engine/(TTFE)_Demo/Materials/Materials_Static/CliffRockTTFEL_A Grass.mat
  artifactKey: Guid(59d9a74b5b3335b4fb1906833f967ec2) Importer(815301076,1909f56bfc062723c751e8b465ee728b)
Start importing Assets/Toby Fredson/The Toby Foliage Engine/(TTFE)_Demo/Materials/Materials_Static/CliffRockTTFEL_A Grass.mat using Guid(59d9a74b5b3335b4fb1906833f967ec2) Importer(815301076,1909f56bfc062723c751e8b465ee728b) [PhysX] Initialized MultithreadedTaskDispatcher with 16 workers.
[PhysX] Initialized MultithreadedTaskDispatcher with 16 workers.
 -> (artifact id: 'c655164d350c83e8fb5693b152d5fcd4') in 0.118874 seconds
Number of updated asset objects reloaded before import = 0
Number of asset objects unloaded after import = 7
========================================================================
Received Import Request.
  Time since last request: 0.000042 seconds.
  path: Assets/Toby Fredson/The Toby Foliage Engine/(TTFE)_Demo/Materials/Materials_Static/CliffRockTTFEL_B.mat
  artifactKey: Guid(dccbedd85c022fb4fbf5a6f78a83af25) Importer(815301076,1909f56bfc062723c751e8b465ee728b)
Start importing Assets/Toby Fredson/The Toby Foliage Engine/(TTFE)_Demo/Materials/Materials_Static/CliffRockTTFEL_B.mat using Guid(dccbedd85c022fb4fbf5a6f78a83af25) Importer(815301076,1909f56bfc062723c751e8b465ee728b) [PhysX] Initialized MultithreadedTaskDispatcher with 16 workers.
[PhysX] Initialized MultithreadedTaskDispatcher with 16 workers.
 -> (artifact id: 'd1b395e7117abf2de3fad61663a4d108') in 0.095113 seconds
Number of updated asset objects reloaded before import = 0
Number of asset objects unloaded after import = 6
========================================================================
Received Import Request.
  Time since last request: 0.000059 seconds.
  path: Assets/Fristy stylize Modular Assets 2/Textures/3_Rock_T_NRM.png
  artifactKey: Guid(b64b3e2cb8d08a64694ca457ad3695ed) Importer(815301076,1909f56bfc062723c751e8b465ee728b)
Start importing Assets/Fristy stylize Modular Assets 2/Textures/3_Rock_T_NRM.png using Guid(b64b3e2cb8d08a64694ca457ad3695ed) Importer(815301076,1909f56bfc062723c751e8b465ee728b) [PhysX] Initialized MultithreadedTaskDispatcher with 16 workers.
[PhysX] Initialized MultithreadedTaskDispatcher with 16 workers.
 -> (artifact id: 'c0d3eb383fc5acf7b78fe5190b246064') in 0.027244 seconds
Number of updated asset objects reloaded before import = 0
Number of asset objects unloaded after import = 2
========================================================================
Received Import Request.
  Time since last request: 0.000044 seconds.
  path: Assets/Fristy stylize Modular Assets 2/Rocks/3_Rocks/Materials/3_Rock.007.mat
  artifactKey: Guid(019309169ace5c64f94de30ca4a5fb0e) Importer(815301076,1909f56bfc062723c751e8b465ee728b)
Start importing Assets/Fristy stylize Modular Assets 2/Rocks/3_Rocks/Materials/3_Rock.007.mat using Guid(019309169ace5c64f94de30ca4a5fb0e) Importer(815301076,1909f56bfc062723c751e8b465ee728b) [PhysX] Initialized MultithreadedTaskDispatcher with 16 workers.
[PhysX] Initialized MultithreadedTaskDispatcher with 16 workers.
 -> (artifact id: '43e4e7b00b2165a3b2c4cb9fa5a12ae2') in 0.019087 seconds
Number of updated asset objects reloaded before import = 0
Number of asset objects unloaded after import = 1
========================================================================
Received Import Request.
  Time since last request: 0.000036 seconds.
  path: Assets/Toby Fredson/The Toby Foliage Engine/(TTFE)_Demo/Materials/Materials_Static/CliffRockTTFEL_B Grass.mat
  artifactKey: Guid(ce9044487256c0d4ba009db7fc77f810) Importer(815301076,1909f56bfc062723c751e8b465ee728b)
Start importing Assets/Toby Fredson/The Toby Foliage Engine/(TTFE)_Demo/Materials/Materials_Static/CliffRockTTFEL_B Grass.mat using Guid(ce9044487256c0d4ba009db7fc77f810) Importer(815301076,1909f56bfc062723c751e8b465ee728b) [PhysX] Initialized MultithreadedTaskDispatcher with 16 workers.
[PhysX] Initialized MultithreadedTaskDispatcher with 16 workers.
 -> (artifact id: '8aea75aabd8cdc083fed215f254df9fc') in 0.080998 seconds
Number of updated asset objects reloaded before import = 0
Number of asset objects unloaded after import = 7
========================================================================
Received Import Request.
  Time since last request: 0.000050 seconds.
  path: Assets/Rowlan/Terrain/Stamps/Examples/Heightmaps/Layered Rocks 15.png
  artifactKey: Guid(fa109b7d1eecee149b20ef7ca4c85520) Importer(815301076,1909f56bfc062723c751e8b465ee728b)
Start importing Assets/Rowlan/Terrain/Stamps/Examples/Heightmaps/Layered Rocks 15.png using Guid(fa109b7d1eecee149b20ef7ca4c85520) Importer(815301076,1909f56bfc062723c751e8b465ee728b) [PhysX] Initialized MultithreadedTaskDispatcher with 16 workers.
[PhysX] Initialized MultithreadedTaskDispatcher with 16 workers.
 -> (artifact id: 'e0ce19335875e5a09f3ca00775545132') in 0.091262 seconds
Number of updated asset objects reloaded before import = 0
Number of asset objects unloaded after import = 2
========================================================================
Received Import Request.
  Time since last request: 0.000052 seconds.
  path: Assets/Rowlan/Terrain/Stamps/Examples/Brushes/Pride Rocks 11.brush
  artifactKey: Guid(9484af893c34ba94e96f55a652e0188a) Importer(815301076,1909f56bfc062723c751e8b465ee728b)
Start importing Assets/Rowlan/Terrain/Stamps/Examples/Brushes/Pride Rocks 11.brush using Guid(9484af893c34ba94e96f55a652e0188a) Importer(815301076,1909f56bfc062723c751e8b465ee728b) [PhysX] Initialized MultithreadedTaskDispatcher with 16 workers.
 -> (artifact id: 'f6d715677e799eb874900cd85dd02921') in 0.070551 seconds
Number of updated asset objects reloaded before import = 0
Number of asset objects unloaded after import = 2
========================================================================
Received Import Request.
  Time since last request: 1.759284 seconds.
  path: Assets/TerrainSampleAssets/Prefabs/Rocks/Rock_A_02.prefab
  artifactKey: Guid(d300c554f4589a640a733a84d30422d4) Importer(815301076,1909f56bfc062723c751e8b465ee728b)
Start importing Assets/TerrainSampleAssets/Prefabs/Rocks/Rock_A_02.prefab using Guid(d300c554f4589a640a733a84d30422d4) Importer(815301076,1909f56bfc062723c751e8b465ee728b) [PhysX] Initialized MultithreadedTaskDispatcher with 16 workers.
[PhysX] Initialized MultithreadedTaskDispatcher with 16 workers.
 -> (artifact id: '17ae4ff81e5681bca7ebabb3412b65ea') in 0.570370 seconds
Number of updated asset objects reloaded before import = 0
Number of asset objects unloaded after import = 53
========================================================================
Received Import Request.
  Time since last request: 0.000042 seconds.
  path: Assets/TerrainSampleAssets/Prefabs/Rocks/Rock_D.prefab
  artifactKey: Guid(6a8a77a07da1ab74bb3d34fe70501b7d) Importer(815301076,1909f56bfc062723c751e8b465ee728b)
Start importing Assets/TerrainSampleAssets/Prefabs/Rocks/Rock_D.prefab using Guid(6a8a77a07da1ab74bb3d34fe70501b7d) Importer(815301076,1909f56bfc062723c751e8b465ee728b) [PhysX] Initialized MultithreadedTaskDispatcher with 16 workers.
[PhysX] Initialized MultithreadedTaskDispatcher with 16 workers.
 -> (artifact id: '6827a2e5a52369c0566b544ecdfd2b3d') in 0.531341 seconds
Number of updated asset objects reloaded before import = 0
Number of asset objects unloaded after import = 31
========================================================================
Received Import Request.
  Time since last request: 0.000062 seconds.
  path: Assets/TerrainSampleAssets/Prefabs/Rocks/Rock_Overgrown_A.prefab
  artifactKey: Guid(957579ed33eb22040bb203c8100f624f) Importer(815301076,1909f56bfc062723c751e8b465ee728b)
Start importing Assets/TerrainSampleAssets/Prefabs/Rocks/Rock_Overgrown_A.prefab using Guid(957579ed33eb22040bb203c8100f624f) Importer(815301076,1909f56bfc062723c751e8b465ee728b) [PhysX] Initialized MultithreadedTaskDispatcher with 16 workers.
[PhysX] Initialized MultithreadedTaskDispatcher with 16 workers.
 -> (artifact id: '23dd3aa4a6356ec0e560f70d72ad2bfc') in 1.535423 seconds
Number of updated asset objects reloaded before import = 0
Number of asset objects unloaded after import = 68
========================================================================
Received Import Request.
  Time since last request: 0.000047 seconds.
  path: Assets/TerrainSampleAssets/Prefabs/Rocks/Rock_B_01.prefab
  artifactKey: Guid(e71b98edf7da4b448bc6ae07b82d6935) Importer(815301076,1909f56bfc062723c751e8b465ee728b)
Start importing Assets/TerrainSampleAssets/Prefabs/Rocks/Rock_B_01.prefab using Guid(e71b98edf7da4b448bc6ae07b82d6935) Importer(815301076,1909f56bfc062723c751e8b465ee728b) [PhysX] Initialized MultithreadedTaskDispatcher with 16 workers.
[PhysX] Initialized MultithreadedTaskDispatcher with 16 workers.
 -> (artifact id: '219b45edd68340750e024838684af51c') in 0.046157 seconds
Number of updated asset objects reloaded before import = 0
Number of asset objects unloaded after import = 62
========================================================================
Received Import Request.
  Time since last request: 0.000070 seconds.
  path: Assets/Toby Fredson/The Toby Foliage Engine/(TTFE)_Demo/Prefabs/Prefabs_Static/RocksTTFEL_F.prefab
  artifactKey: Guid(70fa0768735a6054fa06ea890e9f3df5) Importer(815301076,1909f56bfc062723c751e8b465ee728b)
Start importing Assets/Toby Fredson/The Toby Foliage Engine/(TTFE)_Demo/Prefabs/Prefabs_Static/RocksTTFEL_F.prefab using Guid(70fa0768735a6054fa06ea890e9f3df5) Importer(815301076,1909f56bfc062723c751e8b465ee728b) [PhysX] Initialized MultithreadedTaskDispatcher with 16 workers.
[PhysX] Initialized MultithreadedTaskDispatcher with 16 workers.
 -> (artifact id: 'd62dd76338eb68bd6f455e1096e3cd91') in 0.040413 seconds
Number of updated asset objects reloaded before import = 0
Number of asset objects unloaded after import = 12
========================================================================
Received Import Request.
  Time since last request: 0.000036 seconds.
  path: Assets/TerrainSampleAssets/Prefabs/Rocks/Rock_Overgrown_C.prefab
  artifactKey: Guid(f611d77947a7ec74692548d60ef94887) Importer(815301076,1909f56bfc062723c751e8b465ee728b)
Start importing Assets/TerrainSampleAssets/Prefabs/Rocks/Rock_Overgrown_C.prefab using Guid(f611d77947a7ec74692548d60ef94887) Importer(815301076,1909f56bfc062723c751e8b465ee728b) [PhysX] Initialized MultithreadedTaskDispatcher with 16 workers.
[PhysX] Initialized MultithreadedTaskDispatcher with 16 workers.
 -> (artifact id: '1b19015590138a12d7614c630ce2e8d3') in 0.727802 seconds
Number of updated asset objects reloaded before import = 0
Number of asset objects unloaded after import = 70
========================================================================
Received Import Request.
  Time since last request: 6.695404 seconds.
  path: Assets/SteamVR/Prefabs/[Status].prefab
  artifactKey: Guid(255333d57084e4e46b3d948279746a47) Importer(815301076,1909f56bfc062723c751e8b465ee728b)
Start importing Assets/SteamVR/Prefabs/[Status].prefab using Guid(255333d57084e4e46b3d948279746a47) Importer(815301076,1909f56bfc062723c751e8b465ee728b) [PhysX] Initialized MultithreadedTaskDispatcher with 16 workers.
 -> (artifact id: '2501f5cd5085343294d258bba11420f6') in 0.123299 seconds
Number of updated asset objects reloaded before import = 0
Number of asset objects unloaded after import = 16
========================================================================
Received Import Request.
  Time since last request: 0.000046 seconds.
  path: Assets/Stylized Stone/HDRP/prefab_HDRP/Stacked_Boulder/_Stacked_Boulder_003.prefab
  artifactKey: Guid(b3f74ef2245d42041a675bccbbd0cef5) Importer(815301076,1909f56bfc062723c751e8b465ee728b)
Start importing Assets/Stylized Stone/HDRP/prefab_HDRP/Stacked_Boulder/_Stacked_Boulder_003.prefab using Guid(b3f74ef2245d42041a675bccbbd0cef5) Importer(815301076,1909f56bfc062723c751e8b465ee728b) [PhysX] Initialized MultithreadedTaskDispatcher with 16 workers.
[PhysX] Initialized MultithreadedTaskDispatcher with 16 workers.
 -> (artifact id: 'ce33233aadaaf03da880281877f0b76b') in 0.126273 seconds
Number of updated asset objects reloaded before import = 0
Number of asset objects unloaded after import = 29
========================================================================
Received Import Request.
  Time since last request: 0.000096 seconds.
  path: Assets/Realistic Tree/Prefabs/HDRP/Birch/Birch 2.prefab
  artifactKey: Guid(4da729d2d8eb9f54d8c32912c8b76df0) Importer(815301076,1909f56bfc062723c751e8b465ee728b)
Start importing Assets/Realistic Tree/Prefabs/HDRP/Birch/Birch 2.prefab using Guid(4da729d2d8eb9f54d8c32912c8b76df0) Importer(815301076,1909f56bfc062723c751e8b465ee728b) [PhysX] Initialized MultithreadedTaskDispatcher with 16 workers.
[PhysX] Initialized MultithreadedTaskDispatcher with 16 workers.
 -> (artifact id: 'ef67b190b912c87c48c27d87efdf0c57') in 2.537094 seconds
Number of updated asset objects reloaded before import = 0
Number of asset objects unloaded after import = 133
========================================================================
Received Import Request.
  Time since last request: 0.000069 seconds.
  path: Assets/CityGen3D/Facades/Stone Wall 01.prefab
  artifactKey: Guid(0091a849c4fda94479d0a1991f803d7a) Importer(815301076,1909f56bfc062723c751e8b465ee728b)
Start importing Assets/CityGen3D/Facades/Stone Wall 01.prefab using Guid(0091a849c4fda94479d0a1991f803d7a) Importer(815301076,1909f56bfc062723c751e8b465ee728b) [PhysX] Initialized MultithreadedTaskDispatcher with 16 workers.
 -> (artifact id: '27cd637d193f9667c468d0e71b3c18df') in 0.012244 seconds
Number of updated asset objects reloaded before import = 0
Number of asset objects unloaded after import = 9
========================================================================
Received Import Request.
  Time since last request: 0.000056 seconds.
  path: Assets/Realistic Tree/Prefabs/HDRP/Birch/Birch 8.prefab
  artifactKey: Guid(f0a8b3e95a0d98440a39b75573742022) Importer(815301076,1909f56bfc062723c751e8b465ee728b)
Start importing Assets/Realistic Tree/Prefabs/HDRP/Birch/Birch 8.prefab using Guid(f0a8b3e95a0d98440a39b75573742022) Importer(815301076,1909f56bfc062723c751e8b465ee728b) [PhysX] Initialized MultithreadedTaskDispatcher with 16 workers.
[PhysX] Initialized MultithreadedTaskDispatcher with 16 workers.
 -> (artifact id: 'c3137007ad9fd4c6161c61b4d6be4080') in 0.087208 seconds
Number of updated asset objects reloaded before import = 0
Number of asset objects unloaded after import = 133
========================================================================
Received Import Request.
  Time since last request: 0.000060 seconds.
  path: Assets/Realistic Tree/Prefabs/Standard/Birch/Birch Group 3.prefab
  artifactKey: Guid(1afce9abf1692c24aace0498670b2902) Importer(815301076,1909f56bfc062723c751e8b465ee728b)
Start importing Assets/Realistic Tree/Prefabs/Standard/Birch/Birch Group 3.prefab using Guid(1afce9abf1692c24aace0498670b2902) Importer(815301076,1909f56bfc062723c751e8b465ee728b) [PhysX] Initialized MultithreadedTaskDispatcher with 16 workers.
[PhysX] Initialized MultithreadedTaskDispatcher with 16 workers.
 -> (artifact id: 'fe06870bf4e66996ec6c0debf72b5cff') in 0.061294 seconds
Number of updated asset objects reloaded before import = 0
Number of asset objects unloaded after import = 132
========================================================================
Received Import Request.
  Time since last request: 0.000096 seconds.
  path: Assets/SteamVR/InteractionSystem/Longbow/Prefabs/BalloonSpawner.prefab
  artifactKey: Guid(01c670ceb931d524b9a80b70652eb18b) Importer(815301076,1909f56bfc062723c751e8b465ee728b)
Start importing Assets/SteamVR/InteractionSystem/Longbow/Prefabs/BalloonSpawner.prefab using Guid(01c670ceb931d524b9a80b70652eb18b) Importer(815301076,1909f56bfc062723c751e8b465ee728b) [PhysX] Initialized MultithreadedTaskDispatcher with 16 workers.
 -> (artifact id: '3879a0da5e2579dd2153408d2ccc2b61') in 0.281149 seconds
Number of updated asset objects reloaded before import = 0
Number of asset objects unloaded after import = 76
========================================================================
Received Import Request.
  Time since last request: 0.000065 seconds.
  path: Assets/CityGen3D/Facades/Apartments 01.prefab
  artifactKey: Guid(6045c6a6aabc8944682184f89e38c1b6) Importer(815301076,1909f56bfc062723c751e8b465ee728b)
Start importing Assets/CityGen3D/Facades/Apartments 01.prefab using Guid(6045c6a6aabc8944682184f89e38c1b6) Importer(815301076,1909f56bfc062723c751e8b465ee728b) [PhysX] Initialized MultithreadedTaskDispatcher with 16 workers.
 -> (artifact id: '0ce6012d5b2cc40817d5b9ba1fbd6385') in 0.004918 seconds
Number of updated asset objects reloaded before import = 0
Number of asset objects unloaded after import = 8
========================================================================
Received Import Request.
  Time since last request: 0.000036 seconds.
  path: Assets/Realistic Tree/Prefabs/HDRP/Birch/Birch 5.prefab
  artifactKey: Guid(e9c1cbb9bd37c5243be27654163ec2b0) Importer(815301076,1909f56bfc062723c751e8b465ee728b)
Start importing Assets/Realistic Tree/Prefabs/HDRP/Birch/Birch 5.prefab using Guid(e9c1cbb9bd37c5243be27654163ec2b0) Importer(815301076,1909f56bfc062723c751e8b465ee728b) [PhysX] Initialized MultithreadedTaskDispatcher with 16 workers.
[PhysX] Initialized MultithreadedTaskDispatcher with 16 workers.
 -> (artifact id: 'fd0cfef73f42b173b9fcb02f6a1819f4') in 0.071753 seconds
Number of updated asset objects reloaded before import = 0
Number of asset objects unloaded after import = 133
========================================================================
Received Import Request.
  Time since last request: 0.000061 seconds.
  path: Assets/Realistic Tree/Prefabs/HDRP/Ash/Ash 6.prefab
  artifactKey: Guid(aa5460b223826e248969f82c803cf03b) Importer(815301076,1909f56bfc062723c751e8b465ee728b)
Start importing Assets/Realistic Tree/Prefabs/HDRP/Ash/Ash 6.prefab using Guid(aa5460b223826e248969f82c803cf03b) Importer(815301076,1909f56bfc062723c751e8b465ee728b) [PhysX] Initialized MultithreadedTaskDispatcher with 16 workers.
[PhysX] Initialized MultithreadedTaskDispatcher with 16 workers.
 -> (artifact id: '732f1de77203bbfe99a5ad7c4c124817') in 0.086442 seconds
Number of updated asset objects reloaded before import = 0
Number of asset objects unloaded after import = 133
========================================================================
Received Import Request.
  Time since last request: 0.000095 seconds.
  path: Assets/Stylized Stone/URP/prefab_URP/Solitary stone/Solitary_Stone_001 .prefab
  artifactKey: Guid(b569b6267ae899b428fd555a614fd649) Importer(815301076,1909f56bfc062723c751e8b465ee728b)
Start importing Assets/Stylized Stone/URP/prefab_URP/Solitary stone/Solitary_Stone_001 .prefab using Guid(b569b6267ae899b428fd555a614fd649) Importer(815301076,1909f56bfc062723c751e8b465ee728b) [PhysX] Initialized MultithreadedTaskDispatcher with 16 workers.
[PhysX] Initialized MultithreadedTaskDispatcher with 16 workers.
 -> (artifact id: 'ed3e4248a3d8b0e6a35ec47e2630b385') in 0.127118 seconds
Number of updated asset objects reloaded before import = 0
Number of asset objects unloaded after import = 28
========================================================================
Received Import Request.
  Time since last request: 0.000067 seconds.
  path: Assets/Realistic Tree/Prefabs/URP/Birch/Birch 6.prefab
  artifactKey: Guid(affe17d38a3d2d54eac468a8349625db) Importer(815301076,1909f56bfc062723c751e8b465ee728b)
Start importing Assets/Realistic Tree/Prefabs/URP/Birch/Birch 6.prefab using Guid(affe17d38a3d2d54eac468a8349625db) Importer(815301076,1909f56bfc062723c751e8b465ee728b) [PhysX] Initialized MultithreadedTaskDispatcher with 16 workers.
[PhysX] Initialized MultithreadedTaskDispatcher with 16 workers.
 -> (artifact id: 'b28fbc515261467f9c9664050b542a03') in 0.069711 seconds
Number of updated asset objects reloaded before import = 0
Number of asset objects unloaded after import = 136
========================================================================
Received Import Request.
  Time since last request: 0.000056 seconds.
  path: Assets/Realistic Tree/Prefabs/Standard/Birch/Birch 8.prefab
  artifactKey: Guid(db61dc2238d3c4a478c5a8f9a18be98f) Importer(815301076,1909f56bfc062723c751e8b465ee728b)
Start importing Assets/Realistic Tree/Prefabs/Standard/Birch/Birch 8.prefab using Guid(db61dc2238d3c4a478c5a8f9a18be98f) Importer(815301076,1909f56bfc062723c751e8b465ee728b) [PhysX] Initialized MultithreadedTaskDispatcher with 16 workers.
[PhysX] Initialized MultithreadedTaskDispatcher with 16 workers.
 -> (artifact id: '0bfbfcd8fa5c99ace0e55637fd04a458') in 0.072585 seconds
Number of updated asset objects reloaded before import = 0
Number of asset objects unloaded after import = 132
========================================================================
Received Import Request.
  Time since last request: 0.000051 seconds.
  path: Assets/Realistic Tree/Prefabs/URP/Birch/Birch 9.prefab
  artifactKey: Guid(f16a6efbbe67d3b44999df7a32c32b27) Importer(815301076,1909f56bfc062723c751e8b465ee728b)
Start importing Assets/Realistic Tree/Prefabs/URP/Birch/Birch 9.prefab using Guid(f16a6efbbe67d3b44999df7a32c32b27) Importer(815301076,1909f56bfc062723c751e8b465ee728b) [PhysX] Initialized MultithreadedTaskDispatcher with 16 workers.
[PhysX] Initialized MultithreadedTaskDispatcher with 16 workers.
 -> (artifact id: '08163511dcb5fc13bda1185a1f8aab24') in 0.065841 seconds
Number of updated asset objects reloaded before import = 0
Number of asset objects unloaded after import = 136
========================================================================
Received Import Request.
  Time since last request: 0.000044 seconds.
  path: Assets/Realistic Tree/Prefabs/HDRP/Birch/Birch 1.prefab
  artifactKey: Guid(67fc7923dbcf47447a74625d30aba72c) Importer(815301076,1909f56bfc062723c751e8b465ee728b)
Start importing Assets/Realistic Tree/Prefabs/HDRP/Birch/Birch 1.prefab using Guid(67fc7923dbcf47447a74625d30aba72c) Importer(815301076,1909f56bfc062723c751e8b465ee728b) [PhysX] Initialized MultithreadedTaskDispatcher with 16 workers.
[PhysX] Initialized MultithreadedTaskDispatcher with 16 workers.
 -> (artifact id: '6ba37a98cdb901a43ac7b32966f80cf0') in 0.072019 seconds
Number of updated asset objects reloaded before import = 0
Number of asset objects unloaded after import = 133
========================================================================
Received Import Request.
  Time since last request: 0.000072 seconds.
  path: Assets/Stylized Stone/HDRP/prefab_HDRP/Solitary stone/Solitary_Stone_001 Variant.prefab
  artifactKey: Guid(94b27edadc2498e468dc1360b2eea554) Importer(815301076,1909f56bfc062723c751e8b465ee728b)
Start importing Assets/Stylized Stone/HDRP/prefab_HDRP/Solitary stone/Solitary_Stone_001 Variant.prefab using Guid(94b27edadc2498e468dc1360b2eea554) Importer(815301076,1909f56bfc062723c751e8b465ee728b) [PhysX] Initialized MultithreadedTaskDispatcher with 16 workers.
[PhysX] Initialized MultithreadedTaskDispatcher with 16 workers.
 -> (artifact id: '1234d1dac673406fce910abaa74d7478') in 0.077611 seconds
Number of updated asset objects reloaded before import = 0
Number of asset objects unloaded after import = 29
========================================================================
Received Import Request.
  Time since last request: 0.000072 seconds.
  path: Assets/Realistic Tree/Prefabs/URP/Ash/Ash 2.prefab
  artifactKey: Guid(632cb5ba8e6554c4d895ced6ffb22702) Importer(815301076,1909f56bfc062723c751e8b465ee728b)
Start importing Assets/Realistic Tree/Prefabs/URP/Ash/Ash 2.prefab using Guid(632cb5ba8e6554c4d895ced6ffb22702) Importer(815301076,1909f56bfc062723c751e8b465ee728b) [PhysX] Initialized MultithreadedTaskDispatcher with 16 workers.
[PhysX] Initialized MultithreadedTaskDispatcher with 16 workers.
 -> (artifact id: '9610b298726d8edb41989ae84cafb2f8') in 0.118431 seconds
Number of updated asset objects reloaded before import = 0
Number of asset objects unloaded after import = 137
========================================================================
Received Import Request.
  Time since last request: 0.000048 seconds.
  path: Assets/Realistic Tree/Prefabs/URP/Ash/Ash 1.prefab
  artifactKey: Guid(3bcf6e78553a7f54c8bf39912b4124e3) Importer(815301076,1909f56bfc062723c751e8b465ee728b)
Start importing Assets/Realistic Tree/Prefabs/URP/Ash/Ash 1.prefab using Guid(3bcf6e78553a7f54c8bf39912b4124e3) Importer(815301076,1909f56bfc062723c751e8b465ee728b) [PhysX] Initialized MultithreadedTaskDispatcher with 16 workers.
[PhysX] Initialized MultithreadedTaskDispatcher with 16 workers.
 -> (artifact id: '99bb9d9000df79e4dd041a4ceab6a9a1') in 0.098188 seconds
Number of updated asset objects reloaded before import = 0
Number of asset objects unloaded after import = 137
========================================================================
Received Import Request.
  Time since last request: 0.000058 seconds.
  path: Assets/Realistic Tree/Prefabs/Standard/Ash/Ash 3.prefab
  artifactKey: Guid(d289eea73b9410848b0b877f1076a27b) Importer(815301076,1909f56bfc062723c751e8b465ee728b)
Start importing Assets/Realistic Tree/Prefabs/Standard/Ash/Ash 3.prefab using Guid(d289eea73b9410848b0b877f1076a27b) Importer(815301076,1909f56bfc062723c751e8b465ee728b) [PhysX] Initialized MultithreadedTaskDispatcher with 16 workers.
[PhysX] Initialized MultithreadedTaskDispatcher with 16 workers.
 -> (artifact id: 'b009d40b2f241fad4259ee1c7594d431') in 0.078966 seconds
Number of updated asset objects reloaded before import = 0
Number of asset objects unloaded after import = 132
========================================================================
Received Import Request.
  Time since last request: 0.000065 seconds.
  path: Assets/Realistic Tree/Prefabs/Standard/Birch/Birch 10.prefab
  artifactKey: Guid(24a2eb9ccee34304186a02b7d3f03a92) Importer(815301076,1909f56bfc062723c751e8b465ee728b)
Start importing Assets/Realistic Tree/Prefabs/Standard/Birch/Birch 10.prefab using Guid(24a2eb9ccee34304186a02b7d3f03a92) Importer(815301076,1909f56bfc062723c751e8b465ee728b) [PhysX] Initialized MultithreadedTaskDispatcher with 16 workers.
[PhysX] Initialized MultithreadedTaskDispatcher with 16 workers.
 -> (artifact id: '606b2de386028ce16efdf8218e26339b') in 0.055687 seconds
Number of updated asset objects reloaded before import = 0
Number of asset objects unloaded after import = 94
========================================================================
Received Import Request.
  Time since last request: 0.000067 seconds.
  path: Assets/Stylized Stone/URP/prefab_URP/Stacked_Boulder/_Stacked_Boulder_003 Variant.prefab
  artifactKey: Guid(188ec454c6a3ee742b437739ad9bf5d9) Importer(815301076,1909f56bfc062723c751e8b465ee728b)
Start importing Assets/Stylized Stone/URP/prefab_URP/Stacked_Boulder/_Stacked_Boulder_003 Variant.prefab using Guid(188ec454c6a3ee742b437739ad9bf5d9) Importer(815301076,1909f56bfc062723c751e8b465ee728b) [PhysX] Initialized MultithreadedTaskDispatcher with 16 workers.
[PhysX] Initialized MultithreadedTaskDispatcher with 16 workers.
 -> (artifact id: '00c07ab5d8d72bc37a8d86c7d1f55913') in 0.046127 seconds
Number of updated asset objects reloaded before import = 0
Number of asset objects unloaded after import = 48
========================================================================
Received Import Request.
  Time since last request: 0.000065 seconds.
  path: Assets/Stylized Stone/URP/prefab_URP/Solitary stone/Solitary_Stone_002 .prefab
  artifactKey: Guid(a13e46efa60478044a7c5536ffbfa279) Importer(815301076,1909f56bfc062723c751e8b465ee728b)
Start importing Assets/Stylized Stone/URP/prefab_URP/Solitary stone/Solitary_Stone_002 .prefab using Guid(a13e46efa60478044a7c5536ffbfa279) Importer(815301076,1909f56bfc062723c751e8b465ee728b) [PhysX] Initialized MultithreadedTaskDispatcher with 16 workers.
[PhysX] Initialized MultithreadedTaskDispatcher with 16 workers.
 -> (artifact id: 'e6f9854620970eac2335c273f452f49f') in 0.047978 seconds
Number of updated asset objects reloaded before import = 0
Number of asset objects unloaded after import = 29
========================================================================
Received Import Request.
  Time since last request: 0.000041 seconds.
  path: Assets/Realistic Tree/Prefabs/HDRP/Ash/Ash 2.prefab
  artifactKey: Guid(0d1f8ec7904ba3640ae7908436cf764c) Importer(815301076,1909f56bfc062723c751e8b465ee728b)
Start importing Assets/Realistic Tree/Prefabs/HDRP/Ash/Ash 2.prefab using Guid(0d1f8ec7904ba3640ae7908436cf764c) Importer(815301076,1909f56bfc062723c751e8b465ee728b) [PhysX] Initialized MultithreadedTaskDispatcher with 16 workers.
[PhysX] Initialized MultithreadedTaskDispatcher with 16 workers.
 -> (artifact id: '55415a3afae4f950d9993bf601444658') in 0.074199 seconds
Number of updated asset objects reloaded before import = 0
Number of asset objects unloaded after import = 133
========================================================================
Received Import Request.
  Time since last request: 0.000066 seconds.
  path: Assets/Realistic Tree/Prefabs/Standard/Birch/Birch Group 1.prefab
  artifactKey: Guid(fd9c010c779652042aae3bf9c3e09e84) Importer(815301076,1909f56bfc062723c751e8b465ee728b)
Start importing Assets/Realistic Tree/Prefabs/Standard/Birch/Birch Group 1.prefab using Guid(fd9c010c779652042aae3bf9c3e09e84) Importer(815301076,1909f56bfc062723c751e8b465ee728b) [PhysX] Initialized MultithreadedTaskDispatcher with 16 workers.
[PhysX] Initialized MultithreadedTaskDispatcher with 16 workers.
 -> (artifact id: 'b2f1bfe16a40bf328992b952640234ff') in 0.050790 seconds
Number of updated asset objects reloaded before import = 0
Number of asset objects unloaded after import = 132
========================================================================
Received Import Request.
  Time since last request: 0.000059 seconds.
  path: Assets/Stylized Stone/HDRP/prefab_HDRP/Stacked_Boulder/_Stacked_Boulder_002 Variant.prefab
  artifactKey: Guid(0633c81c3c851fd4a9d517ceecf92759) Importer(815301076,1909f56bfc062723c751e8b465ee728b)
Start importing Assets/Stylized Stone/HDRP/prefab_HDRP/Stacked_Boulder/_Stacked_Boulder_002 Variant.prefab using Guid(0633c81c3c851fd4a9d517ceecf92759) Importer(815301076,1909f56bfc062723c751e8b465ee728b) [PhysX] Initialized MultithreadedTaskDispatcher with 16 workers.
[PhysX] Initialized MultithreadedTaskDispatcher with 16 workers.
 -> (artifact id: 'ac3d100d7e36574eda726e9f291fdbfb') in 0.061369 seconds
Number of updated asset objects reloaded before import = 0
Number of asset objects unloaded after import = 29
========================================================================
Received Import Request.
  Time since last request: 0.000038 seconds.
  path: Assets/Stylized Stone/URP/prefab_URP/Stacked_Boulder/_Stacked_Boulder_004 Variant.prefab
  artifactKey: Guid(ba98b0e43de9eda4aa8e4c8d3d61c058) Importer(815301076,1909f56bfc062723c751e8b465ee728b)
Start importing Assets/Stylized Stone/URP/prefab_URP/Stacked_Boulder/_Stacked_Boulder_004 Variant.prefab using Guid(ba98b0e43de9eda4aa8e4c8d3d61c058) Importer(815301076,1909f56bfc062723c751e8b465ee728b) [PhysX] Initialized MultithreadedTaskDispatcher with 16 workers.
[PhysX] Initialized MultithreadedTaskDispatcher with 16 workers.
 -> (artifact id: 'bcfe0bfea317f06930ce9b89cf351a60') in 0.049695 seconds
Number of updated asset objects reloaded before import = 0
Number of asset objects unloaded after import = 48
========================================================================
Received Import Request.
  Time since last request: 0.000061 seconds.
  path: Assets/Realistic Tree/Prefabs/HDRP/Ash/Ash 8.prefab
  artifactKey: Guid(1e1d12b3f752ccf478e7510a3fa12347) Importer(815301076,1909f56bfc062723c751e8b465ee728b)
Start importing Assets/Realistic Tree/Prefabs/HDRP/Ash/Ash 8.prefab using Guid(1e1d12b3f752ccf478e7510a3fa12347) Importer(815301076,1909f56bfc062723c751e8b465ee728b) [PhysX] Initialized MultithreadedTaskDispatcher with 16 workers.
[PhysX] Initialized MultithreadedTaskDispatcher with 16 workers.
 -> (artifact id: 'b0a4bb353c67a78f2eb78f243c54e553') in 0.074334 seconds
Number of updated asset objects reloaded before import = 0
Number of asset objects unloaded after import = 133
========================================================================
Received Import Request.
  Time since last request: 0.000067 seconds.
  path: Assets/Stylized Stone/prefab/Solitary stone/Solitary_Stone_003 Variant.prefab
  artifactKey: Guid(8e03ec3b10fcb504a957f086869d6af6) Importer(815301076,1909f56bfc062723c751e8b465ee728b)
Start importing Assets/Stylized Stone/prefab/Solitary stone/Solitary_Stone_003 Variant.prefab using Guid(8e03ec3b10fcb504a957f086869d6af6) Importer(815301076,1909f56bfc062723c751e8b465ee728b) [PhysX] Initialized MultithreadedTaskDispatcher with 16 workers.
[PhysX] Initialized MultithreadedTaskDispatcher with 16 workers.
 -> (artifact id: '532713bc3e11d10b7477844cbf65516c') in 0.046282 seconds
Number of updated asset objects reloaded before import = 0
Number of asset objects unloaded after import = 48
========================================================================
Received Import Request.
  Time since last request: 0.000052 seconds.
  path: Assets/Realistic Tree/Prefabs/Standard/Ash/Ash 6.prefab
  artifactKey: Guid(6f544b3904ee31b45841cdb0fb1f9c15) Importer(815301076,1909f56bfc062723c751e8b465ee728b)
Start importing Assets/Realistic Tree/Prefabs/Standard/Ash/Ash 6.prefab using Guid(6f544b3904ee31b45841cdb0fb1f9c15) Importer(815301076,1909f56bfc062723c751e8b465ee728b) [PhysX] Initialized MultithreadedTaskDispatcher with 16 workers.
[PhysX] Initialized MultithreadedTaskDispatcher with 16 workers.
 -> (artifact id: '7e055ed63b2fb3cbdf8e2576994dc1b6') in 0.058799 seconds
Number of updated asset objects reloaded before import = 0
Number of asset objects unloaded after import = 132
========================================================================
Received Import Request.
  Time since last request: 0.000056 seconds.
  path: Assets/Stylized Stone/URP/prefab_URP/Stacked_Boulder/_Stacked_Boulder_001.prefab
  artifactKey: Guid(d763c7ff4034bb145b6bc665441804b4) Importer(815301076,1909f56bfc062723c751e8b465ee728b)
Start importing Assets/Stylized Stone/URP/prefab_URP/Stacked_Boulder/_Stacked_Boulder_001.prefab using Guid(d763c7ff4034bb145b6bc665441804b4) Importer(815301076,1909f56bfc062723c751e8b465ee728b) [PhysX] Initialized MultithreadedTaskDispatcher with 16 workers.
[PhysX] Initialized MultithreadedTaskDispatcher with 16 workers.
 -> (artifact id: '37081aba0bbf433212ee61f79f7668e2') in 0.056402 seconds
Number of updated asset objects reloaded before import = 0
Number of asset objects unloaded after import = 29
========================================================================
Received Import Request.
  Time since last request: 0.000071 seconds.
  path: Assets/Realistic Tree/Prefabs/URP/Birch/Birch 3.prefab
  artifactKey: Guid(dad071d6bb455bd4ea32d2b486ffeae1) Importer(815301076,1909f56bfc062723c751e8b465ee728b)
Start importing Assets/Realistic Tree/Prefabs/URP/Birch/Birch 3.prefab using Guid(dad071d6bb455bd4ea32d2b486ffeae1) Importer(815301076,1909f56bfc062723c751e8b465ee728b) [PhysX] Initialized MultithreadedTaskDispatcher with 16 workers.
[PhysX] Initialized MultithreadedTaskDispatcher with 16 workers.
 -> (artifact id: 'ac2129aeda5e11fea2044b11137303d2') in 0.069499 seconds
Number of updated asset objects reloaded before import = 0
Number of asset objects unloaded after import = 136
========================================================================
Received Import Request.
  Time since last request: 0.000053 seconds.
  path: Assets/Realistic Tree/Prefabs/HDRP/Birch/Birch Group 2.prefab
  artifactKey: Guid(66e905f187ec10d40a576a04edf27a5b) Importer(815301076,1909f56bfc062723c751e8b465ee728b)
Start importing Assets/Realistic Tree/Prefabs/HDRP/Birch/Birch Group 2.prefab using Guid(66e905f187ec10d40a576a04edf27a5b) Importer(815301076,1909f56bfc062723c751e8b465ee728b) [PhysX] Initialized MultithreadedTaskDispatcher with 16 workers.
[PhysX] Initialized MultithreadedTaskDispatcher with 16 workers.
 -> (artifact id: '8cd81c92812afb9a04ba6a7b4fb2139f') in 0.073607 seconds
Number of updated asset objects reloaded before import = 0
Number of asset objects unloaded after import = 133
========================================================================
Received Import Request.
  Time since last request: 0.000049 seconds.
  path: Assets/Stylized Stone/prefab/Solitary stone/Solitary_Stone Variant.prefab
  artifactKey: Guid(31666dac36c32694eaf51929a5d6e8ee) Importer(815301076,1909f56bfc062723c751e8b465ee728b)
Start importing Assets/Stylized Stone/prefab/Solitary stone/Solitary_Stone Variant.prefab using Guid(31666dac36c32694eaf51929a5d6e8ee) Importer(815301076,1909f56bfc062723c751e8b465ee728b) [PhysX] Initialized MultithreadedTaskDispatcher with 16 workers.
[PhysX] Initialized MultithreadedTaskDispatcher with 16 workers.
 -> (artifact id: 'bfdc703a7f694b843b7c20c93109df5f') in 0.048783 seconds
Number of updated asset objects reloaded before import = 0
Number of asset objects unloaded after import = 47
========================================================================
Received Import Request.
  Time since last request: 0.000053 seconds.
  path: Assets/Realistic Tree/Prefabs/Standard/Ash/Ash 2.prefab
  artifactKey: Guid(609df25574ee7404da5687aa8948eb2d) Importer(815301076,1909f56bfc062723c751e8b465ee728b)
Start importing Assets/Realistic Tree/Prefabs/Standard/Ash/Ash 2.prefab using Guid(609df25574ee7404da5687aa8948eb2d) Importer(815301076,1909f56bfc062723c751e8b465ee728b) [PhysX] Initialized MultithreadedTaskDispatcher with 16 workers.
[PhysX] Initialized MultithreadedTaskDispatcher with 16 workers.
 -> (artifact id: 'c799e365a3c581e685224deab679cf7f') in 0.071010 seconds
Number of updated asset objects reloaded before import = 0
Number of asset objects unloaded after import = 132
========================================================================
Received Import Request.
  Time since last request: 0.000045 seconds.
  path: Assets/Realistic Tree/Prefabs/HDRP/Birch/Birch 4.prefab
  artifactKey: Guid(620bbd58089cc524d87ebdf951a4c96d) Importer(815301076,1909f56bfc062723c751e8b465ee728b)
Start importing Assets/Realistic Tree/Prefabs/HDRP/Birch/Birch 4.prefab using Guid(620bbd58089cc524d87ebdf951a4c96d) Importer(815301076,1909f56bfc062723c751e8b465ee728b) [PhysX] Initialized MultithreadedTaskDispatcher with 16 workers.
[PhysX] Initialized MultithreadedTaskDispatcher with 16 workers.
 -> (artifact id: '29718f4f86c92c6bf2e1ac848ca33203') in 0.058290 seconds
Number of updated asset objects reloaded before import = 0
Number of asset objects unloaded after import = 133
========================================================================
Received Import Request.
  Time since last request: 11.390859 seconds.
  path: Assets/SteamVR/InteractionSystem/Hints/Prefabs/ControllerTextHint.prefab
  artifactKey: Guid(5fa42bb9e52706a42b8a1eaf0b54326a) Importer(815301076,1909f56bfc062723c751e8b465ee728b)
Start importing Assets/SteamVR/InteractionSystem/Hints/Prefabs/ControllerTextHint.prefab using Guid(5fa42bb9e52706a42b8a1eaf0b54326a) Importer(815301076,1909f56bfc062723c751e8b465ee728b) [PhysX] Initialized MultithreadedTaskDispatcher with 16 workers.
[PhysX] Initialized MultithreadedTaskDispatcher with 16 workers.
 -> (artifact id: '69c798d58076302055e7b74d33fec926') in 0.053184 seconds
Number of updated asset objects reloaded before import = 0
Number of asset objects unloaded after import = 38
========================================================================
Received Import Request.
  Time since last request: 0.000040 seconds.
  path: Assets/Forst/Lux Instant Vegetation/Demo/Content/HDRP/Prefabs/PF_TreeIt semi procedural HDRP.prefab
  artifactKey: Guid(3d766a747d6dce340b666c6c3ddb84be) Importer(815301076,1909f56bfc062723c751e8b465ee728b)
Start importing Assets/Forst/Lux Instant Vegetation/Demo/Content/HDRP/Prefabs/PF_TreeIt semi procedural HDRP.prefab using Guid(3d766a747d6dce340b666c6c3ddb84be) Importer(815301076,1909f56bfc062723c751e8b465ee728b) [PhysX] Initialized MultithreadedTaskDispatcher with 16 workers.
[PhysX] Initialized MultithreadedTaskDispatcher with 16 workers.
 -> (artifact id: 'b402766ac9a321e8ad0b7b80bcd15fa5') in 0.054880 seconds
Number of updated asset objects reloaded before import = 0
Number of asset objects unloaded after import = 27
========================================================================
Received Import Request.
  Time since last request: 0.000055 seconds.
  path: Assets/SteamVR/InteractionSystem/Core/Prefabs/RightRenderModel.prefab
  artifactKey: Guid(d07386f0ec952ec409dc7753bcf5746b) Importer(815301076,1909f56bfc062723c751e8b465ee728b)
Start importing Assets/SteamVR/InteractionSystem/Core/Prefabs/RightRenderModel.prefab using Guid(d07386f0ec952ec409dc7753bcf5746b) Importer(815301076,1909f56bfc062723c751e8b465ee728b) [PhysX] Initialized MultithreadedTaskDispatcher with 16 workers.
 -> (artifact id: '232e39e071de83beab3dedb0d91a76f0') in 0.036477 seconds
Number of updated asset objects reloaded before import = 0
Number of asset objects unloaded after import = 88
========================================================================
Received Import Request.
  Time since last request: 0.000058 seconds.
  path: Assets/Realistic Tree/Prefabs/HDRP/Ash/The Great Ash Tree.prefab
  artifactKey: Guid(366edcb6f8acaa24a959e7f443a4f60e) Importer(815301076,1909f56bfc062723c751e8b465ee728b)
Start importing Assets/Realistic Tree/Prefabs/HDRP/Ash/The Great Ash Tree.prefab using Guid(366edcb6f8acaa24a959e7f443a4f60e) Importer(815301076,1909f56bfc062723c751e8b465ee728b) [PhysX] Initialized MultithreadedTaskDispatcher with 16 workers.
[PhysX] Initialized MultithreadedTaskDispatcher with 16 workers.
 -> (artifact id: '7b74a9a722498cc192df1e4e9ac0b80e') in 0.081333 seconds
Number of updated asset objects reloaded before import = 0
Number of asset objects unloaded after import = 133
========================================================================
Received Import Request.
  Time since last request: 0.000049 seconds.
  path: Assets/Toby Fredson/The Toby Foliage Engine/(TTFE)_Demo/Prefabs/Prefabs_Vegetation - (SL)/Vegetation_Trees - (SL)/VTSpecies_Shrub Fall/ShrubTree(NR)_D_Fall.prefab
  artifactKey: Guid(b9e7c25d8a84bd642bd8993e7a557152) Importer(815301076,1909f56bfc062723c751e8b465ee728b)
Start importing Assets/Toby Fredson/The Toby Foliage Engine/(TTFE)_Demo/Prefabs/Prefabs_Vegetation - (SL)/Vegetation_Trees - (SL)/VTSpecies_Shrub Fall/ShrubTree(NR)_D_Fall.prefab using Guid(b9e7c25d8a84bd642bd8993e7a557152) Importer(815301076,1909f56bfc062723c751e8b465ee728b) [PhysX] Initialized MultithreadedTaskDispatcher with 16 workers.
[PhysX] Initialized MultithreadedTaskDispatcher with 16 workers.
 -> (artifact id: '5d9886b0a6b2617ffb9507c9cb1ea341') in 0.241435 seconds
Number of updated asset objects reloaded before import = 0
Number of asset objects unloaded after import = 68
========================================================================
Received Import Request.
  Time since last request: 0.000052 seconds.
  path: Assets/SteamVR/InteractionSystem/Samples/Prefabs/JoeJeffController.prefab
  artifactKey: Guid(b209c30bc3eb7884781069adc59ed447) Importer(815301076,1909f56bfc062723c751e8b465ee728b)
Start importing Assets/SteamVR/InteractionSystem/Samples/Prefabs/JoeJeffController.prefab using Guid(b209c30bc3eb7884781069adc59ed447) Importer(815301076,1909f56bfc062723c751e8b465ee728b) [PhysX] Initialized MultithreadedTaskDispatcher with 16 workers.
[PhysX] Initialized MultithreadedTaskDispatcher with 16 workers.
 -> (artifact id: '7373d21ac5bd19d5d2c30381e85d4003') in 0.122508 seconds
Number of updated asset objects reloaded before import = 0
Number of asset objects unloaded after import = 25
========================================================================
Received Import Request.
  Time since last request: 0.000050 seconds.
  path: Assets/SteamVR/InteractionSystem/Core/Prefabs/LeftRenderModel.prefab
  artifactKey: Guid(8ade79fed86bbd141926d1cd94c98457) Importer(815301076,1909f56bfc062723c751e8b465ee728b)
Start importing Assets/SteamVR/InteractionSystem/Core/Prefabs/LeftRenderModel.prefab using Guid(8ade79fed86bbd141926d1cd94c98457) Importer(815301076,1909f56bfc062723c751e8b465ee728b) [PhysX] Initialized MultithreadedTaskDispatcher with 16 workers.
 -> (artifact id: 'c2bf383fcfb713706557a43d5f4243c9') in 0.021434 seconds
Number of updated asset objects reloaded before import = 0
Number of asset objects unloaded after import = 88
========================================================================
Received Import Request.
  Time since last request: 0.000045 seconds.
  path: Assets/TerrainSampleAssets/Prefabs/Volumes/RayTracingVolume.prefab
  artifactKey: Guid(f0ab649786e07504c914c13ba5ea1fe3) Importer(815301076,1909f56bfc062723c751e8b465ee728b)
Start importing Assets/TerrainSampleAssets/Prefabs/Volumes/RayTracingVolume.prefab using Guid(f0ab649786e07504c914c13ba5ea1fe3) Importer(815301076,1909f56bfc062723c751e8b465ee728b) [PhysX] Initialized MultithreadedTaskDispatcher with 16 workers.
 -> (artifact id: '32e77081932058da5a7055a22a9571f3') in 0.021556 seconds
Number of updated asset objects reloaded before import = 0
Number of asset objects unloaded after import = 8
========================================================================
Received Import Request.
  Time since last request: 0.000059 seconds.
  path: Assets/SteamVR/InteractionSystem/Core/Prefabs/RightRenderModel Slim.prefab
  artifactKey: Guid(837f93beb9a614743ae3a2c0ada7c388) Importer(815301076,1909f56bfc062723c751e8b465ee728b)
Start importing Assets/SteamVR/InteractionSystem/Core/Prefabs/RightRenderModel Slim.prefab using Guid(837f93beb9a614743ae3a2c0ada7c388) Importer(815301076,1909f56bfc062723c751e8b465ee728b) [PhysX] Initialized MultithreadedTaskDispatcher with 16 workers.
 -> (artifact id: '1ff63b1dd6b4ad4de0a981bbaac0db88') in 0.007778 seconds
Number of updated asset objects reloaded before import = 0
Number of asset objects unloaded after import = 88
========================================================================
Received Import Request.
  Time since last request: 0.000041 seconds.
  path: Assets/NatureManufacture Assets/Advanced Foliage Pack/Trunks/Prefabs Snow/Prefab_Snow_trunk_02.prefab
  artifactKey: Guid(c6883d790d73dad49837c640235be46e) Importer(815301076,1909f56bfc062723c751e8b465ee728b)
Start importing Assets/NatureManufacture Assets/Advanced Foliage Pack/Trunks/Prefabs Snow/Prefab_Snow_trunk_02.prefab using Guid(c6883d790d73dad49837c640235be46e) Importer(815301076,1909f56bfc062723c751e8b465ee728b) [PhysX] Initialized MultithreadedTaskDispatcher with 16 workers.
[PhysX] Initialized MultithreadedTaskDispatcher with 16 workers.
 -> (artifact id: 'f7ae60c713a8944dbdd5971d71e53670') in 0.127941 seconds
Number of updated asset objects reloaded before import = 0
Number of asset objects unloaded after import = 33
========================================================================
Received Import Request.
  Time since last request: 0.000054 seconds.
  path: Assets/Forst/Lux Instant Vegetation/Demo/Content/HDRP/Prefabs/PF_TreeIt using baked data HDRP.prefab
  artifactKey: Guid(da2224c788263a243b342caa8af71faa) Importer(815301076,1909f56bfc062723c751e8b465ee728b)
Start importing Assets/Forst/Lux Instant Vegetation/Demo/Content/HDRP/Prefabs/PF_TreeIt using baked data HDRP.prefab using Guid(da2224c788263a243b342caa8af71faa) Importer(815301076,1909f56bfc062723c751e8b465ee728b) [PhysX] Initialized MultithreadedTaskDispatcher with 16 workers.
[PhysX] Initialized MultithreadedTaskDispatcher with 16 workers.
 -> (artifact id: '3d6091e7303a8cca044e0a7ff587102c') in 0.508722 seconds
Number of updated asset objects reloaded before import = 0
Number of asset objects unloaded after import = 27
Editor requested this worker to shutdown with reason: Scaling down because of idle timeout
TcpMessagingSession - receive error: operation aborted. errorcode: 995, details: Der E/A-Vorgang wurde wegen eines Threadendes oder einer Anwendungsanforderung abgebrochen.
AssetImportWorker is now disconnected from the server
Process exiting
Exiting without the bug reporter. Application will terminate with return code 0