Using pre-set license
Built from '2022.3/staging' branch; Version is '2022.3.62f1 (4af31df58517) revision 4911901'; Using compiler version '192829333'; Build Type 'Release'
OS: 'Windows 10  (10.0.19045) 64bit Professional' Language: 'de' Physical Memory: 32700 MB
BatchMode: 1, IsHumanControllingUs: 0, StartBugReporterOnCrash: 0, Is64bit: 1, IsPro: 1

COMMAND LINE ARGUMENTS:
C:\Program Files\Unity\Hub\Editor\2022.3.62f1\Editor\Unity.exe
-adb2
-batchMode
-noUpm
-name
AssetImportWorker17
-projectPath
C:/StudentProjects/Serious game group 18/My project
-logFile
Logs/AssetImportWorker17.log
-srvPort
58467
Successfully changed project path to: C:/StudentProjects/Serious game group 18/My project
C:/StudentProjects/Serious game group 18/My project
[UnityMemory] Configuration Parameters - Can be set up in boot.config
    "memorysetup-bucket-allocator-granularity=16"
    "memorysetup-bucket-allocator-bucket-count=8"
    "memorysetup-bucket-allocator-block-size=33554432"
    "memorysetup-bucket-allocator-block-count=8"
    "memorysetup-main-allocator-block-size=16777216"
    "memorysetup-thread-allocator-block-size=16777216"
    "memorysetup-gfx-main-allocator-block-size=16777216"
    "memorysetup-gfx-thread-allocator-block-size=16777216"
    "memorysetup-cache-allocator-block-size=4194304"
    "memorysetup-typetree-allocator-block-size=2097152"
    "memorysetup-profiler-bucket-allocator-granularity=16"
    "memorysetup-profiler-bucket-allocator-bucket-count=8"
    "memorysetup-profiler-bucket-allocator-block-size=33554432"
    "memorysetup-profiler-bucket-allocator-block-count=8"
    "memorysetup-profiler-allocator-block-size=16777216"
    "memorysetup-profiler-editor-allocator-block-size=1048576"
    "memorysetup-temp-allocator-size-main=16777216"
    "memorysetup-job-temp-allocator-block-size=2097152"
    "memorysetup-job-temp-allocator-block-size-background=1048576"
    "memorysetup-job-temp-allocator-reduction-small-platforms=262144"
    "memorysetup-allocator-temp-initial-block-size-main=262144"
    "memorysetup-allocator-temp-initial-block-size-worker=262144"
    "memorysetup-temp-allocator-size-background-worker=32768"
    "memorysetup-temp-allocator-size-job-worker=262144"
    "memorysetup-temp-allocator-size-preload-manager=33554432"
    "memorysetup-temp-allocator-size-nav-mesh-worker=65536"
    "memorysetup-temp-allocator-size-audio-worker=65536"
    "memorysetup-temp-allocator-size-cloud-worker=32768"
    "memorysetup-temp-allocator-size-gi-baking-worker=262144"
    "memorysetup-temp-allocator-size-gfx=262144"
Player connection [26648]  Target information:

Player connection [26648]  * "[IP] 192.168.253.171 [Port] 0 [Flags] 2 [Guid] 2392455965 [EditorId] 2392455965 [Version] 1048832 [Id] WindowsEditor(7,DESKTOP-66DGGND) [Debug] 1 [PackageName] WindowsEditor [ProjectName] Editor" 

Player connection [26648] Host joined multi-casting on [225.0.0.222:54997]...
Player connection [26648] Host joined alternative multi-casting on [225.0.0.222:34997]...
Input System module state changed to: Initialized.
[PhysX] Initialized MultithreadedTaskDispatcher with 16 workers.
Refreshing native plugins compatible for Editor in 63.28 ms, found 12 plugins.
Preloading 0 native plugins for Editor in 0.00 ms.
Initialize engine version: 2022.3.62f1 (4af31df58517)
[Subsystems] Discovering subsystems at path C:/Program Files/Unity/Hub/Editor/2022.3.62f1/Editor/Data/Resources/UnitySubsystems
[Subsystems] Discovering subsystems at path C:/StudentProjects/Serious game group 18/My project/Assets
GfxDevice: creating device client; threaded=0; jobified=0
Direct3D:
    Version:  Direct3D 11.0 [level 11.1]
    Renderer: Radeon RX Vega (ID=0x687f)
    Vendor:   ATI
    VRAM:     8119 MB
    Driver:   31.0.12027.9001
Shader 'Fristy/Nature/Leaves': fallback shader 'TransparentCutout' not found
Shader 'Fristy/Nature/Leaves 2': fallback shader 'TransparentCutout' not found
Shader 'Fristy/Nature/Leaves 2': fallback shader 'TransparentCutout' not found
Shader 'Fristy/Nature/Leaves': fallback shader 'TransparentCutout' not found
Initialize mono
Mono path[0] = 'C:/Program Files/Unity/Hub/Editor/2022.3.62f1/Editor/Data/Managed'
Mono path[1] = 'C:/Program Files/Unity/Hub/Editor/2022.3.62f1/Editor/Data/MonoBleedingEdge/lib/mono/unityjit-win32'
Mono config path = 'C:/Program Files/Unity/Hub/Editor/2022.3.62f1/Editor/Data/MonoBleedingEdge/etc'
Using monoOptions --debugger-agent=transport=dt_socket,embedding=1,server=y,suspend=n,address=127.0.0.1:56600
Begin MonoManager ReloadAssembly
Registering precompiled unity dll's ...
Register platform support module: C:/Program Files/Unity/Hub/Editor/2022.3.62f1/Editor/Data/PlaybackEngines/WindowsStandaloneSupport/UnityEditor.WindowsStandalone.Extensions.dll
Registered in 0.020476 seconds.
- Loaded All Assemblies, in  0.555 seconds
Native extension for WindowsStandalone target not found
Mono: successfully reloaded assembly
- Finished resetting the current domain, in  0.414 seconds
Domain Reload Profiling: 965ms
	BeginReloadAssembly (157ms)
		ExecutionOrderSort (0ms)
		DisableScriptedObjects (0ms)
		BackupInstance (0ms)
		ReleaseScriptingObjects (0ms)
		CreateAndSetChildDomain (1ms)
	RebuildCommonClasses (58ms)
	RebuildNativeTypeToScriptingClass (23ms)
	initialDomainReloadingComplete (102ms)
	LoadAllAssembliesAndSetupDomain (212ms)
		LoadAssemblies (152ms)
		RebuildTransferFunctionScriptingTraits (0ms)
		AnalyzeDomain (210ms)
			TypeCache.Refresh (208ms)
				TypeCache.ScanAssembly (189ms)
			ScanForSourceGeneratedMonoScriptInfo (0ms)
			ResolveRequiredComponents (1ms)
	FinalizeReload (414ms)
		ReleaseScriptCaches (0ms)
		RebuildScriptCaches (0ms)
		SetupLoadedEditorAssemblies (338ms)
			LogAssemblyErrors (0ms)
			InitializePlatformSupportModulesInManaged (15ms)
			SetLoadedEditorAssemblies (11ms)
			RefreshPlugins (0ms)
			BeforeProcessingInitializeOnLoad (3ms)
			ProcessInitializeOnLoadAttributes (228ms)
			ProcessInitializeOnLoadMethodAttributes (80ms)
			AfterProcessingInitializeOnLoad (0ms)
			EditorAssembliesLoaded (0ms)
		ExecutionOrderSort2 (0ms)
		AwakeInstancesAfterBackupRestoration (0ms)
========================================================================
Worker process is ready to serve import requests
Caller must complete domain reload
Begin MonoManager ReloadAssembly
- Loaded All Assemblies, in  1.627 seconds
Native extension for WindowsStandalone target not found
Package Manager log level set to [2]
[Package Manager] Server::EnsureServerProcessIsRunning -- launch failed, reason: Unity was launched with the -noUpm command-line argument
[Package Manager] UpmClient::Send -- Unable to send message (not connected to UPM process).
[Package Manager] Cannot connect to Unity Package Manager local server
Mono: successfully reloaded assembly
[Package Manager] Server::EnsureServerProcessIsRunning -- launch failed, reason: Unity was launched with the -noUpm command-line argument
[Package Manager] UpmClient::Send -- Unable to send message (not connected to UPM process).
[Package Manager] Cannot connect to Unity Package Manager local server
[Package Manager] Server::EnsureServerProcessIsRunning -- launch failed, reason: Unity was launched with the -noUpm command-line argument
[Package Manager] UpmClient::Send -- Unable to send message (not connected to UPM process).
[Package Manager] Cannot connect to Unity Package Manager local server
- Finished resetting the current domain, in  1.994 seconds
Domain Reload Profiling: 3607ms
	BeginReloadAssembly (248ms)
		ExecutionOrderSort (0ms)
		DisableScriptedObjects (11ms)
		BackupInstance (0ms)
		ReleaseScriptingObjects (1ms)
		CreateAndSetChildDomain (31ms)
	RebuildCommonClasses (51ms)
	RebuildNativeTypeToScriptingClass (19ms)
	initialDomainReloadingComplete (77ms)
	LoadAllAssembliesAndSetupDomain (1217ms)
		LoadAssemblies (746ms)
		RebuildTransferFunctionScriptingTraits (0ms)
		AnalyzeDomain (615ms)
			TypeCache.Refresh (516ms)
				TypeCache.ScanAssembly (480ms)
			ScanForSourceGeneratedMonoScriptInfo (70ms)
			ResolveRequiredComponents (25ms)
	FinalizeReload (1995ms)
		ReleaseScriptCaches (0ms)
		RebuildScriptCaches (0ms)
		SetupLoadedEditorAssemblies (1604ms)
			LogAssemblyErrors (0ms)
			InitializePlatformSupportModulesInManaged (10ms)
			SetLoadedEditorAssemblies (9ms)
			RefreshPlugins (0ms)
			BeforeProcessingInitializeOnLoad (203ms)
			ProcessInitializeOnLoadAttributes (923ms)
			ProcessInitializeOnLoadMethodAttributes (443ms)
			AfterProcessingInitializeOnLoad (16ms)
			EditorAssembliesLoaded (0ms)
		ExecutionOrderSort2 (0ms)
		AwakeInstancesAfterBackupRestoration (12ms)
WARNING: Shader Unsupported: 'Hidden/Builtin_TerrainVisualization' - All subshaders removed
WARNING: Shader Did you use #pragma only_renderers and omit this platform?
WARNING: Shader If subshaders removal was intentional, you may have forgotten turning Fallback off?
WARNING: Shader Unsupported: 'Hidden/Builtin_TerrainVisualization' - All subshaders removed
WARNING: Shader Did you use #pragma only_renderers and omit this platform?
WARNING: Shader If subshaders removal was intentional, you may have forgotten turning Fallback off?
WARNING: Shader Unsupported: 'Hidden/Universal Render Pipeline/Terrain/Lit (Base Pass)' - All subshaders removed
WARNING: Shader Did you use #pragma only_renderers and omit this platform?
WARNING: Shader If subshaders removal was intentional, you may have forgotten turning Fallback off?
WARNING: Shader Unsupported: 'Hidden/Universal Render Pipeline/Terrain/Lit (Base Pass)' - All subshaders removed
WARNING: Shader Did you use #pragma only_renderers and omit this platform?
WARNING: Shader If subshaders removal was intentional, you may have forgotten turning Fallback off?
WARNING: Shader Unsupported: 'Universal Render Pipeline/Terrain/Lit' - All subshaders removed
WARNING: Shader Did you use #pragma only_renderers and omit this platform?
WARNING: Shader If subshaders removal was intentional, you may have forgotten turning Fallback off?
WARNING: Shader Unsupported: 'Universal Render Pipeline/Terrain/Lit' - All subshaders removed
WARNING: Shader Did you use #pragma only_renderers and omit this platform?
WARNING: Shader If subshaders removal was intentional, you may have forgotten turning Fallback off?
Shader 'Fristy/Nature/Leaves 2': fallback shader 'TransparentCutout' not found
Shader 'Fristy/Nature/Leaves 2': fallback shader 'TransparentCutout' not found
Shader 'Fristy/Nature/Leaves': fallback shader 'TransparentCutout' not found
Shader 'Fristy/Nature/Leaves': fallback shader 'TransparentCutout' not found
Launched and connected shader compiler UnityShaderCompiler.exe after 0.06 seconds
Refreshing native plugins compatible for Editor in 39.46 ms, found 12 plugins.
Preloading 0 native plugins for Editor in 0.00 ms.
Unloading 9287 Unused Serialized files (Serialized files now loaded: 0)
Unloading 166 unused Assets / (7.0 MB). Loaded Objects now: 9815.
Memory consumption went from 471.1 MB to 464.1 MB.
Total: 9.842300 ms (FindLiveObjects: 1.029000 ms CreateObjectMapping: 0.656400 ms MarkObjects: 5.710000 ms  DeleteObjects: 2.445200 ms)

AssetImportParameters requested are different than current active one (requested -> active):
  custom:container-demuxer-ogg: 62fdf1f143b41e24485cea50d1cbac27 -> 
  custom:framework-win-MediaFoundation: 216162199b28c13a410421893ffa2e32 -> 
  custom:container-muxer-webm: aa71ff27fc2769a1b78a27578f13a17b -> 
  custom:video-decoder-webm-vp8: 9c59270c3fd7afecdb556c50c9e8de78 -> 
  custom:SearchIndexIgnoredProperties: e643bd26f0fe6173181afceb89e7c659 -> 
  custom:AudioImporter_EditorPlatform: d09bf68614088b80899f8185d706f6e7 -> 
  custom:audio-decoder-ogg-vorbis: bf7c407c2cedff20999df2af8eb42d56 -> 
  custom:audio-encoder-webm-vorbis: bf7c407c2cedff20999df2af8eb42d56 -> 
  custom:video-codec-MediaFoundation-h265: 746d11721c4dcdbdad8f713fa42b33f4 -> 
  custom:video-decoder-ogg-theora: a1e56fd34408186e4bbccfd4996cb3dc -> 
  custom:CustomObjectIndexerAttribute: 3ead1caaecf1c488f20bcfeb224b6af5 -> 
  custom:container-demuxer-webm: 4f35f7cbe854078d1ac9338744f61a02 -> 
  custom:video-encoder-webm-vp8: eb34c28f22e8b96e1ab97ce403110664 -> 
========================================================================
Received Import Request.
  Time since last request: 975612.360846 seconds.
  path: Assets/NatureManufacture Assets/Advanced Foliage Pack/Unity grass/Unity Grass Models/unity_grass_fern_01_0.fbx
  artifactKey: Guid(c825106528efa454599a3a467ec4861c) Importer(815301076,1909f56bfc062723c751e8b465ee728b)
Start importing Assets/NatureManufacture Assets/Advanced Foliage Pack/Unity grass/Unity Grass Models/unity_grass_fern_01_0.fbx using Guid(c825106528efa454599a3a467ec4861c) Importer(815301076,1909f56bfc062723c751e8b465ee728b) [PhysX] Initialized MultithreadedTaskDispatcher with 16 workers.
[PhysX] Initialized MultithreadedTaskDispatcher with 16 workers.
[PhysX] Initialized MultithreadedTaskDispatcher with 16 workers.
 -> (artifact id: '7e909dd29b45bf4334b5972eb85d52a2') in 1.273805 seconds
Number of updated asset objects reloaded before import = 0
Number of asset objects unloaded after import = 73
========================================================================
Received Import Request.
  Time since last request: 0.000081 seconds.
  path: Assets/NatureManufacture Assets/Advanced Foliage Pack/Unity grass/Unity Grass Models/Materials Snow/M_Unity_Snow_Grass_nettle_01.mat
  artifactKey: Guid(6d5615062666e1b4f9ad4edbd5c7dd3c) Importer(815301076,1909f56bfc062723c751e8b465ee728b)
Start importing Assets/NatureManufacture Assets/Advanced Foliage Pack/Unity grass/Unity Grass Models/Materials Snow/M_Unity_Snow_Grass_nettle_01.mat using Guid(6d5615062666e1b4f9ad4edbd5c7dd3c) Importer(815301076,1909f56bfc062723c751e8b465ee728b) [PhysX] Initialized MultithreadedTaskDispatcher with 16 workers.
[PhysX] Initialized MultithreadedTaskDispatcher with 16 workers.
 -> (artifact id: '76650e3bbbe50491e80d1bf2ca2ce11a') in 0.074066 seconds
Number of updated asset objects reloaded before import = 0
Number of asset objects unloaded after import = 5
========================================================================
Received Import Request.
  Time since last request: 0.000049 seconds.
  path: Assets/NatureManufacture Assets/Advanced Foliage Pack/Unity grass/Unity Billboard Grass/T_grass_04_Mt_AO_Sm.png
  artifactKey: Guid(b24f7c1a8f233884bada6409f6a07ac0) Importer(815301076,1909f56bfc062723c751e8b465ee728b)
Start importing Assets/NatureManufacture Assets/Advanced Foliage Pack/Unity grass/Unity Billboard Grass/T_grass_04_Mt_AO_Sm.png using Guid(b24f7c1a8f233884bada6409f6a07ac0) Importer(815301076,1909f56bfc062723c751e8b465ee728b) [PhysX] Initialized MultithreadedTaskDispatcher with 16 workers.
[PhysX] Initialized MultithreadedTaskDispatcher with 16 workers.
 -> (artifact id: '2d43c8d4f97712164d3b04f68cdaec41') in 0.055276 seconds
Number of updated asset objects reloaded before import = 0
Number of asset objects unloaded after import = 2
========================================================================
Received Import Request.
  Time since last request: 0.000042 seconds.
  path: Assets/NatureManufacture Assets/Advanced Foliage Pack/Unity grass/Unity Grass Models/unity_grass_forest_heather_simple_01.fbx
  artifactKey: Guid(82a5f429466ca3e48a743cb24f41d009) Importer(815301076,1909f56bfc062723c751e8b465ee728b)
Start importing Assets/NatureManufacture Assets/Advanced Foliage Pack/Unity grass/Unity Grass Models/unity_grass_forest_heather_simple_01.fbx using Guid(82a5f429466ca3e48a743cb24f41d009) Importer(815301076,1909f56bfc062723c751e8b465ee728b) [PhysX] Initialized MultithreadedTaskDispatcher with 16 workers.
[PhysX] Initialized MultithreadedTaskDispatcher with 16 workers.
[PhysX] Initialized MultithreadedTaskDispatcher with 16 workers.
 -> (artifact id: 'ddb6634ad7ffdd0a98aa680b32150150') in 0.043109 seconds
Number of updated asset objects reloaded before import = 0
Number of asset objects unloaded after import = 7
========================================================================
Received Import Request.
  Time since last request: 0.000042 seconds.
  path: Assets/TerrainSampleAssets/Textures/Terrain/Grass_Soil_MaskMap.tif
  artifactKey: Guid(61a6ad6be0be2b444addf88107c0fda2) Importer(815301076,1909f56bfc062723c751e8b465ee728b)
Start importing Assets/TerrainSampleAssets/Textures/Terrain/Grass_Soil_MaskMap.tif using Guid(61a6ad6be0be2b444addf88107c0fda2) Importer(815301076,1909f56bfc062723c751e8b465ee728b) [PhysX] Initialized MultithreadedTaskDispatcher with 16 workers.
[PhysX] Initialized MultithreadedTaskDispatcher with 16 workers.
 -> (artifact id: '2f9ac4f52568bc10f555404bf921962d') in 0.070432 seconds
Number of updated asset objects reloaded before import = 0
Number of asset objects unloaded after import = 2
========================================================================
Received Import Request.
  Time since last request: 0.000030 seconds.
  path: Assets/TerrainDemoScene_HDRP/Terrain/Textures/Grass_B/Grass_B_MaskMap.asset
  artifactKey: Guid(75bb0f603398f5c4e8808636bcb440ab) Importer(815301076,1909f56bfc062723c751e8b465ee728b)
Start importing Assets/TerrainDemoScene_HDRP/Terrain/Textures/Grass_B/Grass_B_MaskMap.asset using Guid(75bb0f603398f5c4e8808636bcb440ab) Importer(815301076,1909f56bfc062723c751e8b465ee728b) [PhysX] Initialized MultithreadedTaskDispatcher with 16 workers.
 -> (artifact id: '10789daa8f464143467616e26da9acd8') in 0.002090 seconds
Number of updated asset objects reloaded before import = 0
Number of asset objects unloaded after import = 1
========================================================================
Received Import Request.
  Time since last request: 0.000044 seconds.
  path: Assets/PBR_Grass_Flowers_Pack_01/ExtraMeshes/Materials/GreenGrassBig02.mat
  artifactKey: Guid(d656907407484e8468ec19068cbe3d85) Importer(815301076,1909f56bfc062723c751e8b465ee728b)
Start importing Assets/PBR_Grass_Flowers_Pack_01/ExtraMeshes/Materials/GreenGrassBig02.mat using Guid(d656907407484e8468ec19068cbe3d85) Importer(815301076,1909f56bfc062723c751e8b465ee728b) [PhysX] Initialized MultithreadedTaskDispatcher with 16 workers.
[PhysX] Initialized MultithreadedTaskDispatcher with 16 workers.
 -> (artifact id: 'a9cb7d39278ae824f7a1f1f08ffd9c90') in 0.051277 seconds
Number of updated asset objects reloaded before import = 0
Number of asset objects unloaded after import = 3
========================================================================
Received Import Request.
  Time since last request: 0.000035 seconds.
  path: Assets/NatureManufacture Assets/Advanced Foliage Pack/Unity grass/Unity Billboard Grass/T_grass_06_N.png
  artifactKey: Guid(617f144e3d5c7c44788b598fa5628692) Importer(815301076,1909f56bfc062723c751e8b465ee728b)
Start importing Assets/NatureManufacture Assets/Advanced Foliage Pack/Unity grass/Unity Billboard Grass/T_grass_06_N.png using Guid(617f144e3d5c7c44788b598fa5628692) Importer(815301076,1909f56bfc062723c751e8b465ee728b) [PhysX] Initialized MultithreadedTaskDispatcher with 16 workers.
[PhysX] Initialized MultithreadedTaskDispatcher with 16 workers.
 -> (artifact id: 'e32dd4b4580428cc51882ac67979e206') in 0.032187 seconds
Number of updated asset objects reloaded before import = 0
Number of asset objects unloaded after import = 2
========================================================================
Received Import Request.
  Time since last request: 0.000048 seconds.
  path: Assets/PBR_Grass_Flowers_Pack_01/models/SpurgeGrasssDetail01.prefab
  artifactKey: Guid(054dfdb1d8727b54995c19bb3c246de2) Importer(815301076,1909f56bfc062723c751e8b465ee728b)
Start importing Assets/PBR_Grass_Flowers_Pack_01/models/SpurgeGrasssDetail01.prefab using Guid(054dfdb1d8727b54995c19bb3c246de2) Importer(815301076,1909f56bfc062723c751e8b465ee728b) [PhysX] Initialized MultithreadedTaskDispatcher with 16 workers.
[PhysX] Initialized MultithreadedTaskDispatcher with 16 workers.
[PhysX] Initialized MultithreadedTaskDispatcher with 16 workers.
[PhysX] Initialized MultithreadedTaskDispatcher with 16 workers.
[PhysX] Initialized MultithreadedTaskDispatcher with 16 workers.
 -> (artifact id: 'f78c48ffc33ad449a055d3c4d025e32c') in 0.319020 seconds
Number of updated asset objects reloaded before import = 0
Number of asset objects unloaded after import = 19
========================================================================
Received Import Request.
  Time since last request: 0.000042 seconds.
  path: Assets/NatureManufacture Assets/Advanced Foliage Pack/Advanced Grass/SM_grass_bush_simple_02.fbx
  artifactKey: Guid(13c8284c88003384884786e30ffbd608) Importer(815301076,1909f56bfc062723c751e8b465ee728b)
Start importing Assets/NatureManufacture Assets/Advanced Foliage Pack/Advanced Grass/SM_grass_bush_simple_02.fbx using Guid(13c8284c88003384884786e30ffbd608) Importer(815301076,1909f56bfc062723c751e8b465ee728b) [PhysX] Initialized MultithreadedTaskDispatcher with 16 workers.
[PhysX] Initialized MultithreadedTaskDispatcher with 16 workers.
[PhysX] Initialized MultithreadedTaskDispatcher with 16 workers.
 -> (artifact id: 'a05fe67df4e70a8f81982987601afc69') in 0.043872 seconds
Number of updated asset objects reloaded before import = 0
Number of asset objects unloaded after import = 7
========================================================================
Received Import Request.
  Time since last request: 0.000043 seconds.
  path: Assets/NatureManufacture Assets/Advanced Foliage Pack/Ground Textures/T_Ground_Grass_03_AO.tga
  artifactKey: Guid(4f804eb4f37d9bd418b414a42ac8255e) Importer(815301076,1909f56bfc062723c751e8b465ee728b)
Start importing Assets/NatureManufacture Assets/Advanced Foliage Pack/Ground Textures/T_Ground_Grass_03_AO.tga using Guid(4f804eb4f37d9bd418b414a42ac8255e) Importer(815301076,1909f56bfc062723c751e8b465ee728b) [PhysX] Initialized MultithreadedTaskDispatcher with 16 workers.
[PhysX] Initialized MultithreadedTaskDispatcher with 16 workers.
 -> (artifact id: 'cbcb12f4dee9af9f2361c768ba1aab9b') in 0.025265 seconds
Number of updated asset objects reloaded before import = 0
Number of asset objects unloaded after import = 2
========================================================================
Received Import Request.
  Time since last request: 79.207770 seconds.
  path: Assets/PBR_Grass_Flowers_Pack_01/models/BurdockBushDetail02.prefab
  artifactKey: Guid(8c0c78b19f1377d4d9b3c053b6efb8b4) Importer(815301076,1909f56bfc062723c751e8b465ee728b)
Start importing Assets/PBR_Grass_Flowers_Pack_01/models/BurdockBushDetail02.prefab using Guid(8c0c78b19f1377d4d9b3c053b6efb8b4) Importer(815301076,1909f56bfc062723c751e8b465ee728b) [PhysX] Initialized MultithreadedTaskDispatcher with 16 workers.
[PhysX] Initialized MultithreadedTaskDispatcher with 16 workers.
[PhysX] Initialized MultithreadedTaskDispatcher with 16 workers.
[PhysX] Initialized MultithreadedTaskDispatcher with 16 workers.
[PhysX] Initialized MultithreadedTaskDispatcher with 16 workers.
 -> (artifact id: '8a4623c18b1a73e9f0d10c7fbe0380e1') in 0.164697 seconds
Number of updated asset objects reloaded before import = 0
Number of asset objects unloaded after import = 25
========================================================================
Received Import Request.
  Time since last request: 0.000056 seconds.
  path: Assets/PBR_Grass_Flowers_Pack_01/models/FullDetail02.prefab
  artifactKey: Guid(8600a04cff533dc4c974047a764a573d) Importer(815301076,1909f56bfc062723c751e8b465ee728b)
Start importing Assets/PBR_Grass_Flowers_Pack_01/models/FullDetail02.prefab using Guid(8600a04cff533dc4c974047a764a573d) Importer(815301076,1909f56bfc062723c751e8b465ee728b) [PhysX] Initialized MultithreadedTaskDispatcher with 16 workers.
[PhysX] Initialized MultithreadedTaskDispatcher with 16 workers.
[PhysX] Initialized MultithreadedTaskDispatcher with 16 workers.
[PhysX] Initialized MultithreadedTaskDispatcher with 16 workers.
[PhysX] Initialized MultithreadedTaskDispatcher with 16 workers.
 -> (artifact id: 'a6bfbb8220477686d0362900366bf3b1') in 0.105709 seconds
Number of updated asset objects reloaded before import = 0
Number of asset objects unloaded after import = 25
========================================================================
Received Import Request.
  Time since last request: 0.000048 seconds.
  path: Assets/PBR_Grass_Flowers_Pack_01/models/ForestBush01.prefab
  artifactKey: Guid(a8e5396371d7ba04f96ae818a9431244) Importer(815301076,1909f56bfc062723c751e8b465ee728b)
Start importing Assets/PBR_Grass_Flowers_Pack_01/models/ForestBush01.prefab using Guid(a8e5396371d7ba04f96ae818a9431244) Importer(815301076,1909f56bfc062723c751e8b465ee728b) [PhysX] Initialized MultithreadedTaskDispatcher with 16 workers.
[PhysX] Initialized MultithreadedTaskDispatcher with 16 workers.
[PhysX] Initialized MultithreadedTaskDispatcher with 16 workers.
[PhysX] Initialized MultithreadedTaskDispatcher with 16 workers.
[PhysX] Initialized MultithreadedTaskDispatcher with 16 workers.
 -> (artifact id: '93203c156943b850c61feda6b6d32fee') in 0.091191 seconds
Number of updated asset objects reloaded before import = 0
Number of asset objects unloaded after import = 25
========================================================================
Received Import Request.
  Time since last request: 0.000040 seconds.
  path: Assets/PBR_Grass_Flowers_Pack_01/models/FernsMINIDetail01.prefab
  artifactKey: Guid(6e0fca0771e81434bac0465ad33ec5da) Importer(815301076,1909f56bfc062723c751e8b465ee728b)
Start importing Assets/PBR_Grass_Flowers_Pack_01/models/FernsMINIDetail01.prefab using Guid(6e0fca0771e81434bac0465ad33ec5da) Importer(815301076,1909f56bfc062723c751e8b465ee728b) [PhysX] Initialized MultithreadedTaskDispatcher with 16 workers.
[PhysX] Initialized MultithreadedTaskDispatcher with 16 workers.
[PhysX] Initialized MultithreadedTaskDispatcher with 16 workers.
[PhysX] Initialized MultithreadedTaskDispatcher with 16 workers.
[PhysX] Initialized MultithreadedTaskDispatcher with 16 workers.
 -> (artifact id: 'b734abcc9c7d85530ccd3b0a709ea3e9') in 0.093621 seconds
Number of updated asset objects reloaded before import = 0
Number of asset objects unloaded after import = 37
========================================================================
Received Import Request.
  Time since last request: 0.000047 seconds.
  path: Assets/PBR_Grass_Flowers_Pack_01/models/blindnessFlowersDetail01.prefab
  artifactKey: Guid(777590ced6626ae4b841e56167d8b385) Importer(815301076,1909f56bfc062723c751e8b465ee728b)
Start importing Assets/PBR_Grass_Flowers_Pack_01/models/blindnessFlowersDetail01.prefab using Guid(777590ced6626ae4b841e56167d8b385) Importer(815301076,1909f56bfc062723c751e8b465ee728b) [PhysX] Initialized MultithreadedTaskDispatcher with 16 workers.
[PhysX] Initialized MultithreadedTaskDispatcher with 16 workers.
[PhysX] Initialized MultithreadedTaskDispatcher with 16 workers.
[PhysX] Initialized MultithreadedTaskDispatcher with 16 workers.
[PhysX] Initialized MultithreadedTaskDispatcher with 16 workers.
 -> (artifact id: 'f94d0e14b43985fe2d4a5ffe8e257473') in 0.079609 seconds
Number of updated asset objects reloaded before import = 0
Number of asset objects unloaded after import = 23
========================================================================
Received Import Request.
  Time since last request: 0.000048 seconds.
  path: Assets/PBR_Grass_Flowers_Pack_01/models/WormwoodFlowerDetail01.prefab
  artifactKey: Guid(da4c6e9b62d06c746bf6b68b89aa2a0c) Importer(815301076,1909f56bfc062723c751e8b465ee728b)
Start importing Assets/PBR_Grass_Flowers_Pack_01/models/WormwoodFlowerDetail01.prefab using Guid(da4c6e9b62d06c746bf6b68b89aa2a0c) Importer(815301076,1909f56bfc062723c751e8b465ee728b) [PhysX] Initialized MultithreadedTaskDispatcher with 16 workers.
[PhysX] Initialized MultithreadedTaskDispatcher with 16 workers.
[PhysX] Initialized MultithreadedTaskDispatcher with 16 workers.
[PhysX] Initialized MultithreadedTaskDispatcher with 16 workers.
[PhysX] Initialized MultithreadedTaskDispatcher with 16 workers.
 -> (artifact id: 'ee29f8c852594c8092b32f860af59211') in 0.111037 seconds
Number of updated asset objects reloaded before import = 0
Number of asset objects unloaded after import = 23
========================================================================
Received Import Request.
  Time since last request: 0.000053 seconds.
  path: Assets/PBR_Grass_Flowers_Pack_01/models/FernGreenDetail03.prefab
  artifactKey: Guid(3982f9bed6b77c9468e3cdf1f625b9eb) Importer(815301076,1909f56bfc062723c751e8b465ee728b)
Start importing Assets/PBR_Grass_Flowers_Pack_01/models/FernGreenDetail03.prefab using Guid(3982f9bed6b77c9468e3cdf1f625b9eb) Importer(815301076,1909f56bfc062723c751e8b465ee728b) [PhysX] Initialized MultithreadedTaskDispatcher with 16 workers.
[PhysX] Initialized MultithreadedTaskDispatcher with 16 workers.
[PhysX] Initialized MultithreadedTaskDispatcher with 16 workers.
[PhysX] Initialized MultithreadedTaskDispatcher with 16 workers.
[PhysX] Initialized MultithreadedTaskDispatcher with 16 workers.
 -> (artifact id: '1ce32e619b730bddb1a9370960dd975d') in 0.076213 seconds
Number of updated asset objects reloaded before import = 0
Number of asset objects unloaded after import = 25
========================================================================
Received Import Request.
  Time since last request: 15.071089 seconds.
  path: Assets/PBR_Grass_Flowers_Pack_01/ExtraMeshes/BurdockBush02.fbx
  artifactKey: Guid(46807cf7657b7db4a8b6f91031555cf6) Importer(815301076,1909f56bfc062723c751e8b465ee728b)
Start importing Assets/PBR_Grass_Flowers_Pack_01/ExtraMeshes/BurdockBush02.fbx using Guid(46807cf7657b7db4a8b6f91031555cf6) Importer(815301076,1909f56bfc062723c751e8b465ee728b) [PhysX] Initialized MultithreadedTaskDispatcher with 16 workers.
[PhysX] Initialized MultithreadedTaskDispatcher with 16 workers.
[PhysX] Initialized MultithreadedTaskDispatcher with 16 workers.
 -> (artifact id: '3100e282be07885717b4ff6c3b0a84b6') in 0.058108 seconds
Number of updated asset objects reloaded before import = 0
Number of asset objects unloaded after import = 11
========================================================================
Received Import Request.
  Time since last request: 0.000045 seconds.
  path: Assets/PBR_Grass_Flowers_Pack_01/ExtraMeshes/Textures/BurdockBushDet01_G.tga
  artifactKey: Guid(37771c295fb05164bb204946903abd33) Importer(815301076,1909f56bfc062723c751e8b465ee728b)
Start importing Assets/PBR_Grass_Flowers_Pack_01/ExtraMeshes/Textures/BurdockBushDet01_G.tga using Guid(37771c295fb05164bb204946903abd33) Importer(815301076,1909f56bfc062723c751e8b465ee728b) [PhysX] Initialized MultithreadedTaskDispatcher with 16 workers.
[PhysX] Initialized MultithreadedTaskDispatcher with 16 workers.
 -> (artifact id: 'bfbf962d03b0d5472d4a108df82e76d3') in 0.028950 seconds
Number of updated asset objects reloaded before import = 0
Number of asset objects unloaded after import = 2
========================================================================
Received Import Request.
  Time since last request: 183.801895 seconds.
  path: Assets/New Terrain 2.asset
  artifactKey: Guid(1526a2595595ddc44ac09554f64d38a9) Importer(815301076,1909f56bfc062723c751e8b465ee728b)
Start importing Assets/New Terrain 2.asset using Guid(1526a2595595ddc44ac09554f64d38a9) Importer(815301076,1909f56bfc062723c751e8b465ee728b) [PhysX] Initialized MultithreadedTaskDispatcher with 16 workers.
[PhysX] Initialized MultithreadedTaskDispatcher with 16 workers.
[PhysX] Initialized MultithreadedTaskDispatcher with 16 workers.
 -> (artifact id: 'e7f183722fc791a391405c4cc6236b77') in 0.050681 seconds
Number of updated asset objects reloaded before import = 0
Number of asset objects unloaded after import = 4
========================================================================
Received Import Request.
  Time since last request: 7.027415 seconds.
  path: Assets/Scenes/Stanislav beach.unity
  artifactKey: Guid(99e265641ddfe2b4b910047f44cfd9a0) Importer(815301076,1909f56bfc062723c751e8b465ee728b)
Start importing Assets/Scenes/Stanislav beach.unity using Guid(99e265641ddfe2b4b910047f44cfd9a0) Importer(815301076,1909f56bfc062723c751e8b465ee728b) [PhysX] Initialized MultithreadedTaskDispatcher with 16 workers.
 -> (artifact id: 'a2943dc76bf5bcf5ed4865aa601a5850') in 0.000807 seconds
Number of updated asset objects reloaded before import = 0
Number of asset objects unloaded after import = 0
========================================================================
Received Import Request.
  Time since last request: 148.182077 seconds.
  path: Assets/Toby Fredson/The Toby Foliage Engine
  artifactKey: Guid(a4b20352d1bc61142b8b1d1a4edf0a3e) Importer(815301076,1909f56bfc062723c751e8b465ee728b)
Start importing Assets/Toby Fredson/The Toby Foliage Engine using Guid(a4b20352d1bc61142b8b1d1a4edf0a3e) Importer(815301076,1909f56bfc062723c751e8b465ee728b) [PhysX] Initialized MultithreadedTaskDispatcher with 16 workers.
 -> (artifact id: '00f9cafaa210b2871e1b50de6c1913b1') in 0.000692 seconds
Number of updated asset objects reloaded before import = 0
Number of asset objects unloaded after import = 0
========================================================================
Received Import Request.
  Time since last request: 2.884347 seconds.
  path: Assets/Toby Fredson/The Toby Foliage Engine/(TTFE)_Core
  artifactKey: Guid(ca3636caf1e5f6a44ab85c4b0165a84e) Importer(815301076,1909f56bfc062723c751e8b465ee728b)
Start importing Assets/Toby Fredson/The Toby Foliage Engine/(TTFE)_Core using Guid(ca3636caf1e5f6a44ab85c4b0165a84e) Importer(815301076,1909f56bfc062723c751e8b465ee728b) [PhysX] Initialized MultithreadedTaskDispatcher with 16 workers.
 -> (artifact id: '5365637725d0af12060cc4eda0b20d12') in 0.000668 seconds
Number of updated asset objects reloaded before import = 0
Number of asset objects unloaded after import = 0
========================================================================
Received Import Request.
  Time since last request: 1.730819 seconds.
  path: Assets/Toby Fredson/The Toby Foliage Engine/(TTFE)_Demo
  artifactKey: Guid(735f92852794d154580c6d95c5b64bea) Importer(815301076,1909f56bfc062723c751e8b465ee728b)
Start importing Assets/Toby Fredson/The Toby Foliage Engine/(TTFE)_Demo using Guid(735f92852794d154580c6d95c5b64bea) Importer(815301076,1909f56bfc062723c751e8b465ee728b) [PhysX] Initialized MultithreadedTaskDispatcher with 16 workers.
 -> (artifact id: 'd6e2fabb7662cee038b47f49ea5a2607') in 0.000669 seconds
Number of updated asset objects reloaded before import = 0
Number of asset objects unloaded after import = 0
========================================================================
Received Import Request.
  Time since last request: 2.555173 seconds.
  path: Assets/Toby Fredson/The Toby Foliage Engine/(TTFE)_Demo/Scenes
  artifactKey: Guid(2530257e58b3a724e9d4dc01e3e9904b) Importer(815301076,1909f56bfc062723c751e8b465ee728b)
Start importing Assets/Toby Fredson/The Toby Foliage Engine/(TTFE)_Demo/Scenes using Guid(2530257e58b3a724e9d4dc01e3e9904b) Importer(815301076,1909f56bfc062723c751e8b465ee728b) [PhysX] Initialized MultithreadedTaskDispatcher with 16 workers.
 -> (artifact id: '7815cd6a0d1e2fc5f07457a146c7259c') in 0.000703 seconds
Number of updated asset objects reloaded before import = 0
Number of asset objects unloaded after import = 0
========================================================================
Received Import Request.
  Time since last request: 1.242682 seconds.
  path: Assets/Toby Fredson/The Toby Foliage Engine/(TTFE)_Demo/Scenes/TTFE-LightScene_Demo.unity
  artifactKey: Guid(a5aee332ca1995d4ab07ec6cb2bbdab3) Importer(815301076,1909f56bfc062723c751e8b465ee728b)
Start importing Assets/Toby Fredson/The Toby Foliage Engine/(TTFE)_Demo/Scenes/TTFE-LightScene_Demo.unity using Guid(a5aee332ca1995d4ab07ec6cb2bbdab3) Importer(815301076,1909f56bfc062723c751e8b465ee728b) [PhysX] Initialized MultithreadedTaskDispatcher with 16 workers.
 -> (artifact id: '66a46998cc974601066e5125bc9c9244') in 0.000712 seconds
Number of updated asset objects reloaded before import = 0
Number of asset objects unloaded after import = 0
========================================================================
Received Import Request.
  Time since last request: 1.833282 seconds.
  path: Assets/Toby Fredson/The Toby Foliage Engine/(TTFE)_Demo/Scenes/TTFE-LightScene_Prefabs.unity
  artifactKey: Guid(5dfdf57220d621143867c335611d699d) Importer(815301076,1909f56bfc062723c751e8b465ee728b)
Start importing Assets/Toby Fredson/The Toby Foliage Engine/(TTFE)_Demo/Scenes/TTFE-LightScene_Prefabs.unity using Guid(5dfdf57220d621143867c335611d699d) Importer(815301076,1909f56bfc062723c751e8b465ee728b) [PhysX] Initialized MultithreadedTaskDispatcher with 16 workers.
 -> (artifact id: '1c631c9264bae542e2d9b2d1694160d8') in 0.000719 seconds
Number of updated asset objects reloaded before import = 0
Number of asset objects unloaded after import = 0
========================================================================
Received Import Request.
  Time since last request: 0.818890 seconds.
  path: Assets/Toby Fredson/The Toby Foliage Engine/(TTFE)_Demo/Scenes/TTFE-LightScene_Terrain Example.unity
  artifactKey: Guid(fa7209e45c6f54949b487d28c52dcda2) Importer(815301076,1909f56bfc062723c751e8b465ee728b)
Start importing Assets/Toby Fredson/The Toby Foliage Engine/(TTFE)_Demo/Scenes/TTFE-LightScene_Terrain Example.unity using Guid(fa7209e45c6f54949b487d28c52dcda2) Importer(815301076,1909f56bfc062723c751e8b465ee728b) [PhysX] Initialized MultithreadedTaskDispatcher with 16 workers.
 -> (artifact id: 'aa6d18f929430495869559b567405ff9') in 0.000687 seconds
Number of updated asset objects reloaded before import = 0
Number of asset objects unloaded after import = 0
========================================================================
Received Import Request.
  Time since last request: 22.340130 seconds.
  path: Assets/Toby Fredson/The Toby Foliage Engine/(TTFE)_Demo/Prefabs/Prefabs_Vegetation/Vegetation_Plants/VP_GrassSingle/Grass_Single_C2.prefab
  artifactKey: Guid(0dff4a44798143a4dbe882e5ca27a170) Importer(815301076,1909f56bfc062723c751e8b465ee728b)
Start importing Assets/Toby Fredson/The Toby Foliage Engine/(TTFE)_Demo/Prefabs/Prefabs_Vegetation/Vegetation_Plants/VP_GrassSingle/Grass_Single_C2.prefab using Guid(0dff4a44798143a4dbe882e5ca27a170) Importer(815301076,1909f56bfc062723c751e8b465ee728b) [PhysX] Initialized MultithreadedTaskDispatcher with 16 workers.
[PhysX] Initialized MultithreadedTaskDispatcher with 16 workers.
 -> (artifact id: '3a317a364f192d39fd03bb3139f7c80c') in 0.644479 seconds
Number of updated asset objects reloaded before import = 0
Number of asset objects unloaded after import = 34
========================================================================
Received Import Request.
  Time since last request: 0.000057 seconds.
  path: Assets/Toby Fredson/The Toby Foliage Engine/(TTFE)_Demo/Prefabs/Prefabs_Vegetation/Vegetation_Plants/VP_Flowers/FlowersWTTFE-E.prefab
  artifactKey: Guid(c429c64a8bd92474bbef70eb646a9739) Importer(815301076,1909f56bfc062723c751e8b465ee728b)
Start importing Assets/Toby Fredson/The Toby Foliage Engine/(TTFE)_Demo/Prefabs/Prefabs_Vegetation/Vegetation_Plants/VP_Flowers/FlowersWTTFE-E.prefab using Guid(c429c64a8bd92474bbef70eb646a9739) Importer(815301076,1909f56bfc062723c751e8b465ee728b) [PhysX] Initialized MultithreadedTaskDispatcher with 16 workers.
[PhysX] Initialized MultithreadedTaskDispatcher with 16 workers.
 -> (artifact id: '86ed2eb3e19d2d69b499af625043e27d') in 0.841212 seconds
Number of updated asset objects reloaded before import = 0
Number of asset objects unloaded after import = 28
========================================================================
Received Import Request.
  Time since last request: 0.000051 seconds.
  path: Assets/Toby Fredson/The Toby Foliage Engine/(TTFE)_Demo/Prefabs/Prefabs_Vegetation/Vegetation_Plants/VP_Grass/GrassBig_A.prefab
  artifactKey: Guid(abb51bb2cf0ed594d91fa1394d79d707) Importer(815301076,1909f56bfc062723c751e8b465ee728b)
Start importing Assets/Toby Fredson/The Toby Foliage Engine/(TTFE)_Demo/Prefabs/Prefabs_Vegetation/Vegetation_Plants/VP_Grass/GrassBig_A.prefab using Guid(abb51bb2cf0ed594d91fa1394d79d707) Importer(815301076,1909f56bfc062723c751e8b465ee728b) [PhysX] Initialized MultithreadedTaskDispatcher with 16 workers.
[PhysX] Initialized MultithreadedTaskDispatcher with 16 workers.
 -> (artifact id: '1ebc97b6bdc94c89cfafb0291e9c0aa9') in 0.128229 seconds
Number of updated asset objects reloaded before import = 0
Number of asset objects unloaded after import = 35
========================================================================
Received Import Request.
  Time since last request: 0.000058 seconds.
  path: Assets/Toby Fredson/The Toby Foliage Engine/(TTFE)_Demo/Prefabs/Prefabs_Vegetation/Vegetation_Plants/VP_Grass/GrassBig_B.prefab
  artifactKey: Guid(6d3b2f816fe1f964bb9aac13fbca709a) Importer(815301076,1909f56bfc062723c751e8b465ee728b)
Start importing Assets/Toby Fredson/The Toby Foliage Engine/(TTFE)_Demo/Prefabs/Prefabs_Vegetation/Vegetation_Plants/VP_Grass/GrassBig_B.prefab using Guid(6d3b2f816fe1f964bb9aac13fbca709a) Importer(815301076,1909f56bfc062723c751e8b465ee728b) [PhysX] Initialized MultithreadedTaskDispatcher with 16 workers.
[PhysX] Initialized MultithreadedTaskDispatcher with 16 workers.
 -> (artifact id: '082093bc062bc9a186d60cc861575014') in 0.137624 seconds
Number of updated asset objects reloaded before import = 0
Number of asset objects unloaded after import = 35
========================================================================
Received Import Request.
  Time since last request: 0.000047 seconds.
  path: Assets/Toby Fredson/The Toby Foliage Engine/(TTFE)_Demo/Prefabs/Prefabs_Vegetation/Vegetation_Plants/VP_Flowers/FlowersWTTFE-F.prefab
  artifactKey: Guid(a10d2a2419aaa8046993c86e1c687ab2) Importer(815301076,1909f56bfc062723c751e8b465ee728b)
Start importing Assets/Toby Fredson/The Toby Foliage Engine/(TTFE)_Demo/Prefabs/Prefabs_Vegetation/Vegetation_Plants/VP_Flowers/FlowersWTTFE-F.prefab using Guid(a10d2a2419aaa8046993c86e1c687ab2) Importer(815301076,1909f56bfc062723c751e8b465ee728b) [PhysX] Initialized MultithreadedTaskDispatcher with 16 workers.
[PhysX] Initialized MultithreadedTaskDispatcher with 16 workers.
 -> (artifact id: 'd2bf7be91cd251f6a992b26e3d5e565f') in 0.050732 seconds
Number of updated asset objects reloaded before import = 0
Number of asset objects unloaded after import = 28
========================================================================
Received Import Request.
  Time since last request: 0.000070 seconds.
  path: Assets/Toby Fredson/The Toby Foliage Engine/(TTFE)_Demo/Prefabs/Prefabs_Vegetation/Vegetation_Trees/VTSpecies_Shrub/ShrubBush_B.prefab
  artifactKey: Guid(9266726cf3d3d6f4b8be186469ef13bc) Importer(815301076,1909f56bfc062723c751e8b465ee728b)
Start importing Assets/Toby Fredson/The Toby Foliage Engine/(TTFE)_Demo/Prefabs/Prefabs_Vegetation/Vegetation_Trees/VTSpecies_Shrub/ShrubBush_B.prefab using Guid(9266726cf3d3d6f4b8be186469ef13bc) Importer(815301076,1909f56bfc062723c751e8b465ee728b) [PhysX] Initialized MultithreadedTaskDispatcher with 16 workers.
[PhysX] Initialized MultithreadedTaskDispatcher with 16 workers.
 -> (artifact id: 'd19b27a432a31a7ccba215a075ee144f') in 0.563131 seconds
Number of updated asset objects reloaded before import = 0
Number of asset objects unloaded after import = 60
========================================================================
Received Import Request.
  Time since last request: 0.000061 seconds.
  path: Assets/Toby Fredson/The Toby Foliage Engine/(TTFE)_Demo/Prefabs/Prefabs_Vegetation/Vegetation_Trees/VTSpecies_Shrub/ShrubTree(NR)_D.prefab
  artifactKey: Guid(45041291efc670640a7ea77a57e53254) Importer(815301076,1909f56bfc062723c751e8b465ee728b)
Start importing Assets/Toby Fredson/The Toby Foliage Engine/(TTFE)_Demo/Prefabs/Prefabs_Vegetation/Vegetation_Trees/VTSpecies_Shrub/ShrubTree(NR)_D.prefab using Guid(45041291efc670640a7ea77a57e53254) Importer(815301076,1909f56bfc062723c751e8b465ee728b) [PhysX] Initialized MultithreadedTaskDispatcher with 16 workers.
[PhysX] Initialized MultithreadedTaskDispatcher with 16 workers.
 -> (artifact id: '44f9cc05cc149099e08f8a5f1460b28f') in 0.360089 seconds
Number of updated asset objects reloaded before import = 0
Number of asset objects unloaded after import = 71
========================================================================
Received Import Request.
  Time since last request: 0.000066 seconds.
  path: Assets/Toby Fredson/The Toby Foliage Engine/(TTFE)_Demo/Prefabs/Prefabs_Vegetation/Vegetation_Plants/VP_Flowers/FlowersWTTFE-B.prefab
  artifactKey: Guid(acd3045601851e141b35bf521afbc8c4) Importer(815301076,1909f56bfc062723c751e8b465ee728b)
Start importing Assets/Toby Fredson/The Toby Foliage Engine/(TTFE)_Demo/Prefabs/Prefabs_Vegetation/Vegetation_Plants/VP_Flowers/FlowersWTTFE-B.prefab using Guid(acd3045601851e141b35bf521afbc8c4) Importer(815301076,1909f56bfc062723c751e8b465ee728b) [PhysX] Initialized MultithreadedTaskDispatcher with 16 workers.
[PhysX] Initialized MultithreadedTaskDispatcher with 16 workers.
 -> (artifact id: 'e11f41087cdf6b19ac1ff993a9a2e2bc') in 0.053050 seconds
Number of updated asset objects reloaded before import = 0
Number of asset objects unloaded after import = 28
========================================================================
Received Import Request.
  Time since last request: 0.000034 seconds.
  path: Assets/Toby Fredson/The Toby Foliage Engine/(TTFE)_Demo/Prefabs/Prefabs_Vegetation/Vegetation_Plants/VP_Flowers/FlowersWTTFE-D.prefab
  artifactKey: Guid(d621b61ece24c6648ad5a594a3ec3a07) Importer(815301076,1909f56bfc062723c751e8b465ee728b)
Start importing Assets/Toby Fredson/The Toby Foliage Engine/(TTFE)_Demo/Prefabs/Prefabs_Vegetation/Vegetation_Plants/VP_Flowers/FlowersWTTFE-D.prefab using Guid(d621b61ece24c6648ad5a594a3ec3a07) Importer(815301076,1909f56bfc062723c751e8b465ee728b) [PhysX] Initialized MultithreadedTaskDispatcher with 16 workers.
[PhysX] Initialized MultithreadedTaskDispatcher with 16 workers.
 -> (artifact id: '80cee193b5b35c6c9cf96532fa17e8e6') in 0.047838 seconds
Number of updated asset objects reloaded before import = 0
Number of asset objects unloaded after import = 28
========================================================================
Received Import Request.
  Time since last request: 6.885082 seconds.
  path: Assets/Toby Fredson/The Toby Foliage Engine/1. ReadMe.txt
  artifactKey: Guid(4a3165f6bb24303478716ae2e7b97109) Importer(815301076,1909f56bfc062723c751e8b465ee728b)
Start importing Assets/Toby Fredson/The Toby Foliage Engine/1. ReadMe.txt using Guid(4a3165f6bb24303478716ae2e7b97109) Importer(815301076,1909f56bfc062723c751e8b465ee728b) [PhysX] Initialized MultithreadedTaskDispatcher with 16 workers.
 -> (artifact id: '6613b3b13315d9b1ab948286ec5de5b2') in 0.009155 seconds
Number of updated asset objects reloaded before import = 0
Number of asset objects unloaded after import = 1
========================================================================
Received Import Request.
  Time since last request: 39.865741 seconds.
  path: Assets/HDRPDefaultResources/DefaultSettingsVolumeProfile.asset
  artifactKey: Guid(34b4409d3ff8e8545af73e7e5c2ca43d) Importer(2089858483,0ecaa5967403d082aa24f35e1b516d23)
Start importing Assets/HDRPDefaultResources/DefaultSettingsVolumeProfile.asset using Guid(34b4409d3ff8e8545af73e7e5c2ca43d) Importer(2089858483,0ecaa5967403d082aa24f35e1b516d23) [PhysX] Initialized MultithreadedTaskDispatcher with 16 workers.
 -> (artifact id: '4ba84dee724bd74513e40355ab62f0dd') in 0.307998 seconds
Number of updated asset objects reloaded before import = 0
Number of asset objects unloaded after import = 1
========================================================================
Received Import Request.
  Time since last request: 0.000037 seconds.
  path: Assets/Realistic Tree/Prefabs/Standard/Ash/Ash 6.prefab
  artifactKey: Guid(6f544b3904ee31b45841cdb0fb1f9c15) Importer(2089858483,0ecaa5967403d082aa24f35e1b516d23)
Start importing Assets/Realistic Tree/Prefabs/Standard/Ash/Ash 6.prefab using Guid(6f544b3904ee31b45841cdb0fb1f9c15) Importer(2089858483,0ecaa5967403d082aa24f35e1b516d23) [PhysX] Initialized MultithreadedTaskDispatcher with 16 workers.
 -> (artifact id: '6d5e3206ea92494bfe212ace3d8a63c1') in 0.232467 seconds
Number of updated asset objects reloaded before import = 0
Number of asset objects unloaded after import = 69
========================================================================
Received Import Request.
  Time since last request: 0.000048 seconds.
  path: Assets/Realistic Tree/Prefabs/HDRP/Weeping Willow/Weeping_Willow 7.prefab
  artifactKey: Guid(9bae0067de92b6d44b82e8c16026ddba) Importer(2089858483,0ecaa5967403d082aa24f35e1b516d23)
Start importing Assets/Realistic Tree/Prefabs/HDRP/Weeping Willow/Weeping_Willow 7.prefab using Guid(9bae0067de92b6d44b82e8c16026ddba) Importer(2089858483,0ecaa5967403d082aa24f35e1b516d23) [PhysX] Initialized MultithreadedTaskDispatcher with 16 workers.
 -> (artifact id: 'f2a93eed4827383f6150f4fbb5ac2da3') in 0.102448 seconds
Number of updated asset objects reloaded before import = 0
Number of asset objects unloaded after import = 49
========================================================================
Received Import Request.
  Time since last request: 0.000039 seconds.
  path: Assets/Realistic Tree/Source/Materials/URP/Bark/Ash_Bark.mat
  artifactKey: Guid(fe26c031e6cfb1f45a9e22cb570f4bbf) Importer(2089858483,0ecaa5967403d082aa24f35e1b516d23)
Start importing Assets/Realistic Tree/Source/Materials/URP/Bark/Ash_Bark.mat using Guid(fe26c031e6cfb1f45a9e22cb570f4bbf) Importer(2089858483,0ecaa5967403d082aa24f35e1b516d23) [PhysX] Initialized MultithreadedTaskDispatcher with 16 workers.
 -> (artifact id: '3b307dd9bdd6a0c28b44897c4feb175a') in 0.097714 seconds
Number of updated asset objects reloaded before import = 0
Number of asset objects unloaded after import = 6
========================================================================
Received Import Request.
  Time since last request: 0.000037 seconds.
  path: Assets/Realistic Tree/Prefabs/Standard/Ash/Ash 2.prefab
  artifactKey: Guid(609df25574ee7404da5687aa8948eb2d) Importer(2089858483,0ecaa5967403d082aa24f35e1b516d23)
Start importing Assets/Realistic Tree/Prefabs/Standard/Ash/Ash 2.prefab using Guid(609df25574ee7404da5687aa8948eb2d) Importer(2089858483,0ecaa5967403d082aa24f35e1b516d23) [PhysX] Initialized MultithreadedTaskDispatcher with 16 workers.
 -> (artifact id: 'dd669efb43eb2166774691aab46c8d98') in 0.092157 seconds
Number of updated asset objects reloaded before import = 0
Number of asset objects unloaded after import = 69
========================================================================
Received Import Request.
  Time since last request: 0.000048 seconds.
  path: Assets/Realistic Tree/Prefabs/URP/Ash/The Great Ash Tree.prefab
  artifactKey: Guid(43fc8139f33d4ff4c842012a7dc9fed4) Importer(2089858483,0ecaa5967403d082aa24f35e1b516d23)
Start importing Assets/Realistic Tree/Prefabs/URP/Ash/The Great Ash Tree.prefab using Guid(43fc8139f33d4ff4c842012a7dc9fed4) Importer(2089858483,0ecaa5967403d082aa24f35e1b516d23) [PhysX] Initialized MultithreadedTaskDispatcher with 16 workers.
 -> (artifact id: 'ab2239f990338859f1afea1d900d7e1b') in 0.090278 seconds
Number of updated asset objects reloaded before import = 0
Number of asset objects unloaded after import = 69
========================================================================
Received Import Request.
  Time since last request: 0.000038 seconds.
  path: Assets/Realistic Tree/Prefabs/URP/Ash/Ash 7.prefab
  artifactKey: Guid(9e065bacc309f8a4c877f23b4b5eebf8) Importer(2089858483,0ecaa5967403d082aa24f35e1b516d23)
Start importing Assets/Realistic Tree/Prefabs/URP/Ash/Ash 7.prefab using Guid(9e065bacc309f8a4c877f23b4b5eebf8) Importer(2089858483,0ecaa5967403d082aa24f35e1b516d23) [PhysX] Initialized MultithreadedTaskDispatcher with 16 workers.
 -> (artifact id: 'bf29787f06f4d33cf4adc7dee4743a8e') in 0.097473 seconds
Number of updated asset objects reloaded before import = 0
Number of asset objects unloaded after import = 69
========================================================================
Received Import Request.
  Time since last request: 0.000044 seconds.
  path: Assets/Realistic Tree/Prefabs/Standard/Birch/Birch 9.prefab
  artifactKey: Guid(8b2cbae733adeae48a1b1a1aa7e71f43) Importer(2089858483,0ecaa5967403d082aa24f35e1b516d23)
Start importing Assets/Realistic Tree/Prefabs/Standard/Birch/Birch 9.prefab using Guid(8b2cbae733adeae48a1b1a1aa7e71f43) Importer(2089858483,0ecaa5967403d082aa24f35e1b516d23) [PhysX] Initialized MultithreadedTaskDispatcher with 16 workers.
 -> (artifact id: '2350d1cfc2b20977d6e7c9c34bd0f39a') in 0.091863 seconds
Number of updated asset objects reloaded before import = 0
Number of asset objects unloaded after import = 69
========================================================================
Received Import Request.
  Time since last request: 0.000087 seconds.
  path: Assets/Realistic Tree/Source/Models/Spruce/Spruce_8.fbx
  artifactKey: Guid(b04b248bc2ead764bb3ebae3eaf1da10) Importer(2089858483,0ecaa5967403d082aa24f35e1b516d23)
Start importing Assets/Realistic Tree/Source/Models/Spruce/Spruce_8.fbx using Guid(b04b248bc2ead764bb3ebae3eaf1da10) Importer(2089858483,0ecaa5967403d082aa24f35e1b516d23) [PhysX] Initialized MultithreadedTaskDispatcher with 16 workers.
 -> (artifact id: '023f841bb00e804d5254a60f1ad2bc01') in 0.097220 seconds
Number of updated asset objects reloaded before import = 0
Number of asset objects unloaded after import = 65
========================================================================
Received Import Request.
  Time since last request: 0.000038 seconds.
  path: Assets/Realistic Tree/Prefabs/URP/Spruce/Spruce 9.prefab
  artifactKey: Guid(09d870b9c6c78ab42b89e0e94120bc08) Importer(2089858483,0ecaa5967403d082aa24f35e1b516d23)
Start importing Assets/Realistic Tree/Prefabs/URP/Spruce/Spruce 9.prefab using Guid(09d870b9c6c78ab42b89e0e94120bc08) Importer(2089858483,0ecaa5967403d082aa24f35e1b516d23) [PhysX] Initialized MultithreadedTaskDispatcher with 16 workers.
 -> (artifact id: 'b31c3f0d75db802c2d0833947cbb2675') in 0.035293 seconds
Number of updated asset objects reloaded before import = 0
Number of asset objects unloaded after import = 67
========================================================================
Received Import Request.
  Time since last request: 0.000043 seconds.
  path: Assets/Yughues Free Palm Trees/Textures/Palm trees diffuse.tga
  artifactKey: Guid(238ec53f1682958499b657692cb298fc) Importer(2089858483,0ecaa5967403d082aa24f35e1b516d23)
Start importing Assets/Yughues Free Palm Trees/Textures/Palm trees diffuse.tga using Guid(238ec53f1682958499b657692cb298fc) Importer(2089858483,0ecaa5967403d082aa24f35e1b516d23) [PhysX] Initialized MultithreadedTaskDispatcher with 16 workers.
 -> (artifact id: '86e29ce45426e8e37534aa7e8075844a') in 0.048380 seconds
Number of updated asset objects reloaded before import = 0
Number of asset objects unloaded after import = 1
========================================================================
Received Import Request.
  Time since last request: 0.000048 seconds.
  path: Assets/Realistic Tree/Prefabs/HDRP/Weeping Willow/Weeping_Willow 3.prefab
  artifactKey: Guid(3c8b184950b283d4bba65fb105f8f1ab) Importer(2089858483,0ecaa5967403d082aa24f35e1b516d23)
Start importing Assets/Realistic Tree/Prefabs/HDRP/Weeping Willow/Weeping_Willow 3.prefab using Guid(3c8b184950b283d4bba65fb105f8f1ab) Importer(2089858483,0ecaa5967403d082aa24f35e1b516d23) [PhysX] Initialized MultithreadedTaskDispatcher with 16 workers.
 -> (artifact id: 'dba90f5cdef601e39b8ccbc2aa5ec268') in 0.086787 seconds
Number of updated asset objects reloaded before import = 0
Number of asset objects unloaded after import = 49
========================================================================
Received Import Request.
  Time since last request: 0.000037 seconds.
  path: Assets/Realistic Tree/Source/Models/Birch/Birch_3.fbx
  artifactKey: Guid(af41b1c4d4536ae459fb8fa1d24f59cb) Importer(2089858483,0ecaa5967403d082aa24f35e1b516d23)
Start importing Assets/Realistic Tree/Source/Models/Birch/Birch_3.fbx using Guid(af41b1c4d4536ae459fb8fa1d24f59cb) Importer(2089858483,0ecaa5967403d082aa24f35e1b516d23) [PhysX] Initialized MultithreadedTaskDispatcher with 16 workers.
 -> (artifact id: 'a6ed682eceb00cf7b35ccf03f6a29379') in 0.076286 seconds
Number of updated asset objects reloaded before import = 0
Number of asset objects unloaded after import = 65
========================================================================
Received Import Request.
  Time since last request: 0.000047 seconds.
  path: Assets/Realistic Tree/Prefabs/HDRP/Chestnut/Chestnut 6.prefab
  artifactKey: Guid(c4043e1eccfd19d428f5c46af044703a) Importer(2089858483,0ecaa5967403d082aa24f35e1b516d23)
Start importing Assets/Realistic Tree/Prefabs/HDRP/Chestnut/Chestnut 6.prefab using Guid(c4043e1eccfd19d428f5c46af044703a) Importer(2089858483,0ecaa5967403d082aa24f35e1b516d23) [PhysX] Initialized MultithreadedTaskDispatcher with 16 workers.
 -> (artifact id: '442bd7f68ef2859be7cf7b256a77a0f0') in 0.098302 seconds
Number of updated asset objects reloaded before import = 0
Number of asset objects unloaded after import = 109
========================================================================
Received Import Request.
  Time since last request: 0.000065 seconds.
  path: Assets/Realistic Tree/Prefabs/Standard/Weeping Willow
  artifactKey: Guid(3c9a3537618206e4897ed0ac1790907f) Importer(2089858483,0ecaa5967403d082aa24f35e1b516d23)
Start importing Assets/Realistic Tree/Prefabs/Standard/Weeping Willow using Guid(3c9a3537618206e4897ed0ac1790907f) Importer(2089858483,0ecaa5967403d082aa24f35e1b516d23) [PhysX] Initialized MultithreadedTaskDispatcher with 16 workers.
 -> (artifact id: '95376448b6c6d1c7041994bc77898497') in 0.022530 seconds
Number of updated asset objects reloaded before import = 0
Number of asset objects unloaded after import = 1
========================================================================
Received Import Request.
  Time since last request: 0.000134 seconds.
  path: Assets/XR/Settings/OpenXR Editor Settings.asset
  artifactKey: Guid(99f2217b573f258428c54a7af0c4e51f) Importer(2089858483,0ecaa5967403d082aa24f35e1b516d23)
Start importing Assets/XR/Settings/OpenXR Editor Settings.asset using Guid(99f2217b573f258428c54a7af0c4e51f) Importer(2089858483,0ecaa5967403d082aa24f35e1b516d23) [PhysX] Initialized MultithreadedTaskDispatcher with 16 workers.
 -> (artifact id: 'f07ec749c4f322a4faf27e41d9ce89ec') in 0.049535 seconds
Number of updated asset objects reloaded before import = 0
Number of asset objects unloaded after import = 1
========================================================================
Received Import Request.
  Time since last request: 0.000033 seconds.
  path: Assets/seaShell/lowPolyShell_LOD0 Variant 3.prefab
  artifactKey: Guid(5949b601c879a8f48b01585ac2b1d744) Importer(2089858483,0ecaa5967403d082aa24f35e1b516d23)
Start importing Assets/seaShell/lowPolyShell_LOD0 Variant 3.prefab using Guid(5949b601c879a8f48b01585ac2b1d744) Importer(2089858483,0ecaa5967403d082aa24f35e1b516d23) [PhysX] Initialized MultithreadedTaskDispatcher with 16 workers.
 -> (artifact id: '3b0c6795e25dda9844319e8a7aca50a8') in 0.027501 seconds
Number of updated asset objects reloaded before import = 0
Number of asset objects unloaded after import = 23
========================================================================
Received Import Request.
  Time since last request: 0.000041 seconds.
  path: Assets/Realistic Tree/Source/Materials/HDRP/Falling Leaves/Weeping_Single.png
  artifactKey: Guid(83500cdcfbfd33344af2cae3d8dd886c) Importer(2089858483,0ecaa5967403d082aa24f35e1b516d23)
Start importing Assets/Realistic Tree/Source/Materials/HDRP/Falling Leaves/Weeping_Single.png using Guid(83500cdcfbfd33344af2cae3d8dd886c) Importer(2089858483,0ecaa5967403d082aa24f35e1b516d23) [PhysX] Initialized MultithreadedTaskDispatcher with 16 workers.
 -> (artifact id: 'b22886dd8c58db23f501a60f65a9d56d') in 0.072187 seconds
Number of updated asset objects reloaded before import = 0
Number of asset objects unloaded after import = 1
========================================================================
Received Import Request.
  Time since last request: 0.000071 seconds.
  path: Assets/Fristy stylize Modular Assets 2/Textures/Grass 2.psd
  artifactKey: Guid(2dbee24fd689d3548bf0f619a804dbf1) Importer(2089858483,0ecaa5967403d082aa24f35e1b516d23)
Start importing Assets/Fristy stylize Modular Assets 2/Textures/Grass 2.psd using Guid(2dbee24fd689d3548bf0f619a804dbf1) Importer(2089858483,0ecaa5967403d082aa24f35e1b516d23) [PhysX] Initialized MultithreadedTaskDispatcher with 16 workers.
 -> (artifact id: '2d096e3be486580d1494dee2f59a175d') in 0.028246 seconds
Number of updated asset objects reloaded before import = 0
Number of asset objects unloaded after import = 1
========================================================================
Received Import Request.
  Time since last request: 0.000035 seconds.
  path: Assets/Realistic Tree/Prefabs/Standard/Spruce/Spruce 10.prefab
  artifactKey: Guid(5d5b6367d91d1fa4eb041898c9ace397) Importer(2089858483,0ecaa5967403d082aa24f35e1b516d23)
Start importing Assets/Realistic Tree/Prefabs/Standard/Spruce/Spruce 10.prefab using Guid(5d5b6367d91d1fa4eb041898c9ace397) Importer(2089858483,0ecaa5967403d082aa24f35e1b516d23) [PhysX] Initialized MultithreadedTaskDispatcher with 16 workers.
 -> (artifact id: '666d70a7e64e1a86d083eb5340bca702') in 0.048076 seconds
Number of updated asset objects reloaded before import = 0
Number of asset objects unloaded after import = 67
========================================================================
Received Import Request.
  Time since last request: 0.000035 seconds.
  path: Assets/Realistic Tree/Source/Materials/Standard/Leaves/Weeping Willow/Weeping_Willow_Small.mat
  artifactKey: Guid(59e6ef35c3130a24c91ac0eb5059a03b) Importer(2089858483,0ecaa5967403d082aa24f35e1b516d23)
Start importing Assets/Realistic Tree/Source/Materials/Standard/Leaves/Weeping Willow/Weeping_Willow_Small.mat using Guid(59e6ef35c3130a24c91ac0eb5059a03b) Importer(2089858483,0ecaa5967403d082aa24f35e1b516d23) [PhysX] Initialized MultithreadedTaskDispatcher with 16 workers.
 -> (artifact id: '5cc2c47f3d9e5e447300011b1fae6a9e') in 0.049173 seconds
Number of updated asset objects reloaded before import = 0
Number of asset objects unloaded after import = 2
========================================================================
Received Import Request.
  Time since last request: 0.000043 seconds.
  path: Assets/Realistic Tree/Source/Models/Birch/Birch_8.fbx
  artifactKey: Guid(a3dbb972b5938bd48977d7a31df70bf0) Importer(2089858483,0ecaa5967403d082aa24f35e1b516d23)
Start importing Assets/Realistic Tree/Source/Models/Birch/Birch_8.fbx using Guid(a3dbb972b5938bd48977d7a31df70bf0) Importer(2089858483,0ecaa5967403d082aa24f35e1b516d23) [PhysX] Initialized MultithreadedTaskDispatcher with 16 workers.
 -> (artifact id: '2ffb8ec7aa6a41dc99e2c5ad1326449b') in 0.054645 seconds
Number of updated asset objects reloaded before import = 0
Number of asset objects unloaded after import = 65
========================================================================
Received Import Request.
  Time since last request: 0.000047 seconds.
  path: Assets/Realistic Tree/Prefabs/Standard/Weeping Willow/Weeping_Willow 1.prefab
  artifactKey: Guid(232690b25b4890646bded4e03741b215) Importer(2089858483,0ecaa5967403d082aa24f35e1b516d23)
Start importing Assets/Realistic Tree/Prefabs/Standard/Weeping Willow/Weeping_Willow 1.prefab using Guid(232690b25b4890646bded4e03741b215) Importer(2089858483,0ecaa5967403d082aa24f35e1b516d23) [PhysX] Initialized MultithreadedTaskDispatcher with 16 workers.
 -> (artifact id: '0b398e96adaddcb38903f3824c73ac60') in 0.081719 seconds
Number of updated asset objects reloaded before import = 0
Number of asset objects unloaded after import = 49
========================================================================
Received Import Request.
  Time since last request: 0.000038 seconds.
  path: Assets/Realistic Tree/Prefabs/HDRP/Chestnut/Chestnut 5.prefab
  artifactKey: Guid(ac32ab3df139eb24dbab7f275ce1574b) Importer(2089858483,0ecaa5967403d082aa24f35e1b516d23)
Start importing Assets/Realistic Tree/Prefabs/HDRP/Chestnut/Chestnut 5.prefab using Guid(ac32ab3df139eb24dbab7f275ce1574b) Importer(2089858483,0ecaa5967403d082aa24f35e1b516d23) [PhysX] Initialized MultithreadedTaskDispatcher with 16 workers.
 -> (artifact id: 'f55abd1ca92da8d3a05825924e41a11b') in 0.074635 seconds
Number of updated asset objects reloaded before import = 0
Number of asset objects unloaded after import = 109
========================================================================
Received Import Request.
  Time since last request: 0.000037 seconds.
  path: Assets/Realistic Tree/Prefabs/HDRP/Weeping Willow/Weeping_Willow 2.prefab
  artifactKey: Guid(a771c7bc05f22a74e817acd184b2d61e) Importer(2089858483,0ecaa5967403d082aa24f35e1b516d23)
Start importing Assets/Realistic Tree/Prefabs/HDRP/Weeping Willow/Weeping_Willow 2.prefab using Guid(a771c7bc05f22a74e817acd184b2d61e) Importer(2089858483,0ecaa5967403d082aa24f35e1b516d23) [PhysX] Initialized MultithreadedTaskDispatcher with 16 workers.
 -> (artifact id: 'b38ec95722cc6078802238e4896a246a') in 0.104854 seconds
Number of updated asset objects reloaded before import = 0
Number of asset objects unloaded after import = 49
========================================================================
Received Import Request.
  Time since last request: 0.000051 seconds.
  path: Assets/Realistic Tree/Prefabs/URP/Weeping Willow/Weeping_Willow 8.prefab
  artifactKey: Guid(27a0eee291be7a6428f36c5bcbd6c4f9) Importer(2089858483,0ecaa5967403d082aa24f35e1b516d23)
Start importing Assets/Realistic Tree/Prefabs/URP/Weeping Willow/Weeping_Willow 8.prefab using Guid(27a0eee291be7a6428f36c5bcbd6c4f9) Importer(2089858483,0ecaa5967403d082aa24f35e1b516d23) [PhysX] Initialized MultithreadedTaskDispatcher with 16 workers.
 -> (artifact id: '0b67f65f1633d171fbcdc92d49301dc0') in 0.077562 seconds
Number of updated asset objects reloaded before import = 0
Number of asset objects unloaded after import = 49
========================================================================
Received Import Request.
  Time since last request: 0.000040 seconds.
  path: Assets/Realistic Tree/Source/Models/Chestnut/Chestnut_6.fbx
  artifactKey: Guid(6ec9fc7d507c19d4a80adbcc93327c36) Importer(2089858483,0ecaa5967403d082aa24f35e1b516d23)
Start importing Assets/Realistic Tree/Source/Models/Chestnut/Chestnut_6.fbx using Guid(6ec9fc7d507c19d4a80adbcc93327c36) Importer(2089858483,0ecaa5967403d082aa24f35e1b516d23) [PhysX] Initialized MultithreadedTaskDispatcher with 16 workers.
 -> (artifact id: 'c58e7b02e748bdb6f15d9135bfd82353') in 0.051242 seconds
Number of updated asset objects reloaded before import = 0
Number of asset objects unloaded after import = 105
========================================================================
Received Import Request.
  Time since last request: 0.000046 seconds.
  path: Assets/Realistic Tree/Prefabs/HDRP/Spruce/Spruce 3.prefab
  artifactKey: Guid(c79fb44d57b2509498447d7b40987f98) Importer(2089858483,0ecaa5967403d082aa24f35e1b516d23)
Start importing Assets/Realistic Tree/Prefabs/HDRP/Spruce/Spruce 3.prefab using Guid(c79fb44d57b2509498447d7b40987f98) Importer(2089858483,0ecaa5967403d082aa24f35e1b516d23) [PhysX] Initialized MultithreadedTaskDispatcher with 16 workers.
 -> (artifact id: '76bdccebb690a2efd62153f31e16b9aa') in 0.038619 seconds
Number of updated asset objects reloaded before import = 0
Number of asset objects unloaded after import = 67
========================================================================
Received Import Request.
  Time since last request: 0.000064 seconds.
  path: Assets/Realistic Tree/Source/Textures/Weeping Willow/Willow_Normal.png
  artifactKey: Guid(ae1000f7377aa5e4fb61e9dec4d2dfc0) Importer(2089858483,0ecaa5967403d082aa24f35e1b516d23)
Start importing Assets/Realistic Tree/Source/Textures/Weeping Willow/Willow_Normal.png using Guid(ae1000f7377aa5e4fb61e9dec4d2dfc0) Importer(2089858483,0ecaa5967403d082aa24f35e1b516d23) [PhysX] Initialized MultithreadedTaskDispatcher with 16 workers.
 -> (artifact id: '793dcd0e12aa1058c3e73df03156d73b') in 0.031200 seconds
Number of updated asset objects reloaded before import = 0
Number of asset objects unloaded after import = 1
========================================================================
Received Import Request.
  Time since last request: 0.000034 seconds.
  path: Assets/Realistic Tree/Prefabs/HDRP/Ash/Ash 1.prefab
  artifactKey: Guid(64df991afecf1ea40b853b2e1cabf4df) Importer(2089858483,0ecaa5967403d082aa24f35e1b516d23)
Start importing Assets/Realistic Tree/Prefabs/HDRP/Ash/Ash 1.prefab using Guid(64df991afecf1ea40b853b2e1cabf4df) Importer(2089858483,0ecaa5967403d082aa24f35e1b516d23) [PhysX] Initialized MultithreadedTaskDispatcher with 16 workers.
 -> (artifact id: '70afcd5ed6712f54baea29d0dc6edf89') in 0.073187 seconds
Number of updated asset objects reloaded before import = 0
Number of asset objects unloaded after import = 70
========================================================================
Received Import Request.
  Time since last request: 0.000042 seconds.
  path: Assets/Realistic Tree/Source/Materials/HDRP/Leaves/Spruce/Spruce_1.mat
  artifactKey: Guid(f95156f974481524282344941fddaa96) Importer(2089858483,0ecaa5967403d082aa24f35e1b516d23)
Start importing Assets/Realistic Tree/Source/Materials/HDRP/Leaves/Spruce/Spruce_1.mat using Guid(f95156f974481524282344941fddaa96) Importer(2089858483,0ecaa5967403d082aa24f35e1b516d23) [PhysX] Initialized MultithreadedTaskDispatcher with 16 workers.
 -> (artifact id: '006578275bbfb433e5b2aceaef1c5500') in 0.050182 seconds
Number of updated asset objects reloaded before import = 0
Number of asset objects unloaded after import = 2
========================================================================
Received Import Request.
  Time since last request: 0.000059 seconds.
  path: Assets/Realistic Tree/Source/Textures/Spruce/Leaf_1.png
  artifactKey: Guid(fc6b841bb3988304486c6cb980068dd2) Importer(2089858483,0ecaa5967403d082aa24f35e1b516d23)
Start importing Assets/Realistic Tree/Source/Textures/Spruce/Leaf_1.png using Guid(fc6b841bb3988304486c6cb980068dd2) Importer(2089858483,0ecaa5967403d082aa24f35e1b516d23) [PhysX] Initialized MultithreadedTaskDispatcher with 16 workers.
 -> (artifact id: 'b4c474ce5e7874b809cb410aed7fb6fa') in 0.034115 seconds
Number of updated asset objects reloaded before import = 0
Number of asset objects unloaded after import = 1
========================================================================
Received Import Request.
  Time since last request: 0.000036 seconds.
  path: Assets/PalmTreePack/Models/Palm_Style_Old/Palm2/Palm_2_1.fbx
  artifactKey: Guid(93520ebbbb7235b44bf4c3d30be2ae03) Importer(2089858483,0ecaa5967403d082aa24f35e1b516d23)
Start importing Assets/PalmTreePack/Models/Palm_Style_Old/Palm2/Palm_2_1.fbx using Guid(93520ebbbb7235b44bf4c3d30be2ae03) Importer(2089858483,0ecaa5967403d082aa24f35e1b516d23) [PhysX] Initialized MultithreadedTaskDispatcher with 16 workers.
 -> (artifact id: 'ddd1999f9f6ef6070a88c9db990b8864') in 0.056024 seconds
Number of updated asset objects reloaded before import = 0
Number of asset objects unloaded after import = 12
========================================================================
Received Import Request.
  Time since last request: 0.000046 seconds.
  path: Assets/Realistic Tree/Prefabs/HDRP/Birch/Birch Group 3.prefab
  artifactKey: Guid(e05c7807d9e5f6b46a4c94349742296e) Importer(2089858483,0ecaa5967403d082aa24f35e1b516d23)
Start importing Assets/Realistic Tree/Prefabs/HDRP/Birch/Birch Group 3.prefab using Guid(e05c7807d9e5f6b46a4c94349742296e) Importer(2089858483,0ecaa5967403d082aa24f35e1b516d23) [PhysX] Initialized MultithreadedTaskDispatcher with 16 workers.
 -> (artifact id: '917e14aaea254de7a4d51f344b1507df') in 0.075342 seconds
Number of updated asset objects reloaded before import = 0
Number of asset objects unloaded after import = 69
========================================================================
Received Import Request.
  Time since last request: 0.000042 seconds.
  path: Assets/Realistic Tree/Source/Materials/URP/Falling Leaves/Weeping_Single.mat
  artifactKey: Guid(71a973528b23d934ea7bee28cfe50e1f) Importer(2089858483,0ecaa5967403d082aa24f35e1b516d23)
Start importing Assets/Realistic Tree/Source/Materials/URP/Falling Leaves/Weeping_Single.mat using Guid(71a973528b23d934ea7bee28cfe50e1f) Importer(2089858483,0ecaa5967403d082aa24f35e1b516d23) [PhysX] Initialized MultithreadedTaskDispatcher with 16 workers.
 -> (artifact id: '026a8eabc28d74b2477236111f0182c9') in 0.031707 seconds
Number of updated asset objects reloaded before import = 0
Number of asset objects unloaded after import = 2
========================================================================
Received Import Request.
  Time since last request: 0.000046 seconds.
  path: Assets/Realistic Tree/Prefabs/Standard/Birch/Birch 6.prefab
  artifactKey: Guid(1f14f87b5b2ebb44ab13d657de58abbb) Importer(2089858483,0ecaa5967403d082aa24f35e1b516d23)
Start importing Assets/Realistic Tree/Prefabs/Standard/Birch/Birch 6.prefab using Guid(1f14f87b5b2ebb44ab13d657de58abbb) Importer(2089858483,0ecaa5967403d082aa24f35e1b516d23) [PhysX] Initialized MultithreadedTaskDispatcher with 16 workers.
 -> (artifact id: 'f5e692c82d20b28d51edc0a8dfd17c55') in 0.104042 seconds
Number of updated asset objects reloaded before import = 0
Number of asset objects unloaded after import = 69
========================================================================
Received Import Request.
  Time since last request: 0.000046 seconds.
  path: Assets/Realistic Tree/Source/Materials/Standard/Leaves/Chestnut/Chestnut_Flower.mat
  artifactKey: Guid(a8b7f5f63bcd1034babc15e16b467d7a) Importer(2089858483,0ecaa5967403d082aa24f35e1b516d23)
Start importing Assets/Realistic Tree/Source/Materials/Standard/Leaves/Chestnut/Chestnut_Flower.mat using Guid(a8b7f5f63bcd1034babc15e16b467d7a) Importer(2089858483,0ecaa5967403d082aa24f35e1b516d23) [PhysX] Initialized MultithreadedTaskDispatcher with 16 workers.
 -> (artifact id: '96134e9462c3bc483b951bc569122424') in 0.026539 seconds
Number of updated asset objects reloaded before import = 0
Number of asset objects unloaded after import = 2
========================================================================
Received Import Request.
  Time since last request: 0.000038 seconds.
  path: Assets/Realistic Tree/Prefabs/URP/Chestnut
  artifactKey: Guid(ee2f76566c2155740a6a1a84a82af9a9) Importer(2089858483,0ecaa5967403d082aa24f35e1b516d23)
Start importing Assets/Realistic Tree/Prefabs/URP/Chestnut using Guid(ee2f76566c2155740a6a1a84a82af9a9) Importer(2089858483,0ecaa5967403d082aa24f35e1b516d23) [PhysX] Initialized MultithreadedTaskDispatcher with 16 workers.
 -> (artifact id: 'd061433179778b6783dca76730cf5db6') in 0.023402 seconds
Number of updated asset objects reloaded before import = 0
Number of asset objects unloaded after import = 1
========================================================================
Received Import Request.
  Time since last request: 0.000051 seconds.
  path: Assets/Realistic Tree/Source/Materials/URP/Leaves/Spruce/Spruce_1.mat
  artifactKey: Guid(bc4924934355f504cb3552ca20bf84af) Importer(2089858483,0ecaa5967403d082aa24f35e1b516d23)
Start importing Assets/Realistic Tree/Source/Materials/URP/Leaves/Spruce/Spruce_1.mat using Guid(bc4924934355f504cb3552ca20bf84af) Importer(2089858483,0ecaa5967403d082aa24f35e1b516d23) [PhysX] Initialized MultithreadedTaskDispatcher with 16 workers.
 -> (artifact id: 'f610b4a72d56122f70b68672d483f129') in 0.031653 seconds
Number of updated asset objects reloaded before import = 0
Number of asset objects unloaded after import = 3
========================================================================
Received Import Request.
  Time since last request: 0.000056 seconds.
  path: Assets/Realistic Tree/Prefabs/Standard/Chestnut/Chestnut 6.prefab
  artifactKey: Guid(4a9c3a2cadac6294d83a9cc770865028) Importer(2089858483,0ecaa5967403d082aa24f35e1b516d23)
Start importing Assets/Realistic Tree/Prefabs/Standard/Chestnut/Chestnut 6.prefab using Guid(4a9c3a2cadac6294d83a9cc770865028) Importer(2089858483,0ecaa5967403d082aa24f35e1b516d23) [PhysX] Initialized MultithreadedTaskDispatcher with 16 workers.
 -> (artifact id: '4c663669c8cf4c89dede9ee9bbf37e96') in 0.076274 seconds
Number of updated asset objects reloaded before import = 0
Number of asset objects unloaded after import = 109
========================================================================
Received Import Request.
  Time since last request: 0.000079 seconds.
  path: Assets/Realistic Tree/Source/Materials/URP/Leaves/Spruce/Spruce_2.mat
  artifactKey: Guid(fae08c5be933121489a3b66a9374d9e4) Importer(2089858483,0ecaa5967403d082aa24f35e1b516d23)
Start importing Assets/Realistic Tree/Source/Materials/URP/Leaves/Spruce/Spruce_2.mat using Guid(fae08c5be933121489a3b66a9374d9e4) Importer(2089858483,0ecaa5967403d082aa24f35e1b516d23) [PhysX] Initialized MultithreadedTaskDispatcher with 16 workers.
 -> (artifact id: 'bcfb2904a85082ccd808f725c2cab7a5') in 0.046185 seconds
Number of updated asset objects reloaded before import = 0
Number of asset objects unloaded after import = 3
========================================================================
Received Import Request.
  Time since last request: 0.000042 seconds.
  path: Assets/seaShell/lowPolyShell_LOD0.prefab
  artifactKey: Guid(e9945be851471d24398c36a3013314e6) Importer(2089858483,0ecaa5967403d082aa24f35e1b516d23)
Start importing Assets/seaShell/lowPolyShell_LOD0.prefab using Guid(e9945be851471d24398c36a3013314e6) Importer(2089858483,0ecaa5967403d082aa24f35e1b516d23) [PhysX] Initialized MultithreadedTaskDispatcher with 16 workers.
 -> (artifact id: '81a7fd82eae481c1821fcd5efd016f9d') in 0.024676 seconds
Number of updated asset objects reloaded before import = 0
Number of asset objects unloaded after import = 7
========================================================================
Received Import Request.
  Time since last request: 0.000031 seconds.
  path: Assets/Realistic Tree/Prefabs/HDRP/Chestnut/Chestnut 8.prefab
  artifactKey: Guid(33323fba0177e5f46a9c0f208b3b3d8d) Importer(2089858483,0ecaa5967403d082aa24f35e1b516d23)
Start importing Assets/Realistic Tree/Prefabs/HDRP/Chestnut/Chestnut 8.prefab using Guid(33323fba0177e5f46a9c0f208b3b3d8d) Importer(2089858483,0ecaa5967403d082aa24f35e1b516d23) [PhysX] Initialized MultithreadedTaskDispatcher with 16 workers.
 -> (artifact id: 'e74dcde092f16933f182fb6ed707a3f0') in 0.085905 seconds
Number of updated asset objects reloaded before import = 0
Number of asset objects unloaded after import = 109
========================================================================
Received Import Request.
  Time since last request: 0.000044 seconds.
  path: Assets/Realistic Tree
  artifactKey: Guid(1b424459ae56fc74e8ee6b831971419e) Importer(2089858483,0ecaa5967403d082aa24f35e1b516d23)
Start importing Assets/Realistic Tree using Guid(1b424459ae56fc74e8ee6b831971419e) Importer(2089858483,0ecaa5967403d082aa24f35e1b516d23) [PhysX] Initialized MultithreadedTaskDispatcher with 16 workers.
 -> (artifact id: '3318c3894801dc9d1ae2ad97c85f5890') in 0.020085 seconds
Number of updated asset objects reloaded before import = 0
Number of asset objects unloaded after import = 1
========================================================================
Received Import Request.
  Time since last request: 0.000071 seconds.
  path: Assets/Realistic Tree/Source/Models/Ash/Ash_6.fbx
  artifactKey: Guid(a95f30929d2c0c74085b979f22f609ef) Importer(2089858483,0ecaa5967403d082aa24f35e1b516d23)
Start importing Assets/Realistic Tree/Source/Models/Ash/Ash_6.fbx using Guid(a95f30929d2c0c74085b979f22f609ef) Importer(2089858483,0ecaa5967403d082aa24f35e1b516d23) [PhysX] Initialized MultithreadedTaskDispatcher with 16 workers.
 -> (artifact id: '02a7ce0ead4c30de41f113120ae3667d') in 0.045455 seconds
Number of updated asset objects reloaded before import = 0
Number of asset objects unloaded after import = 65
========================================================================
Received Import Request.
  Time since last request: 0.000042 seconds.
  path: Assets/Realistic Tree/Shader/URP
  artifactKey: Guid(da8b41bc868c01f48851de0753ab5ceb) Importer(2089858483,0ecaa5967403d082aa24f35e1b516d23)
Start importing Assets/Realistic Tree/Shader/URP using Guid(da8b41bc868c01f48851de0753ab5ceb) Importer(2089858483,0ecaa5967403d082aa24f35e1b516d23) [PhysX] Initialized MultithreadedTaskDispatcher with 16 workers.
 -> (artifact id: 'd372852486d96939f196f17ecc37313b') in 0.018458 seconds
Number of updated asset objects reloaded before import = 0
Number of asset objects unloaded after import = 1
========================================================================
Received Import Request.
  Time since last request: 0.000036 seconds.
  path: Assets/Realistic Tree/Prefabs/HDRP/Birch/Birch 8.prefab
  artifactKey: Guid(f0a8b3e95a0d98440a39b75573742022) Importer(2089858483,0ecaa5967403d082aa24f35e1b516d23)
Start importing Assets/Realistic Tree/Prefabs/HDRP/Birch/Birch 8.prefab using Guid(f0a8b3e95a0d98440a39b75573742022) Importer(2089858483,0ecaa5967403d082aa24f35e1b516d23) [PhysX] Initialized MultithreadedTaskDispatcher with 16 workers.
 -> (artifact id: '3f0c9d3588ea7a5828e0eb872b6d4829') in 0.085089 seconds
Number of updated asset objects reloaded before import = 0
Number of asset objects unloaded after import = 69
========================================================================
Received Import Request.
  Time since last request: 0.000045 seconds.
  path: Assets/Realistic Tree/Source/Models/Birch/Birch_Group_3.fbx
  artifactKey: Guid(3e5c51c54b943b44e9737f15de63716b) Importer(2089858483,0ecaa5967403d082aa24f35e1b516d23)
Start importing Assets/Realistic Tree/Source/Models/Birch/Birch_Group_3.fbx using Guid(3e5c51c54b943b44e9737f15de63716b) Importer(2089858483,0ecaa5967403d082aa24f35e1b516d23) [PhysX] Initialized MultithreadedTaskDispatcher with 16 workers.
 -> (artifact id: '9878c529f0f406f31e1587aff87436c2') in 0.041072 seconds
Number of updated asset objects reloaded before import = 0
Number of asset objects unloaded after import = 65
========================================================================
Received Import Request.
  Time since last request: 0.000048 seconds.
  path: Assets/Realistic Tree/Source/Materials/URP/Falling Leaves/Birch_Single.mat
  artifactKey: Guid(2649e269c9b9f794aaea0608e01997ad) Importer(2089858483,0ecaa5967403d082aa24f35e1b516d23)
Start importing Assets/Realistic Tree/Source/Materials/URP/Falling Leaves/Birch_Single.mat using Guid(2649e269c9b9f794aaea0608e01997ad) Importer(2089858483,0ecaa5967403d082aa24f35e1b516d23) [PhysX] Initialized MultithreadedTaskDispatcher with 16 workers.
 -> (artifact id: 'ec3706115274c0fca04416db63f47e20') in 0.025739 seconds
Number of updated asset objects reloaded before import = 0
Number of asset objects unloaded after import = 2
========================================================================
Received Import Request.
  Time since last request: 0.000032 seconds.
  path: Assets/Realistic Tree/Prefabs/URP/Birch/Birch 4.prefab
  artifactKey: Guid(d545a4c991f4a394fa3eafaddfdc0f83) Importer(2089858483,0ecaa5967403d082aa24f35e1b516d23)
Start importing Assets/Realistic Tree/Prefabs/URP/Birch/Birch 4.prefab using Guid(d545a4c991f4a394fa3eafaddfdc0f83) Importer(2089858483,0ecaa5967403d082aa24f35e1b516d23) [PhysX] Initialized MultithreadedTaskDispatcher with 16 workers.
 -> (artifact id: 'ae8c3a849c23bebdf4646da2c3292aa8') in 0.079446 seconds
Number of updated asset objects reloaded before import = 0
Number of asset objects unloaded after import = 69
========================================================================
Received Import Request.
  Time since last request: 0.000049 seconds.
  path: Assets/Realistic Tree/Source/Models/Weeping Willow/Willow_2.fbx
  artifactKey: Guid(81874aee5a6915743ab8bc2843222d57) Importer(2089858483,0ecaa5967403d082aa24f35e1b516d23)
Start importing Assets/Realistic Tree/Source/Models/Weeping Willow/Willow_2.fbx using Guid(81874aee5a6915743ab8bc2843222d57) Importer(2089858483,0ecaa5967403d082aa24f35e1b516d23) [PhysX] Initialized MultithreadedTaskDispatcher with 16 workers.
 -> (artifact id: '35dbbda441393de150d274cb2e1ce28f') in 0.039892 seconds
Number of updated asset objects reloaded before import = 0
Number of asset objects unloaded after import = 45
========================================================================
Received Import Request.
  Time since last request: 0.000075 seconds.
  path: Assets/Realistic Tree/Source/Materials/HDRP/Falling Leaves/Chestnut_Single.png
  artifactKey: Guid(ce42dbc08c3689145a14da196e3e9ddb) Importer(2089858483,0ecaa5967403d082aa24f35e1b516d23)
Start importing Assets/Realistic Tree/Source/Materials/HDRP/Falling Leaves/Chestnut_Single.png using Guid(ce42dbc08c3689145a14da196e3e9ddb) Importer(2089858483,0ecaa5967403d082aa24f35e1b516d23) [PhysX] Initialized MultithreadedTaskDispatcher with 16 workers.
 -> (artifact id: '846871d2a227bfbcfe7435b5ffef177e') in 0.036137 seconds
Number of updated asset objects reloaded before import = 0
Number of asset objects unloaded after import = 1
========================================================================
Received Import Request.
  Time since last request: 0.000035 seconds.
  path: Assets/Realistic Tree/Prefabs/Standard/Chestnut/Chestnut 7.prefab
  artifactKey: Guid(12bf62c2a5fd78f4697bb927d29bcbf0) Importer(2089858483,0ecaa5967403d082aa24f35e1b516d23)
Start importing Assets/Realistic Tree/Prefabs/Standard/Chestnut/Chestnut 7.prefab using Guid(12bf62c2a5fd78f4697bb927d29bcbf0) Importer(2089858483,0ecaa5967403d082aa24f35e1b516d23) [PhysX] Initialized MultithreadedTaskDispatcher with 16 workers.
 -> (artifact id: 'bf1156632c917e2ac5fedcabf7f72fe2') in 0.080005 seconds
Number of updated asset objects reloaded before import = 0
Number of asset objects unloaded after import = 109
========================================================================
Received Import Request.
  Time since last request: 0.000069 seconds.
  path: Assets/Realistic Tree/Prefabs/HDRP/Birch/Birch 5.prefab
  artifactKey: Guid(e9c1cbb9bd37c5243be27654163ec2b0) Importer(2089858483,0ecaa5967403d082aa24f35e1b516d23)
Start importing Assets/Realistic Tree/Prefabs/HDRP/Birch/Birch 5.prefab using Guid(e9c1cbb9bd37c5243be27654163ec2b0) Importer(2089858483,0ecaa5967403d082aa24f35e1b516d23) [PhysX] Initialized MultithreadedTaskDispatcher with 16 workers.
 -> (artifact id: '7586f5d904ea0c108e9aed97834ba76b') in 0.069852 seconds
Number of updated asset objects reloaded before import = 0
Number of asset objects unloaded after import = 69
========================================================================
Received Import Request.
  Time since last request: 0.000050 seconds.
  path: Assets/Realistic Tree/Demo Scene/White.mat
  artifactKey: Guid(7fdae40027923754cb281f867415edcc) Importer(2089858483,0ecaa5967403d082aa24f35e1b516d23)
Start importing Assets/Realistic Tree/Demo Scene/White.mat using Guid(7fdae40027923754cb281f867415edcc) Importer(2089858483,0ecaa5967403d082aa24f35e1b516d23) [PhysX] Initialized MultithreadedTaskDispatcher with 16 workers.
 -> (artifact id: '13a377f79cc0f4e3b0777bfeccadfa7a') in 0.024126 seconds
Number of updated asset objects reloaded before import = 0
Number of asset objects unloaded after import = 1
========================================================================
Received Import Request.
  Time since last request: 0.000035 seconds.
  path: Assets/Realistic Tree/Source/Materials/HDRP/Leaves/Chestnut/Chestnut_Big_Leaves.mat
  artifactKey: Guid(07c9bfa7233164a498480ede67099aeb) Importer(2089858483,0ecaa5967403d082aa24f35e1b516d23)
Start importing Assets/Realistic Tree/Source/Materials/HDRP/Leaves/Chestnut/Chestnut_Big_Leaves.mat using Guid(07c9bfa7233164a498480ede67099aeb) Importer(2089858483,0ecaa5967403d082aa24f35e1b516d23) [PhysX] Initialized MultithreadedTaskDispatcher with 16 workers.
 -> (artifact id: '394c48365d3dbfc81b1558e7b423be8a') in 0.045919 seconds
Number of updated asset objects reloaded before import = 0
Number of asset objects unloaded after import = 2
========================================================================
Received Import Request.
  Time since last request: 0.000034 seconds.
  path: Assets/Realistic Tree/Prefabs/Standard/Weeping Willow/Weeping_Willow 5.prefab
  artifactKey: Guid(57ea0bae16c7fc04aae9bdc890ad55ca) Importer(2089858483,0ecaa5967403d082aa24f35e1b516d23)
Start importing Assets/Realistic Tree/Prefabs/Standard/Weeping Willow/Weeping_Willow 5.prefab using Guid(57ea0bae16c7fc04aae9bdc890ad55ca) Importer(2089858483,0ecaa5967403d082aa24f35e1b516d23) [PhysX] Initialized MultithreadedTaskDispatcher with 16 workers.
 -> (artifact id: '9d300a06dc2c4dccea659a8836a44a74') in 0.086098 seconds
Number of updated asset objects reloaded before import = 0
Number of asset objects unloaded after import = 49
========================================================================
Received Import Request.
  Time since last request: 0.000045 seconds.
  path: Assets/Realistic Tree/Prefabs/HDRP/Birch
  artifactKey: Guid(85c2d9d7f72ce0d41866b710b0d55afc) Importer(2089858483,0ecaa5967403d082aa24f35e1b516d23)
Start importing Assets/Realistic Tree/Prefabs/HDRP/Birch using Guid(85c2d9d7f72ce0d41866b710b0d55afc) Importer(2089858483,0ecaa5967403d082aa24f35e1b516d23) [PhysX] Initialized MultithreadedTaskDispatcher with 16 workers.
 -> (artifact id: 'acdb1b5ce856e6083cac76a267c345bc') in 0.023398 seconds
Number of updated asset objects reloaded before import = 0
Number of asset objects unloaded after import = 1
========================================================================
Received Import Request.
  Time since last request: 0.000052 seconds.
  path: Assets/Realistic Tree/Prefabs/Standard/Birch/Birch 10.prefab
  artifactKey: Guid(24a2eb9ccee34304186a02b7d3f03a92) Importer(2089858483,0ecaa5967403d082aa24f35e1b516d23)
Start importing Assets/Realistic Tree/Prefabs/Standard/Birch/Birch 10.prefab using Guid(24a2eb9ccee34304186a02b7d3f03a92) Importer(2089858483,0ecaa5967403d082aa24f35e1b516d23) [PhysX] Initialized MultithreadedTaskDispatcher with 16 workers.
 -> (artifact id: 'a5c40c75b1378a699eb9147f04e45b17') in 0.071861 seconds
Number of updated asset objects reloaded before import = 0
Number of asset objects unloaded after import = 49
========================================================================
Received Import Request.
  Time since last request: 0.000040 seconds.
  path: Assets/Realistic Tree/Prefabs/HDRP/Ash/Ash 2.prefab
  artifactKey: Guid(0d1f8ec7904ba3640ae7908436cf764c) Importer(2089858483,0ecaa5967403d082aa24f35e1b516d23)
Start importing Assets/Realistic Tree/Prefabs/HDRP/Ash/Ash 2.prefab using Guid(0d1f8ec7904ba3640ae7908436cf764c) Importer(2089858483,0ecaa5967403d082aa24f35e1b516d23) [PhysX] Initialized MultithreadedTaskDispatcher with 16 workers.
 -> (artifact id: 'ad47d09f1fcd0ffb0451f0babbdff4b8') in 0.078142 seconds
Number of updated asset objects reloaded before import = 0
Number of asset objects unloaded after import = 69
========================================================================
Received Import Request.
  Time since last request: 0.000039 seconds.
  path: Assets/Realistic Tree/Prefabs/HDRP/Spruce/Spruce 10.prefab
  artifactKey: Guid(19f2ea08d89c7954699355e926a96439) Importer(2089858483,0ecaa5967403d082aa24f35e1b516d23)
Start importing Assets/Realistic Tree/Prefabs/HDRP/Spruce/Spruce 10.prefab using Guid(19f2ea08d89c7954699355e926a96439) Importer(2089858483,0ecaa5967403d082aa24f35e1b516d23) [PhysX] Initialized MultithreadedTaskDispatcher with 16 workers.
 -> (artifact id: '0d0a22e76f0cc81a45c18289bf96b87d') in 0.036342 seconds
Number of updated asset objects reloaded before import = 0
Number of asset objects unloaded after import = 67
========================================================================
Received Import Request.
  Time since last request: 0.000045 seconds.
  path: Assets/Realistic Tree/Prefabs/Standard
  artifactKey: Guid(71b6250183b26934f8ff24c69196120e) Importer(2089858483,0ecaa5967403d082aa24f35e1b516d23)
Start importing Assets/Realistic Tree/Prefabs/Standard using Guid(71b6250183b26934f8ff24c69196120e) Importer(2089858483,0ecaa5967403d082aa24f35e1b516d23) [PhysX] Initialized MultithreadedTaskDispatcher with 16 workers.
 -> (artifact id: 'f3b030a9dabea580dbe5b2a1957c7cc7') in 0.021870 seconds
Number of updated asset objects reloaded before import = 0
Number of asset objects unloaded after import = 1
========================================================================
Received Import Request.
  Time since last request: 0.000037 seconds.
  path: Assets/Realistic Tree/Prefabs/URP/Spruce/Spruce 7.prefab
  artifactKey: Guid(bdb54f87028a0a142825ab3bb011519a) Importer(2089858483,0ecaa5967403d082aa24f35e1b516d23)
Start importing Assets/Realistic Tree/Prefabs/URP/Spruce/Spruce 7.prefab using Guid(bdb54f87028a0a142825ab3bb011519a) Importer(2089858483,0ecaa5967403d082aa24f35e1b516d23) [PhysX] Initialized MultithreadedTaskDispatcher with 16 workers.
 -> (artifact id: 'a7fe27e0bc97bec2f93f27b78c977b60') in 0.033879 seconds
Number of updated asset objects reloaded before import = 0
Number of asset objects unloaded after import = 67
========================================================================
Received Import Request.
  Time since last request: 0.000038 seconds.
  path: Assets/Realistic Tree/Shader/HDRP
  artifactKey: Guid(33b2d3ebc67835f48b82b06415f95f6f) Importer(2089858483,0ecaa5967403d082aa24f35e1b516d23)
Start importing Assets/Realistic Tree/Shader/HDRP using Guid(33b2d3ebc67835f48b82b06415f95f6f) Importer(2089858483,0ecaa5967403d082aa24f35e1b516d23) [PhysX] Initialized MultithreadedTaskDispatcher with 16 workers.
 -> (artifact id: '3cbf77ea00332362989e3db02b02a778') in 0.022045 seconds
Number of updated asset objects reloaded before import = 0
Number of asset objects unloaded after import = 1
========================================================================
Received Import Request.
  Time since last request: 0.000039 seconds.
  path: Assets/Realistic Tree/Source/Models/Ash/Ash_3.fbx
  artifactKey: Guid(defd852720802834b9378d7c05cb94f2) Importer(2089858483,0ecaa5967403d082aa24f35e1b516d23)
Start importing Assets/Realistic Tree/Source/Models/Ash/Ash_3.fbx using Guid(defd852720802834b9378d7c05cb94f2) Importer(2089858483,0ecaa5967403d082aa24f35e1b516d23) [PhysX] Initialized MultithreadedTaskDispatcher with 16 workers.
 -> (artifact id: '3b1189f635e9ef4ebfe371398982ba3f') in 0.036877 seconds
Number of updated asset objects reloaded before import = 0
Number of asset objects unloaded after import = 65
========================================================================
Received Import Request.
  Time since last request: 0.000058 seconds.
  path: Assets/Realistic Tree/Prefabs/Standard/Chestnut/Leaf_2.png
  artifactKey: Guid(211110b515b036a4aa56e704190289fa) Importer(2089858483,0ecaa5967403d082aa24f35e1b516d23)
Start importing Assets/Realistic Tree/Prefabs/Standard/Chestnut/Leaf_2.png using Guid(211110b515b036a4aa56e704190289fa) Importer(2089858483,0ecaa5967403d082aa24f35e1b516d23) [PhysX] Initialized MultithreadedTaskDispatcher with 16 workers.
 -> (artifact id: '5d8ba79b99d19b53818b5545b9bae123') in 0.036880 seconds
Number of updated asset objects reloaded before import = 0
Number of asset objects unloaded after import = 1
========================================================================
Received Import Request.
  Time since last request: 0.000046 seconds.
  path: Assets/Realistic Tree/Source/Textures/Ash/Ash_Bark_Normal.png
  artifactKey: Guid(3903b7792982d9f4c98de04ddaf473ff) Importer(2089858483,0ecaa5967403d082aa24f35e1b516d23)
Start importing Assets/Realistic Tree/Source/Textures/Ash/Ash_Bark_Normal.png using Guid(3903b7792982d9f4c98de04ddaf473ff) Importer(2089858483,0ecaa5967403d082aa24f35e1b516d23) [PhysX] Initialized MultithreadedTaskDispatcher with 16 workers.
 -> (artifact id: '29c1c6d31ea734f4411d923f8fa2b7da') in 0.034928 seconds
Number of updated asset objects reloaded before import = 0
Number of asset objects unloaded after import = 1
========================================================================
Received Import Request.
  Time since last request: 0.000039 seconds.
  path: Assets/Realistic Tree/Prefabs/Standard/Birch/Birch 2.prefab
  artifactKey: Guid(6bada98011d8805438c8a657e6e85c71) Importer(2089858483,0ecaa5967403d082aa24f35e1b516d23)
Start importing Assets/Realistic Tree/Prefabs/Standard/Birch/Birch 2.prefab using Guid(6bada98011d8805438c8a657e6e85c71) Importer(2089858483,0ecaa5967403d082aa24f35e1b516d23) [PhysX] Initialized MultithreadedTaskDispatcher with 16 workers.
 -> (artifact id: '64bebc98bfc9316818a1a34e7bc549e1') in 0.076836 seconds
Number of updated asset objects reloaded before import = 0
Number of asset objects unloaded after import = 69
========================================================================
Received Import Request.
  Time since last request: 0.000037 seconds.
  path: Assets/Realistic Tree/Prefabs/Standard/Chestnut/Leaf_1.png
  artifactKey: Guid(6553b681ac305bb449e2448b3e499ea1) Importer(2089858483,0ecaa5967403d082aa24f35e1b516d23)
Start importing Assets/Realistic Tree/Prefabs/Standard/Chestnut/Leaf_1.png using Guid(6553b681ac305bb449e2448b3e499ea1) Importer(2089858483,0ecaa5967403d082aa24f35e1b516d23) [PhysX] Initialized MultithreadedTaskDispatcher with 16 workers.
 -> (artifact id: '62db19871f562b7ed4d28c68044888a8') in 0.041506 seconds
Number of updated asset objects reloaded before import = 0
Number of asset objects unloaded after import = 1
========================================================================
Received Import Request.
  Time since last request: 0.000048 seconds.
  path: Assets/Realistic Tree/Source/Models/Chestnut/Chestnut_4.fbx
  artifactKey: Guid(637bdfdbaafd96d4197b55820446846f) Importer(2089858483,0ecaa5967403d082aa24f35e1b516d23)
Start importing Assets/Realistic Tree/Source/Models/Chestnut/Chestnut_4.fbx using Guid(637bdfdbaafd96d4197b55820446846f) Importer(2089858483,0ecaa5967403d082aa24f35e1b516d23) [PhysX] Initialized MultithreadedTaskDispatcher with 16 workers.
 -> (artifact id: '9c837d93c23b80b28c979835a722bdd7') in 0.045781 seconds
Number of updated asset objects reloaded before import = 0
Number of asset objects unloaded after import = 85
========================================================================
Received Import Request.
  Time since last request: 0.000037 seconds.
  path: Assets/Yughues Free Palm Trees/Textures/Palm trees normal.tga
  artifactKey: Guid(35651144e1d82d9428c70a87fa6e77a6) Importer(2089858483,0ecaa5967403d082aa24f35e1b516d23)
Start importing Assets/Yughues Free Palm Trees/Textures/Palm trees normal.tga using Guid(35651144e1d82d9428c70a87fa6e77a6) Importer(2089858483,0ecaa5967403d082aa24f35e1b516d23) [PhysX] Initialized MultithreadedTaskDispatcher with 16 workers.
 -> (artifact id: '17280de822a80bfc9661e7dbe04845b0') in 0.028401 seconds
Number of updated asset objects reloaded before import = 0
Number of asset objects unloaded after import = 1
========================================================================
Received Import Request.
  Time since last request: 0.000039 seconds.
  path: Assets/Realistic Tree/Source/Materials/HDRP/Falling Leaves
  artifactKey: Guid(220677b702e975145955fb3484da043f) Importer(2089858483,0ecaa5967403d082aa24f35e1b516d23)
Start importing Assets/Realistic Tree/Source/Materials/HDRP/Falling Leaves using Guid(220677b702e975145955fb3484da043f) Importer(2089858483,0ecaa5967403d082aa24f35e1b516d23) [PhysX] Initialized MultithreadedTaskDispatcher with 16 workers.
 -> (artifact id: '0bbe4c8da2fe9a488848fe5c7b0bde12') in 0.019920 seconds
Number of updated asset objects reloaded before import = 0
Number of asset objects unloaded after import = 1
========================================================================
Received Import Request.
  Time since last request: 0.000038 seconds.
  path: Assets/Realistic Tree/Prefabs/Standard/Spruce
  artifactKey: Guid(7c97c1c3c6d9c884895f166321c72d9c) Importer(2089858483,0ecaa5967403d082aa24f35e1b516d23)
Start importing Assets/Realistic Tree/Prefabs/Standard/Spruce using Guid(7c97c1c3c6d9c884895f166321c72d9c) Importer(2089858483,0ecaa5967403d082aa24f35e1b516d23) [PhysX] Initialized MultithreadedTaskDispatcher with 16 workers.
 -> (artifact id: 'bba11b10fe800d57747fa531e883bdfb') in 0.023516 seconds
Number of updated asset objects reloaded before import = 0
Number of asset objects unloaded after import = 1
========================================================================
Received Import Request.
  Time since last request: 0.000046 seconds.
  path: Assets/Realistic Tree/Source/Materials/HDRP/Leaves/Spruce
  artifactKey: Guid(0d3ce987e49ea874cbf8d83e569de486) Importer(2089858483,0ecaa5967403d082aa24f35e1b516d23)
Start importing Assets/Realistic Tree/Source/Materials/HDRP/Leaves/Spruce using Guid(0d3ce987e49ea874cbf8d83e569de486) Importer(2089858483,0ecaa5967403d082aa24f35e1b516d23) [PhysX] Initialized MultithreadedTaskDispatcher with 16 workers.
 -> (artifact id: '7cf6d241d8eb2f77796a24a9155ca43f') in 0.023206 seconds
Number of updated asset objects reloaded before import = 0
Number of asset objects unloaded after import = 1
========================================================================
Received Import Request.
  Time since last request: 0.000034 seconds.
  path: Assets/Realistic Tree/Source/Models/Birch/Birch_5.fbx
  artifactKey: Guid(4bca85dec97f3b149b2fc28a269a436a) Importer(2089858483,0ecaa5967403d082aa24f35e1b516d23)
Start importing Assets/Realistic Tree/Source/Models/Birch/Birch_5.fbx using Guid(4bca85dec97f3b149b2fc28a269a436a) Importer(2089858483,0ecaa5967403d082aa24f35e1b516d23) [PhysX] Initialized MultithreadedTaskDispatcher with 16 workers.
 -> (artifact id: 'c64a06d6d0f5267e3a63bcf738a1b642') in 0.040791 seconds
Number of updated asset objects reloaded before import = 0
Number of asset objects unloaded after import = 65
========================================================================
Received Import Request.
  Time since last request: 0.000038 seconds.
  path: Assets/Realistic Tree/Prefabs/Standard/Ash/The Great Ash Tree.prefab
  artifactKey: Guid(865ce53b1cce36649aa48d926bac263d) Importer(2089858483,0ecaa5967403d082aa24f35e1b516d23)
Start importing Assets/Realistic Tree/Prefabs/Standard/Ash/The Great Ash Tree.prefab using Guid(865ce53b1cce36649aa48d926bac263d) Importer(2089858483,0ecaa5967403d082aa24f35e1b516d23) [PhysX] Initialized MultithreadedTaskDispatcher with 16 workers.
 -> (artifact id: '64d21b55ceb84296ce8f48c22b0eeba0') in 0.073492 seconds
Number of updated asset objects reloaded before import = 0
Number of asset objects unloaded after import = 69
========================================================================
Received Import Request.
  Time since last request: 0.000039 seconds.
  path: Assets/Realistic Tree/Source/Textures/Birch
  artifactKey: Guid(37e007b27926dbb4da495f9bd68e4c24) Importer(2089858483,0ecaa5967403d082aa24f35e1b516d23)
Start importing Assets/Realistic Tree/Source/Textures/Birch using Guid(37e007b27926dbb4da495f9bd68e4c24) Importer(2089858483,0ecaa5967403d082aa24f35e1b516d23) [PhysX] Initialized MultithreadedTaskDispatcher with 16 workers.
 -> (artifact id: '1d1796d60f2b61bcb0a4b8ac529c6bf8') in 0.019688 seconds
Number of updated asset objects reloaded before import = 0
Number of asset objects unloaded after import = 1
========================================================================
Received Import Request.
  Time since last request: 0.000044 seconds.
  path: Assets/Realistic Tree/Prefabs/HDRP/Birch/Birch Group 2.prefab
  artifactKey: Guid(66e905f187ec10d40a576a04edf27a5b) Importer(2089858483,0ecaa5967403d082aa24f35e1b516d23)
Start importing Assets/Realistic Tree/Prefabs/HDRP/Birch/Birch Group 2.prefab using Guid(66e905f187ec10d40a576a04edf27a5b) Importer(2089858483,0ecaa5967403d082aa24f35e1b516d23) [PhysX] Initialized MultithreadedTaskDispatcher with 16 workers.
 -> (artifact id: 'c4e17af1f801e4507bab360de102a812') in 0.116740 seconds
Number of updated asset objects reloaded before import = 0
Number of asset objects unloaded after import = 69
========================================================================
Received Import Request.
  Time since last request: 0.000034 seconds.
  path: Assets/Realistic Tree/Source/Models/Spruce/Spruce_Group_3.fbx
  artifactKey: Guid(389ca41afd0d47248a4bcc3e0e6a34db) Importer(2089858483,0ecaa5967403d082aa24f35e1b516d23)
Start importing Assets/Realistic Tree/Source/Models/Spruce/Spruce_Group_3.fbx using Guid(389ca41afd0d47248a4bcc3e0e6a34db) Importer(2089858483,0ecaa5967403d082aa24f35e1b516d23) [PhysX] Initialized MultithreadedTaskDispatcher with 16 workers.
 -> (artifact id: '41111c1c87ade5514310776b7879e9fd') in 0.050271 seconds
Number of updated asset objects reloaded before import = 0
Number of asset objects unloaded after import = 65
========================================================================
Received Import Request.
  Time since last request: 0.000043 seconds.
  path: Assets/Realistic Tree/Prefabs/URP/Spruce/Spruce 8.prefab
  artifactKey: Guid(16c89684cc110f94fa0d913f5ac4611d) Importer(2089858483,0ecaa5967403d082aa24f35e1b516d23)
Start importing Assets/Realistic Tree/Prefabs/URP/Spruce/Spruce 8.prefab using Guid(16c89684cc110f94fa0d913f5ac4611d) Importer(2089858483,0ecaa5967403d082aa24f35e1b516d23) [PhysX] Initialized MultithreadedTaskDispatcher with 16 workers.
 -> (artifact id: '8b6103facdf1cd6197737902da1dffe1') in 0.039518 seconds
Number of updated asset objects reloaded before import = 0
Number of asset objects unloaded after import = 67
========================================================================
Received Import Request.
  Time since last request: 0.000047 seconds.
  path: Assets/Realistic Tree/Source/Materials/Standard/Leaves/Ash/Ash_Leaves_1.mat
  artifactKey: Guid(dd66b0925f964ae469b5461f2ed50a21) Importer(2089858483,0ecaa5967403d082aa24f35e1b516d23)
Start importing Assets/Realistic Tree/Source/Materials/Standard/Leaves/Ash/Ash_Leaves_1.mat using Guid(dd66b0925f964ae469b5461f2ed50a21) Importer(2089858483,0ecaa5967403d082aa24f35e1b516d23) [PhysX] Initialized MultithreadedTaskDispatcher with 16 workers.
 -> (artifact id: 'c72faa1733f47e7696d996aed60bf01a') in 0.024738 seconds
Number of updated asset objects reloaded before import = 0
Number of asset objects unloaded after import = 2
========================================================================
Received Import Request.
  Time since last request: 0.000046 seconds.
  path: Assets/Realistic Tree/Source/Materials/URP/Bark
  artifactKey: Guid(3e77e666e21aa034d8438b8b844f4249) Importer(2089858483,0ecaa5967403d082aa24f35e1b516d23)
Start importing Assets/Realistic Tree/Source/Materials/URP/Bark using Guid(3e77e666e21aa034d8438b8b844f4249) Importer(2089858483,0ecaa5967403d082aa24f35e1b516d23) [PhysX] Initialized MultithreadedTaskDispatcher with 16 workers.
 -> (artifact id: '7a8cf60bdc85c5882b619fc1cbb1f30f') in 0.018684 seconds
Number of updated asset objects reloaded before import = 0
Number of asset objects unloaded after import = 1
========================================================================
Received Import Request.
  Time since last request: 0.000051 seconds.
  path: Assets/Realistic Tree/Source/Materials/HDRP/Leaves/Ash/Ash_Leaves_1.mat
  artifactKey: Guid(843fbfffaa7abbf4ca89efc2086ffa07) Importer(2089858483,0ecaa5967403d082aa24f35e1b516d23)
Start importing Assets/Realistic Tree/Source/Materials/HDRP/Leaves/Ash/Ash_Leaves_1.mat using Guid(843fbfffaa7abbf4ca89efc2086ffa07) Importer(2089858483,0ecaa5967403d082aa24f35e1b516d23) [PhysX] Initialized MultithreadedTaskDispatcher with 16 workers.
 -> (artifact id: '9713f507c30fd622f6235837fd304711') in 0.031398 seconds
Number of updated asset objects reloaded before import = 0
Number of asset objects unloaded after import = 2
========================================================================
Received Import Request.
  Time since last request: 0.000036 seconds.
  path: Assets/Realistic Tree/Source/Materials/HDRP/Leaves/Ash/Ash_Leaves_2.mat
  artifactKey: Guid(e126ae6f411c2374a9441ff8dbd15711) Importer(2089858483,0ecaa5967403d082aa24f35e1b516d23)
Start importing Assets/Realistic Tree/Source/Materials/HDRP/Leaves/Ash/Ash_Leaves_2.mat using Guid(e126ae6f411c2374a9441ff8dbd15711) Importer(2089858483,0ecaa5967403d082aa24f35e1b516d23) [PhysX] Initialized MultithreadedTaskDispatcher with 16 workers.
 -> (artifact id: '8a216294e93ca50f5c7e16001a1d802b') in 0.049548 seconds
Number of updated asset objects reloaded before import = 0
Number of asset objects unloaded after import = 2
========================================================================
Received Import Request.
  Time since last request: 0.000047 seconds.
  path: Assets/Grass And Flowers Pack 1/Bush/Bush 2.png
  artifactKey: Guid(a060d0f8ad4251c4f8e786d48447dce0) Importer(2089858483,0ecaa5967403d082aa24f35e1b516d23)
Start importing Assets/Grass And Flowers Pack 1/Bush/Bush 2.png using Guid(a060d0f8ad4251c4f8e786d48447dce0) Importer(2089858483,0ecaa5967403d082aa24f35e1b516d23) [PhysX] Initialized MultithreadedTaskDispatcher with 16 workers.
 -> (artifact id: 'e1ebb78ac4035ba686b5857d4498884f') in 0.050272 seconds
Number of updated asset objects reloaded before import = 0
Number of asset objects unloaded after import = 1
========================================================================
Received Import Request.
  Time since last request: 0.000040 seconds.
  path: Assets/Realistic Tree/Prefabs/HDRP/Ash/Ash 8.prefab
  artifactKey: Guid(1e1d12b3f752ccf478e7510a3fa12347) Importer(2089858483,0ecaa5967403d082aa24f35e1b516d23)
Start importing Assets/Realistic Tree/Prefabs/HDRP/Ash/Ash 8.prefab using Guid(1e1d12b3f752ccf478e7510a3fa12347) Importer(2089858483,0ecaa5967403d082aa24f35e1b516d23) [PhysX] Initialized MultithreadedTaskDispatcher with 16 workers.
 -> (artifact id: 'afe9ea38d7fac7c32fbbbb15c8d0cc07') in 0.071444 seconds
Number of updated asset objects reloaded before import = 0
Number of asset objects unloaded after import = 69
========================================================================
Received Import Request.
  Time since last request: 0.000045 seconds.
  path: Assets/Realistic Tree/Prefabs/URP/Birch/Birch 1.prefab
  artifactKey: Guid(6fcf7f27da01aba499a0be03812f9f67) Importer(2089858483,0ecaa5967403d082aa24f35e1b516d23)
Start importing Assets/Realistic Tree/Prefabs/URP/Birch/Birch 1.prefab using Guid(6fcf7f27da01aba499a0be03812f9f67) Importer(2089858483,0ecaa5967403d082aa24f35e1b516d23) [PhysX] Initialized MultithreadedTaskDispatcher with 16 workers.
 -> (artifact id: '17d903893690f002c803271d53c2e4e1') in 0.081368 seconds
Number of updated asset objects reloaded before import = 0
Number of asset objects unloaded after import = 69
========================================================================
Received Import Request.
  Time since last request: 0.000079 seconds.
  path: Assets/Realistic Tree/Prefabs/URP
  artifactKey: Guid(77bd5afbaf627f2499f2f0cd0aa28938) Importer(2089858483,0ecaa5967403d082aa24f35e1b516d23)
Start importing Assets/Realistic Tree/Prefabs/URP using Guid(77bd5afbaf627f2499f2f0cd0aa28938) Importer(2089858483,0ecaa5967403d082aa24f35e1b516d23) [PhysX] Initialized MultithreadedTaskDispatcher with 16 workers.
 -> (artifact id: '50d469c5a071a8160a577e267c36c6dd') in 0.017973 seconds
Number of updated asset objects reloaded before import = 0
Number of asset objects unloaded after import = 1
========================================================================
Received Import Request.
  Time since last request: 0.000035 seconds.
  path: Assets/Realistic Tree/Prefabs/Standard/Chestnut/Chestnut 4.prefab
  artifactKey: Guid(fd7e122ecf175974fb367bcffbd16ba1) Importer(2089858483,0ecaa5967403d082aa24f35e1b516d23)
Start importing Assets/Realistic Tree/Prefabs/Standard/Chestnut/Chestnut 4.prefab using Guid(fd7e122ecf175974fb367bcffbd16ba1) Importer(2089858483,0ecaa5967403d082aa24f35e1b516d23) [PhysX] Initialized MultithreadedTaskDispatcher with 16 workers.
 -> (artifact id: 'baa63d330e2b84f2dcb5dc51e07600fe') in 0.074062 seconds
Number of updated asset objects reloaded before import = 0
Number of asset objects unloaded after import = 89
========================================================================
Received Import Request.
  Time since last request: 0.000037 seconds.
  path: Assets/Realistic Tree/Source/Textures/Spruce/Spruce_Normal.png
  artifactKey: Guid(54f05838119005d4383f8f5eaed09230) Importer(2089858483,0ecaa5967403d082aa24f35e1b516d23)
Start importing Assets/Realistic Tree/Source/Textures/Spruce/Spruce_Normal.png using Guid(54f05838119005d4383f8f5eaed09230) Importer(2089858483,0ecaa5967403d082aa24f35e1b516d23) [PhysX] Initialized MultithreadedTaskDispatcher with 16 workers.
 -> (artifact id: '39f0285a219d5f32d6e4d389ca731524') in 0.034092 seconds
Number of updated asset objects reloaded before import = 0
Number of asset objects unloaded after import = 1
========================================================================
Received Import Request.
  Time since last request: 0.000047 seconds.
  path: Assets/Grass And Flowers Pack 1/Flower/Flower 4.png
  artifactKey: Guid(ad92efd57360446408eb98ca805556d3) Importer(2089858483,0ecaa5967403d082aa24f35e1b516d23)
Start importing Assets/Grass And Flowers Pack 1/Flower/Flower 4.png using Guid(ad92efd57360446408eb98ca805556d3) Importer(2089858483,0ecaa5967403d082aa24f35e1b516d23) [PhysX] Initialized MultithreadedTaskDispatcher with 16 workers.
 -> (artifact id: '71127acc5fb77dd4b7175c5f0edc40e9') in 0.050166 seconds
Number of updated asset objects reloaded before import = 0
Number of asset objects unloaded after import = 1
========================================================================
Received Import Request.
  Time since last request: 0.000039 seconds.
  path: Assets/Grass And Flowers Pack 1/Flower
  artifactKey: Guid(60a83d7f78c211b4a94d58685940850d) Importer(2089858483,0ecaa5967403d082aa24f35e1b516d23)
Start importing Assets/Grass And Flowers Pack 1/Flower using Guid(60a83d7f78c211b4a94d58685940850d) Importer(2089858483,0ecaa5967403d082aa24f35e1b516d23) [PhysX] Initialized MultithreadedTaskDispatcher with 16 workers.
 -> (artifact id: '0ba35fc55574e2856e3efa7bd6346b67') in 0.021730 seconds
Number of updated asset objects reloaded before import = 0
Number of asset objects unloaded after import = 1
========================================================================
Received Import Request.
  Time since last request: 0.000037 seconds.
  path: Assets/Grass And Flowers Pack 1/Bush/Bush 5.png
  artifactKey: Guid(1d0acc09e270a62458265b3ebddd4ebd) Importer(2089858483,0ecaa5967403d082aa24f35e1b516d23)
Start importing Assets/Grass And Flowers Pack 1/Bush/Bush 5.png using Guid(1d0acc09e270a62458265b3ebddd4ebd) Importer(2089858483,0ecaa5967403d082aa24f35e1b516d23) [PhysX] Initialized MultithreadedTaskDispatcher with 16 workers.
 -> (artifact id: '79abe78ccc37058124437505562b6989') in 0.050651 seconds
Number of updated asset objects reloaded before import = 0
Number of asset objects unloaded after import = 1
========================================================================
Received Import Request.
  Time since last request: 0.000039 seconds.
  path: Assets/Grass And Flowers Pack 1/Flower/Grass Flower 6.png
  artifactKey: Guid(7aa03bbf1145d80438111302e0139094) Importer(2089858483,0ecaa5967403d082aa24f35e1b516d23)
Start importing Assets/Grass And Flowers Pack 1/Flower/Grass Flower 6.png using Guid(7aa03bbf1145d80438111302e0139094) Importer(2089858483,0ecaa5967403d082aa24f35e1b516d23) [PhysX] Initialized MultithreadedTaskDispatcher with 16 workers.
 -> (artifact id: 'aa93386bb25e371268d2f352ee6c488f') in 0.032066 seconds
Number of updated asset objects reloaded before import = 0
Number of asset objects unloaded after import = 1
========================================================================
Received Import Request.
  Time since last request: 0.000044 seconds.
  path: Assets/Grass And Flowers Pack 1/Example Scene/BlackMat.mat
  artifactKey: Guid(d9c07eda3dceab04db68ebf814681197) Importer(2089858483,0ecaa5967403d082aa24f35e1b516d23)
Start importing Assets/Grass And Flowers Pack 1/Example Scene/BlackMat.mat using Guid(d9c07eda3dceab04db68ebf814681197) Importer(2089858483,0ecaa5967403d082aa24f35e1b516d23) [PhysX] Initialized MultithreadedTaskDispatcher with 16 workers.
 -> (artifact id: '661698f965b2233e92655cca02e04fd3') in 0.021356 seconds
Number of updated asset objects reloaded before import = 0
Number of asset objects unloaded after import = 1
========================================================================
Received Import Request.
  Time since last request: 0.000036 seconds.
  path: Assets/Realistic Tree/Prefabs/Standard/Birch/Birch 8.prefab
  artifactKey: Guid(db61dc2238d3c4a478c5a8f9a18be98f) Importer(2089858483,0ecaa5967403d082aa24f35e1b516d23)
Start importing Assets/Realistic Tree/Prefabs/Standard/Birch/Birch 8.prefab using Guid(db61dc2238d3c4a478c5a8f9a18be98f) Importer(2089858483,0ecaa5967403d082aa24f35e1b516d23) [PhysX] Initialized MultithreadedTaskDispatcher with 16 workers.
 -> (artifact id: '23816ca3742de120e1fe1d6767b79330') in 0.075809 seconds
Number of updated asset objects reloaded before import = 0
Number of asset objects unloaded after import = 69
========================================================================
Received Import Request.
  Time since last request: 0.000036 seconds.
  path: Assets/Grass And Flowers Pack 1/Flower/Flower 15.png
  artifactKey: Guid(9aec2d44e96e07f4d94104087a886541) Importer(2089858483,0ecaa5967403d082aa24f35e1b516d23)
Start importing Assets/Grass And Flowers Pack 1/Flower/Flower 15.png using Guid(9aec2d44e96e07f4d94104087a886541) Importer(2089858483,0ecaa5967403d082aa24f35e1b516d23) [PhysX] Initialized MultithreadedTaskDispatcher with 16 workers.
 -> (artifact id: '68642433bf85d2a024fb8a79a0294601') in 0.052456 seconds
Number of updated asset objects reloaded before import = 0
Number of asset objects unloaded after import = 1
========================================================================
Received Import Request.
  Time since last request: 0.000042 seconds.
  path: Assets/Grass And Flowers Pack 1/Example Scene/UnlitMaterial 1.mat
  artifactKey: Guid(66837b006e11a1a4d8fd5fb6f0a7836e) Importer(2089858483,0ecaa5967403d082aa24f35e1b516d23)
Start importing Assets/Grass And Flowers Pack 1/Example Scene/UnlitMaterial 1.mat using Guid(66837b006e11a1a4d8fd5fb6f0a7836e) Importer(2089858483,0ecaa5967403d082aa24f35e1b516d23) [PhysX] Initialized MultithreadedTaskDispatcher with 16 workers.
 -> (artifact id: '6440cc0ddf218bce23392d17f36b577a') in 0.023209 seconds
Number of updated asset objects reloaded before import = 0
Number of asset objects unloaded after import = 2
========================================================================
Received Import Request.
  Time since last request: 0.000047 seconds.
  path: Assets/Grass And Flowers Pack 1/Bush/Bush 1.png
  artifactKey: Guid(021e2ef4de3b13e4b85e10d230b9a52c) Importer(2089858483,0ecaa5967403d082aa24f35e1b516d23)
Start importing Assets/Grass And Flowers Pack 1/Bush/Bush 1.png using Guid(021e2ef4de3b13e4b85e10d230b9a52c) Importer(2089858483,0ecaa5967403d082aa24f35e1b516d23) [PhysX] Initialized MultithreadedTaskDispatcher with 16 workers.
 -> (artifact id: '9bc0affcc86ecd67c54b790efe0766e1') in 0.047144 seconds
Number of updated asset objects reloaded before import = 0
Number of asset objects unloaded after import = 1
========================================================================
Received Import Request.
  Time since last request: 0.000034 seconds.
  path: Assets/Grass And Flowers Pack 1/Bush/Bush 7.png
  artifactKey: Guid(58b6100b4b1965642a0130a34bdcd1c2) Importer(2089858483,0ecaa5967403d082aa24f35e1b516d23)
Start importing Assets/Grass And Flowers Pack 1/Bush/Bush 7.png using Guid(58b6100b4b1965642a0130a34bdcd1c2) Importer(2089858483,0ecaa5967403d082aa24f35e1b516d23) [PhysX] Initialized MultithreadedTaskDispatcher with 16 workers.
 -> (artifact id: '11b4199b96f3a906981ea4974daa4843') in 0.044323 seconds
Number of updated asset objects reloaded before import = 0
Number of asset objects unloaded after import = 1
========================================================================
Received Import Request.
  Time since last request: 0.000037 seconds.
  path: Assets/Grass And Flowers Pack 1/Example Scene/Skyboxes/Textures/Sunny1/Sunny1_up.tif
  artifactKey: Guid(8a98ef45bc7df804d95fd945abd2c943) Importer(2089858483,0ecaa5967403d082aa24f35e1b516d23)
Start importing Assets/Grass And Flowers Pack 1/Example Scene/Skyboxes/Textures/Sunny1/Sunny1_up.tif using Guid(8a98ef45bc7df804d95fd945abd2c943) Importer(2089858483,0ecaa5967403d082aa24f35e1b516d23) [PhysX] Initialized MultithreadedTaskDispatcher with 16 workers.
 -> (artifact id: '9b2e4335d801aff02aa6f3131953d54f') in 0.044455 seconds
Number of updated asset objects reloaded before import = 0
Number of asset objects unloaded after import = 1
========================================================================
Received Import Request.
  Time since last request: 0.000041 seconds.
  path: Assets/Grass And Flowers Pack 1/Example Scene/Skyboxes/Textures/Sunny1/Sunny1_back.tif
  artifactKey: Guid(32ef381921b3f7f479831b042c113762) Importer(2089858483,0ecaa5967403d082aa24f35e1b516d23)
Start importing Assets/Grass And Flowers Pack 1/Example Scene/Skyboxes/Textures/Sunny1/Sunny1_back.tif using Guid(32ef381921b3f7f479831b042c113762) Importer(2089858483,0ecaa5967403d082aa24f35e1b516d23) [PhysX] Initialized MultithreadedTaskDispatcher with 16 workers.
 -> (artifact id: '072c8018ff73bc02147559506f9d13bb') in 0.040944 seconds
Number of updated asset objects reloaded before import = 0
Number of asset objects unloaded after import = 1
========================================================================
Received Import Request.
  Time since last request: 0.000059 seconds.
  path: Assets/Grass And Flowers Pack 1/Grass
  artifactKey: Guid(30f0779fc61380549baa7317d265612e) Importer(2089858483,0ecaa5967403d082aa24f35e1b516d23)
Start importing Assets/Grass And Flowers Pack 1/Grass using Guid(30f0779fc61380549baa7317d265612e) Importer(2089858483,0ecaa5967403d082aa24f35e1b516d23) [PhysX] Initialized MultithreadedTaskDispatcher with 16 workers.
 -> (artifact id: '0ab98e914f768597118e05116186cf17') in 0.019048 seconds
Number of updated asset objects reloaded before import = 0
Number of asset objects unloaded after import = 1
========================================================================
Received Import Request.
  Time since last request: 0.000036 seconds.
  path: Assets/Grass And Flowers Pack 1/Flower/Flower 35.png
  artifactKey: Guid(de18140a4fd9aee4dbe1683916e5dd4b) Importer(2089858483,0ecaa5967403d082aa24f35e1b516d23)
Start importing Assets/Grass And Flowers Pack 1/Flower/Flower 35.png using Guid(de18140a4fd9aee4dbe1683916e5dd4b) Importer(2089858483,0ecaa5967403d082aa24f35e1b516d23) [PhysX] Initialized MultithreadedTaskDispatcher with 16 workers.
 -> (artifact id: '5068694ad9a55cae1cf5d541c2d78439') in 0.052995 seconds
Number of updated asset objects reloaded before import = 0
Number of asset objects unloaded after import = 1
========================================================================
Received Import Request.
  Time since last request: 0.000038 seconds.
  path: Assets/Grass And Flowers Pack 1/Small Tree/Small Tree 10.png
  artifactKey: Guid(119ecf9aab2358745897fd4cb46bb448) Importer(2089858483,0ecaa5967403d082aa24f35e1b516d23)
Start importing Assets/Grass And Flowers Pack 1/Small Tree/Small Tree 10.png using Guid(119ecf9aab2358745897fd4cb46bb448) Importer(2089858483,0ecaa5967403d082aa24f35e1b516d23) [PhysX] Initialized MultithreadedTaskDispatcher with 16 workers.
 -> (artifact id: '67875571c316ec5f1a60d4e6bc8e9092') in 0.050009 seconds
Number of updated asset objects reloaded before import = 0
Number of asset objects unloaded after import = 1
========================================================================
Received Import Request.
  Time since last request: 0.000100 seconds.
  path: Assets/Grass And Flowers Pack 1/Grass/Grass 3.png
  artifactKey: Guid(db18f1e4d61f8cc439e35dfd023b6d3e) Importer(2089858483,0ecaa5967403d082aa24f35e1b516d23)
Start importing Assets/Grass And Flowers Pack 1/Grass/Grass 3.png using Guid(db18f1e4d61f8cc439e35dfd023b6d3e) Importer(2089858483,0ecaa5967403d082aa24f35e1b516d23) [PhysX] Initialized MultithreadedTaskDispatcher with 16 workers.
 -> (artifact id: 'ce1e2e07d4c95bc16b4238be7dbaa8c0') in 0.037275 seconds
Number of updated asset objects reloaded before import = 0
Number of asset objects unloaded after import = 1
========================================================================
Received Import Request.
  Time since last request: 0.000063 seconds.
  path: Assets/Grass And Flowers Pack 1/Flower/Flower 1.png
  artifactKey: Guid(ca1b8b30820fdf14c81f582b27bdf19b) Importer(2089858483,0ecaa5967403d082aa24f35e1b516d23)
Start importing Assets/Grass And Flowers Pack 1/Flower/Flower 1.png using Guid(ca1b8b30820fdf14c81f582b27bdf19b) Importer(2089858483,0ecaa5967403d082aa24f35e1b516d23) [PhysX] Initialized MultithreadedTaskDispatcher with 16 workers.
 -> (artifact id: '3c008839ac9cf2c5c3ce05b3ad209a48') in 0.053259 seconds
Number of updated asset objects reloaded before import = 0
Number of asset objects unloaded after import = 1
========================================================================
Received Import Request.
  Time since last request: 0.000036 seconds.
  path: Assets/Grass And Flowers Pack 1/Example Scene/Example Scene.unity
  artifactKey: Guid(69584f8b5c7738d42bbe0a2b4145ff40) Importer(2089858483,0ecaa5967403d082aa24f35e1b516d23)
Start importing Assets/Grass And Flowers Pack 1/Example Scene/Example Scene.unity using Guid(69584f8b5c7738d42bbe0a2b4145ff40) Importer(2089858483,0ecaa5967403d082aa24f35e1b516d23) [PhysX] Initialized MultithreadedTaskDispatcher with 16 workers.
 -> (artifact id: '4aa6d4ae09285f9f1fd797257cb6f5ae') in 0.024514 seconds
Number of updated asset objects reloaded before import = 0
Number of asset objects unloaded after import = 1
========================================================================
Received Import Request.
  Time since last request: 0.000046 seconds.
  path: Assets/Grass And Flowers Pack 1/Small Tree/Small Tree 6.png
  artifactKey: Guid(179dfe7f38856d34da8df97f3553cc05) Importer(2089858483,0ecaa5967403d082aa24f35e1b516d23)
Start importing Assets/Grass And Flowers Pack 1/Small Tree/Small Tree 6.png using Guid(179dfe7f38856d34da8df97f3553cc05) Importer(2089858483,0ecaa5967403d082aa24f35e1b516d23) [PhysX] Initialized MultithreadedTaskDispatcher with 16 workers.
 -> (artifact id: '36a8babea1fadf9135f3d227c5b3c740') in 0.048363 seconds
Number of updated asset objects reloaded before import = 0
Number of asset objects unloaded after import = 1
========================================================================
Received Import Request.
  Time since last request: 0.000039 seconds.
  path: Assets/Grass And Flowers Pack 1/Flower/Flower 8.png
  artifactKey: Guid(fd58086e8722f7f4cba185d299ae9d75) Importer(2089858483,0ecaa5967403d082aa24f35e1b516d23)
Start importing Assets/Grass And Flowers Pack 1/Flower/Flower 8.png using Guid(fd58086e8722f7f4cba185d299ae9d75) Importer(2089858483,0ecaa5967403d082aa24f35e1b516d23) [PhysX] Initialized MultithreadedTaskDispatcher with 16 workers.
 -> (artifact id: '7deb419972d9dd5fd99ff48dbd329007') in 0.045954 seconds
Number of updated asset objects reloaded before import = 0
Number of asset objects unloaded after import = 1
========================================================================
Received Import Request.
  Time since last request: 0.000049 seconds.
  path: Assets/Grass And Flowers Pack 1/Example Scene/Camera 2.renderTexture
  artifactKey: Guid(02cdf9448854f8940b8b930e5ee25c48) Importer(2089858483,0ecaa5967403d082aa24f35e1b516d23)
Start importing Assets/Grass And Flowers Pack 1/Example Scene/Camera 2.renderTexture using Guid(02cdf9448854f8940b8b930e5ee25c48) Importer(2089858483,0ecaa5967403d082aa24f35e1b516d23) [PhysX] Initialized MultithreadedTaskDispatcher with 16 workers.
 -> (artifact id: 'd2ce0baaed8f8cae73caa6ee578b5029') in 0.027428 seconds
Number of updated asset objects reloaded before import = 0
Number of asset objects unloaded after import = 1
========================================================================
Received Import Request.
  Time since last request: 0.000046 seconds.
  path: Assets/Grass And Flowers Pack 1/Flower/Flower 13.png
  artifactKey: Guid(29e3fe75c99d8e844968809f050301bf) Importer(2089858483,0ecaa5967403d082aa24f35e1b516d23)
Start importing Assets/Grass And Flowers Pack 1/Flower/Flower 13.png using Guid(29e3fe75c99d8e844968809f050301bf) Importer(2089858483,0ecaa5967403d082aa24f35e1b516d23) [PhysX] Initialized MultithreadedTaskDispatcher with 16 workers.
 -> (artifact id: '710b1a0615df9d7f84e9f71ff3572a14') in 0.048382 seconds
Number of updated asset objects reloaded before import = 0
Number of asset objects unloaded after import = 1
========================================================================
Received Import Request.
  Time since last request: 0.000039 seconds.
  path: Assets/PalmTreePack/Prefabs/2/Palm_2_1.prefab
  artifactKey: Guid(d61c18d95a7535b499c03764f90dc01d) Importer(2089858483,0ecaa5967403d082aa24f35e1b516d23)
Start importing Assets/PalmTreePack/Prefabs/2/Palm_2_1.prefab using Guid(d61c18d95a7535b499c03764f90dc01d) Importer(2089858483,0ecaa5967403d082aa24f35e1b516d23) [PhysX] Initialized MultithreadedTaskDispatcher with 16 workers.
 -> (artifact id: 'ad56f677a40da26eda897e6e3aa3bc6f') in 0.027541 seconds
Number of updated asset objects reloaded before import = 0
Number of asset objects unloaded after import = 7
========================================================================
Received Import Request.
  Time since last request: 0.000043 seconds.
  path: Assets/PalmTreePack/Models/Palm2/Materials
  artifactKey: Guid(460c35edd912ee54cbede5f58d619f84) Importer(2089858483,0ecaa5967403d082aa24f35e1b516d23)
Start importing Assets/PalmTreePack/Models/Palm2/Materials using Guid(460c35edd912ee54cbede5f58d619f84) Importer(2089858483,0ecaa5967403d082aa24f35e1b516d23) [PhysX] Initialized MultithreadedTaskDispatcher with 16 workers.
 -> (artifact id: 'dd40225d1e64dafa436a1a31627046c0') in 0.019587 seconds
Number of updated asset objects reloaded before import = 0
Number of asset objects unloaded after import = 1
========================================================================
Received Import Request.
  Time since last request: 0.000048 seconds.
  path: Assets/PalmTreePack/Models/Palm_Style_Old/Palm1/Materials/Palm_Leaf.mat
  artifactKey: Guid(e5ad396e5653e4e4bae0d0f2765b7862) Importer(2089858483,0ecaa5967403d082aa24f35e1b516d23)
Start importing Assets/PalmTreePack/Models/Palm_Style_Old/Palm1/Materials/Palm_Leaf.mat using Guid(e5ad396e5653e4e4bae0d0f2765b7862) Importer(2089858483,0ecaa5967403d082aa24f35e1b516d23) [PhysX] Initialized MultithreadedTaskDispatcher with 16 workers.
 -> (artifact id: '196c3fdade1dff72c8dd0de68648c308') in 0.030130 seconds
Number of updated asset objects reloaded before import = 0
Number of asset objects unloaded after import = 2
========================================================================
Received Import Request.
  Time since last request: 0.000051 seconds.
  path: Assets/Grass And Flowers Pack 1/Flower/Flower 2.png
  artifactKey: Guid(787433db72de70645a866562e097cd8b) Importer(2089858483,0ecaa5967403d082aa24f35e1b516d23)
Start importing Assets/Grass And Flowers Pack 1/Flower/Flower 2.png using Guid(787433db72de70645a866562e097cd8b) Importer(2089858483,0ecaa5967403d082aa24f35e1b516d23) [PhysX] Initialized MultithreadedTaskDispatcher with 16 workers.
 -> (artifact id: '67d9fcdc2ef47d9f28e2ba0de4945c89') in 0.043751 seconds
Number of updated asset objects reloaded before import = 0
Number of asset objects unloaded after import = 1
========================================================================
Received Import Request.
  Time since last request: 0.000042 seconds.
  path: Assets/PalmTreePack/Prefabs/Old
  artifactKey: Guid(841ad6492cdb69443abd993ba511f504) Importer(2089858483,0ecaa5967403d082aa24f35e1b516d23)
Start importing Assets/PalmTreePack/Prefabs/Old using Guid(841ad6492cdb69443abd993ba511f504) Importer(2089858483,0ecaa5967403d082aa24f35e1b516d23) [PhysX] Initialized MultithreadedTaskDispatcher with 16 workers.
 -> (artifact id: 'a069a5f32fb567ad47dcb1b7a0eb5450') in 0.018781 seconds
Number of updated asset objects reloaded before import = 0
Number of asset objects unloaded after import = 1
========================================================================
Received Import Request.
  Time since last request: 0.000050 seconds.
  path: Assets/Grass And Flowers Pack 1/Example Scene/Skyboxes/Sunny1 Skybox.mat
  artifactKey: Guid(a2126534b3a11b34e977105bd9e3cc03) Importer(2089858483,0ecaa5967403d082aa24f35e1b516d23)
Start importing Assets/Grass And Flowers Pack 1/Example Scene/Skyboxes/Sunny1 Skybox.mat using Guid(a2126534b3a11b34e977105bd9e3cc03) Importer(2089858483,0ecaa5967403d082aa24f35e1b516d23) [PhysX] Initialized MultithreadedTaskDispatcher with 16 workers.
 -> (artifact id: '51daa82d7a247f3da5960efa4a394984') in 0.040304 seconds
Number of updated asset objects reloaded before import = 0
Number of asset objects unloaded after import = 8
========================================================================
Received Import Request.
  Time since last request: 0.000049 seconds.
  path: Assets/PalmTreePack/Textures/Palm/Leafs
  artifactKey: Guid(cdb2d30f914f692498a172fac0d64e2a) Importer(2089858483,0ecaa5967403d082aa24f35e1b516d23)
Start importing Assets/PalmTreePack/Textures/Palm/Leafs using Guid(cdb2d30f914f692498a172fac0d64e2a) Importer(2089858483,0ecaa5967403d082aa24f35e1b516d23) [PhysX] Initialized MultithreadedTaskDispatcher with 16 workers.
 -> (artifact id: '597fe7640f5203091f4d53280a9f35b2') in 0.020594 seconds
Number of updated asset objects reloaded before import = 0
Number of asset objects unloaded after import = 1
========================================================================
Received Import Request.
  Time since last request: 0.000066 seconds.
  path: Assets/PalmTreePack/Prefabs/Old/Palm_1_2.prefab
  artifactKey: Guid(5d7a3c162dfad6d448efe4cab955c892) Importer(2089858483,0ecaa5967403d082aa24f35e1b516d23)
Start importing Assets/PalmTreePack/Prefabs/Old/Palm_1_2.prefab using Guid(5d7a3c162dfad6d448efe4cab955c892) Importer(2089858483,0ecaa5967403d082aa24f35e1b516d23) [PhysX] Initialized MultithreadedTaskDispatcher with 16 workers.
 -> (artifact id: '5e21a7f1bc07b216337bc49fb835791d') in 0.030018 seconds
Number of updated asset objects reloaded before import = 0
Number of asset objects unloaded after import = 7
========================================================================
Received Import Request.
  Time since last request: 0.000041 seconds.
  path: Assets/PalmTreePack/Models/Palm_Style_Old
  artifactKey: Guid(2957458835b078147a86dda95441989d) Importer(2089858483,0ecaa5967403d082aa24f35e1b516d23)
Start importing Assets/PalmTreePack/Models/Palm_Style_Old using Guid(2957458835b078147a86dda95441989d) Importer(2089858483,0ecaa5967403d082aa24f35e1b516d23) [PhysX] Initialized MultithreadedTaskDispatcher with 16 workers.
 -> (artifact id: 'd1727ef4706bc134f39285f30315350f') in 0.020203 seconds
Number of updated asset objects reloaded before import = 0
Number of asset objects unloaded after import = 1
========================================================================
Received Import Request.
  Time since last request: 0.000057 seconds.
  path: Assets/PalmTreePack/Textures/Palm/Trunk/1
  artifactKey: Guid(167804467650b3541a962ca2ed1e86d8) Importer(2089858483,0ecaa5967403d082aa24f35e1b516d23)
Start importing Assets/PalmTreePack/Textures/Palm/Trunk/1 using Guid(167804467650b3541a962ca2ed1e86d8) Importer(2089858483,0ecaa5967403d082aa24f35e1b516d23) [PhysX] Initialized MultithreadedTaskDispatcher with 16 workers.
 -> (artifact id: '2a0262db768ce882c36fb6b2933b09b0') in 0.020549 seconds
Number of updated asset objects reloaded before import = 0
Number of asset objects unloaded after import = 1
========================================================================
Received Import Request.
  Time since last request: 0.000033 seconds.
  path: Assets/PalmTreePack/Models/Palm_Style_Old/Palm1/Materials
  artifactKey: Guid(23707438c17bb9d4f8f80a0eb2ec6ed1) Importer(2089858483,0ecaa5967403d082aa24f35e1b516d23)
Start importing Assets/PalmTreePack/Models/Palm_Style_Old/Palm1/Materials using Guid(23707438c17bb9d4f8f80a0eb2ec6ed1) Importer(2089858483,0ecaa5967403d082aa24f35e1b516d23) [PhysX] Initialized MultithreadedTaskDispatcher with 16 workers.
 -> (artifact id: '10b5e47b7adddc81704e5ac9a07b255c') in 0.017292 seconds
Number of updated asset objects reloaded before import = 0
Number of asset objects unloaded after import = 1
========================================================================
Received Import Request.
  Time since last request: 0.000056 seconds.
  path: Assets/PalmTreePack/Offer/Ads
  artifactKey: Guid(477e9d6e514f48042ba797003508ae85) Importer(2089858483,0ecaa5967403d082aa24f35e1b516d23)
Start importing Assets/PalmTreePack/Offer/Ads using Guid(477e9d6e514f48042ba797003508ae85) Importer(2089858483,0ecaa5967403d082aa24f35e1b516d23) [PhysX] Initialized MultithreadedTaskDispatcher with 16 workers.
 -> (artifact id: '567fdfdf24d6f4dae203d0af42a190c3') in 0.021665 seconds
Number of updated asset objects reloaded before import = 0
Number of asset objects unloaded after import = 1
========================================================================
Received Import Request.
  Time since last request: 0.000072 seconds.
  path: Assets/ProceduralTerrainPainter/_Demo
  artifactKey: Guid(b4ceccca81b462f418ad1bb52790af9f) Importer(2089858483,0ecaa5967403d082aa24f35e1b516d23)
Start importing Assets/ProceduralTerrainPainter/_Demo using Guid(b4ceccca81b462f418ad1bb52790af9f) Importer(2089858483,0ecaa5967403d082aa24f35e1b516d23) [PhysX] Initialized MultithreadedTaskDispatcher with 16 workers.
 -> (artifact id: '85adfbcb908cd04da76351031fda81bd') in 0.025342 seconds
Number of updated asset objects reloaded before import = 0
Number of asset objects unloaded after import = 1
========================================================================
Received Import Request.
  Time since last request: 0.000037 seconds.
  path: Assets/PalmTreePack/Textures/Props/Tile/Materials/TexturesCom_Marble_TilesDiagonal_512_albedo.mat
  artifactKey: Guid(87e70f70176396941ba7918870a7dee7) Importer(2089858483,0ecaa5967403d082aa24f35e1b516d23)
Start importing Assets/PalmTreePack/Textures/Props/Tile/Materials/TexturesCom_Marble_TilesDiagonal_512_albedo.mat using Guid(87e70f70176396941ba7918870a7dee7) Importer(2089858483,0ecaa5967403d082aa24f35e1b516d23) [PhysX] Initialized MultithreadedTaskDispatcher with 16 workers.
 -> (artifact id: '64a6a9fc6c56a7f8a634bb59260f5a5d') in 0.036333 seconds
Number of updated asset objects reloaded before import = 0
Number of asset objects unloaded after import = 2
========================================================================
Received Import Request.
  Time since last request: 0.000035 seconds.
  path: Assets/ProceduralTerrainPainter/_Demo/PTP_TerrainMat.mat
  artifactKey: Guid(b8b309b499f9d104baca1fbf190fd575) Importer(2089858483,0ecaa5967403d082aa24f35e1b516d23)
Start importing Assets/ProceduralTerrainPainter/_Demo/PTP_TerrainMat.mat using Guid(b8b309b499f9d104baca1fbf190fd575) Importer(2089858483,0ecaa5967403d082aa24f35e1b516d23) [PhysX] Initialized MultithreadedTaskDispatcher with 16 workers.
 -> (artifact id: 'd216bc47f3980abb5511a1336e2caf1a') in 0.025425 seconds
Number of updated asset objects reloaded before import = 0
Number of asset objects unloaded after import = 3
========================================================================
Received Import Request.
  Time since last request: 0.000036 seconds.
  path: Assets/Yoge/Textures/Stylized - Nature/Materials
  artifactKey: Guid(0eece8c8a92f4bd47aac6f28dae21b58) Importer(2089858483,0ecaa5967403d082aa24f35e1b516d23)
Start importing Assets/Yoge/Textures/Stylized - Nature/Materials using Guid(0eece8c8a92f4bd47aac6f28dae21b58) Importer(2089858483,0ecaa5967403d082aa24f35e1b516d23) [PhysX] Initialized MultithreadedTaskDispatcher with 16 workers.
 -> (artifact id: 'fe7554e67a10074ec55075ef4bce6f59') in 0.018714 seconds
Number of updated asset objects reloaded before import = 0
Number of asset objects unloaded after import = 1
========================================================================
Received Import Request.
  Time since last request: 0.000078 seconds.
  path: Assets/PalmTreePack/Scene
  artifactKey: Guid(e332790abbbd3c540a0c075c1f779a4a) Importer(2089858483,0ecaa5967403d082aa24f35e1b516d23)
Start importing Assets/PalmTreePack/Scene using Guid(e332790abbbd3c540a0c075c1f779a4a) Importer(2089858483,0ecaa5967403d082aa24f35e1b516d23) [PhysX] Initialized MultithreadedTaskDispatcher with 16 workers.
 -> (artifact id: '3e7df0b762bd0f4851ab539d132cf10e') in 0.021290 seconds
Number of updated asset objects reloaded before import = 0
Number of asset objects unloaded after import = 1
========================================================================
Received Import Request.
  Time since last request: 0.000036 seconds.
  path: Assets/PalmTreePack/Textures/Sky
  artifactKey: Guid(92ed8cf546acd93459614f2bd8d0bb36) Importer(2089858483,0ecaa5967403d082aa24f35e1b516d23)
Start importing Assets/PalmTreePack/Textures/Sky using Guid(92ed8cf546acd93459614f2bd8d0bb36) Importer(2089858483,0ecaa5967403d082aa24f35e1b516d23) [PhysX] Initialized MultithreadedTaskDispatcher with 16 workers.
 -> (artifact id: '394f850347cc009264d3c182bc21843a') in 0.019152 seconds
Number of updated asset objects reloaded before import = 0
Number of asset objects unloaded after import = 1
========================================================================
Received Import Request.
  Time since last request: 0.000034 seconds.
  path: Assets/Terrain/Terrain_0_0_8a5bebe1-2e4f-40ac-bf8c-2b425e6783b9.asset
  artifactKey: Guid(0e747c8a0c0f17943a02a28bec4a97f8) Importer(2089858483,0ecaa5967403d082aa24f35e1b516d23)
Start importing Assets/Terrain/Terrain_0_0_8a5bebe1-2e4f-40ac-bf8c-2b425e6783b9.asset using Guid(0e747c8a0c0f17943a02a28bec4a97f8) Importer(2089858483,0ecaa5967403d082aa24f35e1b516d23) [PhysX] Initialized MultithreadedTaskDispatcher with 16 workers.
 -> (artifact id: 'b4232424d02477605d134d66489bbef1') in 0.025332 seconds
Number of updated asset objects reloaded before import = 0
Number of asset objects unloaded after import = 1
========================================================================
Received Import Request.
  Time since last request: 0.000037 seconds.
  path: Assets/Scenes/New Scene.unity
  artifactKey: Guid(92556dd3b801eac4bbb8854e148210a1) Importer(2089858483,0ecaa5967403d082aa24f35e1b516d23)
Start importing Assets/Scenes/New Scene.unity using Guid(92556dd3b801eac4bbb8854e148210a1) Importer(2089858483,0ecaa5967403d082aa24f35e1b516d23) [PhysX] Initialized MultithreadedTaskDispatcher with 16 workers.
 -> (artifact id: 'e6d1b4432f79c93a69e3ca0e69eeac50') in 0.023809 seconds
Number of updated asset objects reloaded before import = 0
Number of asset objects unloaded after import = 1
========================================================================
Received Import Request.
  Time since last request: 0.000054 seconds.
  path: Assets/Toby Fredson/The Toby Foliage Engine/(TTFE)_Demo/Textures/Textures_Vegetation/FlowersTTFEL_MAGT.png
  artifactKey: Guid(b361f547dec61c34581764396f7d1e6a) Importer(2089858483,0ecaa5967403d082aa24f35e1b516d23)
Start importing Assets/Toby Fredson/The Toby Foliage Engine/(TTFE)_Demo/Textures/Textures_Vegetation/FlowersTTFEL_MAGT.png using Guid(b361f547dec61c34581764396f7d1e6a) Importer(2089858483,0ecaa5967403d082aa24f35e1b516d23) [PhysX] Initialized MultithreadedTaskDispatcher with 16 workers.
 -> (artifact id: 'c3ea0db54ba627daba1d5772a0836b0c') in 0.032729 seconds
Number of updated asset objects reloaded before import = 0
Number of asset objects unloaded after import = 1
========================================================================
Received Import Request.
  Time since last request: 0.000043 seconds.
  path: Assets/Toby Fredson/The Toby Foliage Engine/(TTFE)_Demo/Materials/Materials_Skybox/TTFE Sky B.mat
  artifactKey: Guid(395052b4891a54049a6950de15b2eacf) Importer(2089858483,0ecaa5967403d082aa24f35e1b516d23)
Start importing Assets/Toby Fredson/The Toby Foliage Engine/(TTFE)_Demo/Materials/Materials_Skybox/TTFE Sky B.mat using Guid(395052b4891a54049a6950de15b2eacf) Importer(2089858483,0ecaa5967403d082aa24f35e1b516d23) [PhysX] Initialized MultithreadedTaskDispatcher with 16 workers.
 -> (artifact id: '0403a184575ec70fb78e3d364b65a262') in 0.030088 seconds
Number of updated asset objects reloaded before import = 0
Number of asset objects unloaded after import = 2
========================================================================
Received Import Request.
  Time since last request: 0.000031 seconds.
  path: Assets/Terrain/TerrainData_bc3afb3a-ba9a-4e08-b4f5-422e78cd4106.asset
  artifactKey: Guid(b668002ad272e5d45acabd968ca57e08) Importer(2089858483,0ecaa5967403d082aa24f35e1b516d23)
Start importing Assets/Terrain/TerrainData_bc3afb3a-ba9a-4e08-b4f5-422e78cd4106.asset using Guid(b668002ad272e5d45acabd968ca57e08) Importer(2089858483,0ecaa5967403d082aa24f35e1b516d23) [PhysX] Initialized MultithreadedTaskDispatcher with 16 workers.
 -> (artifact id: '9c30ab970e1ce30ec90f12f87cfeb553') in 0.142297 seconds
Number of updated asset objects reloaded before import = 0
Number of asset objects unloaded after import = 2
========================================================================
Received Import Request.
  Time since last request: 0.000041 seconds.
  path: Assets/Toby Fredson/The Toby Foliage Engine/(TTFE)_Demo/Textures/Textures_Billboards/ShrubPlantsBillboard_Normal.png
  artifactKey: Guid(0e53e8b92f1ba7c499d35bc83fba6b51) Importer(2089858483,0ecaa5967403d082aa24f35e1b516d23)
Start importing Assets/Toby Fredson/The Toby Foliage Engine/(TTFE)_Demo/Textures/Textures_Billboards/ShrubPlantsBillboard_Normal.png using Guid(0e53e8b92f1ba7c499d35bc83fba6b51) Importer(2089858483,0ecaa5967403d082aa24f35e1b516d23) [PhysX] Initialized MultithreadedTaskDispatcher with 16 workers.
 -> (artifact id: '0560ab85a821ed91d701486733fd4fb2') in 0.062899 seconds
Number of updated asset objects reloaded before import = 0
Number of asset objects unloaded after import = 1
========================================================================
Received Import Request.
  Time since last request: 0.000050 seconds.
  path: Assets/Toby Fredson/The Toby Foliage Engine/(TTFE)_Demo/Prefabs/Prefabs_Vegetation/Vegetation_Trees
  artifactKey: Guid(16423b218faa79343a20bfe28d08b679) Importer(2089858483,0ecaa5967403d082aa24f35e1b516d23)
Start importing Assets/Toby Fredson/The Toby Foliage Engine/(TTFE)_Demo/Prefabs/Prefabs_Vegetation/Vegetation_Trees using Guid(16423b218faa79343a20bfe28d08b679) Importer(2089858483,0ecaa5967403d082aa24f35e1b516d23) [PhysX] Initialized MultithreadedTaskDispatcher with 16 workers.
 -> (artifact id: '9be019561766b425ae2fa708559d13d9') in 0.021976 seconds
Number of updated asset objects reloaded before import = 0
Number of asset objects unloaded after import = 1
========================================================================
Received Import Request.
  Time since last request: 0.000043 seconds.
  path: Assets/Toby Fredson/The Toby Foliage Engine/(TTFE)_Demo/Textures/Textures_Vegetation/ShrubBarkGCATA_Albedo.png
  artifactKey: Guid(961f51f16637c464b8d9c9cf6502071c) Importer(2089858483,0ecaa5967403d082aa24f35e1b516d23)
Start importing Assets/Toby Fredson/The Toby Foliage Engine/(TTFE)_Demo/Textures/Textures_Vegetation/ShrubBarkGCATA_Albedo.png using Guid(961f51f16637c464b8d9c9cf6502071c) Importer(2089858483,0ecaa5967403d082aa24f35e1b516d23) [PhysX] Initialized MultithreadedTaskDispatcher with 16 workers.
 -> (artifact id: '981d6cd54e6d23c76beb2fe678a2c397') in 0.045317 seconds
Number of updated asset objects reloaded before import = 0
Number of asset objects unloaded after import = 1
========================================================================
Received Import Request.
  Time since last request: 0.000036 seconds.
  path: Assets/Toby Fredson/The Toby Foliage Engine/(TTFE)_Demo/Textures/Textures_Tiles Nature/BaseDirtGCATA_Albedo.png
  artifactKey: Guid(7e0f1b05d9ec3cf4e9b02e558f2f6a02) Importer(2089858483,0ecaa5967403d082aa24f35e1b516d23)
Start importing Assets/Toby Fredson/The Toby Foliage Engine/(TTFE)_Demo/Textures/Textures_Tiles Nature/BaseDirtGCATA_Albedo.png using Guid(7e0f1b05d9ec3cf4e9b02e558f2f6a02) Importer(2089858483,0ecaa5967403d082aa24f35e1b516d23) [PhysX] Initialized MultithreadedTaskDispatcher with 16 workers.
 -> (artifact id: '289e7b57c441ecb0db163f87e3afc271') in 0.031281 seconds
Number of updated asset objects reloaded before import = 0
Number of asset objects unloaded after import = 1
========================================================================
Received Import Request.
  Time since last request: 0.000059 seconds.
  path: Assets/Toby Fredson/The Toby Foliage Engine/(TTFE)_Demo/Scenes
  artifactKey: Guid(2530257e58b3a724e9d4dc01e3e9904b) Importer(2089858483,0ecaa5967403d082aa24f35e1b516d23)
Start importing Assets/Toby Fredson/The Toby Foliage Engine/(TTFE)_Demo/Scenes using Guid(2530257e58b3a724e9d4dc01e3e9904b) Importer(2089858483,0ecaa5967403d082aa24f35e1b516d23) [PhysX] Initialized MultithreadedTaskDispatcher with 16 workers.
 -> (artifact id: 'b19987fc816665fdbea42e2f467c8734') in 0.020291 seconds
Number of updated asset objects reloaded before import = 0
Number of asset objects unloaded after import = 1
========================================================================
Received Import Request.
  Time since last request: 0.000058 seconds.
  path: Assets/Toby Fredson/The Toby Foliage Engine/(TTFE)_Demo/Prefabs/Prefabs_Vegetation/Vegetation_Plants/VP_Flowers/FlowersWTTFE-B.prefab
  artifactKey: Guid(acd3045601851e141b35bf521afbc8c4) Importer(2089858483,0ecaa5967403d082aa24f35e1b516d23)
Start importing Assets/Toby Fredson/The Toby Foliage Engine/(TTFE)_Demo/Prefabs/Prefabs_Vegetation/Vegetation_Plants/VP_Flowers/FlowersWTTFE-B.prefab using Guid(acd3045601851e141b35bf521afbc8c4) Importer(2089858483,0ecaa5967403d082aa24f35e1b516d23) [PhysX] Initialized MultithreadedTaskDispatcher with 16 workers.
 -> (artifact id: 'ad1c6bbd665b6849e01f123c804305f4') in 0.025301 seconds
Number of updated asset objects reloaded before import = 0
Number of asset objects unloaded after import = 20
========================================================================
Received Import Request.
  Time since last request: 0.000053 seconds.
  path: Assets/Toby Fredson/The Toby Foliage Engine/(TTFE)_Demo/Textures/Textures_Tiles Nature/BaseDirtGCATA_MAG.png
  artifactKey: Guid(f04c7769e7c925245aec87dc045ae0c3) Importer(2089858483,0ecaa5967403d082aa24f35e1b516d23)
Start importing Assets/Toby Fredson/The Toby Foliage Engine/(TTFE)_Demo/Textures/Textures_Tiles Nature/BaseDirtGCATA_MAG.png using Guid(f04c7769e7c925245aec87dc045ae0c3) Importer(2089858483,0ecaa5967403d082aa24f35e1b516d23) [PhysX] Initialized MultithreadedTaskDispatcher with 16 workers.
 -> (artifact id: '5414edc867cdec1cd7606d7b883028e1') in 0.031898 seconds
Number of updated asset objects reloaded before import = 0
Number of asset objects unloaded after import = 1
========================================================================
Received Import Request.
  Time since last request: 0.000036 seconds.
  path: Assets/Toby Fredson/The Toby Foliage Engine/(TTFE)_Demo/Prefabs/Prefabs_Vegetation - (SL)/Vegetation_Plants - (SL)/VP_Grass Fall/GrassShort_B_Fall.prefab
  artifactKey: Guid(2a848622621cfee49802d284e2216eb1) Importer(2089858483,0ecaa5967403d082aa24f35e1b516d23)
Start importing Assets/Toby Fredson/The Toby Foliage Engine/(TTFE)_Demo/Prefabs/Prefabs_Vegetation - (SL)/Vegetation_Plants - (SL)/VP_Grass Fall/GrassShort_B_Fall.prefab using Guid(2a848622621cfee49802d284e2216eb1) Importer(2089858483,0ecaa5967403d082aa24f35e1b516d23) [PhysX] Initialized MultithreadedTaskDispatcher with 16 workers.
 -> (artifact id: '6b37b579c71891605ec5fefaf4718356') in 0.021356 seconds
Number of updated asset objects reloaded before import = 0
Number of asset objects unloaded after import = 19
========================================================================
Received Import Request.
  Time since last request: 0.000048 seconds.
  path: Assets/Toby Fredson/The Toby Foliage Engine/(TTFE)_Core/Shaders/Drawer/TTFE_DrawerTitle.cs
  artifactKey: Guid(c1cb3b45e46f56344bd04812bf9e5659) Importer(2089858483,0ecaa5967403d082aa24f35e1b516d23)
Start importing Assets/Toby Fredson/The Toby Foliage Engine/(TTFE)_Core/Shaders/Drawer/TTFE_DrawerTitle.cs using Guid(c1cb3b45e46f56344bd04812bf9e5659) Importer(2089858483,0ecaa5967403d082aa24f35e1b516d23) [PhysX] Initialized MultithreadedTaskDispatcher with 16 workers.
 -> (artifact id: '6402134728c5d91debfa1a987833e8ba') in 0.020529 seconds
Number of updated asset objects reloaded before import = 0
Number of asset objects unloaded after import = 1
========================================================================
Received Import Request.
  Time since last request: 0.000042 seconds.
  path: Assets/Toby Fredson/The Toby Foliage Engine/(TTFE)_Demo/Prefabs/Prefabs_Vegetation
  artifactKey: Guid(4f6447b8b40e1cd499c22cd9921446e1) Importer(2089858483,0ecaa5967403d082aa24f35e1b516d23)
Start importing Assets/Toby Fredson/The Toby Foliage Engine/(TTFE)_Demo/Prefabs/Prefabs_Vegetation using Guid(4f6447b8b40e1cd499c22cd9921446e1) Importer(2089858483,0ecaa5967403d082aa24f35e1b516d23) [PhysX] Initialized MultithreadedTaskDispatcher with 16 workers.
 -> (artifact id: '65b91c4f97eb733bed572ba65322c4f5') in 0.020260 seconds
Number of updated asset objects reloaded before import = 0
Number of asset objects unloaded after import = 1
========================================================================
Received Import Request.
  Time since last request: 0.000044 seconds.
  path: Assets/Scenes/Stanislav beach.unity
  artifactKey: Guid(99e265641ddfe2b4b910047f44cfd9a0) Importer(2089858483,0ecaa5967403d082aa24f35e1b516d23)
Start importing Assets/Scenes/Stanislav beach.unity using Guid(99e265641ddfe2b4b910047f44cfd9a0) Importer(2089858483,0ecaa5967403d082aa24f35e1b516d23) [PhysX] Initialized MultithreadedTaskDispatcher with 16 workers.
 -> (artifact id: '7578afd7d849e8d06a7532db91dac029') in 0.024350 seconds
Number of updated asset objects reloaded before import = 0
Number of asset objects unloaded after import = 1
========================================================================
Received Import Request.
  Time since last request: 0.000036 seconds.
  path: Assets/Toby Fredson/The Toby Foliage Engine/(TTFE)_Demo/Textures/Textures_Tiles Nature/BaseRockGCATA_B_Albedo (BI).png
  artifactKey: Guid(5dfa642cff8c269449a4e670e296911e) Importer(2089858483,0ecaa5967403d082aa24f35e1b516d23)
Start importing Assets/Toby Fredson/The Toby Foliage Engine/(TTFE)_Demo/Textures/Textures_Tiles Nature/BaseRockGCATA_B_Albedo (BI).png using Guid(5dfa642cff8c269449a4e670e296911e) Importer(2089858483,0ecaa5967403d082aa24f35e1b516d23) [PhysX] Initialized MultithreadedTaskDispatcher with 16 workers.
 -> (artifact id: '43488c86842f661cdedd57ab0203079f') in 0.045104 seconds
Number of updated asset objects reloaded before import = 0
Number of asset objects unloaded after import = 1
========================================================================
Received Import Request.
  Time since last request: 0.000056 seconds.
  path: Assets/Toby Fredson/The Toby Foliage Engine/(TTFE)_Core/Resources/(TTFE) GLOBAL CONTROLLER/TTFE_Wind Gizmo/TTFE_Utility Resources/(TTFE) GLOBAL CONTROLLER.shader
  artifactKey: Guid(7198a50c8eac1cc40bf6b38ff84a0a0e) Importer(2089858483,0ecaa5967403d082aa24f35e1b516d23)
Start importing Assets/Toby Fredson/The Toby Foliage Engine/(TTFE)_Core/Resources/(TTFE) GLOBAL CONTROLLER/TTFE_Wind Gizmo/TTFE_Utility Resources/(TTFE) GLOBAL CONTROLLER.shader using Guid(7198a50c8eac1cc40bf6b38ff84a0a0e) Importer(2089858483,0ecaa5967403d082aa24f35e1b516d23) [PhysX] Initialized MultithreadedTaskDispatcher with 16 workers.
 -> (artifact id: 'e398b9fe2a0b53303a8ba7763677284f') in 0.033851 seconds
Number of updated asset objects reloaded before import = 0
Number of asset objects unloaded after import = 1
========================================================================
Received Import Request.
  Time since last request: 0.000051 seconds.
  path: Assets/Toby Fredson/The Toby Foliage Engine/(TTFE)_Demo/Textures/Textures_Tiles Nature/GrassGCATA_Height.png
  artifactKey: Guid(38caee8b57df8ed4aaa6e109d6bdadd5) Importer(2089858483,0ecaa5967403d082aa24f35e1b516d23)
Start importing Assets/Toby Fredson/The Toby Foliage Engine/(TTFE)_Demo/Textures/Textures_Tiles Nature/GrassGCATA_Height.png using Guid(38caee8b57df8ed4aaa6e109d6bdadd5) Importer(2089858483,0ecaa5967403d082aa24f35e1b516d23) [PhysX] Initialized MultithreadedTaskDispatcher with 16 workers.
 -> (artifact id: 'e51be835a23f2db2f3acc14043f47273') in 0.039044 seconds
Number of updated asset objects reloaded before import = 0
Number of asset objects unloaded after import = 1
========================================================================
Received Import Request.
  Time since last request: 0.000057 seconds.
  path: Assets/Toby Fredson/The Toby Foliage Engine/(TTFE)_Demo/Meshes
  artifactKey: Guid(466c0133eba8ced4cb67149de0855308) Importer(2089858483,0ecaa5967403d082aa24f35e1b516d23)
Start importing Assets/Toby Fredson/The Toby Foliage Engine/(TTFE)_Demo/Meshes using Guid(466c0133eba8ced4cb67149de0855308) Importer(2089858483,0ecaa5967403d082aa24f35e1b516d23) [PhysX] Initialized MultithreadedTaskDispatcher with 16 workers.
 -> (artifact id: 'df8ba0c302d7d0e6f15620368b315516') in 0.023796 seconds
Number of updated asset objects reloaded before import = 0
Number of asset objects unloaded after import = 1
========================================================================
Received Import Request.
  Time since last request: 0.000039 seconds.
  path: Assets/Toby Fredson/The Toby Foliage Engine/(TTFE)_Core/Resources/(TTFE) GLOBAL CONTROLLER/Scripts
  artifactKey: Guid(2f19d86b1d6f5c14894c1257f6f227b5) Importer(2089858483,0ecaa5967403d082aa24f35e1b516d23)
Start importing Assets/Toby Fredson/The Toby Foliage Engine/(TTFE)_Core/Resources/(TTFE) GLOBAL CONTROLLER/Scripts using Guid(2f19d86b1d6f5c14894c1257f6f227b5) Importer(2089858483,0ecaa5967403d082aa24f35e1b516d23) [PhysX] Initialized MultithreadedTaskDispatcher with 16 workers.
 -> (artifact id: 'd43248bc9be84a4562321b56cb7aba13') in 0.018387 seconds
Number of updated asset objects reloaded before import = 0
Number of asset objects unloaded after import = 1
========================================================================
Received Import Request.
  Time since last request: 0.000038 seconds.
  path: Assets/Toby Fredson/The Toby Foliage Engine/(TTFE)_Demo/Meshes/Meshes_Vegetation/MV_Static/RocksTTFEL_A.fbx
  artifactKey: Guid(9e9608fd75d68b049a013c78088518ab) Importer(2089858483,0ecaa5967403d082aa24f35e1b516d23)
Start importing Assets/Toby Fredson/The Toby Foliage Engine/(TTFE)_Demo/Meshes/Meshes_Vegetation/MV_Static/RocksTTFEL_A.fbx using Guid(9e9608fd75d68b049a013c78088518ab) Importer(2089858483,0ecaa5967403d082aa24f35e1b516d23) [PhysX] Initialized MultithreadedTaskDispatcher with 16 workers.
 -> (artifact id: '0f9c2acb2bfa1c19a227918b3a39118b') in 0.028139 seconds
Number of updated asset objects reloaded before import = 0
Number of asset objects unloaded after import = 7
========================================================================
Received Import Request.
  Time since last request: 0.000061 seconds.
  path: Assets/New Terrain 1.asset
  artifactKey: Guid(ccc2d31bc3a7d374684807ca1390cc84) Importer(2089858483,0ecaa5967403d082aa24f35e1b516d23)
Start importing Assets/New Terrain 1.asset using Guid(ccc2d31bc3a7d374684807ca1390cc84) Importer(2089858483,0ecaa5967403d082aa24f35e1b516d23) [PhysX] Initialized MultithreadedTaskDispatcher with 16 workers.
 -> (artifact id: '14c191190c06817236990440425a4024') in 0.028528 seconds
Number of updated asset objects reloaded before import = 0
Number of asset objects unloaded after import = 1
========================================================================
Received Import Request.
  Time since last request: 0.000035 seconds.
  path: Assets/Grass And Flowers Pack 1
  artifactKey: Guid(d7b36da8c55adc248815d0e2f393329e) Importer(2089858483,0ecaa5967403d082aa24f35e1b516d23)
Start importing Assets/Grass And Flowers Pack 1 using Guid(d7b36da8c55adc248815d0e2f393329e) Importer(2089858483,0ecaa5967403d082aa24f35e1b516d23) [PhysX] Initialized MultithreadedTaskDispatcher with 16 workers.
 -> (artifact id: '967c9af851016da8ecf6cdd593cb8a31') in 0.018099 seconds
Number of updated asset objects reloaded before import = 0
Number of asset objects unloaded after import = 1
========================================================================
Received Import Request.
  Time since last request: 0.000048 seconds.
  path: Assets/Toby Fredson/The Toby Foliage Engine/(TTFE)_Demo/Prefabs/Prefabs_Vegetation/Vegetation_Plants/VP_Grass/GrassBig_B.prefab
  artifactKey: Guid(6d3b2f816fe1f964bb9aac13fbca709a) Importer(2089858483,0ecaa5967403d082aa24f35e1b516d23)
Start importing Assets/Toby Fredson/The Toby Foliage Engine/(TTFE)_Demo/Prefabs/Prefabs_Vegetation/Vegetation_Plants/VP_Grass/GrassBig_B.prefab using Guid(6d3b2f816fe1f964bb9aac13fbca709a) Importer(2089858483,0ecaa5967403d082aa24f35e1b516d23) [PhysX] Initialized MultithreadedTaskDispatcher with 16 workers.
 -> (artifact id: '1a2db9edc29ab3f48c506a7a01bb26dc') in 0.024715 seconds
Number of updated asset objects reloaded before import = 0
Number of asset objects unloaded after import = 25
========================================================================
Received Import Request.
  Time since last request: 0.000046 seconds.
  path: Assets/Toby Fredson/The Toby Foliage Engine/(TTFE)_Core/Shaders/Resources/GenericLeafGrundge.png
  artifactKey: Guid(d20e25474e5f9224793eb095a4d2cb9c) Importer(2089858483,0ecaa5967403d082aa24f35e1b516d23)
Start importing Assets/Toby Fredson/The Toby Foliage Engine/(TTFE)_Core/Shaders/Resources/GenericLeafGrundge.png using Guid(d20e25474e5f9224793eb095a4d2cb9c) Importer(2089858483,0ecaa5967403d082aa24f35e1b516d23) [PhysX] Initialized MultithreadedTaskDispatcher with 16 workers.
 -> (artifact id: '978455b5eca32960c611eee5a4b106e8') in 0.038574 seconds
Number of updated asset objects reloaded before import = 0
Number of asset objects unloaded after import = 1
========================================================================
Received Import Request.
  Time since last request: 0.000049 seconds.
  path: Assets/Toby Fredson/The Toby Foliage Engine/(TTFE)_Demo/Textures/Textures_Vegetation/FlowersTTFEL_Albedo.png
  artifactKey: Guid(c5633d99f1c63a34293ae820dd93165f) Importer(2089858483,0ecaa5967403d082aa24f35e1b516d23)
Start importing Assets/Toby Fredson/The Toby Foliage Engine/(TTFE)_Demo/Textures/Textures_Vegetation/FlowersTTFEL_Albedo.png using Guid(c5633d99f1c63a34293ae820dd93165f) Importer(2089858483,0ecaa5967403d082aa24f35e1b516d23) [PhysX] Initialized MultithreadedTaskDispatcher with 16 workers.
 -> (artifact id: '89695f5ba72bc9a6b8ce9b1542c89925') in 0.037590 seconds
Number of updated asset objects reloaded before import = 0
Number of asset objects unloaded after import = 1
========================================================================
Received Import Request.
  Time since last request: 0.000033 seconds.
  path: Assets/Toby Fredson/The Toby Foliage Engine/(TTFE)_Demo/Textures/Textures_Static/CliffRockTTFEL_A_Albedo.png
  artifactKey: Guid(ff0438eb336036a46812cb326468eddd) Importer(2089858483,0ecaa5967403d082aa24f35e1b516d23)
Start importing Assets/Toby Fredson/The Toby Foliage Engine/(TTFE)_Demo/Textures/Textures_Static/CliffRockTTFEL_A_Albedo.png using Guid(ff0438eb336036a46812cb326468eddd) Importer(2089858483,0ecaa5967403d082aa24f35e1b516d23) [PhysX] Initialized MultithreadedTaskDispatcher with 16 workers.
 -> (artifact id: 'a21b7e6834ceab8fcb7b80cee6a37068') in 0.039404 seconds
Number of updated asset objects reloaded before import = 0
Number of asset objects unloaded after import = 1
========================================================================
Received Import Request.
  Time since last request: 0.000048 seconds.
  path: Assets/Toby Fredson/The Toby Foliage Engine/(TTFE)_Demo/Prefabs/Prefabs_Vegetation/Vegetation_Plants
  artifactKey: Guid(278430e50b2f84f4d86e274263f9a6cf) Importer(2089858483,0ecaa5967403d082aa24f35e1b516d23)
Start importing Assets/Toby Fredson/The Toby Foliage Engine/(TTFE)_Demo/Prefabs/Prefabs_Vegetation/Vegetation_Plants using Guid(278430e50b2f84f4d86e274263f9a6cf) Importer(2089858483,0ecaa5967403d082aa24f35e1b516d23) [PhysX] Initialized MultithreadedTaskDispatcher with 16 workers.
 -> (artifact id: '7ee6704a7aa94e4f452bb3dad360a644') in 0.017508 seconds
Number of updated asset objects reloaded before import = 0
Number of asset objects unloaded after import = 1
========================================================================
Received Import Request.
  Time since last request: 0.000048 seconds.
  path: Assets/Toby Fredson/The Toby Foliage Engine/(TTFE)_Demo/Meshes/Meshes_Vegetation/MV_Static/RocksTTFEL_E.fbx
  artifactKey: Guid(b2d0b3ee07ba66f4292f3d5182fb267b) Importer(2089858483,0ecaa5967403d082aa24f35e1b516d23)
Start importing Assets/Toby Fredson/The Toby Foliage Engine/(TTFE)_Demo/Meshes/Meshes_Vegetation/MV_Static/RocksTTFEL_E.fbx using Guid(b2d0b3ee07ba66f4292f3d5182fb267b) Importer(2089858483,0ecaa5967403d082aa24f35e1b516d23) [PhysX] Initialized MultithreadedTaskDispatcher with 16 workers.
 -> (artifact id: '6cb38de1744b0663494332be9ef18881') in 0.032976 seconds
Number of updated asset objects reloaded before import = 0
Number of asset objects unloaded after import = 7
========================================================================
Received Import Request.
  Time since last request: 0.000055 seconds.
  path: Assets/Toby Fredson/The Toby Foliage Engine/(TTFE)_Demo/Textures/Textures_Static/RocksTTFEL_MAG.png
  artifactKey: Guid(3d3a6fc1d8217e44fa40647313b40929) Importer(2089858483,0ecaa5967403d082aa24f35e1b516d23)
Start importing Assets/Toby Fredson/The Toby Foliage Engine/(TTFE)_Demo/Textures/Textures_Static/RocksTTFEL_MAG.png using Guid(3d3a6fc1d8217e44fa40647313b40929) Importer(2089858483,0ecaa5967403d082aa24f35e1b516d23) [PhysX] Initialized MultithreadedTaskDispatcher with 16 workers.
 -> (artifact id: '66d4e532742e2848662c589bb0ab3691') in 0.032845 seconds
Number of updated asset objects reloaded before import = 0
Number of asset objects unloaded after import = 1
========================================================================
Received Import Request.
  Time since last request: 0.000033 seconds.
  path: Assets/Toby Fredson/The Toby Foliage Engine/(TTFE)_Demo/Textures/Textures_Vegetation/ShrubBarkGCATA_MAG.png
  artifactKey: Guid(71cad2c9341abe04bb2f2283eca5f36d) Importer(2089858483,0ecaa5967403d082aa24f35e1b516d23)
Start importing Assets/Toby Fredson/The Toby Foliage Engine/(TTFE)_Demo/Textures/Textures_Vegetation/ShrubBarkGCATA_MAG.png using Guid(71cad2c9341abe04bb2f2283eca5f36d) Importer(2089858483,0ecaa5967403d082aa24f35e1b516d23) [PhysX] Initialized MultithreadedTaskDispatcher with 16 workers.
 -> (artifact id: 'a962f9445f467fe2dd0bbf078cd02139') in 0.070869 seconds
Number of updated asset objects reloaded before import = 0
Number of asset objects unloaded after import = 1
========================================================================
Received Import Request.
  Time since last request: 0.000038 seconds.
  path: Assets/Toby Fredson/The Toby Foliage Engine/(TTFE)_Demo/Textures/Textures_Vegetation
  artifactKey: Guid(b10904db0e520ec46bcb5707af5343e8) Importer(2089858483,0ecaa5967403d082aa24f35e1b516d23)
Start importing Assets/Toby Fredson/The Toby Foliage Engine/(TTFE)_Demo/Textures/Textures_Vegetation using Guid(b10904db0e520ec46bcb5707af5343e8) Importer(2089858483,0ecaa5967403d082aa24f35e1b516d23) [PhysX] Initialized MultithreadedTaskDispatcher with 16 workers.
 -> (artifact id: '574a653bdb62eeb18c1ae804c0b70cb6') in 0.021730 seconds
Number of updated asset objects reloaded before import = 0
Number of asset objects unloaded after import = 1
========================================================================
Received Import Request.
  Time since last request: 0.000071 seconds.
  path: Assets/Toby Fredson/The Toby Foliage Engine/(TTFE)_Core/Resources/(TTFE) GLOBAL CONTROLLER/TTFE_Wind Gizmo/TTFE_Utility Resources/(TTFE)GlobalGizmo_MAG.tif
  artifactKey: Guid(97cbfaa1a982c434d9829a9ab41c5b0d) Importer(2089858483,0ecaa5967403d082aa24f35e1b516d23)
Start importing Assets/Toby Fredson/The Toby Foliage Engine/(TTFE)_Core/Resources/(TTFE) GLOBAL CONTROLLER/TTFE_Wind Gizmo/TTFE_Utility Resources/(TTFE)GlobalGizmo_MAG.tif using Guid(97cbfaa1a982c434d9829a9ab41c5b0d) Importer(2089858483,0ecaa5967403d082aa24f35e1b516d23) [PhysX] Initialized MultithreadedTaskDispatcher with 16 workers.
 -> (artifact id: 'b2ea976707d41934fb230d2fd783fe0c') in 0.036618 seconds
Number of updated asset objects reloaded before import = 0
Number of asset objects unloaded after import = 1
========================================================================
Received Import Request.
  Time since last request: 0.000037 seconds.
  path: Assets/Toby Fredson/The Toby Foliage Engine/(TTFE)_Demo/Materials/Materials_Skybox/TTFE Sky A.mat
  artifactKey: Guid(0f62be39b3eeaa840bb0169b77b88469) Importer(2089858483,0ecaa5967403d082aa24f35e1b516d23)
Start importing Assets/Toby Fredson/The Toby Foliage Engine/(TTFE)_Demo/Materials/Materials_Skybox/TTFE Sky A.mat using Guid(0f62be39b3eeaa840bb0169b77b88469) Importer(2089858483,0ecaa5967403d082aa24f35e1b516d23) [PhysX] Initialized MultithreadedTaskDispatcher with 16 workers.
 -> (artifact id: 'aad24c41bfe544ab6b92b3e46aaf6e33') in 0.026908 seconds
Number of updated asset objects reloaded before import = 0
Number of asset objects unloaded after import = 2
========================================================================
Received Import Request.
  Time since last request: 0.000053 seconds.
  path: Assets/Toby Fredson/The Toby Foliage Engine/(TTFE)_Demo/Terrains/Trerrain Layers/TTFE-LightScene_Demo_Layers
  artifactKey: Guid(0b4d452f17e647b449577395bc98659a) Importer(2089858483,0ecaa5967403d082aa24f35e1b516d23)
Start importing Assets/Toby Fredson/The Toby Foliage Engine/(TTFE)_Demo/Terrains/Trerrain Layers/TTFE-LightScene_Demo_Layers using Guid(0b4d452f17e647b449577395bc98659a) Importer(2089858483,0ecaa5967403d082aa24f35e1b516d23) [PhysX] Initialized MultithreadedTaskDispatcher with 16 workers.
 -> (artifact id: '9303ea109abb8c1bb7ef030b67be235f') in 0.124043 seconds
Number of updated asset objects reloaded before import = 0
Number of asset objects unloaded after import = 1
========================================================================
Received Import Request.
  Time since last request: 0.000035 seconds.
  path: Assets/Toby Fredson/The Toby Foliage Engine/(TTFE)_Demo/Meshes/Meshes_Vegetation/MV_Ground Plants/FlowersWTTFE-C.fbx
  artifactKey: Guid(c48f07de2522a1443a404113503aa79f) Importer(2089858483,0ecaa5967403d082aa24f35e1b516d23)
Start importing Assets/Toby Fredson/The Toby Foliage Engine/(TTFE)_Demo/Meshes/Meshes_Vegetation/MV_Ground Plants/FlowersWTTFE-C.fbx using Guid(c48f07de2522a1443a404113503aa79f) Importer(2089858483,0ecaa5967403d082aa24f35e1b516d23) [PhysX] Initialized MultithreadedTaskDispatcher with 16 workers.
 -> (artifact id: '102323015c5e3f1e0966e2f07c2615d2') in 0.036127 seconds
Number of updated asset objects reloaded before import = 0
Number of asset objects unloaded after import = 20
========================================================================
Received Import Request.
  Time since last request: 0.000042 seconds.
  path: Assets/Toby Fredson/The Toby Foliage Engine/(TTFE)_Demo/Prefabs/Prefabs_Vegetation - (SL)/Vegetation_Trees - (SL)/VTSpecies_Shrub Fall
  artifactKey: Guid(1bd6309cbc00889458b6cb7498f42f82) Importer(2089858483,0ecaa5967403d082aa24f35e1b516d23)
Start importing Assets/Toby Fredson/The Toby Foliage Engine/(TTFE)_Demo/Prefabs/Prefabs_Vegetation - (SL)/Vegetation_Trees - (SL)/VTSpecies_Shrub Fall using Guid(1bd6309cbc00889458b6cb7498f42f82) Importer(2089858483,0ecaa5967403d082aa24f35e1b516d23) [PhysX] Initialized MultithreadedTaskDispatcher with 16 workers.
 -> (artifact id: 'd28456221e4950cce3649aef429bd9d6') in 0.017768 seconds
Number of updated asset objects reloaded before import = 0
Number of asset objects unloaded after import = 1
========================================================================
Received Import Request.
  Time since last request: 0.000043 seconds.
  path: Assets/Toby Fredson/The Toby Foliage Engine/(TTFE)_Demo/Meshes/Meshes Helpers/MaterialCube.fbx
  artifactKey: Guid(948d1d6e65176b441b4b9026fc5bcba2) Importer(2089858483,0ecaa5967403d082aa24f35e1b516d23)
Start importing Assets/Toby Fredson/The Toby Foliage Engine/(TTFE)_Demo/Meshes/Meshes Helpers/MaterialCube.fbx using Guid(948d1d6e65176b441b4b9026fc5bcba2) Importer(2089858483,0ecaa5967403d082aa24f35e1b516d23) [PhysX] Initialized MultithreadedTaskDispatcher with 16 workers.
 -> (artifact id: '978f56515a4163be3cb5b97dc1eadcaf') in 0.040240 seconds
Number of updated asset objects reloaded before import = 0
Number of asset objects unloaded after import = 7
========================================================================
Received Import Request.
  Time since last request: 0.000053 seconds.
  path: Assets/Toby Fredson/The Toby Foliage Engine/(TTFE)_Demo/Scripts/ExtendedFlycam.cs
  artifactKey: Guid(27338251c0cc9334091a038668504ac2) Importer(2089858483,0ecaa5967403d082aa24f35e1b516d23)
Start importing Assets/Toby Fredson/The Toby Foliage Engine/(TTFE)_Demo/Scripts/ExtendedFlycam.cs using Guid(27338251c0cc9334091a038668504ac2) Importer(2089858483,0ecaa5967403d082aa24f35e1b516d23) [PhysX] Initialized MultithreadedTaskDispatcher with 16 workers.
 -> (artifact id: '290dcb626dc4d0b4af75c6de0167a867') in 0.018232 seconds
Number of updated asset objects reloaded before import = 0
Number of asset objects unloaded after import = 1
========================================================================
Received Import Request.
  Time since last request: 0.000056 seconds.
  path: Assets/Toby Fredson/The Toby Foliage Engine/(TTFE)_Demo/Materials/Materials_TTFE (Defaults)/TTFE_Grass.mat
  artifactKey: Guid(0ef2a3245a000e949834aebe94a1c816) Importer(2089858483,0ecaa5967403d082aa24f35e1b516d23)
Start importing Assets/Toby Fredson/The Toby Foliage Engine/(TTFE)_Demo/Materials/Materials_TTFE (Defaults)/TTFE_Grass.mat using Guid(0ef2a3245a000e949834aebe94a1c816) Importer(2089858483,0ecaa5967403d082aa24f35e1b516d23) [PhysX] Initialized MultithreadedTaskDispatcher with 16 workers.
 -> (artifact id: '358afc544c60f71910290ae68f62c2dc') in 0.199011 seconds
Number of updated asset objects reloaded before import = 0
Number of asset objects unloaded after import = 2
========================================================================
Received Import Request.
  Time since last request: 0.000046 seconds.
  path: Assets/Toby Fredson/The Toby Foliage Engine/(TTFE)_Demo/Prefabs/Prefabs_Vegetation - (SL)/Vegetation_Trees - (SL)/VTSpecies_Shrub Fall/ShrubBush_C_Fall.prefab
  artifactKey: Guid(6e87e029f25a1b94bb5103ab33737599) Importer(2089858483,0ecaa5967403d082aa24f35e1b516d23)
Start importing Assets/Toby Fredson/The Toby Foliage Engine/(TTFE)_Demo/Prefabs/Prefabs_Vegetation - (SL)/Vegetation_Trees - (SL)/VTSpecies_Shrub Fall/ShrubBush_C_Fall.prefab using Guid(6e87e029f25a1b94bb5103ab33737599) Importer(2089858483,0ecaa5967403d082aa24f35e1b516d23) [PhysX] Initialized MultithreadedTaskDispatcher with 16 workers.
 -> (artifact id: '50f8d7cc8d1c3e90f6cd76c7c558195c') in 0.027135 seconds
Number of updated asset objects reloaded before import = 0
Number of asset objects unloaded after import = 41
========================================================================
Received Import Request.
  Time since last request: 0.000042 seconds.
  path: Assets/Toby Fredson/The Toby Foliage Engine/(TTFE)_Demo/Prefabs/Prefabs_Helpers/RHEWP_TTFE Infoboard.prefab
  artifactKey: Guid(3b1db570ac330204f88235f12e4993b8) Importer(2089858483,0ecaa5967403d082aa24f35e1b516d23)
Start importing Assets/Toby Fredson/The Toby Foliage Engine/(TTFE)_Demo/Prefabs/Prefabs_Helpers/RHEWP_TTFE Infoboard.prefab using Guid(3b1db570ac330204f88235f12e4993b8) Importer(2089858483,0ecaa5967403d082aa24f35e1b516d23) [PhysX] Initialized MultithreadedTaskDispatcher with 16 workers.
 -> (artifact id: 'ba84a45efd1c981f114a09beaa489d41') in 0.022540 seconds
Number of updated asset objects reloaded before import = 0
Number of asset objects unloaded after import = 7
========================================================================
Received Import Request.
  Time since last request: 0.000054 seconds.
  path: Assets/Toby Fredson/The Toby Foliage Engine/(TTFE)_Demo/Prefabs/Prefabs_Static
  artifactKey: Guid(f8d62cc499b0ae642be0ae77145df635) Importer(2089858483,0ecaa5967403d082aa24f35e1b516d23)
Start importing Assets/Toby Fredson/The Toby Foliage Engine/(TTFE)_Demo/Prefabs/Prefabs_Static using Guid(f8d62cc499b0ae642be0ae77145df635) Importer(2089858483,0ecaa5967403d082aa24f35e1b516d23) [PhysX] Initialized MultithreadedTaskDispatcher with 16 workers.
 -> (artifact id: '1be22019a374b874c1c093c2a94bd2c1') in 0.018677 seconds
Number of updated asset objects reloaded before import = 0
Number of asset objects unloaded after import = 1
========================================================================
Received Import Request.
  Time since last request: 0.000046 seconds.
  path: Assets/Toby Fredson/The Toby Foliage Engine/(TTFE)_Demo/Materials/Materials_Static/CliffRockTTFEL_A.mat
  artifactKey: Guid(febdb90214301654faa11a4faf4a178c) Importer(2089858483,0ecaa5967403d082aa24f35e1b516d23)
Start importing Assets/Toby Fredson/The Toby Foliage Engine/(TTFE)_Demo/Materials/Materials_Static/CliffRockTTFEL_A.mat using Guid(febdb90214301654faa11a4faf4a178c) Importer(2089858483,0ecaa5967403d082aa24f35e1b516d23) [PhysX] Initialized MultithreadedTaskDispatcher with 16 workers.
 -> (artifact id: '082e55f7e5e86f2077609cc295a8f9a8') in 0.108909 seconds
Number of updated asset objects reloaded before import = 0
Number of asset objects unloaded after import = 4
========================================================================
Received Import Request.
  Time since last request: 0.000064 seconds.
  path: Assets/Toby Fredson/The Toby Foliage Engine/(TTFE)_Demo/Post Processing/1. Post Processing - Install.txt
  artifactKey: Guid(f3f727da51e3b4a4e99c0774f52ec180) Importer(2089858483,0ecaa5967403d082aa24f35e1b516d23)
Start importing Assets/Toby Fredson/The Toby Foliage Engine/(TTFE)_Demo/Post Processing/1. Post Processing - Install.txt using Guid(f3f727da51e3b4a4e99c0774f52ec180) Importer(2089858483,0ecaa5967403d082aa24f35e1b516d23) [PhysX] Initialized MultithreadedTaskDispatcher with 16 workers.
 -> (artifact id: '2f71af8229248cc328f48a087bd8a8a7') in 0.019460 seconds
Number of updated asset objects reloaded before import = 0
Number of asset objects unloaded after import = 1
========================================================================
Received Import Request.
  Time since last request: 0.000035 seconds.
  path: Assets/Toby Fredson/The Toby Foliage Engine/(TTFE)_Demo/Terrains/Trerrain Layers/TTFE-LTE_Layers/TSLightTerrain Layer_0.terrainlayer
  artifactKey: Guid(cfa36be5ac73f6d459e9d610e45612ad) Importer(2089858483,0ecaa5967403d082aa24f35e1b516d23)
Start importing Assets/Toby Fredson/The Toby Foliage Engine/(TTFE)_Demo/Terrains/Trerrain Layers/TTFE-LTE_Layers/TSLightTerrain Layer_0.terrainlayer using Guid(cfa36be5ac73f6d459e9d610e45612ad) Importer(2089858483,0ecaa5967403d082aa24f35e1b516d23) [PhysX] Initialized MultithreadedTaskDispatcher with 16 workers.
 -> (artifact id: 'a6dcefc4664f2d1a2bff65c28c8257d6') in 0.036673 seconds
Number of updated asset objects reloaded before import = 0
Number of asset objects unloaded after import = 4
========================================================================
Received Import Request.
  Time since last request: 0.000037 seconds.
  path: Assets/Toby Fredson/The Toby Foliage Engine/(TTFE)_Demo/Prefabs/Prefabs_Vegetation/Vegetation_Plants/VP_Flowers/FlowersWTTFE-D.prefab
  artifactKey: Guid(d621b61ece24c6648ad5a594a3ec3a07) Importer(2089858483,0ecaa5967403d082aa24f35e1b516d23)
Start importing Assets/Toby Fredson/The Toby Foliage Engine/(TTFE)_Demo/Prefabs/Prefabs_Vegetation/Vegetation_Plants/VP_Flowers/FlowersWTTFE-D.prefab using Guid(d621b61ece24c6648ad5a594a3ec3a07) Importer(2089858483,0ecaa5967403d082aa24f35e1b516d23) [PhysX] Initialized MultithreadedTaskDispatcher with 16 workers.
 -> (artifact id: 'af5bd583c62b77ba81764fb086e9b708') in 0.024108 seconds
Number of updated asset objects reloaded before import = 0
Number of asset objects unloaded after import = 20
========================================================================
Received Import Request.
  Time since last request: 0.000034 seconds.
  path: Assets/Toby Fredson/The Toby Foliage Engine/(TTFE)_Demo/Materials/Materials_Skybox
  artifactKey: Guid(c2edfcbecbd87404cb6dfc57222b3588) Importer(2089858483,0ecaa5967403d082aa24f35e1b516d23)
Start importing Assets/Toby Fredson/The Toby Foliage Engine/(TTFE)_Demo/Materials/Materials_Skybox using Guid(c2edfcbecbd87404cb6dfc57222b3588) Importer(2089858483,0ecaa5967403d082aa24f35e1b516d23) [PhysX] Initialized MultithreadedTaskDispatcher with 16 workers.
 -> (artifact id: 'a9dc22be3209b9429db2bc381f17c134') in 0.018487 seconds
Number of updated asset objects reloaded before import = 0
Number of asset objects unloaded after import = 1
========================================================================
Received Import Request.
  Time since last request: 0.000047 seconds.
  path: Assets/Toby Fredson/The Toby Foliage Engine/(TTFE)_Demo/Prefabs/Prefabs_Vegetation - (SL)/Vegetation_Plants - (SL)/VP_Grass Fall/GrassShort_D_Fall.prefab
  artifactKey: Guid(914c0aea023c53f46b75a47186494ae6) Importer(2089858483,0ecaa5967403d082aa24f35e1b516d23)
Start importing Assets/Toby Fredson/The Toby Foliage Engine/(TTFE)_Demo/Prefabs/Prefabs_Vegetation - (SL)/Vegetation_Plants - (SL)/VP_Grass Fall/GrassShort_D_Fall.prefab using Guid(914c0aea023c53f46b75a47186494ae6) Importer(2089858483,0ecaa5967403d082aa24f35e1b516d23) [PhysX] Initialized MultithreadedTaskDispatcher with 16 workers.
 -> (artifact id: 'e8014be605dd751f62ea84b150ab4881') in 0.025488 seconds
Number of updated asset objects reloaded before import = 0
Number of asset objects unloaded after import = 19
========================================================================
Received Import Request.
  Time since last request: 0.000036 seconds.
  path: Assets/Toby Fredson/The Toby Foliage Engine/(TTFE)_Demo/Prefabs/Prefabs_Vegetation/Vegetation_Plants/VP_Grass
  artifactKey: Guid(1e1e292e8ad100c498adf17b74d27636) Importer(2089858483,0ecaa5967403d082aa24f35e1b516d23)
Start importing Assets/Toby Fredson/The Toby Foliage Engine/(TTFE)_Demo/Prefabs/Prefabs_Vegetation/Vegetation_Plants/VP_Grass using Guid(1e1e292e8ad100c498adf17b74d27636) Importer(2089858483,0ecaa5967403d082aa24f35e1b516d23) [PhysX] Initialized MultithreadedTaskDispatcher with 16 workers.
 -> (artifact id: 'dcade49fba897b1e350677de78a82b3b') in 0.023952 seconds
Number of updated asset objects reloaded before import = 0
Number of asset objects unloaded after import = 1
========================================================================
Received Import Request.
  Time since last request: 0.000090 seconds.
  path: Assets/Toby Fredson/The Toby Foliage Engine/(TTFE)_Demo/Textures/Textures_Vegetation/FlowersTTFEL_Specular.png
  artifactKey: Guid(72ccc3ad6daeb644baa761440579cba2) Importer(2089858483,0ecaa5967403d082aa24f35e1b516d23)
Start importing Assets/Toby Fredson/The Toby Foliage Engine/(TTFE)_Demo/Textures/Textures_Vegetation/FlowersTTFEL_Specular.png using Guid(72ccc3ad6daeb644baa761440579cba2) Importer(2089858483,0ecaa5967403d082aa24f35e1b516d23) [PhysX] Initialized MultithreadedTaskDispatcher with 16 workers.
 -> (artifact id: 'b2f5c30015247af79b9d0403449a2ab0') in 0.032765 seconds
Number of updated asset objects reloaded before import = 0
Number of asset objects unloaded after import = 1
========================================================================
Received Import Request.
  Time since last request: 0.000038 seconds.
  path: Assets/Toby Fredson/The Toby Foliage Engine/(TTFE)_Core/Resources/(TTFE) GLOBAL CONTROLLER/Scripts/Editor
  artifactKey: Guid(776a3e34cb25bee4c87022989e2b17ce) Importer(2089858483,0ecaa5967403d082aa24f35e1b516d23)
Start importing Assets/Toby Fredson/The Toby Foliage Engine/(TTFE)_Core/Resources/(TTFE) GLOBAL CONTROLLER/Scripts/Editor using Guid(776a3e34cb25bee4c87022989e2b17ce) Importer(2089858483,0ecaa5967403d082aa24f35e1b516d23) [PhysX] Initialized MultithreadedTaskDispatcher with 16 workers.
 -> (artifact id: '0362663084a1975552f22177e7589e59') in 0.025958 seconds
Number of updated asset objects reloaded before import = 0
Number of asset objects unloaded after import = 1
========================================================================
Received Import Request.
  Time since last request: 0.000065 seconds.
  path: Assets/Toby Fredson/The Toby Foliage Engine/(TTFE)_Demo/Materials/Materials_Static/RocksTTFEL.mat
  artifactKey: Guid(704fbb0e1e93ce54a8749a348b156bed) Importer(2089858483,0ecaa5967403d082aa24f35e1b516d23)
Start importing Assets/Toby Fredson/The Toby Foliage Engine/(TTFE)_Demo/Materials/Materials_Static/RocksTTFEL.mat using Guid(704fbb0e1e93ce54a8749a348b156bed) Importer(2089858483,0ecaa5967403d082aa24f35e1b516d23) [PhysX] Initialized MultithreadedTaskDispatcher with 16 workers.
 -> (artifact id: '3caf817a5e9b3a0f303a7f4f3e61eb59') in 0.039558 seconds
Number of updated asset objects reloaded before import = 0
Number of asset objects unloaded after import = 4
========================================================================
Received Import Request.
  Time since last request: 0.000041 seconds.
  path: Assets/Toby Fredson/The Toby Foliage Engine/(TTFE)_Demo/Terrains/Trerrain Layers
  artifactKey: Guid(dc46703ae64b6fa4298ea4bcb8d1765d) Importer(2089858483,0ecaa5967403d082aa24f35e1b516d23)
Start importing Assets/Toby Fredson/The Toby Foliage Engine/(TTFE)_Demo/Terrains/Trerrain Layers using Guid(dc46703ae64b6fa4298ea4bcb8d1765d) Importer(2089858483,0ecaa5967403d082aa24f35e1b516d23) [PhysX] Initialized MultithreadedTaskDispatcher with 16 workers.
 -> (artifact id: '277552790f25efb6f305f805bae95925') in 0.017988 seconds
Number of updated asset objects reloaded before import = 0
Number of asset objects unloaded after import = 1
========================================================================
Received Import Request.
  Time since last request: 0.000041 seconds.
  path: Assets/Toby Fredson/The Toby Foliage Engine/(TTFE)_Demo/Prefabs/Prefabs_Static/RocksTTFEL_D.prefab
  artifactKey: Guid(32f23c80203feae4281c82bfb793bca6) Importer(2089858483,0ecaa5967403d082aa24f35e1b516d23)
Start importing Assets/Toby Fredson/The Toby Foliage Engine/(TTFE)_Demo/Prefabs/Prefabs_Static/RocksTTFEL_D.prefab using Guid(32f23c80203feae4281c82bfb793bca6) Importer(2089858483,0ecaa5967403d082aa24f35e1b516d23) [PhysX] Initialized MultithreadedTaskDispatcher with 16 workers.
 -> (artifact id: '7e75338e8569a8101a46cfd70dc63f2a') in 0.031123 seconds
Number of updated asset objects reloaded before import = 0
Number of asset objects unloaded after import = 8
========================================================================
Received Import Request.
  Time since last request: 0.000039 seconds.
  path: Assets/Toby Fredson/The Toby Foliage Engine/(TTFE)_Demo/Post Processing/PP_(Built-in)/The Toby Foliage Engine_Demo_PP.asset
  artifactKey: Guid(306a380a236bb70488e77a2636a1f1bc) Importer(2089858483,0ecaa5967403d082aa24f35e1b516d23)
Start importing Assets/Toby Fredson/The Toby Foliage Engine/(TTFE)_Demo/Post Processing/PP_(Built-in)/The Toby Foliage Engine_Demo_PP.asset using Guid(306a380a236bb70488e77a2636a1f1bc) Importer(2089858483,0ecaa5967403d082aa24f35e1b516d23) [PhysX] Initialized MultithreadedTaskDispatcher with 16 workers.
 -> (artifact id: '0c2ec3ee7a56e1ec5a2a105cfc90811a') in 0.039382 seconds
Number of updated asset objects reloaded before import = 0
Number of asset objects unloaded after import = 10
========================================================================
Received Import Request.
  Time since last request: 0.000074 seconds.
  path: Assets/Toby Fredson/The Toby Foliage Engine/(TTFE)_Demo/Meshes/Meshes_Vegetation/MV_Ground Plants/FlowersWTTFE-B.fbx
  artifactKey: Guid(bfc0e78687279d44690ace02d5753ed5) Importer(2089858483,0ecaa5967403d082aa24f35e1b516d23)
Start importing Assets/Toby Fredson/The Toby Foliage Engine/(TTFE)_Demo/Meshes/Meshes_Vegetation/MV_Ground Plants/FlowersWTTFE-B.fbx using Guid(bfc0e78687279d44690ace02d5753ed5) Importer(2089858483,0ecaa5967403d082aa24f35e1b516d23) [PhysX] Initialized MultithreadedTaskDispatcher with 16 workers.
 -> (artifact id: 'c279d896fdda6c6b2427e7dd774c9d00') in 0.034236 seconds
Number of updated asset objects reloaded before import = 0
Number of asset objects unloaded after import = 20
========================================================================
Received Import Request.
  Time since last request: 0.000038 seconds.
  path: Assets/Toby Fredson/The Toby Foliage Engine/(TTFE)_Demo/Post Processing/PP_(Built-in)
  artifactKey: Guid(6a3daeddd14458d49817520a52b9db39) Importer(2089858483,0ecaa5967403d082aa24f35e1b516d23)
Start importing Assets/Toby Fredson/The Toby Foliage Engine/(TTFE)_Demo/Post Processing/PP_(Built-in) using Guid(6a3daeddd14458d49817520a52b9db39) Importer(2089858483,0ecaa5967403d082aa24f35e1b516d23) [PhysX] Initialized MultithreadedTaskDispatcher with 16 workers.
 -> (artifact id: 'f415f3b75b5c070ccad57f8d0037ddc3') in 0.018313 seconds
Number of updated asset objects reloaded before import = 0
Number of asset objects unloaded after import = 1
========================================================================
Received Import Request.
  Time since last request: 0.000035 seconds.
  path: Assets/Toby Fredson/The Toby Foliage Engine/(TTFE)_Demo/Textures/Textures_Vegetation/ShrubsGenericGCATA_Normal.png
  artifactKey: Guid(71e742f8438c6e54c91bb098edd2b3b8) Importer(2089858483,0ecaa5967403d082aa24f35e1b516d23)
Start importing Assets/Toby Fredson/The Toby Foliage Engine/(TTFE)_Demo/Textures/Textures_Vegetation/ShrubsGenericGCATA_Normal.png using Guid(71e742f8438c6e54c91bb098edd2b3b8) Importer(2089858483,0ecaa5967403d082aa24f35e1b516d23) [PhysX] Initialized MultithreadedTaskDispatcher with 16 workers.
 -> (artifact id: '052c10ddb7473a4a235b7f7123ce4cba') in 0.078420 seconds
Number of updated asset objects reloaded before import = 0
Number of asset objects unloaded after import = 1
========================================================================
Received Import Request.
  Time since last request: 0.000043 seconds.
  path: Assets/Toby Fredson/The Toby Foliage Engine/(TTFE)_Demo/Prefabs/Prefabs_Vegetation - (SL)/Vegetation_Plants - (SL)/VP_Grass Fall/GrassShort_C_Fall.prefab
  artifactKey: Guid(dd28f181951d4cf4c905bf7a995b1a61) Importer(2089858483,0ecaa5967403d082aa24f35e1b516d23)
Start importing Assets/Toby Fredson/The Toby Foliage Engine/(TTFE)_Demo/Prefabs/Prefabs_Vegetation - (SL)/Vegetation_Plants - (SL)/VP_Grass Fall/GrassShort_C_Fall.prefab using Guid(dd28f181951d4cf4c905bf7a995b1a61) Importer(2089858483,0ecaa5967403d082aa24f35e1b516d23) [PhysX] Initialized MultithreadedTaskDispatcher with 16 workers.
 -> (artifact id: '75e40619e715568976094a5731711823') in 0.022752 seconds
Number of updated asset objects reloaded before import = 0
Number of asset objects unloaded after import = 19
========================================================================
Received Import Request.
  Time since last request: 0.000060 seconds.
  path: Assets/Toby Fredson/The Toby Foliage Engine/(TTFE)_Core/Shaders/Default/(TTFE) Terrain
  artifactKey: Guid(0efd273d468ab8340a0e726ce4667b9d) Importer(2089858483,0ecaa5967403d082aa24f35e1b516d23)
Start importing Assets/Toby Fredson/The Toby Foliage Engine/(TTFE)_Core/Shaders/Default/(TTFE) Terrain using Guid(0efd273d468ab8340a0e726ce4667b9d) Importer(2089858483,0ecaa5967403d082aa24f35e1b516d23) [PhysX] Initialized MultithreadedTaskDispatcher with 16 workers.
 -> (artifact id: '5b40e3f938923fc5110af7fe1277197b') in 0.021407 seconds
Number of updated asset objects reloaded before import = 0
Number of asset objects unloaded after import = 1
========================================================================
Received Import Request.
  Time since last request: 0.000051 seconds.
  path: Assets/Toby Fredson/The Toby Foliage Engine/(TTFE)_Core/Shaders/Default/(TTFE) Simple Cliff Masked.shader
  artifactKey: Guid(40281aef83c984b4b9afe49e6e17271e) Importer(2089858483,0ecaa5967403d082aa24f35e1b516d23)
Start importing Assets/Toby Fredson/The Toby Foliage Engine/(TTFE)_Core/Shaders/Default/(TTFE) Simple Cliff Masked.shader using Guid(40281aef83c984b4b9afe49e6e17271e) Importer(2089858483,0ecaa5967403d082aa24f35e1b516d23) [PhysX] Initialized MultithreadedTaskDispatcher with 16 workers.
 -> (artifact id: '6c87d3b9234defe3a8f32b569479c9ee') in 0.025661 seconds
Number of updated asset objects reloaded before import = 0
Number of asset objects unloaded after import = 1
========================================================================
Received Import Request.
  Time since last request: 0.000033 seconds.
  path: Assets/Toby Fredson/The Toby Foliage Engine/(TTFE)_Core/Shaders/Default/(TTFE) Terrain/(TTFE) Terrain Snow.mat
  artifactKey: Guid(28c710ae5a5761446af9a0d5c9a079e2) Importer(2089858483,0ecaa5967403d082aa24f35e1b516d23)
Start importing Assets/Toby Fredson/The Toby Foliage Engine/(TTFE)_Core/Shaders/Default/(TTFE) Terrain/(TTFE) Terrain Snow.mat using Guid(28c710ae5a5761446af9a0d5c9a079e2) Importer(2089858483,0ecaa5967403d082aa24f35e1b516d23) [PhysX] Initialized MultithreadedTaskDispatcher with 16 workers.
Shader 'Toby Fredson/The Toby Foliage Engine/(TTFE) Terrain Snow': dependency 'BaseMapShader' shader 'Toby Fredson/The Toby Foliage Engine/(TTFE) Terrain Snow BasePass' not found
Shader 'Toby Fredson/The Toby Foliage Engine/(TTFE) Terrain Snow': dependency 'AddPassShader' shader 'Toby Fredson/The Toby Foliage Engine/(TTFE) Terrain Snow AddPass' not found
Shader 'Toby Fredson/The Toby Foliage Engine/(TTFE) Terrain Snow': dependency 'BaseMapShader' shader 'Toby Fredson/The Toby Foliage Engine/(TTFE) Terrain Snow BasePass' not found
Shader 'Toby Fredson/The Toby Foliage Engine/(TTFE) Terrain Snow': dependency 'AddPassShader' shader 'Toby Fredson/The Toby Foliage Engine/(TTFE) Terrain Snow AddPass' not found
 -> (artifact id: 'ecac7c4cfbe87b053b82b2ef052f9c6b') in 0.036935 seconds
Number of updated asset objects reloaded before import = 0
Number of asset objects unloaded after import = 3
========================================================================
Received Import Request.
  Time since last request: 0.000039 seconds.
  path: Assets/Toby Fredson/The Toby Foliage Engine/(TTFE)_Demo/Materials/Materials_TTFE (Defaults)/TTFE_Billboard.mat
  artifactKey: Guid(c6386c8aefe1b7048b0ea97849c94061) Importer(2089858483,0ecaa5967403d082aa24f35e1b516d23)
Start importing Assets/Toby Fredson/The Toby Foliage Engine/(TTFE)_Demo/Materials/Materials_TTFE (Defaults)/TTFE_Billboard.mat using Guid(c6386c8aefe1b7048b0ea97849c94061) Importer(2089858483,0ecaa5967403d082aa24f35e1b516d23) [PhysX] Initialized MultithreadedTaskDispatcher with 16 workers.
 -> (artifact id: '6ba51b9310e57d3d5f0740d0cce68e1c') in 0.240423 seconds
Number of updated asset objects reloaded before import = 0
Number of asset objects unloaded after import = 2
========================================================================
Received Import Request.
  Time since last request: 0.000042 seconds.
  path: Assets/Toby Fredson/The Toby Foliage Engine/(TTFE)_Core/Resources/(TTFE) GLOBAL CONTROLLER/TTFE_Wind Gizmo/TTFE_Utility Resources/(TTFE)GlobalGizmo_Albedo.png
  artifactKey: Guid(4465c0aae8371694d8400e4dc45b23e3) Importer(2089858483,0ecaa5967403d082aa24f35e1b516d23)
Start importing Assets/Toby Fredson/The Toby Foliage Engine/(TTFE)_Core/Resources/(TTFE) GLOBAL CONTROLLER/TTFE_Wind Gizmo/TTFE_Utility Resources/(TTFE)GlobalGizmo_Albedo.png using Guid(4465c0aae8371694d8400e4dc45b23e3) Importer(2089858483,0ecaa5967403d082aa24f35e1b516d23) [PhysX] Initialized MultithreadedTaskDispatcher with 16 workers.
 -> (artifact id: 'd3e6a7a01f2b158b0d989cf0e7756884') in 0.033572 seconds
Number of updated asset objects reloaded before import = 0
Number of asset objects unloaded after import = 1
========================================================================
Received Import Request.
  Time since last request: 0.000051 seconds.
  path: Assets/Toby Fredson/The Toby Foliage Engine/(TTFE)_Demo/Post Processing/PP_(Built-in)/The Toby Foliage Engine_PP.asset
  artifactKey: Guid(069b2b2a0d94586448b5a830d50e9eff) Importer(2089858483,0ecaa5967403d082aa24f35e1b516d23)
Start importing Assets/Toby Fredson/The Toby Foliage Engine/(TTFE)_Demo/Post Processing/PP_(Built-in)/The Toby Foliage Engine_PP.asset using Guid(069b2b2a0d94586448b5a830d50e9eff) Importer(2089858483,0ecaa5967403d082aa24f35e1b516d23) [PhysX] Initialized MultithreadedTaskDispatcher with 16 workers.
 -> (artifact id: '7d6b92f0a26029afbd683f0b4b8b7178') in 0.024703 seconds
Number of updated asset objects reloaded before import = 0
Number of asset objects unloaded after import = 8
========================================================================
Received Import Request.
  Time since last request: 0.000034 seconds.
  path: Assets/Toby Fredson/The Toby Foliage Engine/(TTFE)_Demo/Textures
  artifactKey: Guid(8376dcc25cc30af40a473e8e1f10caf5) Importer(2089858483,0ecaa5967403d082aa24f35e1b516d23)
Start importing Assets/Toby Fredson/The Toby Foliage Engine/(TTFE)_Demo/Textures using Guid(8376dcc25cc30af40a473e8e1f10caf5) Importer(2089858483,0ecaa5967403d082aa24f35e1b516d23) [PhysX] Initialized MultithreadedTaskDispatcher with 16 workers.
 -> (artifact id: '80d72f6eadceef44f46c8915409b3b91') in 0.019233 seconds
Number of updated asset objects reloaded before import = 0
Number of asset objects unloaded after import = 1
========================================================================
Received Import Request.
  Time since last request: 0.000041 seconds.
  path: Assets/Toby Fredson/The Toby Foliage Engine/(TTFE)_Demo/Materials/Materials_Helpers/Helper 2.mat
  artifactKey: Guid(3cfcee7d6f0ad94478797ca83e475126) Importer(2089858483,0ecaa5967403d082aa24f35e1b516d23)
Start importing Assets/Toby Fredson/The Toby Foliage Engine/(TTFE)_Demo/Materials/Materials_Helpers/Helper 2.mat using Guid(3cfcee7d6f0ad94478797ca83e475126) Importer(2089858483,0ecaa5967403d082aa24f35e1b516d23) [PhysX] Initialized MultithreadedTaskDispatcher with 16 workers.
 -> (artifact id: '35645a2fe910055902f877614dee00e6') in 0.022731 seconds
Number of updated asset objects reloaded before import = 0
Number of asset objects unloaded after import = 1
========================================================================
Received Import Request.
  Time since last request: 0.000044 seconds.
  path: Assets/Toby Fredson/The Toby Foliage Engine/(TTFE)_Demo/Textures/Textures_Helpers/RHEWP_TTFE Infoboard.png
  artifactKey: Guid(4666712f3e36fe241993e8de7f6966c8) Importer(2089858483,0ecaa5967403d082aa24f35e1b516d23)
Start importing Assets/Toby Fredson/The Toby Foliage Engine/(TTFE)_Demo/Textures/Textures_Helpers/RHEWP_TTFE Infoboard.png using Guid(4666712f3e36fe241993e8de7f6966c8) Importer(2089858483,0ecaa5967403d082aa24f35e1b516d23) [PhysX] Initialized MultithreadedTaskDispatcher with 16 workers.
 -> (artifact id: 'f8a86d8087562da49b798f8964d8c575') in 0.029695 seconds
Number of updated asset objects reloaded before import = 0
Number of asset objects unloaded after import = 1
========================================================================
Received Import Request.
  Time since last request: 0.000041 seconds.
  path: Assets/Toby Fredson/The Toby Foliage Engine/(TTFE)_Demo/Materials/Materials_Static
  artifactKey: Guid(4b86824ab822ae64da3d0e7bf896ee43) Importer(2089858483,0ecaa5967403d082aa24f35e1b516d23)
Start importing Assets/Toby Fredson/The Toby Foliage Engine/(TTFE)_Demo/Materials/Materials_Static using Guid(4b86824ab822ae64da3d0e7bf896ee43) Importer(2089858483,0ecaa5967403d082aa24f35e1b516d23) [PhysX] Initialized MultithreadedTaskDispatcher with 16 workers.
 -> (artifact id: '3767d0f87ee7b84ea6b38a27dc48a5c1') in 0.019911 seconds
Number of updated asset objects reloaded before import = 0
Number of asset objects unloaded after import = 1
========================================================================
Received Import Request.
  Time since last request: 0.000050 seconds.
  path: Assets/Toby Fredson/The Toby Foliage Engine/(TTFE)_Core/Shaders/Drawer
  artifactKey: Guid(ea4d073473000bd42b8cf1ee340a86cd) Importer(2089858483,0ecaa5967403d082aa24f35e1b516d23)
Start importing Assets/Toby Fredson/The Toby Foliage Engine/(TTFE)_Core/Shaders/Drawer using Guid(ea4d073473000bd42b8cf1ee340a86cd) Importer(2089858483,0ecaa5967403d082aa24f35e1b516d23) [PhysX] Initialized MultithreadedTaskDispatcher with 16 workers.
 -> (artifact id: '22a9639de9fda828cc1528927878fe5b') in 0.018316 seconds
Number of updated asset objects reloaded before import = 0
Number of asset objects unloaded after import = 1
========================================================================
Received Import Request.
  Time since last request: 0.000042 seconds.
  path: Assets/Toby Fredson/The Toby Foliage Engine/(TTFE)_Demo/Meshes/Meshes_Vegetation/MV_Trees and Bushes/ShrubBush_C.fbx
  artifactKey: Guid(94929a437d7f2d046bf20664b3227aa4) Importer(2089858483,0ecaa5967403d082aa24f35e1b516d23)
Start importing Assets/Toby Fredson/The Toby Foliage Engine/(TTFE)_Demo/Meshes/Meshes_Vegetation/MV_Trees and Bushes/ShrubBush_C.fbx using Guid(94929a437d7f2d046bf20664b3227aa4) Importer(2089858483,0ecaa5967403d082aa24f35e1b516d23) [PhysX] Initialized MultithreadedTaskDispatcher with 16 workers.
 -> (artifact id: 'b3a0a49a71adf1c95114d4b045990285') in 0.055289 seconds
Number of updated asset objects reloaded before import = 0
Number of asset objects unloaded after import = 40
========================================================================
Received Import Request.
  Time since last request: 0.000044 seconds.
  path: Assets/Toby Fredson/The Toby Foliage Engine/(TTFE)_Demo/Textures/Textures_Static/CliffRockTTFEL_B_Normal.png
  artifactKey: Guid(5af57fde76c871440aa83608609d6cd1) Importer(2089858483,0ecaa5967403d082aa24f35e1b516d23)
Start importing Assets/Toby Fredson/The Toby Foliage Engine/(TTFE)_Demo/Textures/Textures_Static/CliffRockTTFEL_B_Normal.png using Guid(5af57fde76c871440aa83608609d6cd1) Importer(2089858483,0ecaa5967403d082aa24f35e1b516d23) [PhysX] Initialized MultithreadedTaskDispatcher with 16 workers.
 -> (artifact id: '51f77488f16eaa5d620907b5ee544d11') in 0.066213 seconds
Number of updated asset objects reloaded before import = 0
Number of asset objects unloaded after import = 1
========================================================================
Received Import Request.
  Time since last request: 0.000043 seconds.
  path: Assets/Toby Fredson/The Toby Foliage Engine/(TTFE)_Demo/Materials/Materials_TTFE (Defaults)/TTFE_Leaves.mat
  artifactKey: Guid(f23230ef521a56b42b71aed1fdf13a31) Importer(2089858483,0ecaa5967403d082aa24f35e1b516d23)
Start importing Assets/Toby Fredson/The Toby Foliage Engine/(TTFE)_Demo/Materials/Materials_TTFE (Defaults)/TTFE_Leaves.mat using Guid(f23230ef521a56b42b71aed1fdf13a31) Importer(2089858483,0ecaa5967403d082aa24f35e1b516d23) [PhysX] Initialized MultithreadedTaskDispatcher with 16 workers.
 -> (artifact id: '41277d3f4b6a3838f27cf4eaf29cec6b') in 0.760337 seconds
Number of updated asset objects reloaded before import = 0
Number of asset objects unloaded after import = 3
========================================================================
Received Import Request.
  Time since last request: 0.000049 seconds.
  path: Assets/Toby Fredson/The Toby Foliage Engine/(TTFE)_Core/Resources/(TTFE) GLOBAL CONTROLLER/Scripts/TobyConstants.cs
  artifactKey: Guid(6a7073d6a76b93b4b93cd0e2e702f0b4) Importer(2089858483,0ecaa5967403d082aa24f35e1b516d23)
Start importing Assets/Toby Fredson/The Toby Foliage Engine/(TTFE)_Core/Resources/(TTFE) GLOBAL CONTROLLER/Scripts/TobyConstants.cs using Guid(6a7073d6a76b93b4b93cd0e2e702f0b4) Importer(2089858483,0ecaa5967403d082aa24f35e1b516d23) [PhysX] Initialized MultithreadedTaskDispatcher with 16 workers.
 -> (artifact id: '7a23cbeabfe631c61cca2da5d826985f') in 0.020220 seconds
Number of updated asset objects reloaded before import = 0
Number of asset objects unloaded after import = 1
========================================================================
Received Import Request.
  Time since last request: 0.000049 seconds.
  path: Assets/Toby Fredson/The Toby Foliage Engine/(TTFE)_Demo/Materials/Materials_Vegetation/MV_Plants/Grass_Main.mat
  artifactKey: Guid(375416245d95ec64290f92d1beb54ca6) Importer(2089858483,0ecaa5967403d082aa24f35e1b516d23)
Start importing Assets/Toby Fredson/The Toby Foliage Engine/(TTFE)_Demo/Materials/Materials_Vegetation/MV_Plants/Grass_Main.mat using Guid(375416245d95ec64290f92d1beb54ca6) Importer(2089858483,0ecaa5967403d082aa24f35e1b516d23) [PhysX] Initialized MultithreadedTaskDispatcher with 16 workers.
 -> (artifact id: '10e1d43674c9396f57cb8390f31fc3ce') in 0.125417 seconds
Number of updated asset objects reloaded before import = 0
Number of asset objects unloaded after import = 7
========================================================================
Received Import Request.
  Time since last request: 0.000042 seconds.
  path: Assets/Toby Fredson/The Toby Foliage Engine/(TTFE)_Demo/Textures/Textures_Cubemaps
  artifactKey: Guid(3f4cf94f0125d2b4b9ee47bb96014908) Importer(2089858483,0ecaa5967403d082aa24f35e1b516d23)
Start importing Assets/Toby Fredson/The Toby Foliage Engine/(TTFE)_Demo/Textures/Textures_Cubemaps using Guid(3f4cf94f0125d2b4b9ee47bb96014908) Importer(2089858483,0ecaa5967403d082aa24f35e1b516d23) [PhysX] Initialized MultithreadedTaskDispatcher with 16 workers.
 -> (artifact id: 'f972c64f701a12069ff98aae610b3bc3') in 0.018661 seconds
Number of updated asset objects reloaded before import = 0
Number of asset objects unloaded after import = 1
========================================================================
Received Import Request.
  Time since last request: 0.000055 seconds.
  path: Assets/Toby Fredson/The Toby Foliage Engine/(TTFE)_Core/Pipelines/Extras
  artifactKey: Guid(5339b3fcdb0c7a043b6815db10d3ea21) Importer(2089858483,0ecaa5967403d082aa24f35e1b516d23)
Start importing Assets/Toby Fredson/The Toby Foliage Engine/(TTFE)_Core/Pipelines/Extras using Guid(5339b3fcdb0c7a043b6815db10d3ea21) Importer(2089858483,0ecaa5967403d082aa24f35e1b516d23) [PhysX] Initialized MultithreadedTaskDispatcher with 16 workers.
 -> (artifact id: '1eb425f215cf4a6281137876f1a7ed79') in 0.016401 seconds
Number of updated asset objects reloaded before import = 0
Number of asset objects unloaded after import = 1
========================================================================
Received Import Request.
  Time since last request: 0.000046 seconds.
  path: Assets/Realistic Tree/Prefabs/Standard/Birch
  artifactKey: Guid(c928d9e16b7171a43a902e5613994e48) Importer(2089858483,0ecaa5967403d082aa24f35e1b516d23)
Start importing Assets/Realistic Tree/Prefabs/Standard/Birch using Guid(c928d9e16b7171a43a902e5613994e48) Importer(2089858483,0ecaa5967403d082aa24f35e1b516d23) [PhysX] Initialized MultithreadedTaskDispatcher with 16 workers.
 -> (artifact id: '7c663de6ed6b09c6dd519be5b1737522') in 0.017108 seconds
Number of updated asset objects reloaded before import = 0
Number of asset objects unloaded after import = 1
========================================================================
Received Import Request.
  Time since last request: 0.000033 seconds.
  path: Assets/Realistic Tree/Source/Models/Birch/Birch_7.fbx
  artifactKey: Guid(78b4adbe06b07174291600873fa98c87) Importer(2089858483,0ecaa5967403d082aa24f35e1b516d23)
Start importing Assets/Realistic Tree/Source/Models/Birch/Birch_7.fbx using Guid(78b4adbe06b07174291600873fa98c87) Importer(2089858483,0ecaa5967403d082aa24f35e1b516d23) [PhysX] Initialized MultithreadedTaskDispatcher with 16 workers.
 -> (artifact id: '74bb4bfa7efb0fb37f228203be31c241') in 0.042248 seconds
Number of updated asset objects reloaded before import = 0
Number of asset objects unloaded after import = 45
========================================================================
Received Import Request.
  Time since last request: 0.000039 seconds.
  path: Assets/Realistic Tree/Source/Models/Spruce
  artifactKey: Guid(9d1dd9d66b7e17b48a230e906d66a118) Importer(2089858483,0ecaa5967403d082aa24f35e1b516d23)
Start importing Assets/Realistic Tree/Source/Models/Spruce using Guid(9d1dd9d66b7e17b48a230e906d66a118) Importer(2089858483,0ecaa5967403d082aa24f35e1b516d23) [PhysX] Initialized MultithreadedTaskDispatcher with 16 workers.
 -> (artifact id: '824e098523a6f1f8927badcd5bff4762') in 0.020428 seconds
Number of updated asset objects reloaded before import = 0
Number of asset objects unloaded after import = 1
========================================================================
Received Import Request.
  Time since last request: 0.000040 seconds.
  path: Assets/Grass And Flowers Pack 1/Flower/Flower 18.png
  artifactKey: Guid(2b4795ec84b4b624b8058045b2a0d6e7) Importer(2089858483,0ecaa5967403d082aa24f35e1b516d23)
Start importing Assets/Grass And Flowers Pack 1/Flower/Flower 18.png using Guid(2b4795ec84b4b624b8058045b2a0d6e7) Importer(2089858483,0ecaa5967403d082aa24f35e1b516d23) [PhysX] Initialized MultithreadedTaskDispatcher with 16 workers.
 -> (artifact id: '6258aa864ede2dac4425f5dd154ad542') in 0.045158 seconds
Number of updated asset objects reloaded before import = 0
Number of asset objects unloaded after import = 1
========================================================================
Received Import Request.
  Time since last request: 0.000053 seconds.
  path: Assets/Toby Fredson/The Toby Foliage Engine/(TTFE)_Demo/Meshes/Meshes_Vegetation/MV_Static/RocksTTFEL_F.fbx
  artifactKey: Guid(2cc067b38bf058348a03968af68dd30b) Importer(2089858483,0ecaa5967403d082aa24f35e1b516d23)
Start importing Assets/Toby Fredson/The Toby Foliage Engine/(TTFE)_Demo/Meshes/Meshes_Vegetation/MV_Static/RocksTTFEL_F.fbx using Guid(2cc067b38bf058348a03968af68dd30b) Importer(2089858483,0ecaa5967403d082aa24f35e1b516d23) [PhysX] Initialized MultithreadedTaskDispatcher with 16 workers.
 -> (artifact id: 'edacf36acd09caa4d06658387fa68ec2') in 0.034009 seconds
Number of updated asset objects reloaded before import = 0
Number of asset objects unloaded after import = 7
========================================================================
Received Import Request.
  Time since last request: 0.000042 seconds.
  path: Assets/Realistic Tree/Source/Materials/URP/Leaves/Chestnut/Chestnut_3.mat
  artifactKey: Guid(1108f40d5bfa65f4aa6ce317759d09c1) Importer(2089858483,0ecaa5967403d082aa24f35e1b516d23)
Start importing Assets/Realistic Tree/Source/Materials/URP/Leaves/Chestnut/Chestnut_3.mat using Guid(1108f40d5bfa65f4aa6ce317759d09c1) Importer(2089858483,0ecaa5967403d082aa24f35e1b516d23) [PhysX] Initialized MultithreadedTaskDispatcher with 16 workers.
 -> (artifact id: '35f8fbbd961a3d5a944bd96d5da2b1e5') in 0.028793 seconds
Number of updated asset objects reloaded before import = 0
Number of asset objects unloaded after import = 3
========================================================================
Received Import Request.
  Time since last request: 0.000041 seconds.
  path: Assets/Realistic Tree/Source/Materials/Standard/Bark
  artifactKey: Guid(170cf8ad17161c84383ed96dce65d963) Importer(2089858483,0ecaa5967403d082aa24f35e1b516d23)
Start importing Assets/Realistic Tree/Source/Materials/Standard/Bark using Guid(170cf8ad17161c84383ed96dce65d963) Importer(2089858483,0ecaa5967403d082aa24f35e1b516d23) [PhysX] Initialized MultithreadedTaskDispatcher with 16 workers.
 -> (artifact id: 'f1ad1439fb329b0c438d6d4a4076008f') in 0.021452 seconds
Number of updated asset objects reloaded before import = 0
Number of asset objects unloaded after import = 1
========================================================================
Received Import Request.
  Time since last request: 0.000040 seconds.
  path: Assets/Realistic Tree/Prefabs/Standard/Spruce/Spruce 5.prefab
  artifactKey: Guid(bfb99cffc6cdd7649a853469e30f5610) Importer(2089858483,0ecaa5967403d082aa24f35e1b516d23)
Start importing Assets/Realistic Tree/Prefabs/Standard/Spruce/Spruce 5.prefab using Guid(bfb99cffc6cdd7649a853469e30f5610) Importer(2089858483,0ecaa5967403d082aa24f35e1b516d23) [PhysX] Initialized MultithreadedTaskDispatcher with 16 workers.
 -> (artifact id: 'f02c30a0c76fc4fd4e3a485a34671351') in 0.034952 seconds
Number of updated asset objects reloaded before import = 0
Number of asset objects unloaded after import = 67
========================================================================
Received Import Request.
  Time since last request: 0.000052 seconds.
  path: Assets/Realistic Tree/Source/Textures/Weeping Willow/Leaf_1.png
  artifactKey: Guid(049ecb8269d66dd47be1028f11cf3b22) Importer(2089858483,0ecaa5967403d082aa24f35e1b516d23)
Start importing Assets/Realistic Tree/Source/Textures/Weeping Willow/Leaf_1.png using Guid(049ecb8269d66dd47be1028f11cf3b22) Importer(2089858483,0ecaa5967403d082aa24f35e1b516d23) [PhysX] Initialized MultithreadedTaskDispatcher with 16 workers.
 -> (artifact id: '642f661b17147cff33a85c64c227c520') in 0.031318 seconds
Number of updated asset objects reloaded before import = 0
Number of asset objects unloaded after import = 1
========================================================================
Received Import Request.
  Time since last request: 0.000036 seconds.
  path: Assets/Realistic Tree/Prefabs/URP/Ash/Ash 5.prefab
  artifactKey: Guid(396e4e2bcb4c3374c90c240769020c51) Importer(2089858483,0ecaa5967403d082aa24f35e1b516d23)
Start importing Assets/Realistic Tree/Prefabs/URP/Ash/Ash 5.prefab using Guid(396e4e2bcb4c3374c90c240769020c51) Importer(2089858483,0ecaa5967403d082aa24f35e1b516d23) [PhysX] Initialized MultithreadedTaskDispatcher with 16 workers.
 -> (artifact id: '3ed5c7e8bbe80757a833a5b6b0e4db5d') in 0.090225 seconds
Number of updated asset objects reloaded before import = 0
Number of asset objects unloaded after import = 69
========================================================================
Received Import Request.
  Time since last request: 0.000035 seconds.
  path: Assets/Realistic Tree/Source/Materials/URP/Leaves/Weeping Willow/Weeping_Willow_Small.mat
  artifactKey: Guid(4921172807d6f5c4ead7d2136fd2c440) Importer(2089858483,0ecaa5967403d082aa24f35e1b516d23)
Start importing Assets/Realistic Tree/Source/Materials/URP/Leaves/Weeping Willow/Weeping_Willow_Small.mat using Guid(4921172807d6f5c4ead7d2136fd2c440) Importer(2089858483,0ecaa5967403d082aa24f35e1b516d23) [PhysX] Initialized MultithreadedTaskDispatcher with 16 workers.
 -> (artifact id: 'd850cd682207b18e816fd43b370d47fa') in 0.024918 seconds
Number of updated asset objects reloaded before import = 0
Number of asset objects unloaded after import = 3
========================================================================
Received Import Request.
  Time since last request: 0.000042 seconds.
  path: Assets/Realistic Tree/Source/Textures/Weeping Willow/Leaf_2.png
  artifactKey: Guid(c3b96ba40dbb76f48b5684735cc3106c) Importer(2089858483,0ecaa5967403d082aa24f35e1b516d23)
Start importing Assets/Realistic Tree/Source/Textures/Weeping Willow/Leaf_2.png using Guid(c3b96ba40dbb76f48b5684735cc3106c) Importer(2089858483,0ecaa5967403d082aa24f35e1b516d23) [PhysX] Initialized MultithreadedTaskDispatcher with 16 workers.
 -> (artifact id: '6f5a9b7a7f0d9e42bc98e40df879a3f8') in 0.033247 seconds
Number of updated asset objects reloaded before import = 0
Number of asset objects unloaded after import = 1
========================================================================
Received Import Request.
  Time since last request: 0.000068 seconds.
  path: Assets/Realistic Tree/Prefabs/HDRP/Spruce/Spruce 9.prefab
  artifactKey: Guid(3604e9d4c9e4cc047909cb7c30ce7587) Importer(2089858483,0ecaa5967403d082aa24f35e1b516d23)
Start importing Assets/Realistic Tree/Prefabs/HDRP/Spruce/Spruce 9.prefab using Guid(3604e9d4c9e4cc047909cb7c30ce7587) Importer(2089858483,0ecaa5967403d082aa24f35e1b516d23) [PhysX] Initialized MultithreadedTaskDispatcher with 16 workers.
 -> (artifact id: '366851be8fff355dce3fa95da5f50df7') in 0.035366 seconds
Number of updated asset objects reloaded before import = 0
Number of asset objects unloaded after import = 67
========================================================================
Received Import Request.
  Time since last request: 0.000036 seconds.
  path: Assets/seaShell/Solitary Stone.002_LOD0.prefab
  artifactKey: Guid(44a4d55a8e892cd419caf456f34db279) Importer(2089858483,0ecaa5967403d082aa24f35e1b516d23)
Start importing Assets/seaShell/Solitary Stone.002_LOD0.prefab using Guid(44a4d55a8e892cd419caf456f34db279) Importer(2089858483,0ecaa5967403d082aa24f35e1b516d23) [PhysX] Initialized MultithreadedTaskDispatcher with 16 workers.
 -> (artifact id: 'bce6cd024463c7fff36b94ce623d9a8c') in 0.024821 seconds
Number of updated asset objects reloaded before import = 0
Number of asset objects unloaded after import = 7
========================================================================
Received Import Request.
  Time since last request: 0.000043 seconds.
  path: Assets/Terrain/TerrainData_33e4d6dd-9d4c-4de9-b6a3-c2f911a63708.asset
  artifactKey: Guid(48f7045463e6df449a9b1229992279a1) Importer(2089858483,0ecaa5967403d082aa24f35e1b516d23)
Start importing Assets/Terrain/TerrainData_33e4d6dd-9d4c-4de9-b6a3-c2f911a63708.asset using Guid(48f7045463e6df449a9b1229992279a1) Importer(2089858483,0ecaa5967403d082aa24f35e1b516d23) [PhysX] Initialized MultithreadedTaskDispatcher with 16 workers.
 -> (artifact id: '75dd768e540f5db2f357d7bc17dbb2f4') in 0.143025 seconds
Number of updated asset objects reloaded before import = 0
Number of asset objects unloaded after import = 2
========================================================================
Received Import Request.
  Time since last request: 0.000061 seconds.
  path: Assets/Realistic Tree/Source/Textures/Ash/Ash_Bark.png
  artifactKey: Guid(155b3dfe4ba28214384025db4839ab67) Importer(2089858483,0ecaa5967403d082aa24f35e1b516d23)
Start importing Assets/Realistic Tree/Source/Textures/Ash/Ash_Bark.png using Guid(155b3dfe4ba28214384025db4839ab67) Importer(2089858483,0ecaa5967403d082aa24f35e1b516d23) [PhysX] Initialized MultithreadedTaskDispatcher with 16 workers.
 -> (artifact id: 'bbdd13ab8ba779e9ab108b8399bfea9a') in 0.033001 seconds
Number of updated asset objects reloaded before import = 0
Number of asset objects unloaded after import = 1
========================================================================
Received Import Request.
  Time since last request: 0.000037 seconds.
  path: Assets/Realistic Tree/Source/Textures/Chestnut/Chestnut_Bark.png
  artifactKey: Guid(661adfe1daaf31a4c862de76e5c0456c) Importer(2089858483,0ecaa5967403d082aa24f35e1b516d23)
Start importing Assets/Realistic Tree/Source/Textures/Chestnut/Chestnut_Bark.png using Guid(661adfe1daaf31a4c862de76e5c0456c) Importer(2089858483,0ecaa5967403d082aa24f35e1b516d23) [PhysX] Initialized MultithreadedTaskDispatcher with 16 workers.
 -> (artifact id: '8e1246c1e2e2293052c1fdafa8fc3281') in 0.043106 seconds
Number of updated asset objects reloaded before import = 0
Number of asset objects unloaded after import = 1
========================================================================
Received Import Request.
  Time since last request: 0.000041 seconds.
  path: Assets/Realistic Tree/Source/Textures/Weeping Willow/Willow_Bark.png
  artifactKey: Guid(3a06cad5fbf54064b831133531eb46f6) Importer(2089858483,0ecaa5967403d082aa24f35e1b516d23)
Start importing Assets/Realistic Tree/Source/Textures/Weeping Willow/Willow_Bark.png using Guid(3a06cad5fbf54064b831133531eb46f6) Importer(2089858483,0ecaa5967403d082aa24f35e1b516d23) [PhysX] Initialized MultithreadedTaskDispatcher with 16 workers.
 -> (artifact id: '5a152db20c50d946edde9a1f71ef6aef') in 0.056677 seconds
Number of updated asset objects reloaded before import = 0
Number of asset objects unloaded after import = 1
========================================================================
Received Import Request.
  Time since last request: 0.000036 seconds.
  path: Assets/Realistic Tree/Source/Materials/URP/Falling Leaves/Ash_Single.png
  artifactKey: Guid(9bb9d8116f9401946a9d73ca352728d6) Importer(2089858483,0ecaa5967403d082aa24f35e1b516d23)
Start importing Assets/Realistic Tree/Source/Materials/URP/Falling Leaves/Ash_Single.png using Guid(9bb9d8116f9401946a9d73ca352728d6) Importer(2089858483,0ecaa5967403d082aa24f35e1b516d23) [PhysX] Initialized MultithreadedTaskDispatcher with 16 workers.
 -> (artifact id: 'f75ff754915744d6be14b0670a9a4d96') in 0.044412 seconds
Number of updated asset objects reloaded before import = 0
Number of asset objects unloaded after import = 1
Editor requested this worker to shutdown with reason: Scaling down because of idle timeout
TcpMessagingSession - receive error: operation aborted. errorcode: 995, details: Der E/A-Vorgang wurde wegen eines Threadendes oder einer Anwendungsanforderung abgebrochen.
AssetImportWorker is now disconnected from the server
Process exiting
Exiting without the bug reporter. Application will terminate with return code 0