Using pre-set license
Built from '2022.3/staging' branch; Version is '2022.3.62f1 (4af31df58517) revision 4911901'; Using compiler version '192829333'; Build Type 'Release'
OS: 'Windows 10  (10.0.19045) 64bit Professional' Language: 'de' Physical Memory: 32700 MB
BatchMode: 1, IsHumanControllingUs: 0, StartBugReporterOnCrash: 0, Is64bit: 1, IsPro: 1

COMMAND LINE ARGUMENTS:
C:\Program Files\Unity\Hub\Editor\2022.3.62f1\Editor\Unity.exe
-adb2
-batchMode
-noUpm
-name
AssetImportWorker31
-projectPath
C:/StudentProjects/Serious game group 18/My project
-logFile
Logs/AssetImportWorker31.log
-srvPort
58467
Successfully changed project path to: C:/StudentProjects/Serious game group 18/My project
C:/StudentProjects/Serious game group 18/My project
[UnityMemory] Configuration Parameters - Can be set up in boot.config
    "memorysetup-bucket-allocator-granularity=16"
    "memorysetup-bucket-allocator-bucket-count=8"
    "memorysetup-bucket-allocator-block-size=33554432"
    "memorysetup-bucket-allocator-block-count=8"
    "memorysetup-main-allocator-block-size=16777216"
    "memorysetup-thread-allocator-block-size=16777216"
    "memorysetup-gfx-main-allocator-block-size=16777216"
    "memorysetup-gfx-thread-allocator-block-size=16777216"
    "memorysetup-cache-allocator-block-size=4194304"
    "memorysetup-typetree-allocator-block-size=2097152"
    "memorysetup-profiler-bucket-allocator-granularity=16"
    "memorysetup-profiler-bucket-allocator-bucket-count=8"
    "memorysetup-profiler-bucket-allocator-block-size=33554432"
    "memorysetup-profiler-bucket-allocator-block-count=8"
    "memorysetup-profiler-allocator-block-size=16777216"
    "memorysetup-profiler-editor-allocator-block-size=1048576"
    "memorysetup-temp-allocator-size-main=16777216"
    "memorysetup-job-temp-allocator-block-size=2097152"
    "memorysetup-job-temp-allocator-block-size-background=1048576"
    "memorysetup-job-temp-allocator-reduction-small-platforms=262144"
    "memorysetup-allocator-temp-initial-block-size-main=262144"
    "memorysetup-allocator-temp-initial-block-size-worker=262144"
    "memorysetup-temp-allocator-size-background-worker=32768"
    "memorysetup-temp-allocator-size-job-worker=262144"
    "memorysetup-temp-allocator-size-preload-manager=33554432"
    "memorysetup-temp-allocator-size-nav-mesh-worker=65536"
    "memorysetup-temp-allocator-size-audio-worker=65536"
    "memorysetup-temp-allocator-size-cloud-worker=32768"
    "memorysetup-temp-allocator-size-gi-baking-worker=262144"
    "memorysetup-temp-allocator-size-gfx=262144"
Player connection [24120]  Target information:

Player connection [24120]  * "[IP] 192.168.253.171 [Port] 0 [Flags] 2 [Guid] 2087935848 [EditorId] 2087935848 [Version] 1048832 [Id] WindowsEditor(7,DESKTOP-66DGGND) [Debug] 1 [PackageName] WindowsEditor [ProjectName] Editor" 

Player connection [24120] Host joined multi-casting on [225.0.0.222:54997]...
Player connection [24120] Host joined alternative multi-casting on [225.0.0.222:34997]...
Input System module state changed to: Initialized.
[PhysX] Initialized MultithreadedTaskDispatcher with 16 workers.
Refreshing native plugins compatible for Editor in 58.61 ms, found 12 plugins.
Preloading 0 native plugins for Editor in 0.00 ms.
Initialize engine version: 2022.3.62f1 (4af31df58517)
[Subsystems] Discovering subsystems at path C:/Program Files/Unity/Hub/Editor/2022.3.62f1/Editor/Data/Resources/UnitySubsystems
[Subsystems] Discovering subsystems at path C:/StudentProjects/Serious game group 18/My project/Assets
GfxDevice: creating device client; threaded=0; jobified=0
Direct3D:
    Version:  Direct3D 11.0 [level 11.1]
    Renderer: Radeon RX Vega (ID=0x687f)
    Vendor:   ATI
    VRAM:     8119 MB
    Driver:   31.0.12027.9001
Shader 'Fristy/Nature/Leaves': fallback shader 'TransparentCutout' not found
Shader 'Fristy/Nature/Leaves 2': fallback shader 'TransparentCutout' not found
Shader 'Fristy/Nature/Leaves 2': fallback shader 'TransparentCutout' not found
Shader 'Fristy/Nature/Leaves': fallback shader 'TransparentCutout' not found
Initialize mono
Mono path[0] = 'C:/Program Files/Unity/Hub/Editor/2022.3.62f1/Editor/Data/Managed'
Mono path[1] = 'C:/Program Files/Unity/Hub/Editor/2022.3.62f1/Editor/Data/MonoBleedingEdge/lib/mono/unityjit-win32'
Mono config path = 'C:/Program Files/Unity/Hub/Editor/2022.3.62f1/Editor/Data/MonoBleedingEdge/etc'
Using monoOptions --debugger-agent=transport=dt_socket,embedding=1,server=y,suspend=n,address=127.0.0.1:56636
Begin MonoManager ReloadAssembly
Registering precompiled unity dll's ...
Register platform support module: C:/Program Files/Unity/Hub/Editor/2022.3.62f1/Editor/Data/PlaybackEngines/WindowsStandaloneSupport/UnityEditor.WindowsStandalone.Extensions.dll
Registered in 0.013467 seconds.
- Loaded All Assemblies, in  0.539 seconds
Native extension for WindowsStandalone target not found
Mono: successfully reloaded assembly
- Finished resetting the current domain, in  0.383 seconds
Domain Reload Profiling: 920ms
	BeginReloadAssembly (178ms)
		ExecutionOrderSort (0ms)
		DisableScriptedObjects (0ms)
		BackupInstance (0ms)
		ReleaseScriptingObjects (0ms)
		CreateAndSetChildDomain (1ms)
	RebuildCommonClasses (48ms)
	RebuildNativeTypeToScriptingClass (15ms)
	initialDomainReloadingComplete (94ms)
	LoadAllAssembliesAndSetupDomain (202ms)
		LoadAssemblies (173ms)
		RebuildTransferFunctionScriptingTraits (0ms)
		AnalyzeDomain (199ms)
			TypeCache.Refresh (198ms)
				TypeCache.ScanAssembly (175ms)
			ScanForSourceGeneratedMonoScriptInfo (1ms)
			ResolveRequiredComponents (1ms)
	FinalizeReload (384ms)
		ReleaseScriptCaches (0ms)
		RebuildScriptCaches (0ms)
		SetupLoadedEditorAssemblies (319ms)
			LogAssemblyErrors (0ms)
			InitializePlatformSupportModulesInManaged (16ms)
			SetLoadedEditorAssemblies (9ms)
			RefreshPlugins (0ms)
			BeforeProcessingInitializeOnLoad (3ms)
			ProcessInitializeOnLoadAttributes (220ms)
			ProcessInitializeOnLoadMethodAttributes (70ms)
			AfterProcessingInitializeOnLoad (0ms)
			EditorAssembliesLoaded (0ms)
		ExecutionOrderSort2 (0ms)
		AwakeInstancesAfterBackupRestoration (0ms)
========================================================================
Worker process is ready to serve import requests
Caller must complete domain reload
Begin MonoManager ReloadAssembly
- Loaded All Assemblies, in  1.500 seconds
Native extension for WindowsStandalone target not found
Package Manager log level set to [2]
[Package Manager] Server::EnsureServerProcessIsRunning -- launch failed, reason: Unity was launched with the -noUpm command-line argument
[Package Manager] UpmClient::Send -- Unable to send message (not connected to UPM process).
[Package Manager] Cannot connect to Unity Package Manager local server
Mono: successfully reloaded assembly
[Package Manager] Server::EnsureServerProcessIsRunning -- launch failed, reason: Unity was launched with the -noUpm command-line argument
[Package Manager] UpmClient::Send -- Unable to send message (not connected to UPM process).
[Package Manager] Cannot connect to Unity Package Manager local server
[Package Manager] Server::EnsureServerProcessIsRunning -- launch failed, reason: Unity was launched with the -noUpm command-line argument
[Package Manager] UpmClient::Send -- Unable to send message (not connected to UPM process).
[Package Manager] Cannot connect to Unity Package Manager local server
- Finished resetting the current domain, in  1.893 seconds
Domain Reload Profiling: 3385ms
	BeginReloadAssembly (224ms)
		ExecutionOrderSort (0ms)
		DisableScriptedObjects (7ms)
		BackupInstance (0ms)
		ReleaseScriptingObjects (0ms)
		CreateAndSetChildDomain (33ms)
	RebuildCommonClasses (53ms)
	RebuildNativeTypeToScriptingClass (17ms)
	initialDomainReloadingComplete (80ms)
	LoadAllAssembliesAndSetupDomain (1116ms)
		LoadAssemblies (671ms)
		RebuildTransferFunctionScriptingTraits (0ms)
		AnalyzeDomain (567ms)
			TypeCache.Refresh (469ms)
				TypeCache.ScanAssembly (440ms)
			ScanForSourceGeneratedMonoScriptInfo (67ms)
			ResolveRequiredComponents (26ms)
	FinalizeReload (1894ms)
		ReleaseScriptCaches (0ms)
		RebuildScriptCaches (0ms)
		SetupLoadedEditorAssemblies (1499ms)
			LogAssemblyErrors (0ms)
			InitializePlatformSupportModulesInManaged (10ms)
			SetLoadedEditorAssemblies (11ms)
			RefreshPlugins (0ms)
			BeforeProcessingInitializeOnLoad (182ms)
			ProcessInitializeOnLoadAttributes (866ms)
			ProcessInitializeOnLoadMethodAttributes (416ms)
			AfterProcessingInitializeOnLoad (13ms)
			EditorAssembliesLoaded (0ms)
		ExecutionOrderSort2 (0ms)
		AwakeInstancesAfterBackupRestoration (12ms)
WARNING: Shader Unsupported: 'Hidden/Builtin_TerrainVisualization' - All subshaders removed
WARNING: Shader Did you use #pragma only_renderers and omit this platform?
WARNING: Shader If subshaders removal was intentional, you may have forgotten turning Fallback off?
WARNING: Shader Unsupported: 'Hidden/Builtin_TerrainVisualization' - All subshaders removed
WARNING: Shader Did you use #pragma only_renderers and omit this platform?
WARNING: Shader If subshaders removal was intentional, you may have forgotten turning Fallback off?
WARNING: Shader Unsupported: 'Hidden/Universal Render Pipeline/Terrain/Lit (Base Pass)' - All subshaders removed
WARNING: Shader Did you use #pragma only_renderers and omit this platform?
WARNING: Shader If subshaders removal was intentional, you may have forgotten turning Fallback off?
WARNING: Shader Unsupported: 'Hidden/Universal Render Pipeline/Terrain/Lit (Base Pass)' - All subshaders removed
WARNING: Shader Did you use #pragma only_renderers and omit this platform?
WARNING: Shader If subshaders removal was intentional, you may have forgotten turning Fallback off?
WARNING: Shader Unsupported: 'Universal Render Pipeline/Terrain/Lit' - All subshaders removed
WARNING: Shader Did you use #pragma only_renderers and omit this platform?
WARNING: Shader If subshaders removal was intentional, you may have forgotten turning Fallback off?
WARNING: Shader Unsupported: 'Universal Render Pipeline/Terrain/Lit' - All subshaders removed
WARNING: Shader Did you use #pragma only_renderers and omit this platform?
WARNING: Shader If subshaders removal was intentional, you may have forgotten turning Fallback off?
Shader 'Fristy/Nature/Leaves': fallback shader 'TransparentCutout' not found
Shader 'Fristy/Nature/Leaves 2': fallback shader 'TransparentCutout' not found
Shader 'Fristy/Nature/Leaves 2': fallback shader 'TransparentCutout' not found
Shader 'Fristy/Nature/Leaves': fallback shader 'TransparentCutout' not found
Launched and connected shader compiler UnityShaderCompiler.exe after 0.05 seconds
Refreshing native plugins compatible for Editor in 35.19 ms, found 12 plugins.
Preloading 0 native plugins for Editor in 0.00 ms.
Unloading 9314 Unused Serialized files (Serialized files now loaded: 0)
Unloading 167 unused Assets / (7.6 MB). Loaded Objects now: 9854.
Memory consumption went from 501.7 MB to 494.1 MB.
Total: 9.249200 ms (FindLiveObjects: 0.984400 ms CreateObjectMapping: 0.373600 ms MarkObjects: 5.429100 ms  DeleteObjects: 2.460500 ms)

AssetImportParameters requested are different than current active one (requested -> active):
  custom:container-demuxer-ogg: 62fdf1f143b41e24485cea50d1cbac27 -> 
  custom:framework-win-MediaFoundation: 216162199b28c13a410421893ffa2e32 -> 
  custom:container-muxer-webm: aa71ff27fc2769a1b78a27578f13a17b -> 
  custom:video-decoder-webm-vp8: 9c59270c3fd7afecdb556c50c9e8de78 -> 
  custom:SearchIndexIgnoredProperties: e643bd26f0fe6173181afceb89e7c659 -> 
  custom:AudioImporter_EditorPlatform: d09bf68614088b80899f8185d706f6e7 -> 
  custom:audio-decoder-ogg-vorbis: bf7c407c2cedff20999df2af8eb42d56 -> 
  custom:audio-encoder-webm-vorbis: bf7c407c2cedff20999df2af8eb42d56 -> 
  custom:video-codec-MediaFoundation-h265: 746d11721c4dcdbdad8f713fa42b33f4 -> 
  custom:video-decoder-ogg-theora: a1e56fd34408186e4bbccfd4996cb3dc -> 
  custom:CustomObjectIndexerAttribute: 3ead1caaecf1c488f20bcfeb224b6af5 -> 
  custom:container-demuxer-webm: 4f35f7cbe854078d1ac9338744f61a02 -> 
  custom:video-encoder-webm-vp8: eb34c28f22e8b96e1ab97ce403110664 -> 
========================================================================
Received Import Request.
  Time since last request: 977207.399629 seconds.
  path: Assets/TerrainSampleAssets/Prefabs/Rocks/Materials/Rock_Overgrown_A.mat
  artifactKey: Guid(fba07ae0ac6dbe94188dc1bd2c505bd8) Importer(2089858483,0ecaa5967403d082aa24f35e1b516d23)
Start importing Assets/TerrainSampleAssets/Prefabs/Rocks/Materials/Rock_Overgrown_A.mat using Guid(fba07ae0ac6dbe94188dc1bd2c505bd8) Importer(2089858483,0ecaa5967403d082aa24f35e1b516d23) [PhysX] Initialized MultithreadedTaskDispatcher with 16 workers.

=================================================================
	Native Crash Reporting
=================================================================
Got a UNKNOWN while executing native code. This usually indicates
a fatal error in the mono runtime or one of the native libraries 
used by your application.
=================================================================

=================================================================
	Managed Stacktrace:
=================================================================
	  at <unknown> <0xffffffff>
	  at System.RuntimeType:getFullName <0x00088>
	  at System.RuntimeType:get_FullName <0x000d2>
	  at <>c__DisplayClass2_0:<.ctor>b__0 <0x0004e>
	  at System.Linq.Enumerable:TryGetFirst <0x0010e>
	  at System.Linq.Enumerable:FirstOrDefault <0x0004a>
	  at UnityEditor.MaterialEnumDrawer:.ctor <0x001b2>
	  at <Module>:runtime_invoke_void__this___object <0x000e8>
	  at <unknown> <0xffffffff>
	  at System.Reflection.RuntimeConstructorInfo:InternalInvoke <0x000af>
	  at System.Reflection.RuntimeConstructorInfo:InternalInvoke <0x0005a>
	  at System.Reflection.RuntimeConstructorInfo:DoInvoke <0x0019a>
	  at System.Reflection.RuntimeConstructorInfo:Invoke <0x0004a>
	  at System.RuntimeType:CreateInstanceImpl <0x00952>
	  at System.Activator:CreateInstance <0x001fa>
	  at System.Activator:CreateInstance <0x00042>
	  at UnityEditor.MaterialPropertyHandler:CreatePropertyDrawer <0x0021a>
	  at UnityEditor.MaterialPropertyHandler:GetShaderPropertyDrawer <0x003b2>
	  at UnityEditor.MaterialPropertyHandler:GetShaderPropertyHandler <0x00182>
	  at UnityEditor.MaterialPropertyHandler:GetHandler <0x000ea>
	  at UnityEditor.MaterialEditor:ApplyMaterialPropertyDrawers <0x0015a>
	  at UnityEditor.MaterialEditor:ApplyMaterialPropertyDrawersFromNative <0x0005a>
	  at <Module>:runtime_invoke_void_object <0x00087>
	  at <unknown> <0xffffffff>
	  at UnityEditor.ShaderUtil:GetMaterialPropertiesImpl <0x00089>
	  at UnityEditor.ShaderUtil:GetMaterialProperties <0x00022>
	  at UnityEditor.MaterialEditor:GetMaterialProperties <0x0007a>
	  at UnityEditor.Search.IndexerExtensions:MaterialShaderReferences <0x002c2>
	  at <Module>:invoke_void_CustomObjectIndexerTarget_ObjectIndexer <0x00113>
	  at UnityEditor.Search.ObjectIndexer:CallCustomIndexers <0x004c9>
	  at UnityEditor.Search.ObjectIndexer:IndexCustomProperties <0x00122>
	  at UnityEditor.Search.AssetIndexer:IndexProperties <0x000ea>
	  at UnityEditor.Search.AssetIndexer:IndexDocument <0x00e22>
	  at UnityEditor.Search.SearchIndexEntryImporter:OnImportAsset <0x00141>
	  at UnityEditor.AssetImporters.ScriptedImporter:GenerateAssetData <0x00018>
	  at <Module>:runtime_invoke_void__this___object <0x00092>
=================================================================
 -> (artifact id: '462099e57551d381963e37d0db6d4fba') in 0.578910 seconds
Number of updated asset objects reloaded before import = 0
Number of asset objects unloaded after import = 14
========================================================================
Received Import Request.
  Time since last request: 0.000028 seconds.
  path: Assets/TerrainDemoScene_HDRP/Settings/DiffusionProfiles/Details.asset
  artifactKey: Guid(8ae28b9a19c36784280380e4799243cb) Importer(2089858483,0ecaa5967403d082aa24f35e1b516d23)
Start importing Assets/TerrainDemoScene_HDRP/Settings/DiffusionProfiles/Details.asset using Guid(8ae28b9a19c36784280380e4799243cb) Importer(2089858483,0ecaa5967403d082aa24f35e1b516d23) [PhysX] Initialized MultithreadedTaskDispatcher with 16 workers.
 -> (artifact id: 'e1cefea445fb04bc74ff1022b7049280') in 0.051704 seconds
Number of updated asset objects reloaded before import = 0
Number of asset objects unloaded after import = 1
========================================================================
Received Import Request.
  Time since last request: 0.000039 seconds.
  path: Assets/TerrainSampleAssets/Prefabs/Rocks/Materials/Rock_Overgrown_C.mat
  artifactKey: Guid(f4afc2a6a46b104478049f9e3aa57cfe) Importer(2089858483,0ecaa5967403d082aa24f35e1b516d23)
Start importing Assets/TerrainSampleAssets/Prefabs/Rocks/Materials/Rock_Overgrown_C.mat using Guid(f4afc2a6a46b104478049f9e3aa57cfe) Importer(2089858483,0ecaa5967403d082aa24f35e1b516d23) [PhysX] Initialized MultithreadedTaskDispatcher with 16 workers.
 -> (artifact id: 'b02b26637150305f9c6d730ac9063524') in 0.100174 seconds
Number of updated asset objects reloaded before import = 0
Number of asset objects unloaded after import = 14
========================================================================
Received Import Request.
  Time since last request: 4.397201 seconds.
  path: Assets/Realistic Tree/Prefabs/Standard/Chestnut/Chestnut 2.prefab
  artifactKey: Guid(56115f1cafeb24f44921ff210db74d4f) Importer(815301076,1909f56bfc062723c751e8b465ee728b)
Start importing Assets/Realistic Tree/Prefabs/Standard/Chestnut/Chestnut 2.prefab using Guid(56115f1cafeb24f44921ff210db74d4f) Importer(815301076,1909f56bfc062723c751e8b465ee728b) [PhysX] Initialized MultithreadedTaskDispatcher with 16 workers.
[PhysX] Initialized MultithreadedTaskDispatcher with 16 workers.
 -> (artifact id: 'd4049047e27478ab000a48d162c60557') in 1.164574 seconds
Number of updated asset objects reloaded before import = 0
Number of asset objects unloaded after import = 235
========================================================================
Received Import Request.
  Time since last request: 0.000067 seconds.
  path: Assets/CityGen3D/Facades/Church Ground Floor 01.prefab
  artifactKey: Guid(2cd41d8a634e9c942afc1c8a7232097d) Importer(815301076,1909f56bfc062723c751e8b465ee728b)
Start importing Assets/CityGen3D/Facades/Church Ground Floor 01.prefab using Guid(2cd41d8a634e9c942afc1c8a7232097d) Importer(815301076,1909f56bfc062723c751e8b465ee728b) [PhysX] Initialized MultithreadedTaskDispatcher with 16 workers.
 -> (artifact id: '5e1cd09f8d909fb239452bbd50fbb000') in 0.007111 seconds
Number of updated asset objects reloaded before import = 0
Number of asset objects unloaded after import = 8
========================================================================
Received Import Request.
  Time since last request: 0.000050 seconds.
  path: Assets/SteamVR/InteractionSystem/Longbow/Prefabs/FireWhip.prefab
  artifactKey: Guid(daf28736fcb032a44b7a5c1fd0a27b15) Importer(815301076,1909f56bfc062723c751e8b465ee728b)
Start importing Assets/SteamVR/InteractionSystem/Longbow/Prefabs/FireWhip.prefab using Guid(daf28736fcb032a44b7a5c1fd0a27b15) Importer(815301076,1909f56bfc062723c751e8b465ee728b) [PhysX] Initialized MultithreadedTaskDispatcher with 16 workers.
[PhysX] Initialized MultithreadedTaskDispatcher with 16 workers.
 -> (artifact id: 'b225a9d96fbd7446141d91433a4c4dd9') in 0.044038 seconds
Number of updated asset objects reloaded before import = 0
Number of asset objects unloaded after import = 12
========================================================================
Received Import Request.
  Time since last request: 0.000043 seconds.
  path: Assets/Forst/CTI Runtime Components/CTI Runtime Components HDRP 12plus/Prefabs/CTI Windzone HDRP.prefab
  artifactKey: Guid(ce66c449e8eb10e4985f854e848fc475) Importer(815301076,1909f56bfc062723c751e8b465ee728b)
Start importing Assets/Forst/CTI Runtime Components/CTI Runtime Components HDRP 12plus/Prefabs/CTI Windzone HDRP.prefab using Guid(ce66c449e8eb10e4985f854e848fc475) Importer(815301076,1909f56bfc062723c751e8b465ee728b) [PhysX] Initialized MultithreadedTaskDispatcher with 16 workers.
 -> (artifact id: '04adef2e9791cdb557d8ea2d81476165') in 0.006110 seconds
Number of updated asset objects reloaded before import = 0
Number of asset objects unloaded after import = 6
========================================================================
Received Import Request.
  Time since last request: 0.000035 seconds.
  path: Assets/Realistic Tree/Prefabs/HDRP/Chestnut/Chestnut 5.prefab
  artifactKey: Guid(ac32ab3df139eb24dbab7f275ce1574b) Importer(815301076,1909f56bfc062723c751e8b465ee728b)
Start importing Assets/Realistic Tree/Prefabs/HDRP/Chestnut/Chestnut 5.prefab using Guid(ac32ab3df139eb24dbab7f275ce1574b) Importer(815301076,1909f56bfc062723c751e8b465ee728b) [PhysX] Initialized MultithreadedTaskDispatcher with 16 workers.
[PhysX] Initialized MultithreadedTaskDispatcher with 16 workers.
 -> (artifact id: '46c7c8e728f9e2d6bb0ff21e5ef10bfd') in 0.150249 seconds
Number of updated asset objects reloaded before import = 0
Number of asset objects unloaded after import = 207
========================================================================
Received Import Request.
  Time since last request: 0.662085 seconds.
  path: Assets/Toby Fredson/The Toby Foliage Engine/(TTFE)_Demo/Prefabs/Prefabs_Vegetation - (SL)/Vegetation_Plants - (SL)/VP_GrassSingle Fall/Grass_Single_C2_Fall.prefab
  artifactKey: Guid(d5bba1dcadbb8c345920a148f1dcd168) Importer(815301076,1909f56bfc062723c751e8b465ee728b)
Start importing Assets/Toby Fredson/The Toby Foliage Engine/(TTFE)_Demo/Prefabs/Prefabs_Vegetation - (SL)/Vegetation_Plants - (SL)/VP_GrassSingle Fall/Grass_Single_C2_Fall.prefab using Guid(d5bba1dcadbb8c345920a148f1dcd168) Importer(815301076,1909f56bfc062723c751e8b465ee728b) [PhysX] Initialized MultithreadedTaskDispatcher with 16 workers.
[PhysX] Initialized MultithreadedTaskDispatcher with 16 workers.
Shader error in 'Toby Fredson/The Toby Foliage Engine/(TTFE) Grass Foliage': 'ApplyDecalToSurfaceData': no matching 3 parameter function at Foliage.shader(880) (on d3d11)

Compiling Subshader: 0, Pass: GBuffer, Fragment program with DECALS_3RT DECAL_SURFACE_GRADIENT LOD_FADE_CROSSFADE PROBE_VOLUMES_OFF _ALPHATEST_ON _CONTINUOUSWINDGENTLE_ON _DOUBLESIDED_ON _WINDTYPE_GENTLEBREEZE
Platform defines: SHADER_API_DESKTOP UNITY_ENABLE_DETAIL_NORMALMAP UNITY_ENABLE_REFLECTION_BUFFERS UNITY_LIGHTMAP_FULL_HDR UNITY_LIGHT_PROBE_PROXY_VOLUME UNITY_PBS_USE_BRDF1 UNITY_SPECCUBE_BLENDING UNITY_SPECCUBE_BOX_PROJECTION UNITY_USE_DITHER_MASK_FOR_ALPHABLENDED_SHADOWS
Disabled keywords: DEBUG_DISPLAY DECALS_4RT DECALS_OFF DIRLIGHTMAP_COMBINED DOTS_INSTANCING_ON DYNAMICLIGHTMAP_ON INSTANCING_ON LIGHTMAP_ON LIGHT_LAYERS PROBE_VOLUMES_L1 PROBE_VOLUMES_L2 SHADER_API_GLES30 SHADOWS_SHADOWMASK UNITY_ASTC_NORMALMAP_ENCODING UNITY_COLORSPACE_GAMMA UNITY_FRAMEBUFFER_FETCH_AVAILABLE UNITY_HALF_PRECISION_FRAGMENT_SHADER_REGISTERS UNITY_HARDWARE_TIER1 UNITY_HARDWARE_TIER2 UNITY_HARDWARE_TIER3 UNITY_LIGHTMAP_DLDR_ENCODING UNITY_LIGHTMAP_RGBM_ENCODING UNITY_METAL_SHADOWS_USE_POINT_FILTERING UNITY_NO_DXT5nm UNITY_NO_FULL_STANDARD_SHADER UNITY_NO_SCREENSPACE_SHADOWS UNITY_PBS_USE_BRDF2 UNITY_PBS_USE_BRDF3 UNITY_PRETRANSFORM_TO_DISPLAY_ORIENTATION UNITY_UNIFIED_SHADER_PRECISION_MODEL UNITY_VIRTUAL_TEXTURING _ENABLE_FOG_ON_TRANSPARENT _SURFACE_TYPE_TRANSPARENT _TRANSPARENT_WRITES_MOTION_VEC _WINDTYPE_WINDOFF
 -> (artifact id: 'ad88122bd84a62d929165414320fa1c0') in 0.252716 seconds
Number of updated asset objects reloaded before import = 0
Number of asset objects unloaded after import = 32
========================================================================
Received Import Request.
  Time since last request: 0.000069 seconds.
  path: Assets/Toby Fredson/The Toby Foliage Engine/(TTFE)_Demo/Prefabs/Prefabs_Vegetation - (SL)/Vegetation_Plants - (SL)/VP_Grass Fall/GrassMedium_B_Fall.prefab
  artifactKey: Guid(9eb9707cd8875fd48a47109d6c7254ca) Importer(815301076,1909f56bfc062723c751e8b465ee728b)
Start importing Assets/Toby Fredson/The Toby Foliage Engine/(TTFE)_Demo/Prefabs/Prefabs_Vegetation - (SL)/Vegetation_Plants - (SL)/VP_Grass Fall/GrassMedium_B_Fall.prefab using Guid(9eb9707cd8875fd48a47109d6c7254ca) Importer(815301076,1909f56bfc062723c751e8b465ee728b) [PhysX] Initialized MultithreadedTaskDispatcher with 16 workers.
[PhysX] Initialized MultithreadedTaskDispatcher with 16 workers.
 -> (artifact id: '9a6064e28629c48270df3d6c92b7b43e') in 0.224651 seconds
Number of updated asset objects reloaded before import = 0
Number of asset objects unloaded after import = 48
========================================================================
Received Import Request.
  Time since last request: 0.000051 seconds.
  path: Assets/Toby Fredson/The Toby Foliage Engine/(TTFE)_Demo/Prefabs/Prefabs_Vegetation/Vegetation_Plants/VP_Grass/GrassMedium_D.prefab
  artifactKey: Guid(5fb5e69aa0a99e047abfb05c16b30842) Importer(815301076,1909f56bfc062723c751e8b465ee728b)
Start importing Assets/Toby Fredson/The Toby Foliage Engine/(TTFE)_Demo/Prefabs/Prefabs_Vegetation/Vegetation_Plants/VP_Grass/GrassMedium_D.prefab using Guid(5fb5e69aa0a99e047abfb05c16b30842) Importer(815301076,1909f56bfc062723c751e8b465ee728b) [PhysX] Initialized MultithreadedTaskDispatcher with 16 workers.
[PhysX] Initialized MultithreadedTaskDispatcher with 16 workers.
 -> (artifact id: '73c321b468ec8307e2b8d8b9100c5dd3') in 0.246804 seconds
Number of updated asset objects reloaded before import = 0
Number of asset objects unloaded after import = 48
========================================================================
Received Import Request.
  Time since last request: 0.000057 seconds.
  path: Assets/Toby Fredson/The Toby Foliage Engine/(TTFE)_Demo/Prefabs/Prefabs_Vegetation/Vegetation_Plants/VP_Grass/GrassMedium_B.prefab
  artifactKey: Guid(12eeec3ea7252eb4a8e129da178793c7) Importer(815301076,1909f56bfc062723c751e8b465ee728b)
Start importing Assets/Toby Fredson/The Toby Foliage Engine/(TTFE)_Demo/Prefabs/Prefabs_Vegetation/Vegetation_Plants/VP_Grass/GrassMedium_B.prefab using Guid(12eeec3ea7252eb4a8e129da178793c7) Importer(815301076,1909f56bfc062723c751e8b465ee728b) [PhysX] Initialized MultithreadedTaskDispatcher with 16 workers.
[PhysX] Initialized MultithreadedTaskDispatcher with 16 workers.
 -> (artifact id: '6cf9d30cfaec0ba5c7ed018e05281947') in 0.197351 seconds
Number of updated asset objects reloaded before import = 0
Number of asset objects unloaded after import = 48
========================================================================
Received Import Request.
  Time since last request: 0.000092 seconds.
  path: Assets/Toby Fredson/The Toby Foliage Engine/(TTFE)_Demo/Prefabs/Prefabs_Vegetation/Vegetation_Plants/VP_Grass/GrassMedium_A.prefab
  artifactKey: Guid(57c0bf10b6117eb40be316da14cc2dc7) Importer(815301076,1909f56bfc062723c751e8b465ee728b)
Start importing Assets/Toby Fredson/The Toby Foliage Engine/(TTFE)_Demo/Prefabs/Prefabs_Vegetation/Vegetation_Plants/VP_Grass/GrassMedium_A.prefab using Guid(57c0bf10b6117eb40be316da14cc2dc7) Importer(815301076,1909f56bfc062723c751e8b465ee728b) [PhysX] Initialized MultithreadedTaskDispatcher with 16 workers.
[PhysX] Initialized MultithreadedTaskDispatcher with 16 workers.
Shader error in 'Toby Fredson/The Toby Foliage Engine/(TTFE) Grass Foliage': 'ApplyDecalToSurfaceData': no matching 3 parameter function at Foliage.shader(880) (on d3d11)

Compiling Subshader: 0, Pass: GBuffer, Fragment program with DECALS_3RT DECAL_SURFACE_GRADIENT LOD_FADE_CROSSFADE PROBE_VOLUMES_OFF _ALPHATEST_ON _CONTINUOUSWINDGENTLE_ON _DOUBLESIDED_ON _WINDTYPE_GENTLEBREEZE
Platform defines: SHADER_API_DESKTOP UNITY_ENABLE_DETAIL_NORMALMAP UNITY_ENABLE_REFLECTION_BUFFERS UNITY_LIGHTMAP_FULL_HDR UNITY_LIGHT_PROBE_PROXY_VOLUME UNITY_PBS_USE_BRDF1 UNITY_SPECCUBE_BLENDING UNITY_SPECCUBE_BOX_PROJECTION UNITY_USE_DITHER_MASK_FOR_ALPHABLENDED_SHADOWS
Disabled keywords: DEBUG_DISPLAY DECALS_4RT DECALS_OFF DIRLIGHTMAP_COMBINED DOTS_INSTANCING_ON DYNAMICLIGHTMAP_ON INSTANCING_ON LIGHTMAP_ON LIGHT_LAYERS PROBE_VOLUMES_L1 PROBE_VOLUMES_L2 SHADER_API_GLES30 SHADOWS_SHADOWMASK UNITY_ASTC_NORMALMAP_ENCODING UNITY_COLORSPACE_GAMMA UNITY_FRAMEBUFFER_FETCH_AVAILABLE UNITY_HALF_PRECISION_FRAGMENT_SHADER_REGISTERS UNITY_HARDWARE_TIER1 UNITY_HARDWARE_TIER2 UNITY_HARDWARE_TIER3 UNITY_LIGHTMAP_DLDR_ENCODING UNITY_LIGHTMAP_RGBM_ENCODING UNITY_METAL_SHADOWS_USE_POINT_FILTERING UNITY_NO_DXT5nm UNITY_NO_FULL_STANDARD_SHADER UNITY_NO_SCREENSPACE_SHADOWS UNITY_PBS_USE_BRDF2 UNITY_PBS_USE_BRDF3 UNITY_PRETRANSFORM_TO_DISPLAY_ORIENTATION UNITY_UNIFIED_SHADER_PRECISION_MODEL UNITY_VIRTUAL_TEXTURING _ENABLE_FOG_ON_TRANSPARENT _SURFACE_TYPE_TRANSPARENT _TRANSPARENT_WRITES_MOTION_VEC _WINDTYPE_WINDOFF
 -> (artifact id: '472ac3a26b99bf5754f8200e79d82c9a') in 0.226076 seconds
Number of updated asset objects reloaded before import = 0
Number of asset objects unloaded after import = 48
========================================================================
Received Import Request.
  Time since last request: 0.000051 seconds.
  path: Assets/Toby Fredson/The Toby Foliage Engine/(TTFE)_Demo/Prefabs/Prefabs_Vegetation/Vegetation_Plants/VP_Grass/GrassShort_D.prefab
  artifactKey: Guid(f29fb27e952ff73479c9ed61777d1e57) Importer(815301076,1909f56bfc062723c751e8b465ee728b)
Start importing Assets/Toby Fredson/The Toby Foliage Engine/(TTFE)_Demo/Prefabs/Prefabs_Vegetation/Vegetation_Plants/VP_Grass/GrassShort_D.prefab using Guid(f29fb27e952ff73479c9ed61777d1e57) Importer(815301076,1909f56bfc062723c751e8b465ee728b) [PhysX] Initialized MultithreadedTaskDispatcher with 16 workers.
[PhysX] Initialized MultithreadedTaskDispatcher with 16 workers.
Shader error in 'Toby Fredson/The Toby Foliage Engine/(TTFE) Grass Foliage': 'ApplyDecalToSurfaceData': no matching 3 parameter function at Foliage.shader(880) (on d3d11)

Compiling Subshader: 0, Pass: GBuffer, Fragment program with DECALS_3RT DECAL_SURFACE_GRADIENT LOD_FADE_CROSSFADE PROBE_VOLUMES_OFF _ALPHATEST_ON _CONTINUOUSWINDGENTLE_ON _DOUBLESIDED_ON _WINDTYPE_GENTLEBREEZE
Platform defines: SHADER_API_DESKTOP UNITY_ENABLE_DETAIL_NORMALMAP UNITY_ENABLE_REFLECTION_BUFFERS UNITY_LIGHTMAP_FULL_HDR UNITY_LIGHT_PROBE_PROXY_VOLUME UNITY_PBS_USE_BRDF1 UNITY_SPECCUBE_BLENDING UNITY_SPECCUBE_BOX_PROJECTION UNITY_USE_DITHER_MASK_FOR_ALPHABLENDED_SHADOWS
Disabled keywords: DEBUG_DISPLAY DECALS_4RT DECALS_OFF DIRLIGHTMAP_COMBINED DOTS_INSTANCING_ON DYNAMICLIGHTMAP_ON INSTANCING_ON LIGHTMAP_ON LIGHT_LAYERS PROBE_VOLUMES_L1 PROBE_VOLUMES_L2 SHADER_API_GLES30 SHADOWS_SHADOWMASK UNITY_ASTC_NORMALMAP_ENCODING UNITY_COLORSPACE_GAMMA UNITY_FRAMEBUFFER_FETCH_AVAILABLE UNITY_HALF_PRECISION_FRAGMENT_SHADER_REGISTERS UNITY_HARDWARE_TIER1 UNITY_HARDWARE_TIER2 UNITY_HARDWARE_TIER3 UNITY_LIGHTMAP_DLDR_ENCODING UNITY_LIGHTMAP_RGBM_ENCODING UNITY_METAL_SHADOWS_USE_POINT_FILTERING UNITY_NO_DXT5nm UNITY_NO_FULL_STANDARD_SHADER UNITY_NO_SCREENSPACE_SHADOWS UNITY_PBS_USE_BRDF2 UNITY_PBS_USE_BRDF3 UNITY_PRETRANSFORM_TO_DISPLAY_ORIENTATION UNITY_UNIFIED_SHADER_PRECISION_MODEL UNITY_VIRTUAL_TEXTURING _ENABLE_FOG_ON_TRANSPARENT _SURFACE_TYPE_TRANSPARENT _TRANSPARENT_WRITES_MOTION_VEC _WINDTYPE_WINDOFF
 -> (artifact id: 'f3a11307c6485ddd07b02c657e35c639') in 1.441308 seconds
Number of updated asset objects reloaded before import = 0
Number of asset objects unloaded after import = 26
========================================================================
Received Import Request.
  Time since last request: 113.072941 seconds.
  path: Assets/NatureManufacture Assets/Advanced Foliage Pack/Unity grass/Unity Grass Models/Prefabs/prefab_unity_grass_ground_foliage_02_1.prefab
  artifactKey: Guid(baee919e1f44c4a46820364c4843ac4f) Importer(2089858483,0ecaa5967403d082aa24f35e1b516d23)
Start importing Assets/NatureManufacture Assets/Advanced Foliage Pack/Unity grass/Unity Grass Models/Prefabs/prefab_unity_grass_ground_foliage_02_1.prefab using Guid(baee919e1f44c4a46820364c4843ac4f) Importer(2089858483,0ecaa5967403d082aa24f35e1b516d23) [PhysX] Initialized MultithreadedTaskDispatcher with 16 workers.
 -> (artifact id: 'e2107f09432e21bde1ea7d6928b0331b') in 0.307635 seconds
Number of updated asset objects reloaded before import = 0
Number of asset objects unloaded after import = 7
========================================================================
Received Import Request.
  Time since last request: 0.010810 seconds.
  path: Assets/NatureManufacture Assets/Advanced Foliage Pack/Unity grass/Unity Grass Models/Prefabs/prefab_unity_grass_grass_bush_01.prefab
  artifactKey: Guid(4783008bdd614ec44b38001c339af0dc) Importer(2089858483,0ecaa5967403d082aa24f35e1b516d23)
Start importing Assets/NatureManufacture Assets/Advanced Foliage Pack/Unity grass/Unity Grass Models/Prefabs/prefab_unity_grass_grass_bush_01.prefab using Guid(4783008bdd614ec44b38001c339af0dc) Importer(2089858483,0ecaa5967403d082aa24f35e1b516d23) [PhysX] Initialized MultithreadedTaskDispatcher with 16 workers.
 -> (artifact id: '8eec233046ae165f8f0a75e7065c21ec') in 0.224505 seconds
Number of updated asset objects reloaded before import = 0
Number of asset objects unloaded after import = 7
========================================================================
Received Import Request.
  Time since last request: 0.001690 seconds.
  path: Assets/NatureManufacture Assets/Advanced Foliage Pack/Unity grass/Unity Grass Models/Prefabs/prefab_unity_grass_grass_bush_simple_01.prefab
  artifactKey: Guid(0108c93873226ec458b7fd765c1dd7cf) Importer(2089858483,0ecaa5967403d082aa24f35e1b516d23)
Start importing Assets/NatureManufacture Assets/Advanced Foliage Pack/Unity grass/Unity Grass Models/Prefabs/prefab_unity_grass_grass_bush_simple_01.prefab using Guid(0108c93873226ec458b7fd765c1dd7cf) Importer(2089858483,0ecaa5967403d082aa24f35e1b516d23) [PhysX] Initialized MultithreadedTaskDispatcher with 16 workers.
 -> (artifact id: '72ad1c295497a5e7eddf6b9cf4f12644') in 0.080258 seconds
Number of updated asset objects reloaded before import = 0
Number of asset objects unloaded after import = 7
========================================================================
Received Import Request.
  Time since last request: 0.000698 seconds.
  path: Assets/NatureManufacture Assets/Advanced Foliage Pack/Demo/Overview Scene/ReflectionProbe-2.exr
  artifactKey: Guid(0176a74227e79d24594e2a569c0b2d9f) Importer(2089858483,0ecaa5967403d082aa24f35e1b516d23)
Start importing Assets/NatureManufacture Assets/Advanced Foliage Pack/Demo/Overview Scene/ReflectionProbe-2.exr using Guid(0176a74227e79d24594e2a569c0b2d9f) Importer(2089858483,0ecaa5967403d082aa24f35e1b516d23) [PhysX] Initialized MultithreadedTaskDispatcher with 16 workers.
 -> (artifact id: 'af8016f1e22c2091194755d0674222b8') in 0.467084 seconds
Number of updated asset objects reloaded before import = 0
Number of asset objects unloaded after import = 1
========================================================================
Received Import Request.
  Time since last request: 0.000097 seconds.
  path: Assets/NatureManufacture Assets/Advanced Foliage Pack/Unity grass/Unity Grass Models/Prefabs/prefab_unity_grass_fern_01_0.prefab
  artifactKey: Guid(95133c6c706394c479e5da7699cac586) Importer(2089858483,0ecaa5967403d082aa24f35e1b516d23)
Start importing Assets/NatureManufacture Assets/Advanced Foliage Pack/Unity grass/Unity Grass Models/Prefabs/prefab_unity_grass_fern_01_0.prefab using Guid(95133c6c706394c479e5da7699cac586) Importer(2089858483,0ecaa5967403d082aa24f35e1b516d23) [PhysX] Initialized MultithreadedTaskDispatcher with 16 workers.
 -> (artifact id: 'd98cbdb670fd6eb5701b06914701579e') in 0.106998 seconds
Number of updated asset objects reloaded before import = 0
Number of asset objects unloaded after import = 7
========================================================================
Received Import Request.
  Time since last request: 0.001449 seconds.
  path: Assets/NatureManufacture Assets/Advanced Foliage Pack/Crooked Roots/Prefabs/prefab_crooked_root_05.prefab
  artifactKey: Guid(0234b157bc06aa44da6d9fc1135e76f1) Importer(2089858483,0ecaa5967403d082aa24f35e1b516d23)
Start importing Assets/NatureManufacture Assets/Advanced Foliage Pack/Crooked Roots/Prefabs/prefab_crooked_root_05.prefab using Guid(0234b157bc06aa44da6d9fc1135e76f1) Importer(2089858483,0ecaa5967403d082aa24f35e1b516d23) [PhysX] Initialized MultithreadedTaskDispatcher with 16 workers.
 -> (artifact id: 'ab513cc4e2a616565feec01eb33e26b5') in 0.166366 seconds
Number of updated asset objects reloaded before import = 0
Number of asset objects unloaded after import = 25
========================================================================
Received Import Request.
  Time since last request: 0.000082 seconds.
  path: Assets/NatureManufacture Assets/Advanced Foliage Pack/Unity grass/Unity Grass Models/Prefabs Snow/prefab_unity_Snow_grass_grass_bush_simple_05.prefab
  artifactKey: Guid(689b5de1db86f4c4e845ffbf1b4a29c5) Importer(2089858483,0ecaa5967403d082aa24f35e1b516d23)
Start importing Assets/NatureManufacture Assets/Advanced Foliage Pack/Unity grass/Unity Grass Models/Prefabs Snow/prefab_unity_Snow_grass_grass_bush_simple_05.prefab using Guid(689b5de1db86f4c4e845ffbf1b4a29c5) Importer(2089858483,0ecaa5967403d082aa24f35e1b516d23) [PhysX] Initialized MultithreadedTaskDispatcher with 16 workers.
 -> (artifact id: 'df314ae20a4e1f7722bd98ed8e7dca38') in 0.034207 seconds
Number of updated asset objects reloaded before import = 0
Number of asset objects unloaded after import = 7
========================================================================
Received Import Request.
  Time since last request: 0.000107 seconds.
  path: Assets/NatureManufacture Assets/Advanced Foliage Pack/Advanced Grass/Prefabs Snow/prefab_SM_grass_bush_03.prefab
  artifactKey: Guid(69a5d4c9f7e1dce48ab79dbed6a97d79) Importer(2089858483,0ecaa5967403d082aa24f35e1b516d23)
Start importing Assets/NatureManufacture Assets/Advanced Foliage Pack/Advanced Grass/Prefabs Snow/prefab_SM_grass_bush_03.prefab using Guid(69a5d4c9f7e1dce48ab79dbed6a97d79) Importer(2089858483,0ecaa5967403d082aa24f35e1b516d23) [PhysX] Initialized MultithreadedTaskDispatcher with 16 workers.
 -> (artifact id: 'bc36420039cb4ee3a6568970a54ea529') in 0.120200 seconds
Number of updated asset objects reloaded before import = 0
Number of asset objects unloaded after import = 20
========================================================================
Received Import Request.
  Time since last request: 0.013244 seconds.
  path: Assets/NatureManufacture Assets/Advanced Foliage Pack/Unity grass/Unity Grass Models/Prefabs Snow/prefab_unity_Snow_grass_nettle_01_1.prefab
  artifactKey: Guid(53f19acb8a0e24245a2353803beca658) Importer(2089858483,0ecaa5967403d082aa24f35e1b516d23)
Start importing Assets/NatureManufacture Assets/Advanced Foliage Pack/Unity grass/Unity Grass Models/Prefabs Snow/prefab_unity_Snow_grass_nettle_01_1.prefab using Guid(53f19acb8a0e24245a2353803beca658) Importer(2089858483,0ecaa5967403d082aa24f35e1b516d23) [PhysX] Initialized MultithreadedTaskDispatcher with 16 workers.
 -> (artifact id: '679f1520ced23661df3f22076964a1f3') in 0.062303 seconds
Number of updated asset objects reloaded before import = 0
Number of asset objects unloaded after import = 7
========================================================================
Received Import Request.
  Time since last request: 0.063496 seconds.
  path: Assets/NatureManufacture Assets/Advanced Foliage Pack/Advanced Grass/Prefabs Snow/prefab_SM_grass_bush_01.prefab
  artifactKey: Guid(809208046f28bca4086ea500244697ef) Importer(2089858483,0ecaa5967403d082aa24f35e1b516d23)
Start importing Assets/NatureManufacture Assets/Advanced Foliage Pack/Advanced Grass/Prefabs Snow/prefab_SM_grass_bush_01.prefab using Guid(809208046f28bca4086ea500244697ef) Importer(2089858483,0ecaa5967403d082aa24f35e1b516d23) [PhysX] Initialized MultithreadedTaskDispatcher with 16 workers.
 -> (artifact id: 'dd81e09bfca4c90817558d137b31d2ae') in 0.148066 seconds
Number of updated asset objects reloaded before import = 0
Number of asset objects unloaded after import = 15
========================================================================
Received Import Request.
  Time since last request: 0.099654 seconds.
  path: Assets/NatureManufacture Assets/Advanced Foliage Pack/Unity grass/Unity Grass Models/Prefabs/prefab_unity_grass_forest_heather_simple_01.prefab
  artifactKey: Guid(efec0a39f8db55f4d9ff6524c6e4828a) Importer(2089858483,0ecaa5967403d082aa24f35e1b516d23)
Start importing Assets/NatureManufacture Assets/Advanced Foliage Pack/Unity grass/Unity Grass Models/Prefabs/prefab_unity_grass_forest_heather_simple_01.prefab using Guid(efec0a39f8db55f4d9ff6524c6e4828a) Importer(2089858483,0ecaa5967403d082aa24f35e1b516d23) [PhysX] Initialized MultithreadedTaskDispatcher with 16 workers.
 -> (artifact id: '5518ec3ad96f44c59412ab880d784cdf') in 0.038051 seconds
Number of updated asset objects reloaded before import = 0
Number of asset objects unloaded after import = 7
========================================================================
Received Import Request.
  Time since last request: 0.016238 seconds.
  path: Assets/NatureManufacture Assets/Advanced Foliage Pack/Advanced Grass/Materials Snow/M_Snow_forest_heather_01.mat
  artifactKey: Guid(d33c6e9a23215af4e9fb2ea318dc48a4) Importer(2089858483,0ecaa5967403d082aa24f35e1b516d23)
Start importing Assets/NatureManufacture Assets/Advanced Foliage Pack/Advanced Grass/Materials Snow/M_Snow_forest_heather_01.mat using Guid(d33c6e9a23215af4e9fb2ea318dc48a4) Importer(2089858483,0ecaa5967403d082aa24f35e1b516d23) [PhysX] Initialized MultithreadedTaskDispatcher with 16 workers.
 -> (artifact id: '828f52a39c5eccbfc920a84b8de83c32') in 0.086316 seconds
Number of updated asset objects reloaded before import = 0
Number of asset objects unloaded after import = 6
========================================================================
Received Import Request.
  Time since last request: 0.064695 seconds.
  path: Assets/NatureManufacture Assets/Advanced Foliage Pack/Ground Textures/Materials/Test Ground.mat
  artifactKey: Guid(249a835f291837442b14ad05c6c62e3f) Importer(2089858483,0ecaa5967403d082aa24f35e1b516d23)
Start importing Assets/NatureManufacture Assets/Advanced Foliage Pack/Ground Textures/Materials/Test Ground.mat using Guid(249a835f291837442b14ad05c6c62e3f) Importer(2089858483,0ecaa5967403d082aa24f35e1b516d23) [PhysX] Initialized MultithreadedTaskDispatcher with 16 workers.
 -> (artifact id: '1284d6932bf6287663f2e5ced8b2757b') in 0.105445 seconds
Number of updated asset objects reloaded before import = 0
Number of asset objects unloaded after import = 5
========================================================================
Received Import Request.
  Time since last request: 0.000070 seconds.
  path: Assets/NatureManufacture Assets/Advanced Foliage Pack/Unity grass/Unity Grass Models/Prefabs/prefab_unity_grass_clover_01_flowery.prefab
  artifactKey: Guid(6cb313b46e2108a47b6d5e0e6bae38ec) Importer(2089858483,0ecaa5967403d082aa24f35e1b516d23)
Start importing Assets/NatureManufacture Assets/Advanced Foliage Pack/Unity grass/Unity Grass Models/Prefabs/prefab_unity_grass_clover_01_flowery.prefab using Guid(6cb313b46e2108a47b6d5e0e6bae38ec) Importer(2089858483,0ecaa5967403d082aa24f35e1b516d23) [PhysX] Initialized MultithreadedTaskDispatcher with 16 workers.
 -> (artifact id: '578824babfc23819cd7be56cc7c83521') in 0.043504 seconds
Number of updated asset objects reloaded before import = 0
Number of asset objects unloaded after import = 7
========================================================================
Received Import Request.
  Time since last request: 0.000458 seconds.
  path: Assets/NatureManufacture Assets/Advanced Foliage Pack/Trunks/Prefabs Snow/Prefab_Snow_trunk_02.prefab
  artifactKey: Guid(c6883d790d73dad49837c640235be46e) Importer(2089858483,0ecaa5967403d082aa24f35e1b516d23)
Start importing Assets/NatureManufacture Assets/Advanced Foliage Pack/Trunks/Prefabs Snow/Prefab_Snow_trunk_02.prefab using Guid(c6883d790d73dad49837c640235be46e) Importer(2089858483,0ecaa5967403d082aa24f35e1b516d23) [PhysX] Initialized MultithreadedTaskDispatcher with 16 workers.
 -> (artifact id: '52819c42711bc1c37b7ce894e72ba7e5') in 0.030900 seconds
Number of updated asset objects reloaded before import = 0
Number of asset objects unloaded after import = 26
========================================================================
Received Import Request.
  Time since last request: 0.000068 seconds.
  path: Assets/NatureManufacture Assets/Advanced Foliage Pack/Crooked Roots/Prefabs/prefab_crooked_roots_small.prefab
  artifactKey: Guid(79b8391f4fdb8914a9cb2b8f3d8f52c0) Importer(2089858483,0ecaa5967403d082aa24f35e1b516d23)
Start importing Assets/NatureManufacture Assets/Advanced Foliage Pack/Crooked Roots/Prefabs/prefab_crooked_roots_small.prefab using Guid(79b8391f4fdb8914a9cb2b8f3d8f52c0) Importer(2089858483,0ecaa5967403d082aa24f35e1b516d23) [PhysX] Initialized MultithreadedTaskDispatcher with 16 workers.
 -> (artifact id: 'c59d22980aaa7285dd079781db77d558') in 0.030644 seconds
Number of updated asset objects reloaded before import = 0
Number of asset objects unloaded after import = 10
========================================================================
Received Import Request.
  Time since last request: 0.000062 seconds.
  path: Assets/NatureManufacture Assets/Advanced Foliage Pack/Ground Textures/Materials/ground.mat
  artifactKey: Guid(a4d4d75454206da4288f9560ed84f0e2) Importer(2089858483,0ecaa5967403d082aa24f35e1b516d23)
Start importing Assets/NatureManufacture Assets/Advanced Foliage Pack/Ground Textures/Materials/ground.mat using Guid(a4d4d75454206da4288f9560ed84f0e2) Importer(2089858483,0ecaa5967403d082aa24f35e1b516d23) [PhysX] Initialized MultithreadedTaskDispatcher with 16 workers.
 -> (artifact id: '0f0feea3be689ca25cfd784e0d96ed38') in 0.045888 seconds
Number of updated asset objects reloaded before import = 0
Number of asset objects unloaded after import = 4
========================================================================
Received Import Request.
  Time since last request: 0.000058 seconds.
  path: Assets/NatureManufacture Assets/Advanced Foliage Pack/Unity grass/Unity Grass Models/Prefabs Snow/prefab_unity_Snow_grass_grass_bush_simple_02.prefab
  artifactKey: Guid(fe72ba0c0ab39b04ba44aab58af19956) Importer(2089858483,0ecaa5967403d082aa24f35e1b516d23)
Start importing Assets/NatureManufacture Assets/Advanced Foliage Pack/Unity grass/Unity Grass Models/Prefabs Snow/prefab_unity_Snow_grass_grass_bush_simple_02.prefab using Guid(fe72ba0c0ab39b04ba44aab58af19956) Importer(2089858483,0ecaa5967403d082aa24f35e1b516d23) [PhysX] Initialized MultithreadedTaskDispatcher with 16 workers.
 -> (artifact id: 'c2fe6c899ca473cd08f978f21af64362') in 0.034045 seconds
Number of updated asset objects reloaded before import = 0
Number of asset objects unloaded after import = 7
========================================================================
Received Import Request.
  Time since last request: 0.000049 seconds.
  path: Assets/NatureManufacture Assets/Advanced Foliage Pack/Ground Textures/Materials/T_Ground_Sand_01.mat
  artifactKey: Guid(3e4cb7c35b15cc6408fb301f3aa866a6) Importer(2089858483,0ecaa5967403d082aa24f35e1b516d23)
Start importing Assets/NatureManufacture Assets/Advanced Foliage Pack/Ground Textures/Materials/T_Ground_Sand_01.mat using Guid(3e4cb7c35b15cc6408fb301f3aa866a6) Importer(2089858483,0ecaa5967403d082aa24f35e1b516d23) [PhysX] Initialized MultithreadedTaskDispatcher with 16 workers.
 -> (artifact id: '53aba77f59665780905f2c1f52af8b7e') in 0.071865 seconds
Number of updated asset objects reloaded before import = 0
Number of asset objects unloaded after import = 5
========================================================================
Received Import Request.
  Time since last request: 0.000073 seconds.
  path: Assets/NatureManufacture Assets/Advanced Foliage Pack/Ground Textures/Materials/T_Ground_Forest_Pebbles_Path_01.mat
  artifactKey: Guid(856a8edf10290684cb22c1aa383ef11e) Importer(2089858483,0ecaa5967403d082aa24f35e1b516d23)
Start importing Assets/NatureManufacture Assets/Advanced Foliage Pack/Ground Textures/Materials/T_Ground_Forest_Pebbles_Path_01.mat using Guid(856a8edf10290684cb22c1aa383ef11e) Importer(2089858483,0ecaa5967403d082aa24f35e1b516d23) [PhysX] Initialized MultithreadedTaskDispatcher with 16 workers.
 -> (artifact id: 'b05898f6ac0babaca1516a5767a2e08c') in 0.068023 seconds
Number of updated asset objects reloaded before import = 0
Number of asset objects unloaded after import = 5
========================================================================
Received Import Request.
  Time since last request: 0.000055 seconds.
  path: Assets/NatureManufacture Assets/Advanced Foliage Pack/Advanced Grass/Prefabs/prefab_SM_clover_01.prefab
  artifactKey: Guid(6f55446d10e4ac445bcf54fff2e165c4) Importer(2089858483,0ecaa5967403d082aa24f35e1b516d23)
Start importing Assets/NatureManufacture Assets/Advanced Foliage Pack/Advanced Grass/Prefabs/prefab_SM_clover_01.prefab using Guid(6f55446d10e4ac445bcf54fff2e165c4) Importer(2089858483,0ecaa5967403d082aa24f35e1b516d23) [PhysX] Initialized MultithreadedTaskDispatcher with 16 workers.
 -> (artifact id: '57bc0f2752e909308d69d196fda8c242') in 0.025978 seconds
Number of updated asset objects reloaded before import = 0
Number of asset objects unloaded after import = 15
========================================================================
Received Import Request.
  Time since last request: 0.000055 seconds.
  path: Assets/NatureManufacture Assets/Advanced Foliage Pack/Unity grass/Unity Grass Models/Prefabs Snow/prefab_unity_Snow_grass_clover_01_flowery.prefab
  artifactKey: Guid(ec09695c1c34d3d4899629d75df824da) Importer(2089858483,0ecaa5967403d082aa24f35e1b516d23)
Start importing Assets/NatureManufacture Assets/Advanced Foliage Pack/Unity grass/Unity Grass Models/Prefabs Snow/prefab_unity_Snow_grass_clover_01_flowery.prefab using Guid(ec09695c1c34d3d4899629d75df824da) Importer(2089858483,0ecaa5967403d082aa24f35e1b516d23) [PhysX] Initialized MultithreadedTaskDispatcher with 16 workers.
 -> (artifact id: 'e7d30e8cdf5823faea5b79633e2b5b77') in 0.024248 seconds
Number of updated asset objects reloaded before import = 0
Number of asset objects unloaded after import = 7
========================================================================
Received Import Request.
  Time since last request: 0.000038 seconds.
  path: Assets/NatureManufacture Assets/Advanced Foliage Pack/Advanced Grass/Prefabs Snow/prefab_SM_clover_01_flowery.prefab
  artifactKey: Guid(de713cfe85587314498c3e3268c7845a) Importer(2089858483,0ecaa5967403d082aa24f35e1b516d23)
Start importing Assets/NatureManufacture Assets/Advanced Foliage Pack/Advanced Grass/Prefabs Snow/prefab_SM_clover_01_flowery.prefab using Guid(de713cfe85587314498c3e3268c7845a) Importer(2089858483,0ecaa5967403d082aa24f35e1b516d23) [PhysX] Initialized MultithreadedTaskDispatcher with 16 workers.
 -> (artifact id: 'b16addc0cddf2ec62ecb9e41d3680efa') in 0.021464 seconds
Number of updated asset objects reloaded before import = 0
Number of asset objects unloaded after import = 15
========================================================================
Received Import Request.
  Time since last request: 0.000063 seconds.
  path: Assets/NatureManufacture Assets/Advanced Foliage Pack/Demo/Demo with Unity Grass/LightingData.asset
  artifactKey: Guid(4d02c3d3095046444820136f8f4bfcab) Importer(2089858483,0ecaa5967403d082aa24f35e1b516d23)
Start importing Assets/NatureManufacture Assets/Advanced Foliage Pack/Demo/Demo with Unity Grass/LightingData.asset using Guid(4d02c3d3095046444820136f8f4bfcab) Importer(2089858483,0ecaa5967403d082aa24f35e1b516d23) [PhysX] Initialized MultithreadedTaskDispatcher with 16 workers.
 -> (artifact id: '0893318b5ddd49c7ae631536e88ba8c9') in 0.036144 seconds
Number of updated asset objects reloaded before import = 0
Number of asset objects unloaded after import = 2
========================================================================
Received Import Request.
  Time since last request: 0.000060 seconds.
  path: Assets/NatureManufacture Assets/Advanced Foliage Pack/Ground Textures/Materials/T_Ground_Grass_02.mat
  artifactKey: Guid(4983ae17de4a30845884e0440b1a500f) Importer(2089858483,0ecaa5967403d082aa24f35e1b516d23)
Start importing Assets/NatureManufacture Assets/Advanced Foliage Pack/Ground Textures/Materials/T_Ground_Grass_02.mat using Guid(4983ae17de4a30845884e0440b1a500f) Importer(2089858483,0ecaa5967403d082aa24f35e1b516d23) [PhysX] Initialized MultithreadedTaskDispatcher with 16 workers.
 -> (artifact id: '0d179ab884f9db72d0aa1cbfbbc5ad4b') in 0.068236 seconds
Number of updated asset objects reloaded before import = 0
Number of asset objects unloaded after import = 5
========================================================================
Received Import Request.
  Time since last request: 0.000108 seconds.
  path: Assets/NatureManufacture Assets/Advanced Foliage Pack/Advanced Grass/Prefabs Snow/prefab_SM_grass_bush_simple_05.prefab
  artifactKey: Guid(4a132b5025cbbea4093f769d594f8fd1) Importer(2089858483,0ecaa5967403d082aa24f35e1b516d23)
Start importing Assets/NatureManufacture Assets/Advanced Foliage Pack/Advanced Grass/Prefabs Snow/prefab_SM_grass_bush_simple_05.prefab using Guid(4a132b5025cbbea4093f769d594f8fd1) Importer(2089858483,0ecaa5967403d082aa24f35e1b516d23) [PhysX] Initialized MultithreadedTaskDispatcher with 16 workers.
 -> (artifact id: 'e466efe5a9fd9c51727cc86beb4c37dd') in 0.033139 seconds
Number of updated asset objects reloaded before import = 0
Number of asset objects unloaded after import = 8
========================================================================
Received Import Request.
  Time since last request: 0.000054 seconds.
  path: Assets/NatureManufacture Assets/Advanced Foliage Pack/Advanced Grass/Prefabs Snow/prefab_SM_fern_01_0.prefab
  artifactKey: Guid(000055a39b0150148a1ed9803dfef676) Importer(2089858483,0ecaa5967403d082aa24f35e1b516d23)
Start importing Assets/NatureManufacture Assets/Advanced Foliage Pack/Advanced Grass/Prefabs Snow/prefab_SM_fern_01_0.prefab using Guid(000055a39b0150148a1ed9803dfef676) Importer(2089858483,0ecaa5967403d082aa24f35e1b516d23) [PhysX] Initialized MultithreadedTaskDispatcher with 16 workers.
 -> (artifact id: '39cb3223b34627c6c2be9b82aa9db2ca') in 0.033330 seconds
Number of updated asset objects reloaded before import = 0
Number of asset objects unloaded after import = 20
========================================================================
Received Import Request.
  Time since last request: 0.000047 seconds.
  path: Assets/NatureManufacture Assets/Advanced Foliage Pack/Ground Textures/Materials/T_Ground_Forest_01.mat
  artifactKey: Guid(d406dfd93044bfc4ea02b003d9ee3492) Importer(2089858483,0ecaa5967403d082aa24f35e1b516d23)
Start importing Assets/NatureManufacture Assets/Advanced Foliage Pack/Ground Textures/Materials/T_Ground_Forest_01.mat using Guid(d406dfd93044bfc4ea02b003d9ee3492) Importer(2089858483,0ecaa5967403d082aa24f35e1b516d23) [PhysX] Initialized MultithreadedTaskDispatcher with 16 workers.
 -> (artifact id: '85cbc109cf44543b3105c4069770c2d8') in 0.082443 seconds
Number of updated asset objects reloaded before import = 0
Number of asset objects unloaded after import = 5
========================================================================
Received Import Request.
  Time since last request: 0.000052 seconds.
  path: Assets/NatureManufacture Assets/Object Shaders/NM_Lit_Triplanar_Cover.shader
  artifactKey: Guid(f79e2f3e76396684abac4061519155d4) Importer(2089858483,0ecaa5967403d082aa24f35e1b516d23)
Start importing Assets/NatureManufacture Assets/Object Shaders/NM_Lit_Triplanar_Cover.shader using Guid(f79e2f3e76396684abac4061519155d4) Importer(2089858483,0ecaa5967403d082aa24f35e1b516d23) [PhysX] Initialized MultithreadedTaskDispatcher with 16 workers.
 -> (artifact id: '57d170bb73cb467334de2a33e7e81adf') in 0.037877 seconds
Number of updated asset objects reloaded before import = 0
Number of asset objects unloaded after import = 1
========================================================================
Received Import Request.
  Time since last request: 0.000102 seconds.
  path: Assets/NatureManufacture Assets/Object Shaders/NM_Lit_Top_Cover.shader
  artifactKey: Guid(0c3250378db487848854884ac1f2ec9b) Importer(2089858483,0ecaa5967403d082aa24f35e1b516d23)
Start importing Assets/NatureManufacture Assets/Object Shaders/NM_Lit_Top_Cover.shader using Guid(0c3250378db487848854884ac1f2ec9b) Importer(2089858483,0ecaa5967403d082aa24f35e1b516d23) [PhysX] Initialized MultithreadedTaskDispatcher with 16 workers.
 -> (artifact id: 'e2781cd18b6ee65c6c38d7735782c3ec') in 0.027206 seconds
Number of updated asset objects reloaded before import = 0
Number of asset objects unloaded after import = 1
========================================================================
Received Import Request.
  Time since last request: 0.000055 seconds.
  path: Assets/NatureManufacture Assets/Advanced Foliage Pack/Advanced Grass/Prefabs/prefab_SM_fern_01_0.prefab
  artifactKey: Guid(9bcf8dfabfdded149ae855742fa187a2) Importer(2089858483,0ecaa5967403d082aa24f35e1b516d23)
Start importing Assets/NatureManufacture Assets/Advanced Foliage Pack/Advanced Grass/Prefabs/prefab_SM_fern_01_0.prefab using Guid(9bcf8dfabfdded149ae855742fa187a2) Importer(2089858483,0ecaa5967403d082aa24f35e1b516d23) [PhysX] Initialized MultithreadedTaskDispatcher with 16 workers.
 -> (artifact id: 'e60cc946cbcc27edf5733c7e42c963f5') in 0.024391 seconds
Number of updated asset objects reloaded before import = 0
Number of asset objects unloaded after import = 20
========================================================================
Received Import Request.
  Time since last request: 0.000068 seconds.
  path: Assets/NatureManufacture Assets/Advanced Foliage Pack/Unity grass/Unity Grass Models/Prefabs Snow/prefab_unity_Snow_grass_forest_heather_simple_01.prefab
  artifactKey: Guid(8feca9d3506d6044ab419bcab6d0cb39) Importer(2089858483,0ecaa5967403d082aa24f35e1b516d23)
Start importing Assets/NatureManufacture Assets/Advanced Foliage Pack/Unity grass/Unity Grass Models/Prefabs Snow/prefab_unity_Snow_grass_forest_heather_simple_01.prefab using Guid(8feca9d3506d6044ab419bcab6d0cb39) Importer(2089858483,0ecaa5967403d082aa24f35e1b516d23) [PhysX] Initialized MultithreadedTaskDispatcher with 16 workers.
 -> (artifact id: '00c8d3c4fdebaab66b6a481e7e1a81cd') in 0.029620 seconds
Number of updated asset objects reloaded before import = 0
Number of asset objects unloaded after import = 7
========================================================================
Received Import Request.
  Time since last request: 0.000037 seconds.
  path: Assets/NatureManufacture Assets/Advanced Foliage Pack/Crooked Roots/Prefabs_Snow/prefab_Snow_crooked_root_02.prefab
  artifactKey: Guid(56f8f389649d87e48ac0493c41820efd) Importer(2089858483,0ecaa5967403d082aa24f35e1b516d23)
Start importing Assets/NatureManufacture Assets/Advanced Foliage Pack/Crooked Roots/Prefabs_Snow/prefab_Snow_crooked_root_02.prefab using Guid(56f8f389649d87e48ac0493c41820efd) Importer(2089858483,0ecaa5967403d082aa24f35e1b516d23) [PhysX] Initialized MultithreadedTaskDispatcher with 16 workers.
 -> (artifact id: 'f0781521d9556ee10746749490aee3f3') in 0.026114 seconds
Number of updated asset objects reloaded before import = 0
Number of asset objects unloaded after import = 25
========================================================================
Received Import Request.
  Time since last request: 0.000042 seconds.
  path: Assets/NatureManufacture Assets/Advanced Foliage Pack/Advanced Grass/Prefabs/prefab_SM_ground_foliage_02_0.prefab
  artifactKey: Guid(580755607bfe1e248ba2ed516475b06c) Importer(2089858483,0ecaa5967403d082aa24f35e1b516d23)
Start importing Assets/NatureManufacture Assets/Advanced Foliage Pack/Advanced Grass/Prefabs/prefab_SM_ground_foliage_02_0.prefab using Guid(580755607bfe1e248ba2ed516475b06c) Importer(2089858483,0ecaa5967403d082aa24f35e1b516d23) [PhysX] Initialized MultithreadedTaskDispatcher with 16 workers.
 -> (artifact id: '5ddf2292913aea8193d9536941dd4c21') in 0.021434 seconds
Number of updated asset objects reloaded before import = 0
Number of asset objects unloaded after import = 20
========================================================================
Received Import Request.
  Time since last request: 0.000059 seconds.
  path: Assets/NatureManufacture Assets/Object Shaders/NM_Lit_Triplanar_Cover_Specular.shader
  artifactKey: Guid(012a143e1d0d5af4681c46cca98baf66) Importer(2089858483,0ecaa5967403d082aa24f35e1b516d23)
Start importing Assets/NatureManufacture Assets/Object Shaders/NM_Lit_Triplanar_Cover_Specular.shader using Guid(012a143e1d0d5af4681c46cca98baf66) Importer(2089858483,0ecaa5967403d082aa24f35e1b516d23) [PhysX] Initialized MultithreadedTaskDispatcher with 16 workers.
 -> (artifact id: 'e0913824f83e4f9c024452c9c6230ac9') in 0.028687 seconds
Number of updated asset objects reloaded before import = 0
Number of asset objects unloaded after import = 1
========================================================================
Received Import Request.
  Time since last request: 0.000042 seconds.
  path: Assets/NatureManufacture Assets/Advanced Foliage Pack/Advanced Grass/Prefabs/prefab_SM_clover_01_flowery.prefab
  artifactKey: Guid(0bb8f7e0e6b4a914b854bcf0daba4aa2) Importer(2089858483,0ecaa5967403d082aa24f35e1b516d23)
Start importing Assets/NatureManufacture Assets/Advanced Foliage Pack/Advanced Grass/Prefabs/prefab_SM_clover_01_flowery.prefab using Guid(0bb8f7e0e6b4a914b854bcf0daba4aa2) Importer(2089858483,0ecaa5967403d082aa24f35e1b516d23) [PhysX] Initialized MultithreadedTaskDispatcher with 16 workers.
 -> (artifact id: 'eb95c43802a7bf4953663ef1a3e43692') in 0.022870 seconds
Number of updated asset objects reloaded before import = 0
Number of asset objects unloaded after import = 15
========================================================================
Received Import Request.
  Time since last request: 0.000041 seconds.
  path: Assets/NatureManufacture Assets/Advanced Foliage Pack/Demo/Overview SceneSettings.lighting
  artifactKey: Guid(5361f8ea679443a4eb07b1f391f635da) Importer(2089858483,0ecaa5967403d082aa24f35e1b516d23)
Start importing Assets/NatureManufacture Assets/Advanced Foliage Pack/Demo/Overview SceneSettings.lighting using Guid(5361f8ea679443a4eb07b1f391f635da) Importer(2089858483,0ecaa5967403d082aa24f35e1b516d23) [PhysX] Initialized MultithreadedTaskDispatcher with 16 workers.
LightingSettings: switching bake backend from 1 to 2.
 -> (artifact id: 'd30fc5a90e3e514fed2c2c2654f2c55f') in 0.030296 seconds
Number of updated asset objects reloaded before import = 0
Number of asset objects unloaded after import = 1
========================================================================
Received Import Request.
  Time since last request: 0.012131 seconds.
  path: Assets/NatureManufacture Assets/Advanced Foliage Pack/Advanced Grass/Prefabs Snow/prefab_SM_ground_foliage_04_0.prefab
  artifactKey: Guid(3d05c91c249b08a459f545b5be5962a9) Importer(2089858483,0ecaa5967403d082aa24f35e1b516d23)
Start importing Assets/NatureManufacture Assets/Advanced Foliage Pack/Advanced Grass/Prefabs Snow/prefab_SM_ground_foliage_04_0.prefab using Guid(3d05c91c249b08a459f545b5be5962a9) Importer(2089858483,0ecaa5967403d082aa24f35e1b516d23) [PhysX] Initialized MultithreadedTaskDispatcher with 16 workers.
 -> (artifact id: 'ee8aa7fc6feb66567a0ed9ccf1734345') in 0.025993 seconds
Number of updated asset objects reloaded before import = 0
Number of asset objects unloaded after import = 15
========================================================================
Received Import Request.
  Time since last request: 0.000039 seconds.
  path: Assets/NatureManufacture Assets/Advanced Foliage Pack/Demo/Overview Scene/ReflectionProbe-3.exr
  artifactKey: Guid(c9d7f33fcb2a57240aafbb7c2a552ebb) Importer(2089858483,0ecaa5967403d082aa24f35e1b516d23)
Start importing Assets/NatureManufacture Assets/Advanced Foliage Pack/Demo/Overview Scene/ReflectionProbe-3.exr using Guid(c9d7f33fcb2a57240aafbb7c2a552ebb) Importer(2089858483,0ecaa5967403d082aa24f35e1b516d23) [PhysX] Initialized MultithreadedTaskDispatcher with 16 workers.
 -> (artifact id: 'bca339dbee18bc53c75fa59ad65b4f0e') in 0.029749 seconds
Number of updated asset objects reloaded before import = 0
Number of asset objects unloaded after import = 1
========================================================================
Received Import Request.
  Time since last request: 0.000050 seconds.
  path: Assets/NatureManufacture Assets/Advanced Foliage Pack/Ground Textures/Materials/T_Ground_Roots_03.mat
  artifactKey: Guid(7b30ff9ded0e25e4f89a2fe5cea6f2db) Importer(2089858483,0ecaa5967403d082aa24f35e1b516d23)
Start importing Assets/NatureManufacture Assets/Advanced Foliage Pack/Ground Textures/Materials/T_Ground_Roots_03.mat using Guid(7b30ff9ded0e25e4f89a2fe5cea6f2db) Importer(2089858483,0ecaa5967403d082aa24f35e1b516d23) [PhysX] Initialized MultithreadedTaskDispatcher with 16 workers.
 -> (artifact id: '8681204bf8f403db0ee0fc04c26d994b') in 0.058267 seconds
Number of updated asset objects reloaded before import = 0
Number of asset objects unloaded after import = 5
========================================================================
Received Import Request.
  Time since last request: 0.000049 seconds.
  path: Assets/NatureManufacture Assets/Advanced Foliage Pack/Crooked Roots/Materials
  artifactKey: Guid(011fb4435c75d42409e3dde80bdb0732) Importer(2089858483,0ecaa5967403d082aa24f35e1b516d23)
Start importing Assets/NatureManufacture Assets/Advanced Foliage Pack/Crooked Roots/Materials using Guid(011fb4435c75d42409e3dde80bdb0732) Importer(2089858483,0ecaa5967403d082aa24f35e1b516d23) [PhysX] Initialized MultithreadedTaskDispatcher with 16 workers.
 -> (artifact id: '58999af862d3c16df30d29b1ca6138c0') in 0.021150 seconds
Number of updated asset objects reloaded before import = 0
Number of asset objects unloaded after import = 1
========================================================================
Received Import Request.
  Time since last request: 0.000068 seconds.
  path: Assets/NatureManufacture Assets/Advanced Foliage Pack/Crooked Roots/Prefabs_Snow/prefab_Snow_crooked_root_04.prefab
  artifactKey: Guid(69b5980387f2e94468c822a746ca157e) Importer(2089858483,0ecaa5967403d082aa24f35e1b516d23)
Start importing Assets/NatureManufacture Assets/Advanced Foliage Pack/Crooked Roots/Prefabs_Snow/prefab_Snow_crooked_root_04.prefab using Guid(69b5980387f2e94468c822a746ca157e) Importer(2089858483,0ecaa5967403d082aa24f35e1b516d23) [PhysX] Initialized MultithreadedTaskDispatcher with 16 workers.
 -> (artifact id: '7878dd9bd968dd5ce1d0149dd861ff98') in 0.024201 seconds
Number of updated asset objects reloaded before import = 0
Number of asset objects unloaded after import = 25
========================================================================
Received Import Request.
  Time since last request: 0.000039 seconds.
  path: Assets/NatureManufacture Assets/Advanced Foliage Pack/Advanced Grass/Prefabs Snow/prefab_SM_ground_foliage_02_0.prefab
  artifactKey: Guid(88d40d1d0a74ae94396191cf015e7eb3) Importer(2089858483,0ecaa5967403d082aa24f35e1b516d23)
Start importing Assets/NatureManufacture Assets/Advanced Foliage Pack/Advanced Grass/Prefabs Snow/prefab_SM_ground_foliage_02_0.prefab using Guid(88d40d1d0a74ae94396191cf015e7eb3) Importer(2089858483,0ecaa5967403d082aa24f35e1b516d23) [PhysX] Initialized MultithreadedTaskDispatcher with 16 workers.
 -> (artifact id: '899af6e868344606a31b7bca065b7655') in 0.024127 seconds
Number of updated asset objects reloaded before import = 0
Number of asset objects unloaded after import = 20
========================================================================
Received Import Request.
  Time since last request: 0.000053 seconds.
  path: Assets/NatureManufacture Assets/Advanced Foliage Pack/Advanced Grass/Prefabs Snow/prefab_SM_ground_foliage_04_1.prefab
  artifactKey: Guid(b6d84c5119088a2468ed8466cc2d94c9) Importer(2089858483,0ecaa5967403d082aa24f35e1b516d23)
Start importing Assets/NatureManufacture Assets/Advanced Foliage Pack/Advanced Grass/Prefabs Snow/prefab_SM_ground_foliage_04_1.prefab using Guid(b6d84c5119088a2468ed8466cc2d94c9) Importer(2089858483,0ecaa5967403d082aa24f35e1b516d23) [PhysX] Initialized MultithreadedTaskDispatcher with 16 workers.
 -> (artifact id: '2de1e4592aaddf3d77a4f76008e3e895') in 0.021883 seconds
Number of updated asset objects reloaded before import = 0
Number of asset objects unloaded after import = 15
========================================================================
Received Import Request.
  Time since last request: 0.000043 seconds.
  path: Assets/NatureManufacture Assets/Advanced Foliage Pack/Advanced Grass/Materials/M_ground_foliage_04.mat
  artifactKey: Guid(d090b10d1de2f4d4baa2a049871be59c) Importer(2089858483,0ecaa5967403d082aa24f35e1b516d23)
Start importing Assets/NatureManufacture Assets/Advanced Foliage Pack/Advanced Grass/Materials/M_ground_foliage_04.mat using Guid(d090b10d1de2f4d4baa2a049871be59c) Importer(2089858483,0ecaa5967403d082aa24f35e1b516d23) [PhysX] Initialized MultithreadedTaskDispatcher with 16 workers.
 -> (artifact id: 'b0a3f35cf995e5f675214163f5d9ac2e') in 0.040389 seconds
Number of updated asset objects reloaded before import = 0
Number of asset objects unloaded after import = 5
========================================================================
Received Import Request.
  Time since last request: 0.000057 seconds.
  path: Assets/NatureManufacture Assets/Advanced Foliage Pack/Demo/OverveiwePostProcess URP.asset
  artifactKey: Guid(67458bfb05747994eb6c87aaf62f68f0) Importer(2089858483,0ecaa5967403d082aa24f35e1b516d23)
Start importing Assets/NatureManufacture Assets/Advanced Foliage Pack/Demo/OverveiwePostProcess URP.asset using Guid(67458bfb05747994eb6c87aaf62f68f0) Importer(2089858483,0ecaa5967403d082aa24f35e1b516d23) [PhysX] Initialized MultithreadedTaskDispatcher with 16 workers.
 -> (artifact id: 'b8b4ce7124d33d93692f667c2d37f6a0') in 0.027874 seconds
Number of updated asset objects reloaded before import = 0
Number of asset objects unloaded after import = 4
========================================================================
Received Import Request.
  Time since last request: 0.000049 seconds.
  path: Assets/NatureManufacture Assets/Advanced Foliage Pack/Crooked Roots/Prefabs_Snow/prefab_Snow_crooked_root_01.prefab
  artifactKey: Guid(04f58143611b4d04aae74b4c02fb3d06) Importer(2089858483,0ecaa5967403d082aa24f35e1b516d23)
Start importing Assets/NatureManufacture Assets/Advanced Foliage Pack/Crooked Roots/Prefabs_Snow/prefab_Snow_crooked_root_01.prefab using Guid(04f58143611b4d04aae74b4c02fb3d06) Importer(2089858483,0ecaa5967403d082aa24f35e1b516d23) [PhysX] Initialized MultithreadedTaskDispatcher with 16 workers.
 -> (artifact id: 'bd1fbcf1337d3dcea5d7fa63ba115017') in 0.023765 seconds
Number of updated asset objects reloaded before import = 0
Number of asset objects unloaded after import = 25
========================================================================
Received Import Request.
  Time since last request: 0.000049 seconds.
  path: Assets/NatureManufacture Assets/Advanced Foliage Pack/Advanced Grass/Prefabs/prefab_SM_ground_foliage_01_flowery.prefab
  artifactKey: Guid(ab70fed5e863c1b489650d34d5a8c977) Importer(2089858483,0ecaa5967403d082aa24f35e1b516d23)
Start importing Assets/NatureManufacture Assets/Advanced Foliage Pack/Advanced Grass/Prefabs/prefab_SM_ground_foliage_01_flowery.prefab using Guid(ab70fed5e863c1b489650d34d5a8c977) Importer(2089858483,0ecaa5967403d082aa24f35e1b516d23) [PhysX] Initialized MultithreadedTaskDispatcher with 16 workers.
 -> (artifact id: 'd8dcc36f518b09777a40d8593415e86e') in 0.027052 seconds
Number of updated asset objects reloaded before import = 0
Number of asset objects unloaded after import = 20
========================================================================
Received Import Request.
  Time since last request: 0.000051 seconds.
  path: Assets/NatureManufacture Assets/Advanced Foliage Pack/Advanced Grass/Prefabs Snow/prefab_SM_forest_heather_01.prefab
  artifactKey: Guid(1a32f82ec30468b498fc50b1e3e58498) Importer(2089858483,0ecaa5967403d082aa24f35e1b516d23)
Start importing Assets/NatureManufacture Assets/Advanced Foliage Pack/Advanced Grass/Prefabs Snow/prefab_SM_forest_heather_01.prefab using Guid(1a32f82ec30468b498fc50b1e3e58498) Importer(2089858483,0ecaa5967403d082aa24f35e1b516d23) [PhysX] Initialized MultithreadedTaskDispatcher with 16 workers.
 -> (artifact id: '7b266f72e0d9ca47acf20fe4eb5e3181') in 0.031727 seconds
Number of updated asset objects reloaded before import = 0
Number of asset objects unloaded after import = 8
========================================================================
Received Import Request.
  Time since last request: 0.000067 seconds.
  path: Assets/NatureManufacture Assets/Advanced Foliage Pack/Trunks/Prefabs/SM_trunk_01.prefab
  artifactKey: Guid(88cef25c1c5d42749bac7de9c381c63c) Importer(2089858483,0ecaa5967403d082aa24f35e1b516d23)
Start importing Assets/NatureManufacture Assets/Advanced Foliage Pack/Trunks/Prefabs/SM_trunk_01.prefab using Guid(88cef25c1c5d42749bac7de9c381c63c) Importer(2089858483,0ecaa5967403d082aa24f35e1b516d23) [PhysX] Initialized MultithreadedTaskDispatcher with 16 workers.
 -> (artifact id: '010d4b048311b3936d440e2cda54a0a4') in 0.028078 seconds
Number of updated asset objects reloaded before import = 0
Number of asset objects unloaded after import = 26
========================================================================
Received Import Request.
  Time since last request: 0.000050 seconds.
  path: Assets/NatureManufacture Assets/Advanced Foliage Pack/Unity grass/Unity Grass Models/Prefabs/prefab_unity_grass_grass_bush_04.prefab
  artifactKey: Guid(ddbee68d1655416438238b56bd770657) Importer(2089858483,0ecaa5967403d082aa24f35e1b516d23)
Start importing Assets/NatureManufacture Assets/Advanced Foliage Pack/Unity grass/Unity Grass Models/Prefabs/prefab_unity_grass_grass_bush_04.prefab using Guid(ddbee68d1655416438238b56bd770657) Importer(2089858483,0ecaa5967403d082aa24f35e1b516d23) [PhysX] Initialized MultithreadedTaskDispatcher with 16 workers.
 -> (artifact id: '10499b3a84c5af7a49a80f92b5d4d641') in 0.025817 seconds
Number of updated asset objects reloaded before import = 0
Number of asset objects unloaded after import = 7
========================================================================
Received Import Request.
  Time since last request: 0.000036 seconds.
  path: Assets/NatureManufacture Assets/Advanced Foliage Pack/Advanced Grass/Prefabs Snow/prefab_SM_ground_foliage_02_1.prefab
  artifactKey: Guid(c0b760ba76e407f4aa4e0ed81813ec93) Importer(2089858483,0ecaa5967403d082aa24f35e1b516d23)
Start importing Assets/NatureManufacture Assets/Advanced Foliage Pack/Advanced Grass/Prefabs Snow/prefab_SM_ground_foliage_02_1.prefab using Guid(c0b760ba76e407f4aa4e0ed81813ec93) Importer(2089858483,0ecaa5967403d082aa24f35e1b516d23) [PhysX] Initialized MultithreadedTaskDispatcher with 16 workers.
 -> (artifact id: 'e0fc657a9e46bf6b8880aae9a293e4c1') in 0.024230 seconds
Number of updated asset objects reloaded before import = 0
Number of asset objects unloaded after import = 20
========================================================================
Received Import Request.
  Time since last request: 0.000055 seconds.
  path: Assets/NatureManufacture Assets/Advanced Foliage Pack/Unity grass/Unity Grass Models/Prefabs Snow/prefab_unity_Snow_grass_ground_foliage_03.prefab
  artifactKey: Guid(5889f48d5787da84ba5469f2f2847bfe) Importer(2089858483,0ecaa5967403d082aa24f35e1b516d23)
Start importing Assets/NatureManufacture Assets/Advanced Foliage Pack/Unity grass/Unity Grass Models/Prefabs Snow/prefab_unity_Snow_grass_ground_foliage_03.prefab using Guid(5889f48d5787da84ba5469f2f2847bfe) Importer(2089858483,0ecaa5967403d082aa24f35e1b516d23) [PhysX] Initialized MultithreadedTaskDispatcher with 16 workers.
 -> (artifact id: 'ea8ee4f7fe066b69977195bde1eeb428') in 0.023272 seconds
Number of updated asset objects reloaded before import = 0
Number of asset objects unloaded after import = 7
========================================================================
Received Import Request.
  Time since last request: 0.000063 seconds.
  path: Assets/NatureManufacture Assets/Advanced Foliage Pack/Unity grass/Unity Grass Models/Prefabs/prefab_unity_grass_grass_bush_simple_03.prefab
  artifactKey: Guid(2c386396ecf14504ea5faf696308db3d) Importer(2089858483,0ecaa5967403d082aa24f35e1b516d23)
Start importing Assets/NatureManufacture Assets/Advanced Foliage Pack/Unity grass/Unity Grass Models/Prefabs/prefab_unity_grass_grass_bush_simple_03.prefab using Guid(2c386396ecf14504ea5faf696308db3d) Importer(2089858483,0ecaa5967403d082aa24f35e1b516d23) [PhysX] Initialized MultithreadedTaskDispatcher with 16 workers.
 -> (artifact id: 'dc3f78bdfa912c960931e3aeb28f1691') in 0.026480 seconds
Number of updated asset objects reloaded before import = 0
Number of asset objects unloaded after import = 7
========================================================================
Received Import Request.
  Time since last request: 0.000037 seconds.
  path: Assets/NatureManufacture Assets/Advanced Foliage Pack/Advanced Grass/Materials Snow/M_Snow_ground_foliage_02.mat
  artifactKey: Guid(b0a429c09bbad5c46b2c98cf0d1f7fd8) Importer(2089858483,0ecaa5967403d082aa24f35e1b516d23)
Start importing Assets/NatureManufacture Assets/Advanced Foliage Pack/Advanced Grass/Materials Snow/M_Snow_ground_foliage_02.mat using Guid(b0a429c09bbad5c46b2c98cf0d1f7fd8) Importer(2089858483,0ecaa5967403d082aa24f35e1b516d23) [PhysX] Initialized MultithreadedTaskDispatcher with 16 workers.
 -> (artifact id: '6b00af5553354ab6ab145cf8c5193c78') in 0.041119 seconds
Number of updated asset objects reloaded before import = 0
Number of asset objects unloaded after import = 6
========================================================================
Received Import Request.
  Time since last request: 0.000055 seconds.
  path: Assets/NatureManufacture Assets/Advanced Foliage Pack/Ground Textures/Materials/T_Ground_Grass_01.mat
  artifactKey: Guid(dc4ca68f31ed9844db92a2896418c97e) Importer(2089858483,0ecaa5967403d082aa24f35e1b516d23)
Start importing Assets/NatureManufacture Assets/Advanced Foliage Pack/Ground Textures/Materials/T_Ground_Grass_01.mat using Guid(dc4ca68f31ed9844db92a2896418c97e) Importer(2089858483,0ecaa5967403d082aa24f35e1b516d23) [PhysX] Initialized MultithreadedTaskDispatcher with 16 workers.
 -> (artifact id: 'b29cc9b75c19cccc4886dd0b01abd00f') in 0.067298 seconds
Number of updated asset objects reloaded before import = 0
Number of asset objects unloaded after import = 5
========================================================================
Received Import Request.
  Time since last request: 0.000053 seconds.
  path: Assets/NatureManufacture Assets/Advanced Foliage Pack/Unity grass/Unity Grass Models/Prefabs Snow/prefab_unity_Snow_grass_ground_foliage_04_0.prefab
  artifactKey: Guid(f5597057df5daa74c94fac2f381d839c) Importer(2089858483,0ecaa5967403d082aa24f35e1b516d23)
Start importing Assets/NatureManufacture Assets/Advanced Foliage Pack/Unity grass/Unity Grass Models/Prefabs Snow/prefab_unity_Snow_grass_ground_foliage_04_0.prefab using Guid(f5597057df5daa74c94fac2f381d839c) Importer(2089858483,0ecaa5967403d082aa24f35e1b516d23) [PhysX] Initialized MultithreadedTaskDispatcher with 16 workers.
 -> (artifact id: '67a020f5de598775a57e42bd886cd008') in 0.027491 seconds
Number of updated asset objects reloaded before import = 0
Number of asset objects unloaded after import = 7
========================================================================
Received Import Request.
  Time since last request: 0.000036 seconds.
  path: Assets/NatureManufacture Assets/Advanced Foliage Pack/Crooked Roots/Prefabs/prefab_crooked_root_04.prefab
  artifactKey: Guid(14a4cfc4b457e1e49ba75a5f9bee3206) Importer(2089858483,0ecaa5967403d082aa24f35e1b516d23)
Start importing Assets/NatureManufacture Assets/Advanced Foliage Pack/Crooked Roots/Prefabs/prefab_crooked_root_04.prefab using Guid(14a4cfc4b457e1e49ba75a5f9bee3206) Importer(2089858483,0ecaa5967403d082aa24f35e1b516d23) [PhysX] Initialized MultithreadedTaskDispatcher with 16 workers.
 -> (artifact id: '6bd36e74244cddb03ae780fb16227498') in 0.024912 seconds
Number of updated asset objects reloaded before import = 0
Number of asset objects unloaded after import = 25
========================================================================
Received Import Request.
  Time since last request: 0.000046 seconds.
  path: Assets/NatureManufacture Assets/Advanced Foliage Pack/Trunks/Materials/M_Snow_trunk_01.mat
  artifactKey: Guid(420bdce18d349ff4a87cb4dc97c6eb4c) Importer(2089858483,0ecaa5967403d082aa24f35e1b516d23)
Start importing Assets/NatureManufacture Assets/Advanced Foliage Pack/Trunks/Materials/M_Snow_trunk_01.mat using Guid(420bdce18d349ff4a87cb4dc97c6eb4c) Importer(2089858483,0ecaa5967403d082aa24f35e1b516d23) [PhysX] Initialized MultithreadedTaskDispatcher with 16 workers.
 -> (artifact id: 'fb596a74063b5b42d2742477957ebe44') in 0.056923 seconds
Number of updated asset objects reloaded before import = 0
Number of asset objects unloaded after import = 8
========================================================================
Received Import Request.
  Time since last request: 0.000052 seconds.
  path: Assets/NatureManufacture Assets/Advanced Foliage Pack/Unity grass/Unity Grass Models
  artifactKey: Guid(67dbf810abc691c4092ffc3cfb356c1a) Importer(2089858483,0ecaa5967403d082aa24f35e1b516d23)
Start importing Assets/NatureManufacture Assets/Advanced Foliage Pack/Unity grass/Unity Grass Models using Guid(67dbf810abc691c4092ffc3cfb356c1a) Importer(2089858483,0ecaa5967403d082aa24f35e1b516d23) [PhysX] Initialized MultithreadedTaskDispatcher with 16 workers.
 -> (artifact id: 'e780b0b2497f7ed0af1fa93a14d0f917') in 0.018062 seconds
Number of updated asset objects reloaded before import = 0
Number of asset objects unloaded after import = 1
========================================================================
Received Import Request.
  Time since last request: 0.000064 seconds.
  path: Assets/NatureManufacture Assets/Advanced Foliage Pack/Crooked Roots/Prefabs_Snow/prefab_Snow_crooked_root_05.prefab
  artifactKey: Guid(9e08209f923fb0c499166ea6abd1f2cf) Importer(2089858483,0ecaa5967403d082aa24f35e1b516d23)
Start importing Assets/NatureManufacture Assets/Advanced Foliage Pack/Crooked Roots/Prefabs_Snow/prefab_Snow_crooked_root_05.prefab using Guid(9e08209f923fb0c499166ea6abd1f2cf) Importer(2089858483,0ecaa5967403d082aa24f35e1b516d23) [PhysX] Initialized MultithreadedTaskDispatcher with 16 workers.
 -> (artifact id: '31b06880c57bdf50a6063cd605a7385b') in 0.023877 seconds
Number of updated asset objects reloaded before import = 0
Number of asset objects unloaded after import = 25
========================================================================
Received Import Request.
  Time since last request: 0.000058 seconds.
  path: Assets/NatureManufacture Assets/Advanced Foliage Pack/Advanced Grass/Prefabs/prefab_SM_grass_bush_simple_04.prefab
  artifactKey: Guid(4237bad11094d7e478ef825d2e14085c) Importer(2089858483,0ecaa5967403d082aa24f35e1b516d23)
Start importing Assets/NatureManufacture Assets/Advanced Foliage Pack/Advanced Grass/Prefabs/prefab_SM_grass_bush_simple_04.prefab using Guid(4237bad11094d7e478ef825d2e14085c) Importer(2089858483,0ecaa5967403d082aa24f35e1b516d23) [PhysX] Initialized MultithreadedTaskDispatcher with 16 workers.
 -> (artifact id: '7abd639902c8715ea546b0eb8e652f8a') in 0.025505 seconds
Number of updated asset objects reloaded before import = 0
Number of asset objects unloaded after import = 8
========================================================================
Received Import Request.
  Time since last request: 0.000038 seconds.
  path: Assets/NatureManufacture Assets/Advanced Foliage Pack/Demo/Demo with Unity Grass/Lightmap-0_comp_dir.png
  artifactKey: Guid(0a3cf4ccf447e8349bcdfbcd2371a81c) Importer(2089858483,0ecaa5967403d082aa24f35e1b516d23)
Start importing Assets/NatureManufacture Assets/Advanced Foliage Pack/Demo/Demo with Unity Grass/Lightmap-0_comp_dir.png using Guid(0a3cf4ccf447e8349bcdfbcd2371a81c) Importer(2089858483,0ecaa5967403d082aa24f35e1b516d23) [PhysX] Initialized MultithreadedTaskDispatcher with 16 workers.
 -> (artifact id: '4ef43a71e258cd3b0fcd82c984e939fe') in 0.055947 seconds
Number of updated asset objects reloaded before import = 0
Number of asset objects unloaded after import = 1
========================================================================
Received Import Request.
  Time since last request: 0.000037 seconds.
  path: Assets/NatureManufacture Assets/Advanced Foliage Pack/Unity grass/Unity Grass Models/Prefabs Snow/prefab_unity_Snow_grass_ground_foliage_02_0.prefab
  artifactKey: Guid(0cacef93763f1af4da8f051e622d5078) Importer(2089858483,0ecaa5967403d082aa24f35e1b516d23)
Start importing Assets/NatureManufacture Assets/Advanced Foliage Pack/Unity grass/Unity Grass Models/Prefabs Snow/prefab_unity_Snow_grass_ground_foliage_02_0.prefab using Guid(0cacef93763f1af4da8f051e622d5078) Importer(2089858483,0ecaa5967403d082aa24f35e1b516d23) [PhysX] Initialized MultithreadedTaskDispatcher with 16 workers.
 -> (artifact id: 'e154d0b5dfc99fb817308dc0210601cb') in 0.023786 seconds
Number of updated asset objects reloaded before import = 0
Number of asset objects unloaded after import = 7
========================================================================
Received Import Request.
  Time since last request: 0.000051 seconds.
  path: Assets/NatureManufacture Assets/Advanced Foliage Pack/Advanced Grass/Prefabs/prefab_SM_grass_bush_01.prefab
  artifactKey: Guid(95cc2ac5f6f9eb54e91e5a4e6c45f96d) Importer(2089858483,0ecaa5967403d082aa24f35e1b516d23)
Start importing Assets/NatureManufacture Assets/Advanced Foliage Pack/Advanced Grass/Prefabs/prefab_SM_grass_bush_01.prefab using Guid(95cc2ac5f6f9eb54e91e5a4e6c45f96d) Importer(2089858483,0ecaa5967403d082aa24f35e1b516d23) [PhysX] Initialized MultithreadedTaskDispatcher with 16 workers.
 -> (artifact id: '5fc3df2aebd0ea7b4cc72fba79433322') in 0.022273 seconds
Number of updated asset objects reloaded before import = 0
Number of asset objects unloaded after import = 15
========================================================================
Received Import Request.
  Time since last request: 0.000037 seconds.
  path: Assets/NatureManufacture Assets/Advanced Foliage Pack/Crooked Roots/Prefabs_Snow/prefab_Snow_crooked_root_03.prefab
  artifactKey: Guid(3a4eb0ab27a76574eb68c7b7e83814e2) Importer(2089858483,0ecaa5967403d082aa24f35e1b516d23)
Start importing Assets/NatureManufacture Assets/Advanced Foliage Pack/Crooked Roots/Prefabs_Snow/prefab_Snow_crooked_root_03.prefab using Guid(3a4eb0ab27a76574eb68c7b7e83814e2) Importer(2089858483,0ecaa5967403d082aa24f35e1b516d23) [PhysX] Initialized MultithreadedTaskDispatcher with 16 workers.
 -> (artifact id: 'a819a8c4ea018ab11d52036fc88711b1') in 0.025308 seconds
Number of updated asset objects reloaded before import = 0
Number of asset objects unloaded after import = 20
========================================================================
Received Import Request.
  Time since last request: 0.000053 seconds.
  path: Assets/NatureManufacture Assets/Advanced Foliage Pack/Unity grass/Unity Grass Models/Prefabs Snow/prefab_unity_Snow_grass_grass_bush_simple_03.prefab
  artifactKey: Guid(b3b3d51e2d3a87245b1820955da747bb) Importer(2089858483,0ecaa5967403d082aa24f35e1b516d23)
Start importing Assets/NatureManufacture Assets/Advanced Foliage Pack/Unity grass/Unity Grass Models/Prefabs Snow/prefab_unity_Snow_grass_grass_bush_simple_03.prefab using Guid(b3b3d51e2d3a87245b1820955da747bb) Importer(2089858483,0ecaa5967403d082aa24f35e1b516d23) [PhysX] Initialized MultithreadedTaskDispatcher with 16 workers.
 -> (artifact id: '0520456e88ae28c3a7679b6ffff82d1f') in 0.025988 seconds
Number of updated asset objects reloaded before import = 0
Number of asset objects unloaded after import = 7
========================================================================
Received Import Request.
  Time since last request: 0.000040 seconds.
  path: Assets/NatureManufacture Assets/Advanced Foliage Pack/Ground Textures/Materials/T_Ground_Rock_02.mat
  artifactKey: Guid(489ceaf3ebad2c84983fe84898477800) Importer(2089858483,0ecaa5967403d082aa24f35e1b516d23)
Start importing Assets/NatureManufacture Assets/Advanced Foliage Pack/Ground Textures/Materials/T_Ground_Rock_02.mat using Guid(489ceaf3ebad2c84983fe84898477800) Importer(2089858483,0ecaa5967403d082aa24f35e1b516d23) [PhysX] Initialized MultithreadedTaskDispatcher with 16 workers.
 -> (artifact id: '6f104aa213cb91ce089ad719d9ca99e4') in 0.068135 seconds
Number of updated asset objects reloaded before import = 0
Number of asset objects unloaded after import = 5
========================================================================
Received Import Request.
  Time since last request: 0.000058 seconds.
  path: Assets/NatureManufacture Assets/Advanced Foliage Pack/Demo/Demo with Unity Grass/ReflectionProbe-0.exr
  artifactKey: Guid(084619409a058f24cbf8e08d3caab83f) Importer(2089858483,0ecaa5967403d082aa24f35e1b516d23)
Start importing Assets/NatureManufacture Assets/Advanced Foliage Pack/Demo/Demo with Unity Grass/ReflectionProbe-0.exr using Guid(084619409a058f24cbf8e08d3caab83f) Importer(2089858483,0ecaa5967403d082aa24f35e1b516d23) [PhysX] Initialized MultithreadedTaskDispatcher with 16 workers.
 -> (artifact id: 'deee279f287b12527b3f410040258eb0') in 0.030497 seconds
Number of updated asset objects reloaded before import = 0
Number of asset objects unloaded after import = 1
========================================================================
Received Import Request.
  Time since last request: 0.000034 seconds.
  path: Assets/NatureManufacture Assets/Advanced Foliage Pack/Unity grass/Unity Grass Models/Prefabs/prefab_unity_grass_ground_foliage_02_0.prefab
  artifactKey: Guid(a105041b33d4c3849a84c258fd29a56e) Importer(2089858483,0ecaa5967403d082aa24f35e1b516d23)
Start importing Assets/NatureManufacture Assets/Advanced Foliage Pack/Unity grass/Unity Grass Models/Prefabs/prefab_unity_grass_ground_foliage_02_0.prefab using Guid(a105041b33d4c3849a84c258fd29a56e) Importer(2089858483,0ecaa5967403d082aa24f35e1b516d23) [PhysX] Initialized MultithreadedTaskDispatcher with 16 workers.
 -> (artifact id: '68cf3dc026409bc3524472f1459dbd53') in 0.030407 seconds
Number of updated asset objects reloaded before import = 0
Number of asset objects unloaded after import = 7
========================================================================
Received Import Request.
  Time since last request: 0.000039 seconds.
  path: Assets/NatureManufacture Assets/Advanced Foliage Pack/Advanced Grass/Prefabs/prefab_SM_ground_foliage_04_1.prefab
  artifactKey: Guid(bb51ef31a4d2d4a488713b61dc6d73f7) Importer(2089858483,0ecaa5967403d082aa24f35e1b516d23)
Start importing Assets/NatureManufacture Assets/Advanced Foliage Pack/Advanced Grass/Prefabs/prefab_SM_ground_foliage_04_1.prefab using Guid(bb51ef31a4d2d4a488713b61dc6d73f7) Importer(2089858483,0ecaa5967403d082aa24f35e1b516d23) [PhysX] Initialized MultithreadedTaskDispatcher with 16 workers.
 -> (artifact id: '68fd6b9dfc8722d37569ec384fb9fbde') in 0.023825 seconds
Number of updated asset objects reloaded before import = 0
Number of asset objects unloaded after import = 15
========================================================================
Received Import Request.
  Time since last request: 0.000040 seconds.
  path: Assets/NatureManufacture Assets/Advanced Foliage Pack/Ground Textures/Materials/T_Ground_Rock_04.mat
  artifactKey: Guid(39c4067b98040a446b4b9fc2c3ad1237) Importer(2089858483,0ecaa5967403d082aa24f35e1b516d23)
Start importing Assets/NatureManufacture Assets/Advanced Foliage Pack/Ground Textures/Materials/T_Ground_Rock_04.mat using Guid(39c4067b98040a446b4b9fc2c3ad1237) Importer(2089858483,0ecaa5967403d082aa24f35e1b516d23) [PhysX] Initialized MultithreadedTaskDispatcher with 16 workers.
 -> (artifact id: 'fbdefb4b59a8bf0332f0ec31759af654') in 0.076451 seconds
Number of updated asset objects reloaded before import = 0
Number of asset objects unloaded after import = 5
========================================================================
Received Import Request.
  Time since last request: 0.000050 seconds.
  path: Assets/NatureManufacture Assets/Advanced Foliage Pack/Unity grass/Unity Grass Models/Prefabs Snow/prefab_unity_Snow_grass_fern_01_1.prefab
  artifactKey: Guid(7c22d0258380cad42a7d6ea964f9cbc1) Importer(2089858483,0ecaa5967403d082aa24f35e1b516d23)
Start importing Assets/NatureManufacture Assets/Advanced Foliage Pack/Unity grass/Unity Grass Models/Prefabs Snow/prefab_unity_Snow_grass_fern_01_1.prefab using Guid(7c22d0258380cad42a7d6ea964f9cbc1) Importer(2089858483,0ecaa5967403d082aa24f35e1b516d23) [PhysX] Initialized MultithreadedTaskDispatcher with 16 workers.
 -> (artifact id: '768e69751ab3df3445c29f1a187173ad') in 0.032905 seconds
Number of updated asset objects reloaded before import = 0
Number of asset objects unloaded after import = 7
========================================================================
Received Import Request.
  Time since last request: 0.000063 seconds.
  path: Assets/NatureManufacture Assets/Advanced Foliage Pack/Unity grass/Unity Grass Models/Prefabs/prefab_unity_grass_ground_foliage_04_0.prefab
  artifactKey: Guid(a4a9e2a8087ec864d864d7b3033126da) Importer(2089858483,0ecaa5967403d082aa24f35e1b516d23)
Start importing Assets/NatureManufacture Assets/Advanced Foliage Pack/Unity grass/Unity Grass Models/Prefabs/prefab_unity_grass_ground_foliage_04_0.prefab using Guid(a4a9e2a8087ec864d864d7b3033126da) Importer(2089858483,0ecaa5967403d082aa24f35e1b516d23) [PhysX] Initialized MultithreadedTaskDispatcher with 16 workers.
 -> (artifact id: 'e5fdf18c6d73f0ec736e73aa34bc437d') in 0.025628 seconds
Number of updated asset objects reloaded before import = 0
Number of asset objects unloaded after import = 7
========================================================================
Received Import Request.
  Time since last request: 0.000041 seconds.
  path: Assets/NatureManufacture Assets/Advanced Foliage Pack/Advanced Grass/Prefabs/prefab_SM_ground_foliage_03.prefab
  artifactKey: Guid(8f06a6d1fdf8a0645a97e93435943929) Importer(2089858483,0ecaa5967403d082aa24f35e1b516d23)
Start importing Assets/NatureManufacture Assets/Advanced Foliage Pack/Advanced Grass/Prefabs/prefab_SM_ground_foliage_03.prefab using Guid(8f06a6d1fdf8a0645a97e93435943929) Importer(2089858483,0ecaa5967403d082aa24f35e1b516d23) [PhysX] Initialized MultithreadedTaskDispatcher with 16 workers.
 -> (artifact id: 'a854c059e451d06d2c918bd7dcdd3468') in 0.019432 seconds
Number of updated asset objects reloaded before import = 0
Number of asset objects unloaded after import = 20
========================================================================
Received Import Request.
  Time since last request: 0.000038 seconds.
  path: Assets/NatureManufacture Assets/Advanced Foliage Pack/Unity grass/Unity Grass Models/Prefabs/prefab_unity_grass_grass_bush_02.prefab
  artifactKey: Guid(dc9ebae8f0fccf34a88de7cba39b0ba8) Importer(2089858483,0ecaa5967403d082aa24f35e1b516d23)
Start importing Assets/NatureManufacture Assets/Advanced Foliage Pack/Unity grass/Unity Grass Models/Prefabs/prefab_unity_grass_grass_bush_02.prefab using Guid(dc9ebae8f0fccf34a88de7cba39b0ba8) Importer(2089858483,0ecaa5967403d082aa24f35e1b516d23) [PhysX] Initialized MultithreadedTaskDispatcher with 16 workers.
 -> (artifact id: '25f5338be89b3beae2c63a48699096d2') in 0.023950 seconds
Number of updated asset objects reloaded before import = 0
Number of asset objects unloaded after import = 7
========================================================================
Received Import Request.
  Time since last request: 0.000069 seconds.
  path: Assets/NatureManufacture Assets/Advanced Foliage Pack/Ground Textures/Materials/T_Ground_Dirt_01.mat
  artifactKey: Guid(6ac5625851cf802459bd19342df905fa) Importer(2089858483,0ecaa5967403d082aa24f35e1b516d23)
Start importing Assets/NatureManufacture Assets/Advanced Foliage Pack/Ground Textures/Materials/T_Ground_Dirt_01.mat using Guid(6ac5625851cf802459bd19342df905fa) Importer(2089858483,0ecaa5967403d082aa24f35e1b516d23) [PhysX] Initialized MultithreadedTaskDispatcher with 16 workers.
 -> (artifact id: '40d9f245c63f40b81038c10589df4a69') in 0.109658 seconds
Number of updated asset objects reloaded before import = 0
Number of asset objects unloaded after import = 5
========================================================================
Received Import Request.
  Time since last request: 0.000046 seconds.
  path: Assets/NatureManufacture Assets/Advanced Foliage Pack/Demo/Overview Scene/ReflectionProbe-1.exr
  artifactKey: Guid(23ce20fb10725014499edb094ac031ef) Importer(2089858483,0ecaa5967403d082aa24f35e1b516d23)
Start importing Assets/NatureManufacture Assets/Advanced Foliage Pack/Demo/Overview Scene/ReflectionProbe-1.exr using Guid(23ce20fb10725014499edb094ac031ef) Importer(2089858483,0ecaa5967403d082aa24f35e1b516d23) [PhysX] Initialized MultithreadedTaskDispatcher with 16 workers.
 -> (artifact id: '36610059b32c8b63e321e169520746e4') in 0.030647 seconds
Number of updated asset objects reloaded before import = 0
Number of asset objects unloaded after import = 1
========================================================================
Received Import Request.
  Time since last request: 0.000043 seconds.
  path: Assets/NatureManufacture Assets/Advanced Foliage Pack/Demo/Overview Scene/ReflectionProbe-0.exr
  artifactKey: Guid(dee267a99fb62d9479833fbefa6311fd) Importer(2089858483,0ecaa5967403d082aa24f35e1b516d23)
Start importing Assets/NatureManufacture Assets/Advanced Foliage Pack/Demo/Overview Scene/ReflectionProbe-0.exr using Guid(dee267a99fb62d9479833fbefa6311fd) Importer(2089858483,0ecaa5967403d082aa24f35e1b516d23) [PhysX] Initialized MultithreadedTaskDispatcher with 16 workers.
 -> (artifact id: 'e8cbc417f3c7a655cf261e2439ee9c19') in 0.029279 seconds
Number of updated asset objects reloaded before import = 0
Number of asset objects unloaded after import = 1
========================================================================
Received Import Request.
  Time since last request: 0.000044 seconds.
  path: Assets/NatureManufacture Assets/Advanced Foliage Pack/Trunks/Prefabs
  artifactKey: Guid(5dd8c6070a8a1104a99b99ee1f0c3e26) Importer(2089858483,0ecaa5967403d082aa24f35e1b516d23)
Start importing Assets/NatureManufacture Assets/Advanced Foliage Pack/Trunks/Prefabs using Guid(5dd8c6070a8a1104a99b99ee1f0c3e26) Importer(2089858483,0ecaa5967403d082aa24f35e1b516d23) [PhysX] Initialized MultithreadedTaskDispatcher with 16 workers.
 -> (artifact id: 'ce8ddd0a38bd56b634159e1f424eba3e') in 0.020916 seconds
Number of updated asset objects reloaded before import = 0
Number of asset objects unloaded after import = 1
========================================================================
Received Import Request.
  Time since last request: 0.000053 seconds.
  path: Assets/NatureManufacture Assets/Advanced Foliage Pack/Advanced Grass/Prefabs/prefab_SM_grass_bush_03.prefab
  artifactKey: Guid(7fc9fe983470a9b43a92d22e45bdeb34) Importer(2089858483,0ecaa5967403d082aa24f35e1b516d23)
Start importing Assets/NatureManufacture Assets/Advanced Foliage Pack/Advanced Grass/Prefabs/prefab_SM_grass_bush_03.prefab using Guid(7fc9fe983470a9b43a92d22e45bdeb34) Importer(2089858483,0ecaa5967403d082aa24f35e1b516d23) [PhysX] Initialized MultithreadedTaskDispatcher with 16 workers.
 -> (artifact id: 'c6016be42052dfe4fd2691170a332c26') in 0.024574 seconds
Number of updated asset objects reloaded before import = 0
Number of asset objects unloaded after import = 20
========================================================================
Received Import Request.
  Time since last request: 0.000035 seconds.
  path: Assets/NatureManufacture Assets/Advanced Foliage Pack/Advanced Grass/Prefabs/prefab_SM_fern_01_2.prefab
  artifactKey: Guid(759b05f723419e1408784ed1576ad111) Importer(2089858483,0ecaa5967403d082aa24f35e1b516d23)
Start importing Assets/NatureManufacture Assets/Advanced Foliage Pack/Advanced Grass/Prefabs/prefab_SM_fern_01_2.prefab using Guid(759b05f723419e1408784ed1576ad111) Importer(2089858483,0ecaa5967403d082aa24f35e1b516d23) [PhysX] Initialized MultithreadedTaskDispatcher with 16 workers.
 -> (artifact id: '453645c83dfe3d3380acbbd0d9751cad') in 0.023516 seconds
Number of updated asset objects reloaded before import = 0
Number of asset objects unloaded after import = 20
========================================================================
Received Import Request.
  Time since last request: 0.000049 seconds.
  path: Assets/NatureManufacture Assets/Advanced Foliage Pack/Crooked Roots/Prefabs
  artifactKey: Guid(d19f7237884e14849afee9b41d7f8f5d) Importer(2089858483,0ecaa5967403d082aa24f35e1b516d23)
Start importing Assets/NatureManufacture Assets/Advanced Foliage Pack/Crooked Roots/Prefabs using Guid(d19f7237884e14849afee9b41d7f8f5d) Importer(2089858483,0ecaa5967403d082aa24f35e1b516d23) [PhysX] Initialized MultithreadedTaskDispatcher with 16 workers.
 -> (artifact id: '57fcf142f9890cba8524cbcdf02fc797') in 0.021269 seconds
Number of updated asset objects reloaded before import = 0
Number of asset objects unloaded after import = 1
========================================================================
Received Import Request.
  Time since last request: 0.000052 seconds.
  path: Assets/NatureManufacture Assets/Advanced Foliage Pack/Unity grass/Unity Grass Models/Prefabs/prefab_unity_grass_ground_foliage_03.prefab
  artifactKey: Guid(bbeaebbe03da0c444b95f1c124d5d4c6) Importer(2089858483,0ecaa5967403d082aa24f35e1b516d23)
Start importing Assets/NatureManufacture Assets/Advanced Foliage Pack/Unity grass/Unity Grass Models/Prefabs/prefab_unity_grass_ground_foliage_03.prefab using Guid(bbeaebbe03da0c444b95f1c124d5d4c6) Importer(2089858483,0ecaa5967403d082aa24f35e1b516d23) [PhysX] Initialized MultithreadedTaskDispatcher with 16 workers.
 -> (artifact id: '741a436ec7469a298cbb52de9fb1b55a') in 0.026599 seconds
Number of updated asset objects reloaded before import = 0
Number of asset objects unloaded after import = 7
========================================================================
Received Import Request.
  Time since last request: 0.000045 seconds.
  path: Assets/NatureManufacture Assets/Advanced Foliage Pack/Demo/Overview Scene/Lightmap-0_comp_dir.png
  artifactKey: Guid(e40c5c0d590e2914ea3376d815104ab7) Importer(2089858483,0ecaa5967403d082aa24f35e1b516d23)
Start importing Assets/NatureManufacture Assets/Advanced Foliage Pack/Demo/Overview Scene/Lightmap-0_comp_dir.png using Guid(e40c5c0d590e2914ea3376d815104ab7) Importer(2089858483,0ecaa5967403d082aa24f35e1b516d23) [PhysX] Initialized MultithreadedTaskDispatcher with 16 workers.
 -> (artifact id: 'f6a70495bec7beff8652ee31da547b5e') in 0.039142 seconds
Number of updated asset objects reloaded before import = 0
Number of asset objects unloaded after import = 1
========================================================================
Received Import Request.
  Time since last request: 0.000051 seconds.
  path: Assets/NatureManufacture Assets/Advanced Foliage Pack/Crooked Roots/Prefabs/prefab_crooked_root_03.prefab
  artifactKey: Guid(7fc69841321aa614f91db87766d054c7) Importer(2089858483,0ecaa5967403d082aa24f35e1b516d23)
Start importing Assets/NatureManufacture Assets/Advanced Foliage Pack/Crooked Roots/Prefabs/prefab_crooked_root_03.prefab using Guid(7fc69841321aa614f91db87766d054c7) Importer(2089858483,0ecaa5967403d082aa24f35e1b516d23) [PhysX] Initialized MultithreadedTaskDispatcher with 16 workers.
 -> (artifact id: '81fd9450459ed96d346b06dd86f1943a') in 0.022076 seconds
Number of updated asset objects reloaded before import = 0
Number of asset objects unloaded after import = 20
========================================================================
Received Import Request.
  Time since last request: 0.000064 seconds.
  path: Assets/NatureManufacture Assets/Advanced Foliage Pack/Unity grass/Unity Grass Models/Prefabs
  artifactKey: Guid(e6dab9d552a0c7d4f8e83ac4ab17b4a4) Importer(2089858483,0ecaa5967403d082aa24f35e1b516d23)
Start importing Assets/NatureManufacture Assets/Advanced Foliage Pack/Unity grass/Unity Grass Models/Prefabs using Guid(e6dab9d552a0c7d4f8e83ac4ab17b4a4) Importer(2089858483,0ecaa5967403d082aa24f35e1b516d23) [PhysX] Initialized MultithreadedTaskDispatcher with 16 workers.
 -> (artifact id: '233575a79525bb6404390990870917c1') in 0.019673 seconds
Number of updated asset objects reloaded before import = 0
Number of asset objects unloaded after import = 1
========================================================================
Received Import Request.
  Time since last request: 0.000062 seconds.
  path: Assets/NatureManufacture Assets/Advanced Foliage Pack/Advanced Grass/Materials Snow/M_Snow_fern_01.mat
  artifactKey: Guid(a1611ffde791a534184eeeee6ff46c1d) Importer(2089858483,0ecaa5967403d082aa24f35e1b516d23)
Start importing Assets/NatureManufacture Assets/Advanced Foliage Pack/Advanced Grass/Materials Snow/M_Snow_fern_01.mat using Guid(a1611ffde791a534184eeeee6ff46c1d) Importer(2089858483,0ecaa5967403d082aa24f35e1b516d23) [PhysX] Initialized MultithreadedTaskDispatcher with 16 workers.
 -> (artifact id: '36a6bff6440706785d7cd615fb0e1af7') in 0.046101 seconds
Number of updated asset objects reloaded before import = 0
Number of asset objects unloaded after import = 6
========================================================================
Received Import Request.
  Time since last request: 0.000051 seconds.
  path: Assets/NatureManufacture Assets/Advanced Foliage Pack/Unity grass/Unity Grass Models/Prefabs/prefab_unity_grass_ground_foliage_01.prefab
  artifactKey: Guid(b52247261fbfac54eb9dfef486bc80b6) Importer(2089858483,0ecaa5967403d082aa24f35e1b516d23)
Start importing Assets/NatureManufacture Assets/Advanced Foliage Pack/Unity grass/Unity Grass Models/Prefabs/prefab_unity_grass_ground_foliage_01.prefab using Guid(b52247261fbfac54eb9dfef486bc80b6) Importer(2089858483,0ecaa5967403d082aa24f35e1b516d23) [PhysX] Initialized MultithreadedTaskDispatcher with 16 workers.
 -> (artifact id: '6808af589f1aa8a0969b40dfa82092ab') in 0.030064 seconds
Number of updated asset objects reloaded before import = 0
Number of asset objects unloaded after import = 7
========================================================================
Received Import Request.
  Time since last request: 0.000051 seconds.
  path: Assets/NatureManufacture Assets/Advanced Foliage Pack/Advanced Grass/Materials/M_nettle_01.mat
  artifactKey: Guid(c681fcbe31db1cf47880451767fbfe8e) Importer(2089858483,0ecaa5967403d082aa24f35e1b516d23)
Start importing Assets/NatureManufacture Assets/Advanced Foliage Pack/Advanced Grass/Materials/M_nettle_01.mat using Guid(c681fcbe31db1cf47880451767fbfe8e) Importer(2089858483,0ecaa5967403d082aa24f35e1b516d23) [PhysX] Initialized MultithreadedTaskDispatcher with 16 workers.
 -> (artifact id: '9499d2742e8a7ddb7d8dafb902fd89e1') in 0.030368 seconds
Number of updated asset objects reloaded before import = 0
Number of asset objects unloaded after import = 5
========================================================================
Received Import Request.
  Time since last request: 0.000055 seconds.
  path: Assets/NatureManufacture Assets/Advanced Foliage Pack/Advanced Grass/Prefabs/prefab_SM_nettle_01_0.prefab
  artifactKey: Guid(de353cebbda2970479298c5ec5fd5b3f) Importer(2089858483,0ecaa5967403d082aa24f35e1b516d23)
Start importing Assets/NatureManufacture Assets/Advanced Foliage Pack/Advanced Grass/Prefabs/prefab_SM_nettle_01_0.prefab using Guid(de353cebbda2970479298c5ec5fd5b3f) Importer(2089858483,0ecaa5967403d082aa24f35e1b516d23) [PhysX] Initialized MultithreadedTaskDispatcher with 16 workers.
 -> (artifact id: '22ef0700ce5042d809991aeefe151e59') in 0.024476 seconds
Number of updated asset objects reloaded before import = 0
Number of asset objects unloaded after import = 20
========================================================================
Received Import Request.
  Time since last request: 0.000055 seconds.
  path: Assets/NatureManufacture Assets/Advanced Foliage Pack/Demo/Demo with Unity GrassSettings.lighting
  artifactKey: Guid(73414e95acd79c342b067c7b2d8fcb5b) Importer(2089858483,0ecaa5967403d082aa24f35e1b516d23)
Start importing Assets/NatureManufacture Assets/Advanced Foliage Pack/Demo/Demo with Unity GrassSettings.lighting using Guid(73414e95acd79c342b067c7b2d8fcb5b) Importer(2089858483,0ecaa5967403d082aa24f35e1b516d23) [PhysX] Initialized MultithreadedTaskDispatcher with 16 workers.
LightingSettings: switching bake backend from 1 to 2.
 -> (artifact id: '6eb4e25523c4d0c003b3bbae281eb2cc') in 0.023941 seconds
Number of updated asset objects reloaded before import = 0
Number of asset objects unloaded after import = 1
========================================================================
Received Import Request.
  Time since last request: 0.000045 seconds.
  path: Assets/NatureManufacture Assets/Advanced Foliage Pack/Unity grass/Unity Grass Models/Prefabs Snow/prefab_unity_Snow_grass_ground_foliage_02_1.prefab
  artifactKey: Guid(4463929529982e448b85adc63c3114e6) Importer(2089858483,0ecaa5967403d082aa24f35e1b516d23)
Start importing Assets/NatureManufacture Assets/Advanced Foliage Pack/Unity grass/Unity Grass Models/Prefabs Snow/prefab_unity_Snow_grass_ground_foliage_02_1.prefab using Guid(4463929529982e448b85adc63c3114e6) Importer(2089858483,0ecaa5967403d082aa24f35e1b516d23) [PhysX] Initialized MultithreadedTaskDispatcher with 16 workers.
 -> (artifact id: '5d6afcde466753cb9ef265ca686003a3') in 0.025851 seconds
Number of updated asset objects reloaded before import = 0
Number of asset objects unloaded after import = 7
========================================================================
Received Import Request.
  Time since last request: 0.000041 seconds.
  path: Assets/NatureManufacture Assets/Advanced Foliage Pack/Crooked Roots/Prefabs/prefab_crooked_root_02.prefab
  artifactKey: Guid(b6e328f7a6b105b48bd03ad7b7ecc8c2) Importer(2089858483,0ecaa5967403d082aa24f35e1b516d23)
Start importing Assets/NatureManufacture Assets/Advanced Foliage Pack/Crooked Roots/Prefabs/prefab_crooked_root_02.prefab using Guid(b6e328f7a6b105b48bd03ad7b7ecc8c2) Importer(2089858483,0ecaa5967403d082aa24f35e1b516d23) [PhysX] Initialized MultithreadedTaskDispatcher with 16 workers.
 -> (artifact id: '4ad2b179052e346868eca2bd988764b1') in 0.021520 seconds
Number of updated asset objects reloaded before import = 0
Number of asset objects unloaded after import = 25
========================================================================
Received Import Request.
  Time since last request: 0.000051 seconds.
  path: Assets/NatureManufacture Assets/Advanced Foliage Pack/Ground Textures/Materials/T_Ground_Moss_01.mat
  artifactKey: Guid(ef1b6b6d22c2e7e49819b6fd60800740) Importer(2089858483,0ecaa5967403d082aa24f35e1b516d23)
Start importing Assets/NatureManufacture Assets/Advanced Foliage Pack/Ground Textures/Materials/T_Ground_Moss_01.mat using Guid(ef1b6b6d22c2e7e49819b6fd60800740) Importer(2089858483,0ecaa5967403d082aa24f35e1b516d23) [PhysX] Initialized MultithreadedTaskDispatcher with 16 workers.
 -> (artifact id: 'b285dfce4ad65dec4e8f42e0403cef44') in 0.103249 seconds
Number of updated asset objects reloaded before import = 0
Number of asset objects unloaded after import = 5
========================================================================
Received Import Request.
  Time since last request: 0.000036 seconds.
  path: Assets/NatureManufacture Assets/Advanced Foliage Pack/Ground Textures/Materials/T_Ground_Roots_02.mat
  artifactKey: Guid(fd22f28f3fcdd2d4a93dbc7ef1407af3) Importer(2089858483,0ecaa5967403d082aa24f35e1b516d23)
Start importing Assets/NatureManufacture Assets/Advanced Foliage Pack/Ground Textures/Materials/T_Ground_Roots_02.mat using Guid(fd22f28f3fcdd2d4a93dbc7ef1407af3) Importer(2089858483,0ecaa5967403d082aa24f35e1b516d23) [PhysX] Initialized MultithreadedTaskDispatcher with 16 workers.
 -> (artifact id: '32e856bf1014ad14a287ebf6fd0ffcbc') in 0.060650 seconds
Number of updated asset objects reloaded before import = 0
Number of asset objects unloaded after import = 5
========================================================================
Received Import Request.
  Time since last request: 0.000046 seconds.
  path: Assets/NatureManufacture Assets/Advanced Foliage Pack/Advanced Grass/Materials
  artifactKey: Guid(7b5c066a9f011b24e816956a9f7d82fc) Importer(2089858483,0ecaa5967403d082aa24f35e1b516d23)
Start importing Assets/NatureManufacture Assets/Advanced Foliage Pack/Advanced Grass/Materials using Guid(7b5c066a9f011b24e816956a9f7d82fc) Importer(2089858483,0ecaa5967403d082aa24f35e1b516d23) [PhysX] Initialized MultithreadedTaskDispatcher with 16 workers.
 -> (artifact id: '8d17bd99864d8dc62d0e1d6c22ace5b8') in 0.021977 seconds
Number of updated asset objects reloaded before import = 0
Number of asset objects unloaded after import = 1
========================================================================
Received Import Request.
  Time since last request: 0.000044 seconds.
  path: Assets/NatureManufacture Assets/Advanced Foliage Pack/Advanced Grass/Prefabs/prefab_SM_nettle_01_1.prefab
  artifactKey: Guid(4cbd466d0eefb3a4fa847e4b09fbe2f1) Importer(2089858483,0ecaa5967403d082aa24f35e1b516d23)
Start importing Assets/NatureManufacture Assets/Advanced Foliage Pack/Advanced Grass/Prefabs/prefab_SM_nettle_01_1.prefab using Guid(4cbd466d0eefb3a4fa847e4b09fbe2f1) Importer(2089858483,0ecaa5967403d082aa24f35e1b516d23) [PhysX] Initialized MultithreadedTaskDispatcher with 16 workers.
 -> (artifact id: '53b9dc59b0634b76b09e4e417f3ac170') in 0.023571 seconds
Number of updated asset objects reloaded before import = 0
Number of asset objects unloaded after import = 20
========================================================================
Received Import Request.
  Time since last request: 0.000040 seconds.
  path: Assets/NatureManufacture Assets/Advanced Foliage Pack/Unity grass/Unity Grass Models/Prefabs Snow/prefab_unity_Snow_grass_ground_foliage_01.prefab
  artifactKey: Guid(6f22c9620f06e3548bc9abd34d2dfe90) Importer(2089858483,0ecaa5967403d082aa24f35e1b516d23)
Start importing Assets/NatureManufacture Assets/Advanced Foliage Pack/Unity grass/Unity Grass Models/Prefabs Snow/prefab_unity_Snow_grass_ground_foliage_01.prefab using Guid(6f22c9620f06e3548bc9abd34d2dfe90) Importer(2089858483,0ecaa5967403d082aa24f35e1b516d23) [PhysX] Initialized MultithreadedTaskDispatcher with 16 workers.
 -> (artifact id: 'c3b69dc04a83cecc565ade9171123201') in 0.027038 seconds
Number of updated asset objects reloaded before import = 0
Number of asset objects unloaded after import = 7
========================================================================
Received Import Request.
  Time since last request: 0.000057 seconds.
  path: Assets/NatureManufacture Assets/Advanced Foliage Pack/Advanced Grass/Prefabs/prefab_SM_grass_bush_simple_05.prefab
  artifactKey: Guid(098ec79b00d1c4149a3dcea6e5053aa5) Importer(2089858483,0ecaa5967403d082aa24f35e1b516d23)
Start importing Assets/NatureManufacture Assets/Advanced Foliage Pack/Advanced Grass/Prefabs/prefab_SM_grass_bush_simple_05.prefab using Guid(098ec79b00d1c4149a3dcea6e5053aa5) Importer(2089858483,0ecaa5967403d082aa24f35e1b516d23) [PhysX] Initialized MultithreadedTaskDispatcher with 16 workers.
 -> (artifact id: 'c1ef9085e17b00831d43f8f5bdf9b639') in 0.024634 seconds
Number of updated asset objects reloaded before import = 0
Number of asset objects unloaded after import = 8
========================================================================
Received Import Request.
  Time since last request: 0.000049 seconds.
  path: Assets/NatureManufacture Assets/Advanced Foliage Pack/Unity grass/Unity Grass Models/Prefabs/prefab_unity_grass_nettle_01_1.prefab
  artifactKey: Guid(cd58c070a74a0344399d4a001bf319b5) Importer(2089858483,0ecaa5967403d082aa24f35e1b516d23)
Start importing Assets/NatureManufacture Assets/Advanced Foliage Pack/Unity grass/Unity Grass Models/Prefabs/prefab_unity_grass_nettle_01_1.prefab using Guid(cd58c070a74a0344399d4a001bf319b5) Importer(2089858483,0ecaa5967403d082aa24f35e1b516d23) [PhysX] Initialized MultithreadedTaskDispatcher with 16 workers.
 -> (artifact id: '2e00a99af7945841787672cdff2aad4f') in 0.023305 seconds
Number of updated asset objects reloaded before import = 0
Number of asset objects unloaded after import = 7
Editor requested this worker to shutdown with reason: Scaling down because of idle timeout
TcpMessagingSession - receive error: operation aborted. errorcode: 995, details: Der E/A-Vorgang wurde wegen eines Threadendes oder einer Anwendungsanforderung abgebrochen.
AssetImportWorker is now disconnected from the server
Process exiting
Exiting without the bug reporter. Application will terminate with return code 0