Using pre-set license
Built from '2022.3/staging' branch; Version is '2022.3.62f1 (4af31df58517) revision 4911901'; Using compiler version '192829333'; Build Type 'Release'
OS: 'Windows 10  (10.0.19045) 64bit Professional' Language: 'de' Physical Memory: 32700 MB
BatchMode: 1, IsHumanControllingUs: 0, StartBugReporterOnCrash: 0, Is64bit: 1, IsPro: 1

COMMAND LINE ARGUMENTS:
C:\Program Files\Unity\Hub\Editor\2022.3.62f1\Editor\Unity.exe
-adb2
-batchMode
-noUpm
-name
AssetImportWorker19
-projectPath
C:/StudentProjects/Serious game group 18/My project
-logFile
Logs/AssetImportWorker19.log
-srvPort
58467
Successfully changed project path to: C:/StudentProjects/Serious game group 18/My project
C:/StudentProjects/Serious game group 18/My project
[UnityMemory] Configuration Parameters - Can be set up in boot.config
    "memorysetup-bucket-allocator-granularity=16"
    "memorysetup-bucket-allocator-bucket-count=8"
    "memorysetup-bucket-allocator-block-size=33554432"
    "memorysetup-bucket-allocator-block-count=8"
    "memorysetup-main-allocator-block-size=16777216"
    "memorysetup-thread-allocator-block-size=16777216"
    "memorysetup-gfx-main-allocator-block-size=16777216"
    "memorysetup-gfx-thread-allocator-block-size=16777216"
    "memorysetup-cache-allocator-block-size=4194304"
    "memorysetup-typetree-allocator-block-size=2097152"
    "memorysetup-profiler-bucket-allocator-granularity=16"
    "memorysetup-profiler-bucket-allocator-bucket-count=8"
    "memorysetup-profiler-bucket-allocator-block-size=33554432"
    "memorysetup-profiler-bucket-allocator-block-count=8"
    "memorysetup-profiler-allocator-block-size=16777216"
    "memorysetup-profiler-editor-allocator-block-size=1048576"
    "memorysetup-temp-allocator-size-main=16777216"
    "memorysetup-job-temp-allocator-block-size=2097152"
    "memorysetup-job-temp-allocator-block-size-background=1048576"
    "memorysetup-job-temp-allocator-reduction-small-platforms=262144"
    "memorysetup-allocator-temp-initial-block-size-main=262144"
    "memorysetup-allocator-temp-initial-block-size-worker=262144"
    "memorysetup-temp-allocator-size-background-worker=32768"
    "memorysetup-temp-allocator-size-job-worker=262144"
    "memorysetup-temp-allocator-size-preload-manager=33554432"
    "memorysetup-temp-allocator-size-nav-mesh-worker=65536"
    "memorysetup-temp-allocator-size-audio-worker=65536"
    "memorysetup-temp-allocator-size-cloud-worker=32768"
    "memorysetup-temp-allocator-size-gi-baking-worker=262144"
    "memorysetup-temp-allocator-size-gfx=262144"
Player connection [21016]  Target information:

Player connection [21016]  * "[IP] 192.168.253.171 [Port] 0 [Flags] 2 [Guid] 3685070154 [EditorId] 3685070154 [Version] 1048832 [Id] WindowsEditor(7,DESKTOP-66DGGND) [Debug] 1 [PackageName] WindowsEditor [ProjectName] Editor" 

Player connection [21016] Host joined multi-casting on [225.0.0.222:54997]...
Player connection [21016] Host joined alternative multi-casting on [225.0.0.222:34997]...
Input System module state changed to: Initialized.
[PhysX] Initialized MultithreadedTaskDispatcher with 16 workers.
Refreshing native plugins compatible for Editor in 54.89 ms, found 12 plugins.
Preloading 0 native plugins for Editor in 0.00 ms.
Initialize engine version: 2022.3.62f1 (4af31df58517)
[Subsystems] Discovering subsystems at path C:/Program Files/Unity/Hub/Editor/2022.3.62f1/Editor/Data/Resources/UnitySubsystems
[Subsystems] Discovering subsystems at path C:/StudentProjects/Serious game group 18/My project/Assets
GfxDevice: creating device client; threaded=0; jobified=0
Direct3D:
    Version:  Direct3D 11.0 [level 11.1]
    Renderer: Radeon RX Vega (ID=0x687f)
    Vendor:   ATI
    VRAM:     8119 MB
    Driver:   31.0.12027.9001
Shader 'Fristy/Nature/Leaves': fallback shader 'TransparentCutout' not found
Shader 'Fristy/Nature/Leaves 2': fallback shader 'TransparentCutout' not found
Shader 'Fristy/Nature/Leaves 2': fallback shader 'TransparentCutout' not found
Shader 'Fristy/Nature/Leaves': fallback shader 'TransparentCutout' not found
Initialize mono
Mono path[0] = 'C:/Program Files/Unity/Hub/Editor/2022.3.62f1/Editor/Data/Managed'
Mono path[1] = 'C:/Program Files/Unity/Hub/Editor/2022.3.62f1/Editor/Data/MonoBleedingEdge/lib/mono/unityjit-win32'
Mono config path = 'C:/Program Files/Unity/Hub/Editor/2022.3.62f1/Editor/Data/MonoBleedingEdge/etc'
Using monoOptions --debugger-agent=transport=dt_socket,embedding=1,server=y,suspend=n,address=127.0.0.1:56156
Begin MonoManager ReloadAssembly
Registering precompiled unity dll's ...
Register platform support module: C:/Program Files/Unity/Hub/Editor/2022.3.62f1/Editor/Data/PlaybackEngines/WindowsStandaloneSupport/UnityEditor.WindowsStandalone.Extensions.dll
Registered in 0.014966 seconds.
- Loaded All Assemblies, in  0.504 seconds
Native extension for WindowsStandalone target not found
Mono: successfully reloaded assembly
- Finished resetting the current domain, in  0.351 seconds
Domain Reload Profiling: 852ms
	BeginReloadAssembly (167ms)
		ExecutionOrderSort (0ms)
		DisableScriptedObjects (0ms)
		BackupInstance (0ms)
		ReleaseScriptingObjects (0ms)
		CreateAndSetChildDomain (1ms)
	RebuildCommonClasses (49ms)
	RebuildNativeTypeToScriptingClass (15ms)
	initialDomainReloadingComplete (89ms)
	LoadAllAssembliesAndSetupDomain (180ms)
		LoadAssemblies (162ms)
		RebuildTransferFunctionScriptingTraits (0ms)
		AnalyzeDomain (178ms)
			TypeCache.Refresh (175ms)
				TypeCache.ScanAssembly (158ms)
			ScanForSourceGeneratedMonoScriptInfo (0ms)
			ResolveRequiredComponents (1ms)
	FinalizeReload (352ms)
		ReleaseScriptCaches (0ms)
		RebuildScriptCaches (0ms)
		SetupLoadedEditorAssemblies (291ms)
			LogAssemblyErrors (0ms)
			InitializePlatformSupportModulesInManaged (14ms)
			SetLoadedEditorAssemblies (9ms)
			RefreshPlugins (0ms)
			BeforeProcessingInitializeOnLoad (3ms)
			ProcessInitializeOnLoadAttributes (200ms)
			ProcessInitializeOnLoadMethodAttributes (65ms)
			AfterProcessingInitializeOnLoad (0ms)
			EditorAssembliesLoaded (0ms)
		ExecutionOrderSort2 (0ms)
		AwakeInstancesAfterBackupRestoration (0ms)
========================================================================
Worker process is ready to serve import requests
Caller must complete domain reload
Begin MonoManager ReloadAssembly
- Loaded All Assemblies, in  1.328 seconds
Native extension for WindowsStandalone target not found
Package Manager log level set to [2]
[Package Manager] Server::EnsureServerProcessIsRunning -- launch failed, reason: Unity was launched with the -noUpm command-line argument
[Package Manager] UpmClient::Send -- Unable to send message (not connected to UPM process).
[Package Manager] Cannot connect to Unity Package Manager local server
Mono: successfully reloaded assembly
[Package Manager] Server::EnsureServerProcessIsRunning -- launch failed, reason: Unity was launched with the -noUpm command-line argument
[Package Manager] UpmClient::Send -- Unable to send message (not connected to UPM process).
[Package Manager] Cannot connect to Unity Package Manager local server
[Package Manager] Server::EnsureServerProcessIsRunning -- launch failed, reason: Unity was launched with the -noUpm command-line argument
[Package Manager] UpmClient::Send -- Unable to send message (not connected to UPM process).
[Package Manager] Cannot connect to Unity Package Manager local server
- Finished resetting the current domain, in  1.720 seconds
Domain Reload Profiling: 3037ms
	BeginReloadAssembly (193ms)
		ExecutionOrderSort (0ms)
		DisableScriptedObjects (7ms)
		BackupInstance (0ms)
		ReleaseScriptingObjects (0ms)
		CreateAndSetChildDomain (26ms)
	RebuildCommonClasses (46ms)
	RebuildNativeTypeToScriptingClass (14ms)
	initialDomainReloadingComplete (65ms)
	LoadAllAssembliesAndSetupDomain (998ms)
		LoadAssemblies (607ms)
		RebuildTransferFunctionScriptingTraits (0ms)
		AnalyzeDomain (501ms)
			TypeCache.Refresh (416ms)
				TypeCache.ScanAssembly (388ms)
			ScanForSourceGeneratedMonoScriptInfo (59ms)
			ResolveRequiredComponents (23ms)
	FinalizeReload (1721ms)
		ReleaseScriptCaches (0ms)
		RebuildScriptCaches (0ms)
		SetupLoadedEditorAssemblies (1406ms)
			LogAssemblyErrors (0ms)
			InitializePlatformSupportModulesInManaged (9ms)
			SetLoadedEditorAssemblies (7ms)
			RefreshPlugins (0ms)
			BeforeProcessingInitializeOnLoad (175ms)
			ProcessInitializeOnLoadAttributes (818ms)
			ProcessInitializeOnLoadMethodAttributes (382ms)
			AfterProcessingInitializeOnLoad (13ms)
			EditorAssembliesLoaded (0ms)
		ExecutionOrderSort2 (0ms)
		AwakeInstancesAfterBackupRestoration (10ms)
WARNING: Shader Unsupported: 'Hidden/Builtin_TerrainVisualization' - All subshaders removed
WARNING: Shader Did you use #pragma only_renderers and omit this platform?
WARNING: Shader If subshaders removal was intentional, you may have forgotten turning Fallback off?
WARNING: Shader Unsupported: 'Hidden/Builtin_TerrainVisualization' - All subshaders removed
WARNING: Shader Did you use #pragma only_renderers and omit this platform?
WARNING: Shader If subshaders removal was intentional, you may have forgotten turning Fallback off?
WARNING: Shader Unsupported: 'Hidden/Universal Render Pipeline/Terrain/Lit (Base Pass)' - All subshaders removed
WARNING: Shader Did you use #pragma only_renderers and omit this platform?
WARNING: Shader If subshaders removal was intentional, you may have forgotten turning Fallback off?
WARNING: Shader Unsupported: 'Hidden/Universal Render Pipeline/Terrain/Lit (Base Pass)' - All subshaders removed
WARNING: Shader Did you use #pragma only_renderers and omit this platform?
WARNING: Shader If subshaders removal was intentional, you may have forgotten turning Fallback off?
WARNING: Shader Unsupported: 'Universal Render Pipeline/Terrain/Lit' - All subshaders removed
WARNING: Shader Did you use #pragma only_renderers and omit this platform?
WARNING: Shader If subshaders removal was intentional, you may have forgotten turning Fallback off?
WARNING: Shader Unsupported: 'Universal Render Pipeline/Terrain/Lit' - All subshaders removed
WARNING: Shader Did you use #pragma only_renderers and omit this platform?
WARNING: Shader If subshaders removal was intentional, you may have forgotten turning Fallback off?
Shader 'Fristy/Nature/Leaves 2': fallback shader 'TransparentCutout' not found
Shader 'Fristy/Nature/Leaves 2': fallback shader 'TransparentCutout' not found
Shader 'Fristy/Nature/Leaves': fallback shader 'TransparentCutout' not found
Shader 'Fristy/Nature/Leaves': fallback shader 'TransparentCutout' not found
Launched and connected shader compiler UnityShaderCompiler.exe after 0.05 seconds
Refreshing native plugins compatible for Editor in 31.36 ms, found 12 plugins.
Preloading 0 native plugins for Editor in 0.00 ms.
Unloading 9287 Unused Serialized files (Serialized files now loaded: 0)
Unloading 166 unused Assets / (7.0 MB). Loaded Objects now: 9824.
Memory consumption went from 476.8 MB to 469.8 MB.
Total: 9.301300 ms (FindLiveObjects: 1.079900 ms CreateObjectMapping: 0.764500 ms MarkObjects: 5.083200 ms  DeleteObjects: 2.372200 ms)

AssetImportParameters requested are different than current active one (requested -> active):
  custom:container-demuxer-ogg: 62fdf1f143b41e24485cea50d1cbac27 -> 
  custom:framework-win-MediaFoundation: 216162199b28c13a410421893ffa2e32 -> 
  custom:container-muxer-webm: aa71ff27fc2769a1b78a27578f13a17b -> 
  custom:video-decoder-webm-vp8: 9c59270c3fd7afecdb556c50c9e8de78 -> 
  custom:SearchIndexIgnoredProperties: e643bd26f0fe6173181afceb89e7c659 -> 
  custom:AudioImporter_EditorPlatform: d09bf68614088b80899f8185d706f6e7 -> 
  custom:audio-decoder-ogg-vorbis: bf7c407c2cedff20999df2af8eb42d56 -> 
  custom:audio-encoder-webm-vorbis: bf7c407c2cedff20999df2af8eb42d56 -> 
  custom:video-codec-MediaFoundation-h265: 746d11721c4dcdbdad8f713fa42b33f4 -> 
  custom:video-decoder-ogg-theora: a1e56fd34408186e4bbccfd4996cb3dc -> 
  custom:CustomObjectIndexerAttribute: 3ead1caaecf1c488f20bcfeb224b6af5 -> 
  custom:container-demuxer-webm: 4f35f7cbe854078d1ac9338744f61a02 -> 
  custom:video-encoder-webm-vp8: eb34c28f22e8b96e1ab97ce403110664 -> 
========================================================================
Received Import Request.
  Time since last request: 975710.421818 seconds.
  path: Assets/PBR_Grass_Flowers_Pack_01/ExtraMeshes/Materials/BurdockBushDet01.mat
  artifactKey: Guid(8c38d603031e43045adbf704168e9bea) Importer(815301076,1909f56bfc062723c751e8b465ee728b)
Start importing Assets/PBR_Grass_Flowers_Pack_01/ExtraMeshes/Materials/BurdockBushDet01.mat using Guid(8c38d603031e43045adbf704168e9bea) Importer(815301076,1909f56bfc062723c751e8b465ee728b) [PhysX] Initialized MultithreadedTaskDispatcher with 16 workers.
[PhysX] Initialized MultithreadedTaskDispatcher with 16 workers.
 -> (artifact id: 'b0b95759ade3aaffed8f781692f5ad28') in 0.962990 seconds
Number of updated asset objects reloaded before import = 0
Number of asset objects unloaded after import = 70
========================================================================
Received Import Request.
  Time since last request: 372.094369 seconds.
  path: Assets/Toby Fredson/The Toby Foliage Engine/(TTFE)_Demo/Prefabs/Prefabs_Vegetation/Vegetation_Plants/VP_GrassSingle/Grass_Single_X.prefab
  artifactKey: Guid(13eb6174adb31a340873cf6eea21782d) Importer(815301076,1909f56bfc062723c751e8b465ee728b)
Start importing Assets/Toby Fredson/The Toby Foliage Engine/(TTFE)_Demo/Prefabs/Prefabs_Vegetation/Vegetation_Plants/VP_GrassSingle/Grass_Single_X.prefab using Guid(13eb6174adb31a340873cf6eea21782d) Importer(815301076,1909f56bfc062723c751e8b465ee728b) [PhysX] Initialized MultithreadedTaskDispatcher with 16 workers.
[PhysX] Initialized MultithreadedTaskDispatcher with 16 workers.
 -> (artifact id: '6f91cb6fdb1fcbfa600dc6c82b6b5d9a') in 0.705262 seconds
Number of updated asset objects reloaded before import = 0
Number of asset objects unloaded after import = 24
========================================================================
Received Import Request.
  Time since last request: 0.000066 seconds.
  path: Assets/Toby Fredson/The Toby Foliage Engine/(TTFE)_Demo/Prefabs/Prefabs_Vegetation/Vegetation_Trees/VTSpecies_Shrub/ShrubBush_C.prefab
  artifactKey: Guid(1651898aacf7dd6409292c568ab02a46) Importer(815301076,1909f56bfc062723c751e8b465ee728b)
Start importing Assets/Toby Fredson/The Toby Foliage Engine/(TTFE)_Demo/Prefabs/Prefabs_Vegetation/Vegetation_Trees/VTSpecies_Shrub/ShrubBush_C.prefab using Guid(1651898aacf7dd6409292c568ab02a46) Importer(815301076,1909f56bfc062723c751e8b465ee728b) [PhysX] Initialized MultithreadedTaskDispatcher with 16 workers.
[PhysX] Initialized MultithreadedTaskDispatcher with 16 workers.
 -> (artifact id: '1b211357ba3275d503a286b783817d5f') in 1.300639 seconds
Number of updated asset objects reloaded before import = 0
Number of asset objects unloaded after import = 60
========================================================================
Received Import Request.
  Time since last request: 0.000058 seconds.
  path: Assets/Toby Fredson/The Toby Foliage Engine/(TTFE)_Demo/Prefabs/Prefabs_Vegetation/Vegetation_Trees/VTSpecies_Shrub/ShrubTree_C.prefab
  artifactKey: Guid(3c3469c7197d61c49a03afbf210b7ba4) Importer(815301076,1909f56bfc062723c751e8b465ee728b)
Start importing Assets/Toby Fredson/The Toby Foliage Engine/(TTFE)_Demo/Prefabs/Prefabs_Vegetation/Vegetation_Trees/VTSpecies_Shrub/ShrubTree_C.prefab using Guid(3c3469c7197d61c49a03afbf210b7ba4) Importer(815301076,1909f56bfc062723c751e8b465ee728b) [PhysX] Initialized MultithreadedTaskDispatcher with 16 workers.
[PhysX] Initialized MultithreadedTaskDispatcher with 16 workers.
 -> (artifact id: '9bd0e4fa0a3cb6bd2b1490974aa44724') in 0.362514 seconds
Number of updated asset objects reloaded before import = 0
Number of asset objects unloaded after import = 72
========================================================================
Received Import Request.
  Time since last request: 0.000056 seconds.
  path: Assets/Toby Fredson/The Toby Foliage Engine/(TTFE)_Demo/Prefabs/Prefabs_Vegetation/Vegetation_Plants/VP_GrassSingle/Grass_Single_E.prefab
  artifactKey: Guid(87e550bd0d38f2a4483f76153b084ea6) Importer(815301076,1909f56bfc062723c751e8b465ee728b)
Start importing Assets/Toby Fredson/The Toby Foliage Engine/(TTFE)_Demo/Prefabs/Prefabs_Vegetation/Vegetation_Plants/VP_GrassSingle/Grass_Single_E.prefab using Guid(87e550bd0d38f2a4483f76153b084ea6) Importer(815301076,1909f56bfc062723c751e8b465ee728b) [PhysX] Initialized MultithreadedTaskDispatcher with 16 workers.
[PhysX] Initialized MultithreadedTaskDispatcher with 16 workers.
 -> (artifact id: '6b9ae848f293cdf194e59169705b8880') in 0.205251 seconds
Number of updated asset objects reloaded before import = 0
Number of asset objects unloaded after import = 34
========================================================================
Received Import Request.
  Time since last request: 0.000053 seconds.
  path: Assets/Toby Fredson/The Toby Foliage Engine/(TTFE)_Demo/Prefabs/Prefabs_Vegetation/Vegetation_Plants/VP_Flowers/FlowersWTTFE-C.prefab
  artifactKey: Guid(d69ebdcb1a1848e4c9790b9d8b9d5259) Importer(815301076,1909f56bfc062723c751e8b465ee728b)
Start importing Assets/Toby Fredson/The Toby Foliage Engine/(TTFE)_Demo/Prefabs/Prefabs_Vegetation/Vegetation_Plants/VP_Flowers/FlowersWTTFE-C.prefab using Guid(d69ebdcb1a1848e4c9790b9d8b9d5259) Importer(815301076,1909f56bfc062723c751e8b465ee728b) [PhysX] Initialized MultithreadedTaskDispatcher with 16 workers.
[PhysX] Initialized MultithreadedTaskDispatcher with 16 workers.
 -> (artifact id: '198095293ed04d743cfb172a0f25c6da') in 0.050006 seconds
Number of updated asset objects reloaded before import = 0
Number of asset objects unloaded after import = 28
========================================================================
Received Import Request.
  Time since last request: 0.000033 seconds.
  path: Assets/Toby Fredson/The Toby Foliage Engine/(TTFE)_Demo/Prefabs/Prefabs_Vegetation/Vegetation_Plants/VP_GrassSingle/Grass_Single_B.prefab
  artifactKey: Guid(e9e8c9bd476c46c419c7f99408c0faa8) Importer(815301076,1909f56bfc062723c751e8b465ee728b)
Start importing Assets/Toby Fredson/The Toby Foliage Engine/(TTFE)_Demo/Prefabs/Prefabs_Vegetation/Vegetation_Plants/VP_GrassSingle/Grass_Single_B.prefab using Guid(e9e8c9bd476c46c419c7f99408c0faa8) Importer(815301076,1909f56bfc062723c751e8b465ee728b) [PhysX] Initialized MultithreadedTaskDispatcher with 16 workers.
[PhysX] Initialized MultithreadedTaskDispatcher with 16 workers.
 -> (artifact id: 'ce74190b27bc4edef6e4e935f28e2696') in 0.236844 seconds
Number of updated asset objects reloaded before import = 0
Number of asset objects unloaded after import = 34
========================================================================
Received Import Request.
  Time since last request: 0.000047 seconds.
  path: Assets/Toby Fredson/The Toby Foliage Engine/(TTFE)_Demo/Prefabs/Prefabs_Vegetation/Vegetation_Plants/VP_Flowers/FlowersWTTFE-A.prefab
  artifactKey: Guid(785cf4b43691d8944a7e3255563a6a2f) Importer(815301076,1909f56bfc062723c751e8b465ee728b)
Start importing Assets/Toby Fredson/The Toby Foliage Engine/(TTFE)_Demo/Prefabs/Prefabs_Vegetation/Vegetation_Plants/VP_Flowers/FlowersWTTFE-A.prefab using Guid(785cf4b43691d8944a7e3255563a6a2f) Importer(815301076,1909f56bfc062723c751e8b465ee728b) [PhysX] Initialized MultithreadedTaskDispatcher with 16 workers.
[PhysX] Initialized MultithreadedTaskDispatcher with 16 workers.
 -> (artifact id: '9a435cbcebc56931ddd3a61e50f96ce7') in 0.047238 seconds
Number of updated asset objects reloaded before import = 0
Number of asset objects unloaded after import = 28
========================================================================
Received Import Request.
  Time since last request: 46.842750 seconds.
  path: Assets/Scenes/TemplateScene.unity
  artifactKey: Guid(ac7b10d1b8e3a9f42ba7d12987dca3f9) Importer(2089858483,0ecaa5967403d082aa24f35e1b516d23)
Start importing Assets/Scenes/TemplateScene.unity using Guid(ac7b10d1b8e3a9f42ba7d12987dca3f9) Importer(2089858483,0ecaa5967403d082aa24f35e1b516d23) [PhysX] Initialized MultithreadedTaskDispatcher with 16 workers.
 -> (artifact id: 'b7be7b43716e412b5df2916f5c923e98') in 0.383892 seconds
Number of updated asset objects reloaded before import = 0
Number of asset objects unloaded after import = 1
========================================================================
Received Import Request.
  Time since last request: 0.000037 seconds.
  path: Assets/SteamVR/InteractionSystem/Teleport/Textures/TeleportMarker.psd
  artifactKey: Guid(ebc38d834b57e9d4d992de0a5470615a) Importer(2089858483,0ecaa5967403d082aa24f35e1b516d23)
Start importing Assets/SteamVR/InteractionSystem/Teleport/Textures/TeleportMarker.psd using Guid(ebc38d834b57e9d4d992de0a5470615a) Importer(2089858483,0ecaa5967403d082aa24f35e1b516d23) [PhysX] Initialized MultithreadedTaskDispatcher with 16 workers.
 -> (artifact id: 'dc78c96c7ec7b01f107c2600680aab18') in 0.108838 seconds
Number of updated asset objects reloaded before import = 0
Number of asset objects unloaded after import = 1
========================================================================
Received Import Request.
  Time since last request: 0.000046 seconds.
  path: Assets/PalmTreePack/Models/Palm_Style_Old/Palm2/Palm_2_2.fbx
  artifactKey: Guid(14c14d3b4a8e0e542b7d9761626664f2) Importer(2089858483,0ecaa5967403d082aa24f35e1b516d23)
Start importing Assets/PalmTreePack/Models/Palm_Style_Old/Palm2/Palm_2_2.fbx using Guid(14c14d3b4a8e0e542b7d9761626664f2) Importer(2089858483,0ecaa5967403d082aa24f35e1b516d23) [PhysX] Initialized MultithreadedTaskDispatcher with 16 workers.
 -> (artifact id: '1f9217a7ae2a5aa3ec47b24f8b07c0a6') in 0.180152 seconds
Number of updated asset objects reloaded before import = 0
Number of asset objects unloaded after import = 12
========================================================================
Received Import Request.
  Time since last request: 0.000049 seconds.
  path: Assets/Realistic Tree/Source/Models/Spruce/Spruce_5.fbx
  artifactKey: Guid(8b9d786b17c9e2641989d1e7585accd3) Importer(2089858483,0ecaa5967403d082aa24f35e1b516d23)
Start importing Assets/Realistic Tree/Source/Models/Spruce/Spruce_5.fbx using Guid(8b9d786b17c9e2641989d1e7585accd3) Importer(2089858483,0ecaa5967403d082aa24f35e1b516d23) [PhysX] Initialized MultithreadedTaskDispatcher with 16 workers.
 -> (artifact id: '50f01f391e48095f2c3b538ea05e9c21') in 0.089417 seconds
Number of updated asset objects reloaded before import = 0
Number of asset objects unloaded after import = 65
========================================================================
Received Import Request.
  Time since last request: 0.000054 seconds.
  path: Assets/Realistic Tree/Prefabs/Standard/Birch/Birch Group 3.prefab
  artifactKey: Guid(1afce9abf1692c24aace0498670b2902) Importer(2089858483,0ecaa5967403d082aa24f35e1b516d23)
Start importing Assets/Realistic Tree/Prefabs/Standard/Birch/Birch Group 3.prefab using Guid(1afce9abf1692c24aace0498670b2902) Importer(2089858483,0ecaa5967403d082aa24f35e1b516d23) [PhysX] Initialized MultithreadedTaskDispatcher with 16 workers.
 -> (artifact id: '9558138d55628ec78fb5844fad32437d') in 0.190125 seconds
Number of updated asset objects reloaded before import = 0
Number of asset objects unloaded after import = 69
========================================================================
Received Import Request.
  Time since last request: 0.000048 seconds.
  path: Assets/seaShell/textures/urpMaps/seaShell_Normal.tga
  artifactKey: Guid(2264e7a4345c86c4cabbe8fc9b36dcc0) Importer(2089858483,0ecaa5967403d082aa24f35e1b516d23)
Start importing Assets/seaShell/textures/urpMaps/seaShell_Normal.tga using Guid(2264e7a4345c86c4cabbe8fc9b36dcc0) Importer(2089858483,0ecaa5967403d082aa24f35e1b516d23) [PhysX] Initialized MultithreadedTaskDispatcher with 16 workers.
 -> (artifact id: '2688d71fecb63f84df9bf3b697d7f7d4') in 0.041379 seconds
Number of updated asset objects reloaded before import = 0
Number of asset objects unloaded after import = 1
========================================================================
Received Import Request.
  Time since last request: 0.000048 seconds.
  path: Assets/Realistic Tree/Source/Models/Spruce/Spruce_7.fbx
  artifactKey: Guid(bdebb71df0f78d34eb6436a6e50d48d4) Importer(2089858483,0ecaa5967403d082aa24f35e1b516d23)
Start importing Assets/Realistic Tree/Source/Models/Spruce/Spruce_7.fbx using Guid(bdebb71df0f78d34eb6436a6e50d48d4) Importer(2089858483,0ecaa5967403d082aa24f35e1b516d23) [PhysX] Initialized MultithreadedTaskDispatcher with 16 workers.
 -> (artifact id: 'b6cce938459b08affdd58f4b1c0108bd') in 0.071947 seconds
Number of updated asset objects reloaded before import = 0
Number of asset objects unloaded after import = 65
========================================================================
Received Import Request.
  Time since last request: 0.000037 seconds.
  path: Assets/Realistic Tree/Prefabs/HDRP/Spruce/Spruce 1.prefab
  artifactKey: Guid(7f32996f16966b6469fdc6ee180bab04) Importer(2089858483,0ecaa5967403d082aa24f35e1b516d23)
Start importing Assets/Realistic Tree/Prefabs/HDRP/Spruce/Spruce 1.prefab using Guid(7f32996f16966b6469fdc6ee180bab04) Importer(2089858483,0ecaa5967403d082aa24f35e1b516d23) [PhysX] Initialized MultithreadedTaskDispatcher with 16 workers.
 -> (artifact id: 'aed4785a0bfc2e6038ccf18f72d2cfb4') in 0.057056 seconds
Number of updated asset objects reloaded before import = 0
Number of asset objects unloaded after import = 67
========================================================================
Received Import Request.
  Time since last request: 0.000053 seconds.
  path: Assets/Realistic Tree/Source/Materials/HDRP/Leaves/Birch/Birch_Leaves_1.mat
  artifactKey: Guid(0c3fa646d0e18f44682fd4d52148c1f3) Importer(2089858483,0ecaa5967403d082aa24f35e1b516d23)
Start importing Assets/Realistic Tree/Source/Materials/HDRP/Leaves/Birch/Birch_Leaves_1.mat using Guid(0c3fa646d0e18f44682fd4d52148c1f3) Importer(2089858483,0ecaa5967403d082aa24f35e1b516d23) [PhysX] Initialized MultithreadedTaskDispatcher with 16 workers.
 -> (artifact id: '7b55f9b3bdff6579289d0b035c0616cd') in 0.040503 seconds
Number of updated asset objects reloaded before import = 0
Number of asset objects unloaded after import = 2
========================================================================
Received Import Request.
  Time since last request: 0.000044 seconds.
  path: Assets/seaShell/seaShell Variant 2.prefab
  artifactKey: Guid(b90e8c6f4803ac2478b99a3624778104) Importer(2089858483,0ecaa5967403d082aa24f35e1b516d23)
Start importing Assets/seaShell/seaShell Variant 2.prefab using Guid(b90e8c6f4803ac2478b99a3624778104) Importer(2089858483,0ecaa5967403d082aa24f35e1b516d23) [PhysX] Initialized MultithreadedTaskDispatcher with 16 workers.
 -> (artifact id: '994305802beef997aa269f9b49287e3a') in 0.035950 seconds
Number of updated asset objects reloaded before import = 0
Number of asset objects unloaded after import = 70
========================================================================
Received Import Request.
  Time since last request: 0.000034 seconds.
  path: Assets/Realistic Tree/Prefabs/Standard/Spruce/Spruce Group 3.prefab
  artifactKey: Guid(110b3a1a445e11d4d80678c2a05fef11) Importer(2089858483,0ecaa5967403d082aa24f35e1b516d23)
Start importing Assets/Realistic Tree/Prefabs/Standard/Spruce/Spruce Group 3.prefab using Guid(110b3a1a445e11d4d80678c2a05fef11) Importer(2089858483,0ecaa5967403d082aa24f35e1b516d23) [PhysX] Initialized MultithreadedTaskDispatcher with 16 workers.
 -> (artifact id: 'd443a7a6f46d689305d6ce0849946355') in 0.061997 seconds
Number of updated asset objects reloaded before import = 0
Number of asset objects unloaded after import = 67
========================================================================
Received Import Request.
  Time since last request: 0.000040 seconds.
  path: Assets/Realistic Tree/Source/Materials/Standard/Leaves/Spruce
  artifactKey: Guid(f6516fdb36c7bd14e868a4d58da21c21) Importer(2089858483,0ecaa5967403d082aa24f35e1b516d23)
Start importing Assets/Realistic Tree/Source/Materials/Standard/Leaves/Spruce using Guid(f6516fdb36c7bd14e868a4d58da21c21) Importer(2089858483,0ecaa5967403d082aa24f35e1b516d23) [PhysX] Initialized MultithreadedTaskDispatcher with 16 workers.
 -> (artifact id: 'd9e45fe6ab4c0171727e01e31bb57eba') in 0.018157 seconds
Number of updated asset objects reloaded before import = 0
Number of asset objects unloaded after import = 1
========================================================================
Received Import Request.
  Time since last request: 0.000043 seconds.
  path: Assets/Realistic Tree/Demo Scene
  artifactKey: Guid(3988e0945ee3725419adb6c63832cdf0) Importer(2089858483,0ecaa5967403d082aa24f35e1b516d23)
Start importing Assets/Realistic Tree/Demo Scene using Guid(3988e0945ee3725419adb6c63832cdf0) Importer(2089858483,0ecaa5967403d082aa24f35e1b516d23) [PhysX] Initialized MultithreadedTaskDispatcher with 16 workers.
 -> (artifact id: '888e6ea43b14635325fe12753ccf15b7') in 0.022018 seconds
Number of updated asset objects reloaded before import = 0
Number of asset objects unloaded after import = 1
========================================================================
Received Import Request.
  Time since last request: 0.000036 seconds.
  path: Assets/Realistic Tree/Prefabs/URP/Birch/Birch 5.prefab
  artifactKey: Guid(80e6f5c1539d4224db7b9fbd16fc3022) Importer(2089858483,0ecaa5967403d082aa24f35e1b516d23)
Start importing Assets/Realistic Tree/Prefabs/URP/Birch/Birch 5.prefab using Guid(80e6f5c1539d4224db7b9fbd16fc3022) Importer(2089858483,0ecaa5967403d082aa24f35e1b516d23) [PhysX] Initialized MultithreadedTaskDispatcher with 16 workers.
 -> (artifact id: '0b4acd27b7e974722189978c7c569604') in 0.117162 seconds
Number of updated asset objects reloaded before import = 0
Number of asset objects unloaded after import = 69
========================================================================
Received Import Request.
  Time since last request: 0.000044 seconds.
  path: Assets/Realistic Tree/Prefabs/URP/Ash/Ash 1.prefab
  artifactKey: Guid(3bcf6e78553a7f54c8bf39912b4124e3) Importer(2089858483,0ecaa5967403d082aa24f35e1b516d23)
Start importing Assets/Realistic Tree/Prefabs/URP/Ash/Ash 1.prefab using Guid(3bcf6e78553a7f54c8bf39912b4124e3) Importer(2089858483,0ecaa5967403d082aa24f35e1b516d23) [PhysX] Initialized MultithreadedTaskDispatcher with 16 workers.
 -> (artifact id: '9b44e1267cd0dcfd2c48ef0dbaac73f5') in 0.098140 seconds
Number of updated asset objects reloaded before import = 0
Number of asset objects unloaded after import = 69
========================================================================
Received Import Request.
  Time since last request: 0.000056 seconds.
  path: Assets/Realistic Tree/Source/Materials/Standard/Leaves/Weeping Willow/Weeping_Willow.mat
  artifactKey: Guid(e18eff11a301f9d44aa4ee329d2836fc) Importer(2089858483,0ecaa5967403d082aa24f35e1b516d23)
Start importing Assets/Realistic Tree/Source/Materials/Standard/Leaves/Weeping Willow/Weeping_Willow.mat using Guid(e18eff11a301f9d44aa4ee329d2836fc) Importer(2089858483,0ecaa5967403d082aa24f35e1b516d23) [PhysX] Initialized MultithreadedTaskDispatcher with 16 workers.
 -> (artifact id: '4e1e03cbfdc8ff43b2af1675ffae43e4') in 0.054004 seconds
Number of updated asset objects reloaded before import = 0
Number of asset objects unloaded after import = 2
========================================================================
Received Import Request.
  Time since last request: 0.000032 seconds.
  path: Assets/seaShell/lowPolyShell_LOD0 Variant 1.prefab
  artifactKey: Guid(46c8b3e4e81fefa43ad95543236ea3ab) Importer(2089858483,0ecaa5967403d082aa24f35e1b516d23)
Start importing Assets/seaShell/lowPolyShell_LOD0 Variant 1.prefab using Guid(46c8b3e4e81fefa43ad95543236ea3ab) Importer(2089858483,0ecaa5967403d082aa24f35e1b516d23) [PhysX] Initialized MultithreadedTaskDispatcher with 16 workers.
 -> (artifact id: 'f70ffb1a1cdc2d9ebc74dc6c9eab89aa') in 0.025082 seconds
Number of updated asset objects reloaded before import = 0
Number of asset objects unloaded after import = 18
========================================================================
Received Import Request.
  Time since last request: 0.000036 seconds.
  path: Assets/Realistic Tree/Prefabs/URP/Spruce/Spruce 3.prefab
  artifactKey: Guid(f3eefa452c5e31a4982e3e0d71adcaec) Importer(2089858483,0ecaa5967403d082aa24f35e1b516d23)
Start importing Assets/Realistic Tree/Prefabs/URP/Spruce/Spruce 3.prefab using Guid(f3eefa452c5e31a4982e3e0d71adcaec) Importer(2089858483,0ecaa5967403d082aa24f35e1b516d23) [PhysX] Initialized MultithreadedTaskDispatcher with 16 workers.
 -> (artifact id: 'd470143c07535729b6438a3947eceed6') in 0.049571 seconds
Number of updated asset objects reloaded before import = 0
Number of asset objects unloaded after import = 67
========================================================================
Received Import Request.
  Time since last request: 0.000038 seconds.
  path: Assets/Realistic Tree/Source/Models/Spruce/Spruce_1.fbx
  artifactKey: Guid(90f3bcb560ecddd42b1dba6234db3ad2) Importer(2089858483,0ecaa5967403d082aa24f35e1b516d23)
Start importing Assets/Realistic Tree/Source/Models/Spruce/Spruce_1.fbx using Guid(90f3bcb560ecddd42b1dba6234db3ad2) Importer(2089858483,0ecaa5967403d082aa24f35e1b516d23) [PhysX] Initialized MultithreadedTaskDispatcher with 16 workers.
 -> (artifact id: 'de24f617b3869c8d11f04a0330d82ce7') in 0.037973 seconds
Number of updated asset objects reloaded before import = 0
Number of asset objects unloaded after import = 65
========================================================================
Received Import Request.
  Time since last request: 0.000054 seconds.
  path: Assets/Realistic Tree/Source/Materials/HDRP/Leaves/Chestnut/Chestnut_Flower.mat
  artifactKey: Guid(71c4c072159247e45b5a91baf0e278ef) Importer(2089858483,0ecaa5967403d082aa24f35e1b516d23)
Start importing Assets/Realistic Tree/Source/Materials/HDRP/Leaves/Chestnut/Chestnut_Flower.mat using Guid(71c4c072159247e45b5a91baf0e278ef) Importer(2089858483,0ecaa5967403d082aa24f35e1b516d23) [PhysX] Initialized MultithreadedTaskDispatcher with 16 workers.
 -> (artifact id: '02ad3c4186e1551faf7ba98c8da81409') in 0.045101 seconds
Number of updated asset objects reloaded before import = 0
Number of asset objects unloaded after import = 2
========================================================================
Received Import Request.
  Time since last request: 0.000035 seconds.
  path: Assets/Realistic Tree/Source/Materials/Standard/Falling Leaves
  artifactKey: Guid(9df83f5e24a932243991e88fd7cc6b5e) Importer(2089858483,0ecaa5967403d082aa24f35e1b516d23)
Start importing Assets/Realistic Tree/Source/Materials/Standard/Falling Leaves using Guid(9df83f5e24a932243991e88fd7cc6b5e) Importer(2089858483,0ecaa5967403d082aa24f35e1b516d23) [PhysX] Initialized MultithreadedTaskDispatcher with 16 workers.
 -> (artifact id: '671ccb4efe7a8b7b7636a8c8b0913745') in 0.017856 seconds
Number of updated asset objects reloaded before import = 0
Number of asset objects unloaded after import = 1
========================================================================
Received Import Request.
  Time since last request: 0.000036 seconds.
  path: Assets/Realistic Tree/Source/Models/Ash/Ash_5.fbx
  artifactKey: Guid(0478693173f003e468b046373961dc2f) Importer(2089858483,0ecaa5967403d082aa24f35e1b516d23)
Start importing Assets/Realistic Tree/Source/Models/Ash/Ash_5.fbx using Guid(0478693173f003e468b046373961dc2f) Importer(2089858483,0ecaa5967403d082aa24f35e1b516d23) [PhysX] Initialized MultithreadedTaskDispatcher with 16 workers.
 -> (artifact id: '1e5dc38db521b7ee9f10788829456823') in 0.049800 seconds
Number of updated asset objects reloaded before import = 0
Number of asset objects unloaded after import = 65
========================================================================
Received Import Request.
  Time since last request: 0.000062 seconds.
  path: Assets/Realistic Tree/Demo Scene/Rotate.cs
  artifactKey: Guid(2d45e066ede448543a97c655d6313a60) Importer(2089858483,0ecaa5967403d082aa24f35e1b516d23)
Start importing Assets/Realistic Tree/Demo Scene/Rotate.cs using Guid(2d45e066ede448543a97c655d6313a60) Importer(2089858483,0ecaa5967403d082aa24f35e1b516d23) [PhysX] Initialized MultithreadedTaskDispatcher with 16 workers.
 -> (artifact id: '93d311998c3db8b368f18a67f82a202c') in 0.022863 seconds
Number of updated asset objects reloaded before import = 0
Number of asset objects unloaded after import = 1
========================================================================
Received Import Request.
  Time since last request: 0.000055 seconds.
  path: Assets/Realistic Tree/Source/Models/Birch/Birch_2.fbx
  artifactKey: Guid(6da9fd099a5f0f744917f484a65d82e4) Importer(2089858483,0ecaa5967403d082aa24f35e1b516d23)
Start importing Assets/Realistic Tree/Source/Models/Birch/Birch_2.fbx using Guid(6da9fd099a5f0f744917f484a65d82e4) Importer(2089858483,0ecaa5967403d082aa24f35e1b516d23) [PhysX] Initialized MultithreadedTaskDispatcher with 16 workers.
 -> (artifact id: 'af616dcd6f13a43d20de89db7de35bc7') in 0.052477 seconds
Number of updated asset objects reloaded before import = 0
Number of asset objects unloaded after import = 65
========================================================================
Received Import Request.
  Time since last request: 0.000040 seconds.
  path: Assets/Realistic Tree/Source/Materials/HDRP/Leaves/Weeping Willow
  artifactKey: Guid(27accb93bb59fb04fb4a6509daac37f4) Importer(2089858483,0ecaa5967403d082aa24f35e1b516d23)
Start importing Assets/Realistic Tree/Source/Materials/HDRP/Leaves/Weeping Willow using Guid(27accb93bb59fb04fb4a6509daac37f4) Importer(2089858483,0ecaa5967403d082aa24f35e1b516d23) [PhysX] Initialized MultithreadedTaskDispatcher with 16 workers.
 -> (artifact id: 'b6772e1a99a13488555031bab8751f94') in 0.018494 seconds
Number of updated asset objects reloaded before import = 0
Number of asset objects unloaded after import = 1
========================================================================
Received Import Request.
  Time since last request: 0.000036 seconds.
  path: Assets/Realistic Tree/Shader/HDRP/Bark_HDRP.shadergraph
  artifactKey: Guid(8893d56df203f4b4bbb8d496fb894846) Importer(2089858483,0ecaa5967403d082aa24f35e1b516d23)
Start importing Assets/Realistic Tree/Shader/HDRP/Bark_HDRP.shadergraph using Guid(8893d56df203f4b4bbb8d496fb894846) Importer(2089858483,0ecaa5967403d082aa24f35e1b516d23) [PhysX] Initialized MultithreadedTaskDispatcher with 16 workers.
 -> (artifact id: '4a4361320c6ed1e6f6994cd2158fb3a3') in 0.059807 seconds
Number of updated asset objects reloaded before import = 0
Number of asset objects unloaded after import = 2
========================================================================
Received Import Request.
  Time since last request: 0.000041 seconds.
  path: Assets/Realistic Tree/Source/Materials/Standard/Falling Leaves/URP/Ash_Single.mat
  artifactKey: Guid(7d3912fd72e3e4048815a3ffe5114a06) Importer(2089858483,0ecaa5967403d082aa24f35e1b516d23)
Start importing Assets/Realistic Tree/Source/Materials/Standard/Falling Leaves/URP/Ash_Single.mat using Guid(7d3912fd72e3e4048815a3ffe5114a06) Importer(2089858483,0ecaa5967403d082aa24f35e1b516d23) [PhysX] Initialized MultithreadedTaskDispatcher with 16 workers.
 -> (artifact id: '3134f45a21a45bd8a229c29bdd20612f') in 0.029452 seconds
Number of updated asset objects reloaded before import = 0
Number of asset objects unloaded after import = 2
========================================================================
Received Import Request.
  Time since last request: 0.000069 seconds.
  path: Assets/Realistic Tree/Prefabs/HDRP/Chestnut/Chestnut 4.prefab
  artifactKey: Guid(c75aa25e9923fdd4daf671de36e0a36f) Importer(2089858483,0ecaa5967403d082aa24f35e1b516d23)
Start importing Assets/Realistic Tree/Prefabs/HDRP/Chestnut/Chestnut 4.prefab using Guid(c75aa25e9923fdd4daf671de36e0a36f) Importer(2089858483,0ecaa5967403d082aa24f35e1b516d23) [PhysX] Initialized MultithreadedTaskDispatcher with 16 workers.
 -> (artifact id: '3b301a898af6bb90543924cb20b7dd62') in 0.094569 seconds
Number of updated asset objects reloaded before import = 0
Number of asset objects unloaded after import = 89
========================================================================
Received Import Request.
  Time since last request: 0.000032 seconds.
  path: Assets/Realistic Tree/Source/Models/Spruce/Spruce_6.fbx
  artifactKey: Guid(b6f128c0d333c464a9e1af232ae83d0d) Importer(2089858483,0ecaa5967403d082aa24f35e1b516d23)
Start importing Assets/Realistic Tree/Source/Models/Spruce/Spruce_6.fbx using Guid(b6f128c0d333c464a9e1af232ae83d0d) Importer(2089858483,0ecaa5967403d082aa24f35e1b516d23) [PhysX] Initialized MultithreadedTaskDispatcher with 16 workers.
 -> (artifact id: 'ef434a8a06abb4aa6008b54451155cd6') in 0.054874 seconds
Number of updated asset objects reloaded before import = 0
Number of asset objects unloaded after import = 65
========================================================================
Received Import Request.
  Time since last request: 0.000037 seconds.
  path: Assets/Realistic Tree/Source/Textures/Spruce/Spruce_Bark.png
  artifactKey: Guid(673bfd2481504144ebd021ff71504c58) Importer(2089858483,0ecaa5967403d082aa24f35e1b516d23)
Start importing Assets/Realistic Tree/Source/Textures/Spruce/Spruce_Bark.png using Guid(673bfd2481504144ebd021ff71504c58) Importer(2089858483,0ecaa5967403d082aa24f35e1b516d23) [PhysX] Initialized MultithreadedTaskDispatcher with 16 workers.
 -> (artifact id: '6eeb38c5b3356c840b1a5ce253e5d2e7') in 0.065058 seconds
Number of updated asset objects reloaded before import = 0
Number of asset objects unloaded after import = 1
========================================================================
Received Import Request.
  Time since last request: 0.000043 seconds.
  path: Assets/Realistic Tree/Source/Materials/HDRP/Leaves/Birch/Birch_Leaves_3.mat
  artifactKey: Guid(c8207fcb586d2974892c7469e3b10d17) Importer(2089858483,0ecaa5967403d082aa24f35e1b516d23)
Start importing Assets/Realistic Tree/Source/Materials/HDRP/Leaves/Birch/Birch_Leaves_3.mat using Guid(c8207fcb586d2974892c7469e3b10d17) Importer(2089858483,0ecaa5967403d082aa24f35e1b516d23) [PhysX] Initialized MultithreadedTaskDispatcher with 16 workers.
 -> (artifact id: '97fb304d521cf3c7e5270fbf5bfca223') in 0.026602 seconds
Number of updated asset objects reloaded before import = 0
Number of asset objects unloaded after import = 2
========================================================================
Received Import Request.
  Time since last request: 0.000040 seconds.
  path: Assets/Realistic Tree/Source/Materials/Standard/Leaves/Weeping Willow
  artifactKey: Guid(6a44126cc857c904fa74e33e6346ab5a) Importer(2089858483,0ecaa5967403d082aa24f35e1b516d23)
Start importing Assets/Realistic Tree/Source/Materials/Standard/Leaves/Weeping Willow using Guid(6a44126cc857c904fa74e33e6346ab5a) Importer(2089858483,0ecaa5967403d082aa24f35e1b516d23) [PhysX] Initialized MultithreadedTaskDispatcher with 16 workers.
 -> (artifact id: 'c541146b77b70ecc98f86d190297fb72') in 0.022316 seconds
Number of updated asset objects reloaded before import = 0
Number of asset objects unloaded after import = 1
========================================================================
Received Import Request.
  Time since last request: 0.000036 seconds.
  path: Assets/Realistic Tree/Prefabs/Standard/Birch/Birch 1.prefab
  artifactKey: Guid(617dd519e2d012a4e92fdf45b5b1f888) Importer(2089858483,0ecaa5967403d082aa24f35e1b516d23)
Start importing Assets/Realistic Tree/Prefabs/Standard/Birch/Birch 1.prefab using Guid(617dd519e2d012a4e92fdf45b5b1f888) Importer(2089858483,0ecaa5967403d082aa24f35e1b516d23) [PhysX] Initialized MultithreadedTaskDispatcher with 16 workers.
 -> (artifact id: 'aa18e51b28f3645a7b7cd704991e52f8') in 0.084781 seconds
Number of updated asset objects reloaded before import = 0
Number of asset objects unloaded after import = 69
========================================================================
Received Import Request.
  Time since last request: 0.000059 seconds.
  path: Assets/Fristy stylize Modular Assets 2/Foliage/Plants/Materials/stylized art plants 3 all layer.psd
  artifactKey: Guid(f1cd1b5b7f7c1b6479ab05d0037499f6) Importer(2089858483,0ecaa5967403d082aa24f35e1b516d23)
Start importing Assets/Fristy stylize Modular Assets 2/Foliage/Plants/Materials/stylized art plants 3 all layer.psd using Guid(f1cd1b5b7f7c1b6479ab05d0037499f6) Importer(2089858483,0ecaa5967403d082aa24f35e1b516d23) [PhysX] Initialized MultithreadedTaskDispatcher with 16 workers.
 -> (artifact id: 'c12cefe21fab8f7246eb536fe90c76cc') in 0.036619 seconds
Number of updated asset objects reloaded before import = 0
Number of asset objects unloaded after import = 1
========================================================================
Received Import Request.
  Time since last request: 0.000055 seconds.
  path: Assets/Realistic Tree/Prefabs/URP/Weeping Willow/Weeping_Willow 4.prefab
  artifactKey: Guid(b7188c4920b915d41a1c3a5cdf968f12) Importer(2089858483,0ecaa5967403d082aa24f35e1b516d23)
Start importing Assets/Realistic Tree/Prefabs/URP/Weeping Willow/Weeping_Willow 4.prefab using Guid(b7188c4920b915d41a1c3a5cdf968f12) Importer(2089858483,0ecaa5967403d082aa24f35e1b516d23) [PhysX] Initialized MultithreadedTaskDispatcher with 16 workers.
 -> (artifact id: '7bb35d56d42931ee4c60bcb288fbe247') in 0.088434 seconds
Number of updated asset objects reloaded before import = 0
Number of asset objects unloaded after import = 49
========================================================================
Received Import Request.
  Time since last request: 0.000053 seconds.
  path: Assets/seaShell/lowPolyShell_LOD0 Variant.prefab
  artifactKey: Guid(b16bad10e315e2843b55117cbcf0a104) Importer(2089858483,0ecaa5967403d082aa24f35e1b516d23)
Start importing Assets/seaShell/lowPolyShell_LOD0 Variant.prefab using Guid(b16bad10e315e2843b55117cbcf0a104) Importer(2089858483,0ecaa5967403d082aa24f35e1b516d23) [PhysX] Initialized MultithreadedTaskDispatcher with 16 workers.
 -> (artifact id: '653bf879422358e0e4f4189d15658ab8') in 0.028541 seconds
Number of updated asset objects reloaded before import = 0
Number of asset objects unloaded after import = 13
========================================================================
Received Import Request.
  Time since last request: 0.000057 seconds.
  path: Assets/Realistic Tree/Prefabs/URP/Spruce/Spruce 10.prefab
  artifactKey: Guid(4bee1c1e17211494f9be6522b74f9863) Importer(2089858483,0ecaa5967403d082aa24f35e1b516d23)
Start importing Assets/Realistic Tree/Prefabs/URP/Spruce/Spruce 10.prefab using Guid(4bee1c1e17211494f9be6522b74f9863) Importer(2089858483,0ecaa5967403d082aa24f35e1b516d23) [PhysX] Initialized MultithreadedTaskDispatcher with 16 workers.
 -> (artifact id: '730c6a32bc5ba96dcc8869e8aa75ecaf') in 0.034026 seconds
Number of updated asset objects reloaded before import = 0
Number of asset objects unloaded after import = 67
========================================================================
Received Import Request.
  Time since last request: 0.000066 seconds.
  path: Assets/Realistic Tree/Prefabs/URP/Birch
  artifactKey: Guid(3b48ba0a66fd6e245ac520948dc27006) Importer(2089858483,0ecaa5967403d082aa24f35e1b516d23)
Start importing Assets/Realistic Tree/Prefabs/URP/Birch using Guid(3b48ba0a66fd6e245ac520948dc27006) Importer(2089858483,0ecaa5967403d082aa24f35e1b516d23) [PhysX] Initialized MultithreadedTaskDispatcher with 16 workers.
 -> (artifact id: '00cde5e6f0689e87681face8ecbb9621') in 0.018975 seconds
Number of updated asset objects reloaded before import = 0
Number of asset objects unloaded after import = 1
========================================================================
Received Import Request.
  Time since last request: 0.000059 seconds.
  path: Assets/Realistic Tree/Source/Materials/URP/Falling Leaves/Chestnut_Single.mat
  artifactKey: Guid(f21de0a8cc649fa42b43ece37e8a2481) Importer(2089858483,0ecaa5967403d082aa24f35e1b516d23)
Start importing Assets/Realistic Tree/Source/Materials/URP/Falling Leaves/Chestnut_Single.mat using Guid(f21de0a8cc649fa42b43ece37e8a2481) Importer(2089858483,0ecaa5967403d082aa24f35e1b516d23) [PhysX] Initialized MultithreadedTaskDispatcher with 16 workers.
 -> (artifact id: 'efc26b8fe5124671d2bc7c23833f248a') in 0.035521 seconds
Number of updated asset objects reloaded before import = 0
Number of asset objects unloaded after import = 2
========================================================================
Received Import Request.
  Time since last request: 0.000037 seconds.
  path: Assets/Realistic Tree/Prefabs/URP/Weeping Willow/Weeping_Willow 3.prefab
  artifactKey: Guid(cbf47b70bd6ac6645b3d0a0a21175184) Importer(2089858483,0ecaa5967403d082aa24f35e1b516d23)
Start importing Assets/Realistic Tree/Prefabs/URP/Weeping Willow/Weeping_Willow 3.prefab using Guid(cbf47b70bd6ac6645b3d0a0a21175184) Importer(2089858483,0ecaa5967403d082aa24f35e1b516d23) [PhysX] Initialized MultithreadedTaskDispatcher with 16 workers.
 -> (artifact id: '5d9a05eeff5f4d6843a0f4531b78d3b2') in 0.073845 seconds
Number of updated asset objects reloaded before import = 0
Number of asset objects unloaded after import = 49
========================================================================
Received Import Request.
  Time since last request: 0.000039 seconds.
  path: Assets/Realistic Tree/Prefabs/Standard/Weeping Willow/Weeping_Willow 4.prefab
  artifactKey: Guid(72ed403272ca80a4cacdd26c1cf69b39) Importer(2089858483,0ecaa5967403d082aa24f35e1b516d23)
Start importing Assets/Realistic Tree/Prefabs/Standard/Weeping Willow/Weeping_Willow 4.prefab using Guid(72ed403272ca80a4cacdd26c1cf69b39) Importer(2089858483,0ecaa5967403d082aa24f35e1b516d23) [PhysX] Initialized MultithreadedTaskDispatcher with 16 workers.
 -> (artifact id: 'd5fbdeacc1a8eef67e7b5ab18cb45557') in 0.085166 seconds
Number of updated asset objects reloaded before import = 0
Number of asset objects unloaded after import = 49
========================================================================
Received Import Request.
  Time since last request: 0.000049 seconds.
  path: Assets/Realistic Tree/Source/Models/Birch/Birch_6.fbx
  artifactKey: Guid(ad4c65bb746c39544a78e013f99b3bc5) Importer(2089858483,0ecaa5967403d082aa24f35e1b516d23)
Start importing Assets/Realistic Tree/Source/Models/Birch/Birch_6.fbx using Guid(ad4c65bb746c39544a78e013f99b3bc5) Importer(2089858483,0ecaa5967403d082aa24f35e1b516d23) [PhysX] Initialized MultithreadedTaskDispatcher with 16 workers.
 -> (artifact id: '8e85535714ec9464ffec4b31d8568661') in 0.038595 seconds
Number of updated asset objects reloaded before import = 0
Number of asset objects unloaded after import = 65
========================================================================
Received Import Request.
  Time since last request: 0.000038 seconds.
  path: Assets/Realistic Tree/Shader/URP/Leaves_URP.shadergraph
  artifactKey: Guid(002c996706e90f5499e867b0c2a63cf7) Importer(2089858483,0ecaa5967403d082aa24f35e1b516d23)
Start importing Assets/Realistic Tree/Shader/URP/Leaves_URP.shadergraph using Guid(002c996706e90f5499e867b0c2a63cf7) Importer(2089858483,0ecaa5967403d082aa24f35e1b516d23) [PhysX] Initialized MultithreadedTaskDispatcher with 16 workers.
 -> (artifact id: '4cc2a70081c3285f36a89ba35f0c28bc') in 0.029660 seconds
Number of updated asset objects reloaded before import = 0
Number of asset objects unloaded after import = 3
========================================================================
Received Import Request.
  Time since last request: 0.000033 seconds.
  path: Assets/Realistic Tree/Prefabs/HDRP
  artifactKey: Guid(23c14dc9f3572b4469db3ac4bc1dcc74) Importer(2089858483,0ecaa5967403d082aa24f35e1b516d23)
Start importing Assets/Realistic Tree/Prefabs/HDRP using Guid(23c14dc9f3572b4469db3ac4bc1dcc74) Importer(2089858483,0ecaa5967403d082aa24f35e1b516d23) [PhysX] Initialized MultithreadedTaskDispatcher with 16 workers.
 -> (artifact id: 'a2b85bb042d916d786b802b83bdc954a') in 0.026259 seconds
Number of updated asset objects reloaded before import = 0
Number of asset objects unloaded after import = 1
========================================================================
Received Import Request.
  Time since last request: 0.000039 seconds.
  path: Assets/Realistic Tree/Prefabs/HDRP/Birch/Birch 6.prefab
  artifactKey: Guid(88496e6d55c5adf4dbd3eb7678289066) Importer(2089858483,0ecaa5967403d082aa24f35e1b516d23)
Start importing Assets/Realistic Tree/Prefabs/HDRP/Birch/Birch 6.prefab using Guid(88496e6d55c5adf4dbd3eb7678289066) Importer(2089858483,0ecaa5967403d082aa24f35e1b516d23) [PhysX] Initialized MultithreadedTaskDispatcher with 16 workers.
 -> (artifact id: 'd94c0a75add89004fb71bff279b7bd0b') in 0.079814 seconds
Number of updated asset objects reloaded before import = 0
Number of asset objects unloaded after import = 69
========================================================================
Received Import Request.
  Time since last request: 0.000055 seconds.
  path: Assets/Realistic Tree/Prefabs/Standard/Spruce/Spruce Group 1.prefab
  artifactKey: Guid(e7625efe408950c47b5a70927833eccc) Importer(2089858483,0ecaa5967403d082aa24f35e1b516d23)
Start importing Assets/Realistic Tree/Prefabs/Standard/Spruce/Spruce Group 1.prefab using Guid(e7625efe408950c47b5a70927833eccc) Importer(2089858483,0ecaa5967403d082aa24f35e1b516d23) [PhysX] Initialized MultithreadedTaskDispatcher with 16 workers.
 -> (artifact id: '084604f17b1f489107e3142be03dac7a') in 0.042231 seconds
Number of updated asset objects reloaded before import = 0
Number of asset objects unloaded after import = 67
========================================================================
Received Import Request.
  Time since last request: 0.000038 seconds.
  path: Assets/Realistic Tree/Source/Materials/Standard/Falling Leaves/Standard/Chestnut_Single.mat
  artifactKey: Guid(7825b68992e566e41992571c46f6fc1a) Importer(2089858483,0ecaa5967403d082aa24f35e1b516d23)
Start importing Assets/Realistic Tree/Source/Materials/Standard/Falling Leaves/Standard/Chestnut_Single.mat using Guid(7825b68992e566e41992571c46f6fc1a) Importer(2089858483,0ecaa5967403d082aa24f35e1b516d23) [PhysX] Initialized MultithreadedTaskDispatcher with 16 workers.
 -> (artifact id: '6c29fd298eb1be87038304ec8e1c409d') in 0.025660 seconds
Number of updated asset objects reloaded before import = 0
Number of asset objects unloaded after import = 2
========================================================================
Received Import Request.
  Time since last request: 0.000049 seconds.
  path: Assets/Realistic Tree/Source/Textures/Birch/Leaf_2.png
  artifactKey: Guid(23eee014aebfbc4489a7381dc26efd66) Importer(2089858483,0ecaa5967403d082aa24f35e1b516d23)
Start importing Assets/Realistic Tree/Source/Textures/Birch/Leaf_2.png using Guid(23eee014aebfbc4489a7381dc26efd66) Importer(2089858483,0ecaa5967403d082aa24f35e1b516d23) [PhysX] Initialized MultithreadedTaskDispatcher with 16 workers.
 -> (artifact id: '61148dff73ab2625cd4540c19b2295e5') in 0.048951 seconds
Number of updated asset objects reloaded before import = 0
Number of asset objects unloaded after import = 1
========================================================================
Received Import Request.
  Time since last request: 0.000048 seconds.
  path: Assets/Realistic Tree/Source/Materials/Standard/Falling Leaves/URP/Weeping_Single.mat
  artifactKey: Guid(b17330b7342bf294a994a672fc4c9a33) Importer(2089858483,0ecaa5967403d082aa24f35e1b516d23)
Start importing Assets/Realistic Tree/Source/Materials/Standard/Falling Leaves/URP/Weeping_Single.mat using Guid(b17330b7342bf294a994a672fc4c9a33) Importer(2089858483,0ecaa5967403d082aa24f35e1b516d23) [PhysX] Initialized MultithreadedTaskDispatcher with 16 workers.
 -> (artifact id: '9b76de1bfd8fd00b155c24424c896bf6') in 0.027912 seconds
Number of updated asset objects reloaded before import = 0
Number of asset objects unloaded after import = 2
========================================================================
Received Import Request.
  Time since last request: 0.000058 seconds.
  path: Assets/Realistic Tree/Source/Materials/HDRP/Bark/Bark_Willow.mat
  artifactKey: Guid(eda448585c9aab04caf8e3d6222c6d62) Importer(2089858483,0ecaa5967403d082aa24f35e1b516d23)
Start importing Assets/Realistic Tree/Source/Materials/HDRP/Bark/Bark_Willow.mat using Guid(eda448585c9aab04caf8e3d6222c6d62) Importer(2089858483,0ecaa5967403d082aa24f35e1b516d23) [PhysX] Initialized MultithreadedTaskDispatcher with 16 workers.
 -> (artifact id: 'c09e54f984ed78d209f6be2a1cf7fdc1') in 0.038463 seconds
Number of updated asset objects reloaded before import = 0
Number of asset objects unloaded after import = 5
========================================================================
Received Import Request.
  Time since last request: 0.000037 seconds.
  path: Assets/Realistic Tree/Source/Materials/HDRP/Leaves/Weeping Willow/Weeping_Willow.mat
  artifactKey: Guid(03e3fd5cd603a444ba11550debbffd7b) Importer(2089858483,0ecaa5967403d082aa24f35e1b516d23)
Start importing Assets/Realistic Tree/Source/Materials/HDRP/Leaves/Weeping Willow/Weeping_Willow.mat using Guid(03e3fd5cd603a444ba11550debbffd7b) Importer(2089858483,0ecaa5967403d082aa24f35e1b516d23) [PhysX] Initialized MultithreadedTaskDispatcher with 16 workers.
 -> (artifact id: '0710683d73600d042353cc74a0732322') in 0.032637 seconds
Number of updated asset objects reloaded before import = 0
Number of asset objects unloaded after import = 2
========================================================================
Received Import Request.
  Time since last request: 0.000041 seconds.
  path: Assets/Realistic Tree/Prefabs/URP/Chestnut/Chestnut 7.prefab
  artifactKey: Guid(62877a2894356f7408f0565824d414c2) Importer(2089858483,0ecaa5967403d082aa24f35e1b516d23)
Start importing Assets/Realistic Tree/Prefabs/URP/Chestnut/Chestnut 7.prefab using Guid(62877a2894356f7408f0565824d414c2) Importer(2089858483,0ecaa5967403d082aa24f35e1b516d23) [PhysX] Initialized MultithreadedTaskDispatcher with 16 workers.
 -> (artifact id: 'c9dbb3bbf98608ad9b9015fb8132359d') in 0.094213 seconds
Number of updated asset objects reloaded before import = 0
Number of asset objects unloaded after import = 109
========================================================================
Received Import Request.
  Time since last request: 0.000040 seconds.
  path: Assets/Realistic Tree/Prefabs/Standard/Spruce/Spruce 9.prefab
  artifactKey: Guid(c32fc2f591b15d946bf93891c0915c4d) Importer(2089858483,0ecaa5967403d082aa24f35e1b516d23)
Start importing Assets/Realistic Tree/Prefabs/Standard/Spruce/Spruce 9.prefab using Guid(c32fc2f591b15d946bf93891c0915c4d) Importer(2089858483,0ecaa5967403d082aa24f35e1b516d23) [PhysX] Initialized MultithreadedTaskDispatcher with 16 workers.
 -> (artifact id: '24d615621bd3ac11be4f1d2b4c74d042') in 0.036049 seconds
Number of updated asset objects reloaded before import = 0
Number of asset objects unloaded after import = 67
========================================================================
Received Import Request.
  Time since last request: 0.000062 seconds.
  path: Assets/Realistic Tree/Prefabs/HDRP/Weeping Willow/Weeping_Willow 6.prefab
  artifactKey: Guid(f9052794f974d9d4b92e68092ab92529) Importer(2089858483,0ecaa5967403d082aa24f35e1b516d23)
Start importing Assets/Realistic Tree/Prefabs/HDRP/Weeping Willow/Weeping_Willow 6.prefab using Guid(f9052794f974d9d4b92e68092ab92529) Importer(2089858483,0ecaa5967403d082aa24f35e1b516d23) [PhysX] Initialized MultithreadedTaskDispatcher with 16 workers.
 -> (artifact id: '00f97da3845419378931ca4eb81d642c') in 0.101789 seconds
Number of updated asset objects reloaded before import = 0
Number of asset objects unloaded after import = 49
========================================================================
Received Import Request.
  Time since last request: 0.000037 seconds.
  path: Assets/Realistic Tree/Prefabs/HDRP/Spruce/Spruce 2.prefab
  artifactKey: Guid(344b4997359314249a9ba7a1f1d0f876) Importer(2089858483,0ecaa5967403d082aa24f35e1b516d23)
Start importing Assets/Realistic Tree/Prefabs/HDRP/Spruce/Spruce 2.prefab using Guid(344b4997359314249a9ba7a1f1d0f876) Importer(2089858483,0ecaa5967403d082aa24f35e1b516d23) [PhysX] Initialized MultithreadedTaskDispatcher with 16 workers.
 -> (artifact id: '6083414b947674c35208d868b77ba0da') in 0.055586 seconds
Number of updated asset objects reloaded before import = 0
Number of asset objects unloaded after import = 67
========================================================================
Received Import Request.
  Time since last request: 0.000048 seconds.
  path: Assets/Realistic Tree/Prefabs/HDRP/Birch/Birch 9.prefab
  artifactKey: Guid(d997dbe7d13d5724083c44726c9e5180) Importer(2089858483,0ecaa5967403d082aa24f35e1b516d23)
Start importing Assets/Realistic Tree/Prefabs/HDRP/Birch/Birch 9.prefab using Guid(d997dbe7d13d5724083c44726c9e5180) Importer(2089858483,0ecaa5967403d082aa24f35e1b516d23) [PhysX] Initialized MultithreadedTaskDispatcher with 16 workers.
 -> (artifact id: '24a6e7724ca3b36b3aa0095aa6168b6b') in 0.072911 seconds
Number of updated asset objects reloaded before import = 0
Number of asset objects unloaded after import = 69
========================================================================
Received Import Request.
  Time since last request: 0.000050 seconds.
  path: Assets/Realistic Tree/Prefabs/URP/Chestnut/Chestnut 6.prefab
  artifactKey: Guid(43d33c55046b8e6498be1b030c29b239) Importer(2089858483,0ecaa5967403d082aa24f35e1b516d23)
Start importing Assets/Realistic Tree/Prefabs/URP/Chestnut/Chestnut 6.prefab using Guid(43d33c55046b8e6498be1b030c29b239) Importer(2089858483,0ecaa5967403d082aa24f35e1b516d23) [PhysX] Initialized MultithreadedTaskDispatcher with 16 workers.
 -> (artifact id: '2cffbbab4d87eca95e569e837d640c4d') in 0.077659 seconds
Number of updated asset objects reloaded before import = 0
Number of asset objects unloaded after import = 109
========================================================================
Received Import Request.
  Time since last request: 0.000050 seconds.
  path: Assets/Realistic Tree/Source/Materials/Standard/Falling Leaves/Birch_Single.png
  artifactKey: Guid(4ff9b0b659715b241aaf077a603399fc) Importer(2089858483,0ecaa5967403d082aa24f35e1b516d23)
Start importing Assets/Realistic Tree/Source/Materials/Standard/Falling Leaves/Birch_Single.png using Guid(4ff9b0b659715b241aaf077a603399fc) Importer(2089858483,0ecaa5967403d082aa24f35e1b516d23) [PhysX] Initialized MultithreadedTaskDispatcher with 16 workers.
 -> (artifact id: '44a6ecb3fd788272e5f88a593ec23160') in 0.035286 seconds
Number of updated asset objects reloaded before import = 0
Number of asset objects unloaded after import = 1
========================================================================
Received Import Request.
  Time since last request: 0.000043 seconds.
  path: Assets/Realistic Tree/Source/Materials/URP/Leaves/Chestnut
  artifactKey: Guid(02aa1672713d9804db8c36232658bd8e) Importer(2089858483,0ecaa5967403d082aa24f35e1b516d23)
Start importing Assets/Realistic Tree/Source/Materials/URP/Leaves/Chestnut using Guid(02aa1672713d9804db8c36232658bd8e) Importer(2089858483,0ecaa5967403d082aa24f35e1b516d23) [PhysX] Initialized MultithreadedTaskDispatcher with 16 workers.
 -> (artifact id: '3de5836fded8b6c0b045591fbbaba458') in 0.019290 seconds
Number of updated asset objects reloaded before import = 0
Number of asset objects unloaded after import = 1
========================================================================
Received Import Request.
  Time since last request: 0.000049 seconds.
  path: Assets/Realistic Tree/Source/Materials/Standard/Falling Leaves/URP
  artifactKey: Guid(f696e94ffd5463d45b27f31292cc60d7) Importer(2089858483,0ecaa5967403d082aa24f35e1b516d23)
Start importing Assets/Realistic Tree/Source/Materials/Standard/Falling Leaves/URP using Guid(f696e94ffd5463d45b27f31292cc60d7) Importer(2089858483,0ecaa5967403d082aa24f35e1b516d23) [PhysX] Initialized MultithreadedTaskDispatcher with 16 workers.
 -> (artifact id: 'c31147f101a8a8a9187b391b3b616ec4') in 0.018526 seconds
Number of updated asset objects reloaded before import = 0
Number of asset objects unloaded after import = 1
========================================================================
Received Import Request.
  Time since last request: 0.000036 seconds.
  path: Assets/Realistic Tree/Prefabs/URP/Birch/Birch 9.prefab
  artifactKey: Guid(f16a6efbbe67d3b44999df7a32c32b27) Importer(2089858483,0ecaa5967403d082aa24f35e1b516d23)
Start importing Assets/Realistic Tree/Prefabs/URP/Birch/Birch 9.prefab using Guid(f16a6efbbe67d3b44999df7a32c32b27) Importer(2089858483,0ecaa5967403d082aa24f35e1b516d23) [PhysX] Initialized MultithreadedTaskDispatcher with 16 workers.
 -> (artifact id: '96188b7435e406cff4424bdab0bb7a9a') in 0.072764 seconds
Number of updated asset objects reloaded before import = 0
Number of asset objects unloaded after import = 69
========================================================================
Received Import Request.
  Time since last request: 0.000038 seconds.
  path: Assets/Realistic Tree/Prefabs/URP/Chestnut/Chestnut 2.prefab
  artifactKey: Guid(39460f06c7d6a25459bdfcf49f99a801) Importer(2089858483,0ecaa5967403d082aa24f35e1b516d23)
Start importing Assets/Realistic Tree/Prefabs/URP/Chestnut/Chestnut 2.prefab using Guid(39460f06c7d6a25459bdfcf49f99a801) Importer(2089858483,0ecaa5967403d082aa24f35e1b516d23) [PhysX] Initialized MultithreadedTaskDispatcher with 16 workers.
 -> (artifact id: 'a19afe22645730396231f67824795476') in 0.109182 seconds
Number of updated asset objects reloaded before import = 0
Number of asset objects unloaded after import = 89
========================================================================
Received Import Request.
  Time since last request: 0.000046 seconds.
  path: Assets/Realistic Tree/Prefabs/HDRP/Ash/Ash 4.prefab
  artifactKey: Guid(df408d754fe2de341be77e8577932035) Importer(2089858483,0ecaa5967403d082aa24f35e1b516d23)
Start importing Assets/Realistic Tree/Prefabs/HDRP/Ash/Ash 4.prefab using Guid(df408d754fe2de341be77e8577932035) Importer(2089858483,0ecaa5967403d082aa24f35e1b516d23) [PhysX] Initialized MultithreadedTaskDispatcher with 16 workers.
 -> (artifact id: '90ea55ff81b976e45ab4e81de983b0fd') in 0.105719 seconds
Number of updated asset objects reloaded before import = 0
Number of asset objects unloaded after import = 69
========================================================================
Received Import Request.
  Time since last request: 0.000051 seconds.
  path: Assets/Realistic Tree/Source/Materials/HDRP/Leaves/Birch
  artifactKey: Guid(b3fee782cd756c844aebe26a8aedb2af) Importer(2089858483,0ecaa5967403d082aa24f35e1b516d23)
Start importing Assets/Realistic Tree/Source/Materials/HDRP/Leaves/Birch using Guid(b3fee782cd756c844aebe26a8aedb2af) Importer(2089858483,0ecaa5967403d082aa24f35e1b516d23) [PhysX] Initialized MultithreadedTaskDispatcher with 16 workers.
 -> (artifact id: 'cb055ae13d693c682e2bc27bc999164e') in 0.020658 seconds
Number of updated asset objects reloaded before import = 0
Number of asset objects unloaded after import = 1
========================================================================
Received Import Request.
  Time since last request: 0.000034 seconds.
  path: Assets/Realistic Tree/Source/Materials/HDRP/Leaves/Chestnut
  artifactKey: Guid(a27f8e7e102bcd14696e5a34b46f303e) Importer(2089858483,0ecaa5967403d082aa24f35e1b516d23)
Start importing Assets/Realistic Tree/Source/Materials/HDRP/Leaves/Chestnut using Guid(a27f8e7e102bcd14696e5a34b46f303e) Importer(2089858483,0ecaa5967403d082aa24f35e1b516d23) [PhysX] Initialized MultithreadedTaskDispatcher with 16 workers.
 -> (artifact id: 'ab46c9f276be37fb1f41c32249c425e3') in 0.018552 seconds
Number of updated asset objects reloaded before import = 0
Number of asset objects unloaded after import = 1
========================================================================
Received Import Request.
  Time since last request: 0.000053 seconds.
  path: Assets/Realistic Tree/Source/Materials/URP/Falling Leaves/Weeping_Single.png
  artifactKey: Guid(73a7d98015f39eb468ae3f868d2c7568) Importer(2089858483,0ecaa5967403d082aa24f35e1b516d23)
Start importing Assets/Realistic Tree/Source/Materials/URP/Falling Leaves/Weeping_Single.png using Guid(73a7d98015f39eb468ae3f868d2c7568) Importer(2089858483,0ecaa5967403d082aa24f35e1b516d23) [PhysX] Initialized MultithreadedTaskDispatcher with 16 workers.
 -> (artifact id: 'd6a69682acf92afc2b297b88590c71ed') in 0.041375 seconds
Number of updated asset objects reloaded before import = 0
Number of asset objects unloaded after import = 1
========================================================================
Received Import Request.
  Time since last request: 0.000041 seconds.
  path: Assets/Realistic Tree/Prefabs/URP/Ash/Ash 6.prefab
  artifactKey: Guid(209b15dd421b315458b25e6457874d89) Importer(2089858483,0ecaa5967403d082aa24f35e1b516d23)
Start importing Assets/Realistic Tree/Prefabs/URP/Ash/Ash 6.prefab using Guid(209b15dd421b315458b25e6457874d89) Importer(2089858483,0ecaa5967403d082aa24f35e1b516d23) [PhysX] Initialized MultithreadedTaskDispatcher with 16 workers.
 -> (artifact id: '15e84cf165414396b3b8c19dee65351f') in 0.075382 seconds
Number of updated asset objects reloaded before import = 0
Number of asset objects unloaded after import = 69
========================================================================
Received Import Request.
  Time since last request: 0.000053 seconds.
  path: Assets/Realistic Tree/Demo Scene/Buttonscript.cs
  artifactKey: Guid(7dac93fdda18c9a4e83e4515bf51df9f) Importer(2089858483,0ecaa5967403d082aa24f35e1b516d23)
Start importing Assets/Realistic Tree/Demo Scene/Buttonscript.cs using Guid(7dac93fdda18c9a4e83e4515bf51df9f) Importer(2089858483,0ecaa5967403d082aa24f35e1b516d23) [PhysX] Initialized MultithreadedTaskDispatcher with 16 workers.
 -> (artifact id: '5ecd422db7df8c8f5e28a150f777cad5') in 0.021467 seconds
Number of updated asset objects reloaded before import = 0
Number of asset objects unloaded after import = 1
========================================================================
Received Import Request.
  Time since last request: 0.000045 seconds.
  path: Assets/Realistic Tree/Prefabs/Standard/Ash
  artifactKey: Guid(233d98529ed8c284a9c3f6e3e2696cbb) Importer(2089858483,0ecaa5967403d082aa24f35e1b516d23)
Start importing Assets/Realistic Tree/Prefabs/Standard/Ash using Guid(233d98529ed8c284a9c3f6e3e2696cbb) Importer(2089858483,0ecaa5967403d082aa24f35e1b516d23) [PhysX] Initialized MultithreadedTaskDispatcher with 16 workers.
 -> (artifact id: '5762d6e801111c094a38f5a7d7ab9c98') in 0.018659 seconds
Number of updated asset objects reloaded before import = 0
Number of asset objects unloaded after import = 1
========================================================================
Received Import Request.
  Time since last request: 0.000037 seconds.
  path: Assets/Realistic Tree/Source/Materials/Standard/Falling Leaves/Ash_Single.png
  artifactKey: Guid(d05b5b31e9d38a74e8aafb05a3bb577e) Importer(2089858483,0ecaa5967403d082aa24f35e1b516d23)
Start importing Assets/Realistic Tree/Source/Materials/Standard/Falling Leaves/Ash_Single.png using Guid(d05b5b31e9d38a74e8aafb05a3bb577e) Importer(2089858483,0ecaa5967403d082aa24f35e1b516d23) [PhysX] Initialized MultithreadedTaskDispatcher with 16 workers.
 -> (artifact id: 'b58527c12571bf7db968734f8b8b717b') in 0.031802 seconds
Number of updated asset objects reloaded before import = 0
Number of asset objects unloaded after import = 1
========================================================================
Received Import Request.
  Time since last request: 0.000041 seconds.
  path: Assets/Realistic Tree/Prefabs/URP/Ash
  artifactKey: Guid(6bfa9772a87c6b04a9c6f89df8d047c6) Importer(2089858483,0ecaa5967403d082aa24f35e1b516d23)
Start importing Assets/Realistic Tree/Prefabs/URP/Ash using Guid(6bfa9772a87c6b04a9c6f89df8d047c6) Importer(2089858483,0ecaa5967403d082aa24f35e1b516d23) [PhysX] Initialized MultithreadedTaskDispatcher with 16 workers.
 -> (artifact id: '0b443c881671d32dd76c23deae50d74d') in 0.017966 seconds
Number of updated asset objects reloaded before import = 0
Number of asset objects unloaded after import = 1
========================================================================
Received Import Request.
  Time since last request: 0.000049 seconds.
  path: Assets/Realistic Tree/Prefabs/Standard/Birch/Birch 3.prefab
  artifactKey: Guid(ffa44ddf50d9ae343bcf69db4abdc01f) Importer(2089858483,0ecaa5967403d082aa24f35e1b516d23)
Start importing Assets/Realistic Tree/Prefabs/Standard/Birch/Birch 3.prefab using Guid(ffa44ddf50d9ae343bcf69db4abdc01f) Importer(2089858483,0ecaa5967403d082aa24f35e1b516d23) [PhysX] Initialized MultithreadedTaskDispatcher with 16 workers.
 -> (artifact id: '894b2eb95b3f4dd40adfb1688b91d477') in 0.092405 seconds
Number of updated asset objects reloaded before import = 0
Number of asset objects unloaded after import = 69
========================================================================
Received Import Request.
  Time since last request: 0.000044 seconds.
  path: Assets/Realistic Tree/Source/Materials/Standard/Leaves/Birch/Birch_Leaves_2.mat
  artifactKey: Guid(444c18f99ff8fba47911492b6c0ac21e) Importer(2089858483,0ecaa5967403d082aa24f35e1b516d23)
Start importing Assets/Realistic Tree/Source/Materials/Standard/Leaves/Birch/Birch_Leaves_2.mat using Guid(444c18f99ff8fba47911492b6c0ac21e) Importer(2089858483,0ecaa5967403d082aa24f35e1b516d23) [PhysX] Initialized MultithreadedTaskDispatcher with 16 workers.
 -> (artifact id: '3fe6366e610b19373d86afdc6d07db05') in 0.028621 seconds
Number of updated asset objects reloaded before import = 0
Number of asset objects unloaded after import = 2
========================================================================
Received Import Request.
  Time since last request: 0.000035 seconds.
  path: Assets/Realistic Tree/Source/Materials/URP/Bark/Bark_Willow.mat
  artifactKey: Guid(b7a4771565ba58b4c984f7f35bc06543) Importer(2089858483,0ecaa5967403d082aa24f35e1b516d23)
Start importing Assets/Realistic Tree/Source/Materials/URP/Bark/Bark_Willow.mat using Guid(b7a4771565ba58b4c984f7f35bc06543) Importer(2089858483,0ecaa5967403d082aa24f35e1b516d23) [PhysX] Initialized MultithreadedTaskDispatcher with 16 workers.
 -> (artifact id: '3787eabaf700b8706654213293d7ffbb') in 0.033112 seconds
Number of updated asset objects reloaded before import = 0
Number of asset objects unloaded after import = 6
========================================================================
Received Import Request.
  Time since last request: 0.000052 seconds.
  path: Assets/Realistic Tree/Source/Materials/URP/Leaves/Birch/Birch_Leaves_3.mat
  artifactKey: Guid(4729f41ecd1d7bb439305c615aa144b0) Importer(2089858483,0ecaa5967403d082aa24f35e1b516d23)
Start importing Assets/Realistic Tree/Source/Materials/URP/Leaves/Birch/Birch_Leaves_3.mat using Guid(4729f41ecd1d7bb439305c615aa144b0) Importer(2089858483,0ecaa5967403d082aa24f35e1b516d23) [PhysX] Initialized MultithreadedTaskDispatcher with 16 workers.
 -> (artifact id: '3aee9de5f2fe736b0f51b51b42cbdc46') in 0.030912 seconds
Number of updated asset objects reloaded before import = 0
Number of asset objects unloaded after import = 3
========================================================================
Received Import Request.
  Time since last request: 0.000045 seconds.
  path: Assets/Realistic Tree/Prefabs/Standard/Spruce/Spruce 8.prefab
  artifactKey: Guid(6bcdae653217cd7449cc1d16d3526229) Importer(2089858483,0ecaa5967403d082aa24f35e1b516d23)
Start importing Assets/Realistic Tree/Prefabs/Standard/Spruce/Spruce 8.prefab using Guid(6bcdae653217cd7449cc1d16d3526229) Importer(2089858483,0ecaa5967403d082aa24f35e1b516d23) [PhysX] Initialized MultithreadedTaskDispatcher with 16 workers.
 -> (artifact id: '291f18574b708b27858bf7a170330001') in 0.035357 seconds
Number of updated asset objects reloaded before import = 0
Number of asset objects unloaded after import = 67
========================================================================
Received Import Request.
  Time since last request: 0.000054 seconds.
  path: Assets/Realistic Tree/Prefabs/HDRP/Weeping Willow/Weeping_Willow 8.prefab
  artifactKey: Guid(0db42947b44718a46ae06fa647389298) Importer(2089858483,0ecaa5967403d082aa24f35e1b516d23)
Start importing Assets/Realistic Tree/Prefabs/HDRP/Weeping Willow/Weeping_Willow 8.prefab using Guid(0db42947b44718a46ae06fa647389298) Importer(2089858483,0ecaa5967403d082aa24f35e1b516d23) [PhysX] Initialized MultithreadedTaskDispatcher with 16 workers.
 -> (artifact id: 'b3815c460c821baf0e791f8bdf5e0a23') in 0.082198 seconds
Number of updated asset objects reloaded before import = 0
Number of asset objects unloaded after import = 49
========================================================================
Received Import Request.
  Time since last request: 0.000036 seconds.
  path: Assets/Realistic Tree/Prefabs/URP/Spruce/Spruce 5.prefab
  artifactKey: Guid(a89bea7274b16dd48b641c1547ee91e1) Importer(2089858483,0ecaa5967403d082aa24f35e1b516d23)
Start importing Assets/Realistic Tree/Prefabs/URP/Spruce/Spruce 5.prefab using Guid(a89bea7274b16dd48b641c1547ee91e1) Importer(2089858483,0ecaa5967403d082aa24f35e1b516d23) [PhysX] Initialized MultithreadedTaskDispatcher with 16 workers.
 -> (artifact id: '79cec6ef0c346834550f7dddc311dd19') in 0.036012 seconds
Number of updated asset objects reloaded before import = 0
Number of asset objects unloaded after import = 67
========================================================================
Received Import Request.
  Time since last request: 0.000051 seconds.
  path: Assets/Realistic Tree/Source/Textures/Spruce/Leaf_2.png
  artifactKey: Guid(b0499ea2a83909c479f10f314bbe7b6f) Importer(2089858483,0ecaa5967403d082aa24f35e1b516d23)
Start importing Assets/Realistic Tree/Source/Textures/Spruce/Leaf_2.png using Guid(b0499ea2a83909c479f10f314bbe7b6f) Importer(2089858483,0ecaa5967403d082aa24f35e1b516d23) [PhysX] Initialized MultithreadedTaskDispatcher with 16 workers.
 -> (artifact id: 'd9fba7947ab88b6f1e5045155d63fa3d') in 0.031693 seconds
Number of updated asset objects reloaded before import = 0
Number of asset objects unloaded after import = 1
========================================================================
Received Import Request.
  Time since last request: 0.000053 seconds.
  path: Assets/Realistic Tree/Prefabs/HDRP/Chestnut/Chestnut 7.prefab
  artifactKey: Guid(5aad144dfe0872d4ca484ab6a958cf9f) Importer(2089858483,0ecaa5967403d082aa24f35e1b516d23)
Start importing Assets/Realistic Tree/Prefabs/HDRP/Chestnut/Chestnut 7.prefab using Guid(5aad144dfe0872d4ca484ab6a958cf9f) Importer(2089858483,0ecaa5967403d082aa24f35e1b516d23) [PhysX] Initialized MultithreadedTaskDispatcher with 16 workers.
 -> (artifact id: '7174a7bacbd3aae9263fa4ad250c569a') in 0.079857 seconds
Number of updated asset objects reloaded before import = 0
Number of asset objects unloaded after import = 109
========================================================================
Received Import Request.
  Time since last request: 0.000041 seconds.
  path: Assets/Realistic Tree/Source/Materials/HDRP/Falling Leaves/Birch1_Single.png
  artifactKey: Guid(94029e6ba24e4154f8eb005209903b77) Importer(2089858483,0ecaa5967403d082aa24f35e1b516d23)
Start importing Assets/Realistic Tree/Source/Materials/HDRP/Falling Leaves/Birch1_Single.png using Guid(94029e6ba24e4154f8eb005209903b77) Importer(2089858483,0ecaa5967403d082aa24f35e1b516d23) [PhysX] Initialized MultithreadedTaskDispatcher with 16 workers.
 -> (artifact id: '9112009327cc4abb72eb39383c730f6a') in 0.041761 seconds
Number of updated asset objects reloaded before import = 0
Number of asset objects unloaded after import = 1
========================================================================
Received Import Request.
  Time since last request: 0.000039 seconds.
  path: Assets/Realistic Tree/Source/Materials/URP/Bark/Spruce.mat
  artifactKey: Guid(f5a604e18538a7744aeab459c61bdadf) Importer(2089858483,0ecaa5967403d082aa24f35e1b516d23)
Start importing Assets/Realistic Tree/Source/Materials/URP/Bark/Spruce.mat using Guid(f5a604e18538a7744aeab459c61bdadf) Importer(2089858483,0ecaa5967403d082aa24f35e1b516d23) [PhysX] Initialized MultithreadedTaskDispatcher with 16 workers.
 -> (artifact id: '9aacac7a34960f2893dfbb926b452dd3') in 0.031668 seconds
Number of updated asset objects reloaded before import = 0
Number of asset objects unloaded after import = 6
========================================================================
Received Import Request.
  Time since last request: 0.000048 seconds.
  path: Assets/Realistic Tree/Source/Models/Chestnut/Chestnut_1.fbx
  artifactKey: Guid(7028a30082926d24f9168b77ffa645c0) Importer(2089858483,0ecaa5967403d082aa24f35e1b516d23)
Start importing Assets/Realistic Tree/Source/Models/Chestnut/Chestnut_1.fbx using Guid(7028a30082926d24f9168b77ffa645c0) Importer(2089858483,0ecaa5967403d082aa24f35e1b516d23) [PhysX] Initialized MultithreadedTaskDispatcher with 16 workers.
 -> (artifact id: 'f5e5339aa7277d692e6b71ef76b1db7d') in 0.044078 seconds
Number of updated asset objects reloaded before import = 0
Number of asset objects unloaded after import = 85
========================================================================
Received Import Request.
  Time since last request: 0.000038 seconds.
  path: Assets/Realistic Tree/Prefabs/HDRP/Spruce/Spruce Group 3.prefab
  artifactKey: Guid(ea9a013bd97f708479ab0ae6bdbd6634) Importer(2089858483,0ecaa5967403d082aa24f35e1b516d23)
Start importing Assets/Realistic Tree/Prefabs/HDRP/Spruce/Spruce Group 3.prefab using Guid(ea9a013bd97f708479ab0ae6bdbd6634) Importer(2089858483,0ecaa5967403d082aa24f35e1b516d23) [PhysX] Initialized MultithreadedTaskDispatcher with 16 workers.
 -> (artifact id: 'e1d6e32949a06f7dcdb19b9a1157d73b') in 0.040204 seconds
Number of updated asset objects reloaded before import = 0
Number of asset objects unloaded after import = 67
========================================================================
Received Import Request.
  Time since last request: 0.000042 seconds.
  path: Assets/Realistic Tree/Prefabs/Standard/Weeping Willow/Weeping_Willow 3.prefab
  artifactKey: Guid(7644f1b6b97b3f345afcfd840e6f1cc3) Importer(2089858483,0ecaa5967403d082aa24f35e1b516d23)
Start importing Assets/Realistic Tree/Prefabs/Standard/Weeping Willow/Weeping_Willow 3.prefab using Guid(7644f1b6b97b3f345afcfd840e6f1cc3) Importer(2089858483,0ecaa5967403d082aa24f35e1b516d23) [PhysX] Initialized MultithreadedTaskDispatcher with 16 workers.
 -> (artifact id: '3773793039fb7466faf10eacea9d9056') in 0.081278 seconds
Number of updated asset objects reloaded before import = 0
Number of asset objects unloaded after import = 49
========================================================================
Received Import Request.
  Time since last request: 0.000053 seconds.
  path: Assets/Realistic Tree/Source/Materials/URP/Leaves/Ash/Ash_Leaves_2.mat
  artifactKey: Guid(40ec4007ee71424499d4f690100cff43) Importer(2089858483,0ecaa5967403d082aa24f35e1b516d23)
Start importing Assets/Realistic Tree/Source/Materials/URP/Leaves/Ash/Ash_Leaves_2.mat using Guid(40ec4007ee71424499d4f690100cff43) Importer(2089858483,0ecaa5967403d082aa24f35e1b516d23) [PhysX] Initialized MultithreadedTaskDispatcher with 16 workers.
 -> (artifact id: '47522e0b0c1567d5648ca4d2b6651b22') in 0.028064 seconds
Number of updated asset objects reloaded before import = 0
Number of asset objects unloaded after import = 3
========================================================================
Received Import Request.
  Time since last request: 0.000043 seconds.
  path: Assets/Realistic Tree/Prefabs/HDRP/Chestnut/Chestnut 1.prefab
  artifactKey: Guid(ca41ad7dff05aeb4bb3b104e4a55d7f4) Importer(2089858483,0ecaa5967403d082aa24f35e1b516d23)
Start importing Assets/Realistic Tree/Prefabs/HDRP/Chestnut/Chestnut 1.prefab using Guid(ca41ad7dff05aeb4bb3b104e4a55d7f4) Importer(2089858483,0ecaa5967403d082aa24f35e1b516d23) [PhysX] Initialized MultithreadedTaskDispatcher with 16 workers.
 -> (artifact id: '33ae89b05c6718c6c79131eed546ba8f') in 0.074481 seconds
Number of updated asset objects reloaded before import = 0
Number of asset objects unloaded after import = 89
========================================================================
Received Import Request.
  Time since last request: 0.000037 seconds.
  path: Assets/Realistic Tree/Prefabs/Standard/Chestnut/Leaf_3.png
  artifactKey: Guid(01117fc70a3880a45897e1c6d5cf6978) Importer(2089858483,0ecaa5967403d082aa24f35e1b516d23)
Start importing Assets/Realistic Tree/Prefabs/Standard/Chestnut/Leaf_3.png using Guid(01117fc70a3880a45897e1c6d5cf6978) Importer(2089858483,0ecaa5967403d082aa24f35e1b516d23) [PhysX] Initialized MultithreadedTaskDispatcher with 16 workers.
 -> (artifact id: '83bbe9ea366de8ad2ff0bed3c3204b39') in 0.039233 seconds
Number of updated asset objects reloaded before import = 0
Number of asset objects unloaded after import = 1
========================================================================
Received Import Request.
  Time since last request: 0.000044 seconds.
  path: Assets/Grass And Flowers Pack 1/Flower/Flower 16.png
  artifactKey: Guid(6d1b799698b4a13428f342e85a6eafa9) Importer(2089858483,0ecaa5967403d082aa24f35e1b516d23)
Start importing Assets/Grass And Flowers Pack 1/Flower/Flower 16.png using Guid(6d1b799698b4a13428f342e85a6eafa9) Importer(2089858483,0ecaa5967403d082aa24f35e1b516d23) [PhysX] Initialized MultithreadedTaskDispatcher with 16 workers.
 -> (artifact id: '6b5af54d94b65336ca92fd82860c0df0') in 0.046317 seconds
Number of updated asset objects reloaded before import = 0
Number of asset objects unloaded after import = 1
========================================================================
Received Import Request.
  Time since last request: 0.000049 seconds.
  path: Assets/Grass And Flowers Pack 1/Example Scene
  artifactKey: Guid(cd358f53ed478f5418de169420646e8c) Importer(2089858483,0ecaa5967403d082aa24f35e1b516d23)
Start importing Assets/Grass And Flowers Pack 1/Example Scene using Guid(cd358f53ed478f5418de169420646e8c) Importer(2089858483,0ecaa5967403d082aa24f35e1b516d23) [PhysX] Initialized MultithreadedTaskDispatcher with 16 workers.
 -> (artifact id: 'b861ab56f7b61a2bcf8cde1b0340b265') in 0.016804 seconds
Number of updated asset objects reloaded before import = 0
Number of asset objects unloaded after import = 1
========================================================================
Received Import Request.
  Time since last request: 0.000038 seconds.
  path: Assets/Realistic Tree/Prefabs/HDRP/Birch/Birch 2.prefab
  artifactKey: Guid(4da729d2d8eb9f54d8c32912c8b76df0) Importer(2089858483,0ecaa5967403d082aa24f35e1b516d23)
Start importing Assets/Realistic Tree/Prefabs/HDRP/Birch/Birch 2.prefab using Guid(4da729d2d8eb9f54d8c32912c8b76df0) Importer(2089858483,0ecaa5967403d082aa24f35e1b516d23) [PhysX] Initialized MultithreadedTaskDispatcher with 16 workers.
 -> (artifact id: '3901c13d8fbd74aaaf4f70cacd946f97') in 0.075432 seconds
Number of updated asset objects reloaded before import = 0
Number of asset objects unloaded after import = 69
========================================================================
Received Import Request.
  Time since last request: 0.000052 seconds.
  path: Assets/Grass And Flowers Pack 1/Flower/Flower 28.png
  artifactKey: Guid(8a13b35641f16e44c89c897309bcdca9) Importer(2089858483,0ecaa5967403d082aa24f35e1b516d23)
Start importing Assets/Grass And Flowers Pack 1/Flower/Flower 28.png using Guid(8a13b35641f16e44c89c897309bcdca9) Importer(2089858483,0ecaa5967403d082aa24f35e1b516d23) [PhysX] Initialized MultithreadedTaskDispatcher with 16 workers.
 -> (artifact id: '8a62e56d2f7bbf0406dbbe0d78afac61') in 0.051365 seconds
Number of updated asset objects reloaded before import = 0
Number of asset objects unloaded after import = 1
========================================================================
Received Import Request.
  Time since last request: 0.000043 seconds.
  path: Assets/Grass And Flowers Pack 1/Example Scene/Skyboxes/Textures/Sunny1/Sunny1_front.tif
  artifactKey: Guid(2372dd1814cb4ed47a91f8174877623e) Importer(2089858483,0ecaa5967403d082aa24f35e1b516d23)
Start importing Assets/Grass And Flowers Pack 1/Example Scene/Skyboxes/Textures/Sunny1/Sunny1_front.tif using Guid(2372dd1814cb4ed47a91f8174877623e) Importer(2089858483,0ecaa5967403d082aa24f35e1b516d23) [PhysX] Initialized MultithreadedTaskDispatcher with 16 workers.
 -> (artifact id: 'dcb9df4f4b8bee00b36dbd537f9be23b') in 0.052126 seconds
Number of updated asset objects reloaded before import = 0
Number of asset objects unloaded after import = 1
========================================================================
Received Import Request.
  Time since last request: 0.000048 seconds.
  path: Assets/Grass And Flowers Pack 1/Flower/Flower 20.png
  artifactKey: Guid(b24c3cd816cfc59488d60ce1c90ccb97) Importer(2089858483,0ecaa5967403d082aa24f35e1b516d23)
Start importing Assets/Grass And Flowers Pack 1/Flower/Flower 20.png using Guid(b24c3cd816cfc59488d60ce1c90ccb97) Importer(2089858483,0ecaa5967403d082aa24f35e1b516d23) [PhysX] Initialized MultithreadedTaskDispatcher with 16 workers.
 -> (artifact id: '7490df74b64a6166f57453d9f4782b0e') in 0.048934 seconds
Number of updated asset objects reloaded before import = 0
Number of asset objects unloaded after import = 1
========================================================================
Received Import Request.
  Time since last request: 0.000046 seconds.
  path: Assets/Grass And Flowers Pack 1/Ground Textures/Groundplants 1_N.jpg
  artifactKey: Guid(bba8172718050c446a0a4c28a797fdc7) Importer(2089858483,0ecaa5967403d082aa24f35e1b516d23)
Start importing Assets/Grass And Flowers Pack 1/Ground Textures/Groundplants 1_N.jpg using Guid(bba8172718050c446a0a4c28a797fdc7) Importer(2089858483,0ecaa5967403d082aa24f35e1b516d23) [PhysX] Initialized MultithreadedTaskDispatcher with 16 workers.
 -> (artifact id: '4a1cdb023d95a112557ef12bb61a7e9d') in 0.041217 seconds
Number of updated asset objects reloaded before import = 0
Number of asset objects unloaded after import = 1
========================================================================
Received Import Request.
  Time since last request: 0.000044 seconds.
  path: Assets/Grass And Flowers Pack 1/Bush/Bush 6.png
  artifactKey: Guid(9441c1d70a7b1ad45adbf887f14ec1e9) Importer(2089858483,0ecaa5967403d082aa24f35e1b516d23)
Start importing Assets/Grass And Flowers Pack 1/Bush/Bush 6.png using Guid(9441c1d70a7b1ad45adbf887f14ec1e9) Importer(2089858483,0ecaa5967403d082aa24f35e1b516d23) [PhysX] Initialized MultithreadedTaskDispatcher with 16 workers.
 -> (artifact id: '6a847afb63632b328f507210c7d463a7') in 0.043713 seconds
Number of updated asset objects reloaded before import = 0
Number of asset objects unloaded after import = 1
========================================================================
Received Import Request.
  Time since last request: 0.000040 seconds.
  path: Assets/Realistic Tree/Prefabs/HDRP/Spruce/Spruce Group 1.prefab
  artifactKey: Guid(f8e589e5b98c2644dad13cedd571de2c) Importer(2089858483,0ecaa5967403d082aa24f35e1b516d23)
Start importing Assets/Realistic Tree/Prefabs/HDRP/Spruce/Spruce Group 1.prefab using Guid(f8e589e5b98c2644dad13cedd571de2c) Importer(2089858483,0ecaa5967403d082aa24f35e1b516d23) [PhysX] Initialized MultithreadedTaskDispatcher with 16 workers.
 -> (artifact id: 'db5507d5678cd7534b73ee510954b730') in 0.034021 seconds
Number of updated asset objects reloaded before import = 0
Number of asset objects unloaded after import = 67
========================================================================
Received Import Request.
  Time since last request: 0.000050 seconds.
  path: Assets/Grass And Flowers Pack 1/Flower/Flower 26.png
  artifactKey: Guid(15acc82f435974f43809856015439b02) Importer(2089858483,0ecaa5967403d082aa24f35e1b516d23)
Start importing Assets/Grass And Flowers Pack 1/Flower/Flower 26.png using Guid(15acc82f435974f43809856015439b02) Importer(2089858483,0ecaa5967403d082aa24f35e1b516d23) [PhysX] Initialized MultithreadedTaskDispatcher with 16 workers.
 -> (artifact id: '22c0f819cfbd281ca04d1d7721f4cbe5') in 0.053730 seconds
Number of updated asset objects reloaded before import = 0
Number of asset objects unloaded after import = 1
========================================================================
Received Import Request.
  Time since last request: 0.000039 seconds.
  path: Assets/Grass And Flowers Pack 1/Example Scene/Camera 1.renderTexture
  artifactKey: Guid(e58e100f64615ad48be32ea8d1635341) Importer(2089858483,0ecaa5967403d082aa24f35e1b516d23)
Start importing Assets/Grass And Flowers Pack 1/Example Scene/Camera 1.renderTexture using Guid(e58e100f64615ad48be32ea8d1635341) Importer(2089858483,0ecaa5967403d082aa24f35e1b516d23) [PhysX] Initialized MultithreadedTaskDispatcher with 16 workers.
 -> (artifact id: '74f550df02fcb4eeb8594992f4853eaa') in 0.040922 seconds
Number of updated asset objects reloaded before import = 0
Number of asset objects unloaded after import = 1
========================================================================
Received Import Request.
  Time since last request: 0.000039 seconds.
  path: Assets/Grass And Flowers Pack 1/Ground Textures/Groundplants 1_D.jpg
  artifactKey: Guid(7def4f1ef16215342ba8bb0f9e8b057f) Importer(2089858483,0ecaa5967403d082aa24f35e1b516d23)
Start importing Assets/Grass And Flowers Pack 1/Ground Textures/Groundplants 1_D.jpg using Guid(7def4f1ef16215342ba8bb0f9e8b057f) Importer(2089858483,0ecaa5967403d082aa24f35e1b516d23) [PhysX] Initialized MultithreadedTaskDispatcher with 16 workers.
 -> (artifact id: '73ad93953695d032e22957ea184a3ab4') in 0.050091 seconds
Number of updated asset objects reloaded before import = 0
Number of asset objects unloaded after import = 1
========================================================================
Received Import Request.
  Time since last request: 0.000059 seconds.
  path: Assets/Grass And Flowers Pack 1/Flower/Grass Flower 11.png
  artifactKey: Guid(dc92af4c176c5f2458c3adbc09c77766) Importer(2089858483,0ecaa5967403d082aa24f35e1b516d23)
Start importing Assets/Grass And Flowers Pack 1/Flower/Grass Flower 11.png using Guid(dc92af4c176c5f2458c3adbc09c77766) Importer(2089858483,0ecaa5967403d082aa24f35e1b516d23) [PhysX] Initialized MultithreadedTaskDispatcher with 16 workers.
 -> (artifact id: '11bad5df8bb4aea62243a9fa49c727d3') in 0.030854 seconds
Number of updated asset objects reloaded before import = 0
Number of asset objects unloaded after import = 1
========================================================================
Received Import Request.
  Time since last request: 0.000049 seconds.
  path: Assets/Grass And Flowers Pack 1/Flower/Grass Flower 5.png
  artifactKey: Guid(b3df4cb2f0dbbb842889155de38652a6) Importer(2089858483,0ecaa5967403d082aa24f35e1b516d23)
Start importing Assets/Grass And Flowers Pack 1/Flower/Grass Flower 5.png using Guid(b3df4cb2f0dbbb842889155de38652a6) Importer(2089858483,0ecaa5967403d082aa24f35e1b516d23) [PhysX] Initialized MultithreadedTaskDispatcher with 16 workers.
 -> (artifact id: '8cf5029ce77fe6d99e8ded4d2316ace5') in 0.028037 seconds
Number of updated asset objects reloaded before import = 0
Number of asset objects unloaded after import = 1
========================================================================
Received Import Request.
  Time since last request: 0.000032 seconds.
  path: Assets/Grass And Flowers Pack 1/Flower/Flower 23.png
  artifactKey: Guid(a649788266163034aa4b99623cae3fe8) Importer(2089858483,0ecaa5967403d082aa24f35e1b516d23)
Start importing Assets/Grass And Flowers Pack 1/Flower/Flower 23.png using Guid(a649788266163034aa4b99623cae3fe8) Importer(2089858483,0ecaa5967403d082aa24f35e1b516d23) [PhysX] Initialized MultithreadedTaskDispatcher with 16 workers.
 -> (artifact id: 'c7322c947d2911f8a02401e7e92de6aa') in 0.045655 seconds
Number of updated asset objects reloaded before import = 0
Number of asset objects unloaded after import = 1
========================================================================
Received Import Request.
  Time since last request: 0.000041 seconds.
  path: Assets/Grass And Flowers Pack 1/Flower/Grass Flower 9.png
  artifactKey: Guid(be71e7916ae7b0e4faf4d22ccf62ad24) Importer(2089858483,0ecaa5967403d082aa24f35e1b516d23)
Start importing Assets/Grass And Flowers Pack 1/Flower/Grass Flower 9.png using Guid(be71e7916ae7b0e4faf4d22ccf62ad24) Importer(2089858483,0ecaa5967403d082aa24f35e1b516d23) [PhysX] Initialized MultithreadedTaskDispatcher with 16 workers.
 -> (artifact id: '377db90e2863d787366549b302932a90') in 0.031991 seconds
Number of updated asset objects reloaded before import = 0
Number of asset objects unloaded after import = 1
========================================================================
Received Import Request.
  Time since last request: 0.000034 seconds.
  path: Assets/Grass And Flowers Pack 1/Flower/Grass Flower 1.png
  artifactKey: Guid(c3d45a835b8b6664085f0dc3cc6b1b41) Importer(2089858483,0ecaa5967403d082aa24f35e1b516d23)
Start importing Assets/Grass And Flowers Pack 1/Flower/Grass Flower 1.png using Guid(c3d45a835b8b6664085f0dc3cc6b1b41) Importer(2089858483,0ecaa5967403d082aa24f35e1b516d23) [PhysX] Initialized MultithreadedTaskDispatcher with 16 workers.
 -> (artifact id: 'a513cdb391eedf991a2488d9832e707d') in 0.033759 seconds
Number of updated asset objects reloaded before import = 0
Number of asset objects unloaded after import = 1
========================================================================
Received Import Request.
  Time since last request: 0.000044 seconds.
  path: Assets/Grass And Flowers Pack 1/Flower/Flower 10.png
  artifactKey: Guid(dde6e275af2ebe94ca8df679dc22b927) Importer(2089858483,0ecaa5967403d082aa24f35e1b516d23)
Start importing Assets/Grass And Flowers Pack 1/Flower/Flower 10.png using Guid(dde6e275af2ebe94ca8df679dc22b927) Importer(2089858483,0ecaa5967403d082aa24f35e1b516d23) [PhysX] Initialized MultithreadedTaskDispatcher with 16 workers.
 -> (artifact id: '839fa91a4b60a5ba1b93502230860cdd') in 0.057860 seconds
Number of updated asset objects reloaded before import = 0
Number of asset objects unloaded after import = 1
========================================================================
Received Import Request.
  Time since last request: 0.000040 seconds.
  path: Assets/Grass And Flowers Pack 1/Example Scene/Terrain Data.asset
  artifactKey: Guid(eb06af58218e217438a524d2e88e107d) Importer(2089858483,0ecaa5967403d082aa24f35e1b516d23)
Start importing Assets/Grass And Flowers Pack 1/Example Scene/Terrain Data.asset using Guid(eb06af58218e217438a524d2e88e107d) Importer(2089858483,0ecaa5967403d082aa24f35e1b516d23) [PhysX] Initialized MultithreadedTaskDispatcher with 16 workers.
 -> (artifact id: 'a696008df2aa84e495da1d88f2d36d0d') in 0.312970 seconds
Number of updated asset objects reloaded before import = 0
Number of asset objects unloaded after import = 22
========================================================================
Received Import Request.
  Time since last request: 0.000043 seconds.
  path: Assets/Grass And Flowers Pack 1/Small Tree/Small Tree 2.png
  artifactKey: Guid(e6f2c743f802ea44ab20fc856e9ed337) Importer(2089858483,0ecaa5967403d082aa24f35e1b516d23)
Start importing Assets/Grass And Flowers Pack 1/Small Tree/Small Tree 2.png using Guid(e6f2c743f802ea44ab20fc856e9ed337) Importer(2089858483,0ecaa5967403d082aa24f35e1b516d23) [PhysX] Initialized MultithreadedTaskDispatcher with 16 workers.
 -> (artifact id: 'ed7953230f5f5f2f0e59031341bcbb45') in 0.046488 seconds
Number of updated asset objects reloaded before import = 0
Number of asset objects unloaded after import = 1
========================================================================
Received Import Request.
  Time since last request: 0.000045 seconds.
  path: Assets/Grass And Flowers Pack 1/Flower/Flower 7.png
  artifactKey: Guid(37d076fe4b28144429a166aca1c02a72) Importer(2089858483,0ecaa5967403d082aa24f35e1b516d23)
Start importing Assets/Grass And Flowers Pack 1/Flower/Flower 7.png using Guid(37d076fe4b28144429a166aca1c02a72) Importer(2089858483,0ecaa5967403d082aa24f35e1b516d23) [PhysX] Initialized MultithreadedTaskDispatcher with 16 workers.
 -> (artifact id: '26d1f152647efc0d668c78d2d075a2a1') in 0.044736 seconds
Number of updated asset objects reloaded before import = 0
Number of asset objects unloaded after import = 1
========================================================================
Received Import Request.
  Time since last request: 0.000055 seconds.
  path: Assets/Grass And Flowers Pack 1/Example Scene/Skyboxes/Textures/Sunny1
  artifactKey: Guid(ec10490c97dff614c8c9382221487dfe) Importer(2089858483,0ecaa5967403d082aa24f35e1b516d23)
Start importing Assets/Grass And Flowers Pack 1/Example Scene/Skyboxes/Textures/Sunny1 using Guid(ec10490c97dff614c8c9382221487dfe) Importer(2089858483,0ecaa5967403d082aa24f35e1b516d23) [PhysX] Initialized MultithreadedTaskDispatcher with 16 workers.
 -> (artifact id: 'c8b64c448e5c171e2285e8075fd8a4f1') in 0.020644 seconds
Number of updated asset objects reloaded before import = 0
Number of asset objects unloaded after import = 1
========================================================================
Received Import Request.
  Time since last request: 0.000040 seconds.
  path: Assets/Grass And Flowers Pack 1/Small Tree
  artifactKey: Guid(6b54e8b272f7a0d41905391e621b5eb6) Importer(2089858483,0ecaa5967403d082aa24f35e1b516d23)
Start importing Assets/Grass And Flowers Pack 1/Small Tree using Guid(6b54e8b272f7a0d41905391e621b5eb6) Importer(2089858483,0ecaa5967403d082aa24f35e1b516d23) [PhysX] Initialized MultithreadedTaskDispatcher with 16 workers.
 -> (artifact id: 'c19ebfc35f5b60025170476d9798abd7') in 0.018321 seconds
Number of updated asset objects reloaded before import = 0
Number of asset objects unloaded after import = 1
========================================================================
Received Import Request.
  Time since last request: 0.000035 seconds.
  path: Assets/PalmTreePack/Textures/Props/Tile/Materials
  artifactKey: Guid(b922ec71db46f0246a70be3d4edfc14e) Importer(2089858483,0ecaa5967403d082aa24f35e1b516d23)
Start importing Assets/PalmTreePack/Textures/Props/Tile/Materials using Guid(b922ec71db46f0246a70be3d4edfc14e) Importer(2089858483,0ecaa5967403d082aa24f35e1b516d23) [PhysX] Initialized MultithreadedTaskDispatcher with 16 workers.
 -> (artifact id: '24af7d68306fd1d6e12ef9fad5202300') in 0.019070 seconds
Number of updated asset objects reloaded before import = 0
Number of asset objects unloaded after import = 1
========================================================================
Received Import Request.
  Time since last request: 0.000045 seconds.
  path: Assets/PalmTreePack/Models/Palm1
  artifactKey: Guid(ed7dd35629dff3047bf592bb0059db69) Importer(2089858483,0ecaa5967403d082aa24f35e1b516d23)
Start importing Assets/PalmTreePack/Models/Palm1 using Guid(ed7dd35629dff3047bf592bb0059db69) Importer(2089858483,0ecaa5967403d082aa24f35e1b516d23) [PhysX] Initialized MultithreadedTaskDispatcher with 16 workers.
 -> (artifact id: 'c8a19fcf0bca067083c2c2f8ecea569f') in 0.018062 seconds
Number of updated asset objects reloaded before import = 0
Number of asset objects unloaded after import = 1
========================================================================
Received Import Request.
  Time since last request: 0.000050 seconds.
  path: Assets/PalmTreePack/Models/Palm_Style_Old/Palm2/Materials/Palm_Leaf.mat
  artifactKey: Guid(e7e00d149b2019e418f6fafb03fc9843) Importer(2089858483,0ecaa5967403d082aa24f35e1b516d23)
Start importing Assets/PalmTreePack/Models/Palm_Style_Old/Palm2/Materials/Palm_Leaf.mat using Guid(e7e00d149b2019e418f6fafb03fc9843) Importer(2089858483,0ecaa5967403d082aa24f35e1b516d23) [PhysX] Initialized MultithreadedTaskDispatcher with 16 workers.
 -> (artifact id: 'b4a5cea05a2f497eaad8f7c2117d239f') in 0.028854 seconds
Number of updated asset objects reloaded before import = 0
Number of asset objects unloaded after import = 2
========================================================================
Received Import Request.
  Time since last request: 0.000041 seconds.
  path: Assets/PalmTreePack/Models
  artifactKey: Guid(591dd08ecfb7c654cafc8211aac33089) Importer(2089858483,0ecaa5967403d082aa24f35e1b516d23)
Start importing Assets/PalmTreePack/Models using Guid(591dd08ecfb7c654cafc8211aac33089) Importer(2089858483,0ecaa5967403d082aa24f35e1b516d23) [PhysX] Initialized MultithreadedTaskDispatcher with 16 workers.
 -> (artifact id: '5c5a303dfbab27d1a549459a365c4a68') in 0.022857 seconds
Number of updated asset objects reloaded before import = 0
Number of asset objects unloaded after import = 1
========================================================================
Received Import Request.
  Time since last request: 0.000059 seconds.
  path: Assets/PalmTreePack/Textures
  artifactKey: Guid(551f9b04ccbc77b4295fcc94d8fe323b) Importer(2089858483,0ecaa5967403d082aa24f35e1b516d23)
Start importing Assets/PalmTreePack/Textures using Guid(551f9b04ccbc77b4295fcc94d8fe323b) Importer(2089858483,0ecaa5967403d082aa24f35e1b516d23) [PhysX] Initialized MultithreadedTaskDispatcher with 16 workers.
 -> (artifact id: 'ad32456872e168d6a6bf303c117c7902') in 0.017065 seconds
Number of updated asset objects reloaded before import = 0
Number of asset objects unloaded after import = 1
========================================================================
Received Import Request.
  Time since last request: 0.000047 seconds.
  path: Assets/PalmTreePack/Scene/Sample_Palm_Pack.unity
  artifactKey: Guid(f80384b1c4cef64488145e4cf012033c) Importer(2089858483,0ecaa5967403d082aa24f35e1b516d23)
Start importing Assets/PalmTreePack/Scene/Sample_Palm_Pack.unity using Guid(f80384b1c4cef64488145e4cf012033c) Importer(2089858483,0ecaa5967403d082aa24f35e1b516d23) [PhysX] Initialized MultithreadedTaskDispatcher with 16 workers.
 -> (artifact id: 'afd30be0d410a381dcde64f260f37336') in 0.018628 seconds
Number of updated asset objects reloaded before import = 0
Number of asset objects unloaded after import = 1
========================================================================
Received Import Request.
  Time since last request: 0.000035 seconds.
  path: Assets/PalmTreePack/Prefabs/Old/Palm_1_3.prefab
  artifactKey: Guid(16a7dfe0b5eea4b49a9f6ff39982bb6f) Importer(2089858483,0ecaa5967403d082aa24f35e1b516d23)
Start importing Assets/PalmTreePack/Prefabs/Old/Palm_1_3.prefab using Guid(16a7dfe0b5eea4b49a9f6ff39982bb6f) Importer(2089858483,0ecaa5967403d082aa24f35e1b516d23) [PhysX] Initialized MultithreadedTaskDispatcher with 16 workers.
 -> (artifact id: '8b701aaa0147af55748aa36943c86663') in 0.038663 seconds
Number of updated asset objects reloaded before import = 0
Number of asset objects unloaded after import = 7
========================================================================
Received Import Request.
  Time since last request: 0.000051 seconds.
  path: Assets/PalmTreePack/Scene/Sample_Palm_Pack
  artifactKey: Guid(728fdd712b73827488283c5fa6b56c99) Importer(2089858483,0ecaa5967403d082aa24f35e1b516d23)
Start importing Assets/PalmTreePack/Scene/Sample_Palm_Pack using Guid(728fdd712b73827488283c5fa6b56c99) Importer(2089858483,0ecaa5967403d082aa24f35e1b516d23) [PhysX] Initialized MultithreadedTaskDispatcher with 16 workers.
 -> (artifact id: 'dc4ee326b3d9c9669834f05de8a7f5b9') in 0.020977 seconds
Number of updated asset objects reloaded before import = 0
Number of asset objects unloaded after import = 1
========================================================================
Received Import Request.
  Time since last request: 0.000045 seconds.
  path: Assets/PalmTreePack/Prefabs/1
  artifactKey: Guid(f2546adcfa77a3a44a69420c083ab7e7) Importer(2089858483,0ecaa5967403d082aa24f35e1b516d23)
Start importing Assets/PalmTreePack/Prefabs/1 using Guid(f2546adcfa77a3a44a69420c083ab7e7) Importer(2089858483,0ecaa5967403d082aa24f35e1b516d23) [PhysX] Initialized MultithreadedTaskDispatcher with 16 workers.
 -> (artifact id: 'c3e7bf2c437d3303aad5baad321ccd65') in 0.020355 seconds
Number of updated asset objects reloaded before import = 0
Number of asset objects unloaded after import = 1
========================================================================
Received Import Request.
  Time since last request: 0.000050 seconds.
  path: Assets/PalmTreePack/Offer
  artifactKey: Guid(400fe8c3a7b734747ac096c8d3acde93) Importer(2089858483,0ecaa5967403d082aa24f35e1b516d23)
Start importing Assets/PalmTreePack/Offer using Guid(400fe8c3a7b734747ac096c8d3acde93) Importer(2089858483,0ecaa5967403d082aa24f35e1b516d23) [PhysX] Initialized MultithreadedTaskDispatcher with 16 workers.
 -> (artifact id: 'ad5c43693e418b5462d0534f578a89d1') in 0.019904 seconds
Number of updated asset objects reloaded before import = 0
Number of asset objects unloaded after import = 1
========================================================================
Received Import Request.
  Time since last request: 0.000048 seconds.
  path: Assets/PalmTreePack/Models/Palm_Style_Old/Palm2/Materials/Palm_Center.mat
  artifactKey: Guid(f0f0b16071924834ead95eb8a757a9d9) Importer(2089858483,0ecaa5967403d082aa24f35e1b516d23)
Start importing Assets/PalmTreePack/Models/Palm_Style_Old/Palm2/Materials/Palm_Center.mat using Guid(f0f0b16071924834ead95eb8a757a9d9) Importer(2089858483,0ecaa5967403d082aa24f35e1b516d23) [PhysX] Initialized MultithreadedTaskDispatcher with 16 workers.
 -> (artifact id: 'f8781c2e858fcd5b634dfd3f8dbddf6c') in 0.026889 seconds
Number of updated asset objects reloaded before import = 0
Number of asset objects unloaded after import = 2
========================================================================
Received Import Request.
  Time since last request: 0.000041 seconds.
  path: Assets/PalmTreePack
  artifactKey: Guid(e8440f2eaa187cb4d91e0968c3e87c52) Importer(2089858483,0ecaa5967403d082aa24f35e1b516d23)
Start importing Assets/PalmTreePack using Guid(e8440f2eaa187cb4d91e0968c3e87c52) Importer(2089858483,0ecaa5967403d082aa24f35e1b516d23) [PhysX] Initialized MultithreadedTaskDispatcher with 16 workers.
 -> (artifact id: 'bb9b9da78fe820d9dec1052f1c129e51') in 0.018222 seconds
Number of updated asset objects reloaded before import = 0
Number of asset objects unloaded after import = 1
========================================================================
Received Import Request.
  Time since last request: 0.000040 seconds.
  path: Assets/PalmTreePack/Prefabs/Old/Palm_2_2.prefab
  artifactKey: Guid(d6dc7a3be7266144799475e1fc3cdc89) Importer(2089858483,0ecaa5967403d082aa24f35e1b516d23)
Start importing Assets/PalmTreePack/Prefabs/Old/Palm_2_2.prefab using Guid(d6dc7a3be7266144799475e1fc3cdc89) Importer(2089858483,0ecaa5967403d082aa24f35e1b516d23) [PhysX] Initialized MultithreadedTaskDispatcher with 16 workers.
 -> (artifact id: 'df09ba75324640422eac11b646886964') in 0.032142 seconds
Number of updated asset objects reloaded before import = 0
Number of asset objects unloaded after import = 7
========================================================================
Received Import Request.
  Time since last request: 0.000048 seconds.
  path: Assets/ProceduralTerrainPainter/Shaders
  artifactKey: Guid(6bdb402b847f69a4b999c5c4b810107f) Importer(2089858483,0ecaa5967403d082aa24f35e1b516d23)
Start importing Assets/ProceduralTerrainPainter/Shaders using Guid(6bdb402b847f69a4b999c5c4b810107f) Importer(2089858483,0ecaa5967403d082aa24f35e1b516d23) [PhysX] Initialized MultithreadedTaskDispatcher with 16 workers.
 -> (artifact id: '0547e540a1d6ee11b443292d8deb481c') in 0.023048 seconds
Number of updated asset objects reloaded before import = 0
Number of asset objects unloaded after import = 1
========================================================================
Received Import Request.
  Time since last request: 0.000061 seconds.
  path: Assets/ProceduralTerrainPainter/Runtime
  artifactKey: Guid(e4302148c55f089458b8e4ebd66c60e3) Importer(2089858483,0ecaa5967403d082aa24f35e1b516d23)
Start importing Assets/ProceduralTerrainPainter/Runtime using Guid(e4302148c55f089458b8e4ebd66c60e3) Importer(2089858483,0ecaa5967403d082aa24f35e1b516d23) [PhysX] Initialized MultithreadedTaskDispatcher with 16 workers.
 -> (artifact id: 'e1db0eeca154d3e75d46831496f302dd') in 0.016929 seconds
Number of updated asset objects reloaded before import = 0
Number of asset objects unloaded after import = 1
========================================================================
Received Import Request.
  Time since last request: 0.000035 seconds.
  path: Assets/PalmTreePack/Scene/Sample_Palm_Pack/New Lighting Settings.lighting
  artifactKey: Guid(8f9e44c71ed09d4429aeb7fc062bfea8) Importer(2089858483,0ecaa5967403d082aa24f35e1b516d23)
Start importing Assets/PalmTreePack/Scene/Sample_Palm_Pack/New Lighting Settings.lighting using Guid(8f9e44c71ed09d4429aeb7fc062bfea8) Importer(2089858483,0ecaa5967403d082aa24f35e1b516d23) [PhysX] Initialized MultithreadedTaskDispatcher with 16 workers.
LightingSettings: switching bake backend from 1 to 2.
 -> (artifact id: 'a6d1c18a4253da4c4051d39b71a0e75b') in 0.041521 seconds
Number of updated asset objects reloaded before import = 0
Number of asset objects unloaded after import = 1
========================================================================
Received Import Request.
  Time since last request: 0.000053 seconds.
  path: Assets/ProceduralTerrainPainter/_Demo/Layers
  artifactKey: Guid(db9b48b0428a5fb4d850e4e23e4ea762) Importer(2089858483,0ecaa5967403d082aa24f35e1b516d23)
Start importing Assets/ProceduralTerrainPainter/_Demo/Layers using Guid(db9b48b0428a5fb4d850e4e23e4ea762) Importer(2089858483,0ecaa5967403d082aa24f35e1b516d23) [PhysX] Initialized MultithreadedTaskDispatcher with 16 workers.
 -> (artifact id: 'cece462c1fb3aedc6f9a0c07015c6136') in 0.019274 seconds
Number of updated asset objects reloaded before import = 0
Number of asset objects unloaded after import = 1
========================================================================
Received Import Request.
  Time since last request: 0.000048 seconds.
  path: Assets/PalmTreePack/Textures/Palm
  artifactKey: Guid(8e4b09b2e89dd50449d192ed4e613fe1) Importer(2089858483,0ecaa5967403d082aa24f35e1b516d23)
Start importing Assets/PalmTreePack/Textures/Palm using Guid(8e4b09b2e89dd50449d192ed4e613fe1) Importer(2089858483,0ecaa5967403d082aa24f35e1b516d23) [PhysX] Initialized MultithreadedTaskDispatcher with 16 workers.
 -> (artifact id: '21778be2e6e941dc0deb234e2ffbe4ee') in 0.018736 seconds
Number of updated asset objects reloaded before import = 0
Number of asset objects unloaded after import = 1
========================================================================
Received Import Request.
  Time since last request: 0.000033 seconds.
  path: Assets/Yoge/Textures
  artifactKey: Guid(b103182da9e32e04aa356300144159bd) Importer(2089858483,0ecaa5967403d082aa24f35e1b516d23)
Start importing Assets/Yoge/Textures using Guid(b103182da9e32e04aa356300144159bd) Importer(2089858483,0ecaa5967403d082aa24f35e1b516d23) [PhysX] Initialized MultithreadedTaskDispatcher with 16 workers.
 -> (artifact id: '509ad9572c4da68ac68a7ca66b96fea1') in 0.019266 seconds
Number of updated asset objects reloaded before import = 0
Number of asset objects unloaded after import = 1
========================================================================
Received Import Request.
  Time since last request: 0.000036 seconds.
  path: Assets/TerrainDemoScene_HDRP/Terrain/Textures/Cliff_Mossy_E/Cliff_Mossy_E_BaseColor.tif.REMOVED.git-id
  artifactKey: Guid(772be7e2def66114db0e01a74b1c140d) Importer(2089858483,0ecaa5967403d082aa24f35e1b516d23)
Start importing Assets/TerrainDemoScene_HDRP/Terrain/Textures/Cliff_Mossy_E/Cliff_Mossy_E_BaseColor.tif.REMOVED.git-id using Guid(772be7e2def66114db0e01a74b1c140d) Importer(2089858483,0ecaa5967403d082aa24f35e1b516d23) [PhysX] Initialized MultithreadedTaskDispatcher with 16 workers.
 -> (artifact id: '1938747db1b8860f63f5ceb63db17d14') in 0.020115 seconds
Number of updated asset objects reloaded before import = 0
Number of asset objects unloaded after import = 1
========================================================================
Received Import Request.
  Time since last request: 0.000038 seconds.
  path: Assets/Toby Fredson/The Toby Foliage Engine/(TTFE)_Demo/Meshes/Meshes Helpers/Human Scale v2.fbx
  artifactKey: Guid(d40ecb5a5ea5dd34eb6413feabaf65dc) Importer(2089858483,0ecaa5967403d082aa24f35e1b516d23)
Start importing Assets/Toby Fredson/The Toby Foliage Engine/(TTFE)_Demo/Meshes/Meshes Helpers/Human Scale v2.fbx using Guid(d40ecb5a5ea5dd34eb6413feabaf65dc) Importer(2089858483,0ecaa5967403d082aa24f35e1b516d23) [PhysX] Initialized MultithreadedTaskDispatcher with 16 workers.
 -> (artifact id: '65b71743a47875f09dd077fa92bcceb8') in 0.032243 seconds
Number of updated asset objects reloaded before import = 0
Number of asset objects unloaded after import = 7
========================================================================
Received Import Request.
  Time since last request: 0.000044 seconds.
  path: Assets/MasterMixer.mixer
  artifactKey: Guid(6d915f3b1a8bc3d4ea16dca7a9836c9f) Importer(2089858483,0ecaa5967403d082aa24f35e1b516d23)
Start importing Assets/MasterMixer.mixer using Guid(6d915f3b1a8bc3d4ea16dca7a9836c9f) Importer(2089858483,0ecaa5967403d082aa24f35e1b516d23) [PhysX] Initialized MultithreadedTaskDispatcher with 16 workers.
Refreshing native plugins compatible for Editor in 30.35 ms, found 12 plugins.
Preloading 0 native plugins for Editor in 0.00 ms.
 -> (artifact id: '0d84031b2534ae8b37a18ff08fe36278') in 0.066830 seconds
Number of updated asset objects reloaded before import = 0
Number of asset objects unloaded after import = 9
========================================================================
Received Import Request.
  Time since last request: 0.000037 seconds.
  path: Assets/Toby Fredson/The Toby Foliage Engine/(TTFE)_Demo/Prefabs/Prefabs_Vegetation/Vegetation_Plants/VP_GrassSingle/Grass_Single_B.prefab
  artifactKey: Guid(e9e8c9bd476c46c419c7f99408c0faa8) Importer(2089858483,0ecaa5967403d082aa24f35e1b516d23)
Start importing Assets/Toby Fredson/The Toby Foliage Engine/(TTFE)_Demo/Prefabs/Prefabs_Vegetation/Vegetation_Plants/VP_GrassSingle/Grass_Single_B.prefab using Guid(e9e8c9bd476c46c419c7f99408c0faa8) Importer(2089858483,0ecaa5967403d082aa24f35e1b516d23) [PhysX] Initialized MultithreadedTaskDispatcher with 16 workers.
 -> (artifact id: '8af4ebb327655a7d36a6f646b0a7fae3') in 0.025867 seconds
Number of updated asset objects reloaded before import = 0
Number of asset objects unloaded after import = 24
========================================================================
Received Import Request.
  Time since last request: 0.000034 seconds.
  path: Assets/Rowlan/Terrain/Stamps
  artifactKey: Guid(40a6267ef3fb7e348941fc1906228007) Importer(2089858483,0ecaa5967403d082aa24f35e1b516d23)
Start importing Assets/Rowlan/Terrain/Stamps using Guid(40a6267ef3fb7e348941fc1906228007) Importer(2089858483,0ecaa5967403d082aa24f35e1b516d23) [PhysX] Initialized MultithreadedTaskDispatcher with 16 workers.
 -> (artifact id: '09d4f79a905fdf65dc1f741d50a209d4') in 0.020203 seconds
Number of updated asset objects reloaded before import = 0
Number of asset objects unloaded after import = 1
========================================================================
Received Import Request.
  Time since last request: 0.000047 seconds.
  path: Assets/Rowlan/Terrain
  artifactKey: Guid(73ca50a7e70e23941b054dfb0d0be8b5) Importer(2089858483,0ecaa5967403d082aa24f35e1b516d23)
Start importing Assets/Rowlan/Terrain using Guid(73ca50a7e70e23941b054dfb0d0be8b5) Importer(2089858483,0ecaa5967403d082aa24f35e1b516d23) [PhysX] Initialized MultithreadedTaskDispatcher with 16 workers.
 -> (artifact id: '1b07905a57c4da122de6b03e0401b4c1') in 0.019631 seconds
Number of updated asset objects reloaded before import = 0
Number of asset objects unloaded after import = 1
========================================================================
Received Import Request.
  Time since last request: 0.000033 seconds.
  path: Assets/Toby Fredson/The Toby Foliage Engine/(TTFE)_Demo/Meshes/Meshes_Vegetation/MV_Ground Plants/FlowersWTTFE-F.fbx
  artifactKey: Guid(0c475d80468fd3d49807c6af744e9054) Importer(2089858483,0ecaa5967403d082aa24f35e1b516d23)
Start importing Assets/Toby Fredson/The Toby Foliage Engine/(TTFE)_Demo/Meshes/Meshes_Vegetation/MV_Ground Plants/FlowersWTTFE-F.fbx using Guid(0c475d80468fd3d49807c6af744e9054) Importer(2089858483,0ecaa5967403d082aa24f35e1b516d23) [PhysX] Initialized MultithreadedTaskDispatcher with 16 workers.
 -> (artifact id: '5254e1a98aa52de526bd43f82247552c') in 0.047037 seconds
Number of updated asset objects reloaded before import = 0
Number of asset objects unloaded after import = 20
========================================================================
Received Import Request.
  Time since last request: 0.000042 seconds.
  path: Assets/Toby Fredson/The Toby Foliage Engine/(TTFE)_Demo/Materials/Materials_Skybox/SkyMapRHEWP_Showcase.mat
  artifactKey: Guid(6ad6ffb65cf819a4b985cdcb8355a48a) Importer(2089858483,0ecaa5967403d082aa24f35e1b516d23)
Start importing Assets/Toby Fredson/The Toby Foliage Engine/(TTFE)_Demo/Materials/Materials_Skybox/SkyMapRHEWP_Showcase.mat using Guid(6ad6ffb65cf819a4b985cdcb8355a48a) Importer(2089858483,0ecaa5967403d082aa24f35e1b516d23) [PhysX] Initialized MultithreadedTaskDispatcher with 16 workers.
 -> (artifact id: '887863905c6e0c1df1d278d2b1dac78a') in 0.024552 seconds
Number of updated asset objects reloaded before import = 0
Number of asset objects unloaded after import = 1
========================================================================
Received Import Request.
  Time since last request: 0.000034 seconds.
  path: Assets/Toby Fredson/The Toby Foliage Engine/(TTFE)_Demo/Materials/Materials_Billboards/ShrubPlantsBillboard.mat
  artifactKey: Guid(f653c524df974c948bee8edb7e1af99b) Importer(2089858483,0ecaa5967403d082aa24f35e1b516d23)
Start importing Assets/Toby Fredson/The Toby Foliage Engine/(TTFE)_Demo/Materials/Materials_Billboards/ShrubPlantsBillboard.mat using Guid(f653c524df974c948bee8edb7e1af99b) Importer(2089858483,0ecaa5967403d082aa24f35e1b516d23) [PhysX] Initialized MultithreadedTaskDispatcher with 16 workers.
 -> (artifact id: '838d48aa9f2c7e427fb4a0db28edfd3f') in 0.338502 seconds
Number of updated asset objects reloaded before import = 0
Number of asset objects unloaded after import = 6
========================================================================
Received Import Request.
  Time since last request: 0.000150 seconds.
  path: Assets/Toby Fredson/The Toby Foliage Engine/(TTFE)_Demo/Prefabs/Prefabs_Vegetation - (SL)/Vegetation_Plants - (SL)/VP_GrassSingle Fall/Grass_Single_E_Fall.prefab
  artifactKey: Guid(49543d828361a7b48b6187c25e3790c0) Importer(2089858483,0ecaa5967403d082aa24f35e1b516d23)
Start importing Assets/Toby Fredson/The Toby Foliage Engine/(TTFE)_Demo/Prefabs/Prefabs_Vegetation - (SL)/Vegetation_Plants - (SL)/VP_GrassSingle Fall/Grass_Single_E_Fall.prefab using Guid(49543d828361a7b48b6187c25e3790c0) Importer(2089858483,0ecaa5967403d082aa24f35e1b516d23) [PhysX] Initialized MultithreadedTaskDispatcher with 16 workers.
 -> (artifact id: 'c7bb3ceafb3c32115c68ce5041ee14b1') in 0.026058 seconds
Number of updated asset objects reloaded before import = 0
Number of asset objects unloaded after import = 24
========================================================================
Received Import Request.
  Time since last request: 0.000040 seconds.
  path: Assets/Toby Fredson/The Toby Foliage Engine/(TTFE)_Core/Shaders/Default/(TTFE) Terrain/(TTFE) Terrain Snow.shader
  artifactKey: Guid(0f55ffeb4fde7b2419f649d730c22898) Importer(2089858483,0ecaa5967403d082aa24f35e1b516d23)
Start importing Assets/Toby Fredson/The Toby Foliage Engine/(TTFE)_Core/Shaders/Default/(TTFE) Terrain/(TTFE) Terrain Snow.shader using Guid(0f55ffeb4fde7b2419f649d730c22898) Importer(2089858483,0ecaa5967403d082aa24f35e1b516d23) [PhysX] Initialized MultithreadedTaskDispatcher with 16 workers.
Shader 'Toby Fredson/The Toby Foliage Engine/(TTFE) Terrain Snow': dependency 'BaseMapShader' shader 'Toby Fredson/The Toby Foliage Engine/(TTFE) Terrain Snow BasePass' not found
Shader 'Toby Fredson/The Toby Foliage Engine/(TTFE) Terrain Snow': dependency 'AddPassShader' shader 'Toby Fredson/The Toby Foliage Engine/(TTFE) Terrain Snow AddPass' not found
Shader 'Toby Fredson/The Toby Foliage Engine/(TTFE) Terrain Snow': dependency 'BaseMapShader' shader 'Toby Fredson/The Toby Foliage Engine/(TTFE) Terrain Snow BasePass' not found
Shader 'Toby Fredson/The Toby Foliage Engine/(TTFE) Terrain Snow': dependency 'AddPassShader' shader 'Toby Fredson/The Toby Foliage Engine/(TTFE) Terrain Snow AddPass' not found
 -> (artifact id: 'ee23794b0d05a5386d84e05f62f4214d') in 0.053421 seconds
Number of updated asset objects reloaded before import = 0
Number of asset objects unloaded after import = 1
========================================================================
Received Import Request.
  Time since last request: 0.000045 seconds.
  path: Assets/Toby Fredson/The Toby Foliage Engine/(TTFE)_Demo/Meshes/Meshes_Vegetation/MV_Static/RocksTTFEL_G.fbx
  artifactKey: Guid(fea468d160202364cb0dcc60d14fb6ca) Importer(2089858483,0ecaa5967403d082aa24f35e1b516d23)
Start importing Assets/Toby Fredson/The Toby Foliage Engine/(TTFE)_Demo/Meshes/Meshes_Vegetation/MV_Static/RocksTTFEL_G.fbx using Guid(fea468d160202364cb0dcc60d14fb6ca) Importer(2089858483,0ecaa5967403d082aa24f35e1b516d23) [PhysX] Initialized MultithreadedTaskDispatcher with 16 workers.
 -> (artifact id: '82f8bd43c985307819e55b6b26299f01') in 0.037430 seconds
Number of updated asset objects reloaded before import = 0
Number of asset objects unloaded after import = 7
========================================================================
Received Import Request.
  Time since last request: 0.000049 seconds.
  path: Assets/Toby Fredson/The Toby Foliage Engine/(TTFE)_Demo/Materials/Materials_Vegetation/MV_Tress/Shrub_Bark_Bush.mat
  artifactKey: Guid(efc2c165e91d26e40ae320bac6b5441f) Importer(2089858483,0ecaa5967403d082aa24f35e1b516d23)
Start importing Assets/Toby Fredson/The Toby Foliage Engine/(TTFE)_Demo/Materials/Materials_Vegetation/MV_Tress/Shrub_Bark_Bush.mat using Guid(efc2c165e91d26e40ae320bac6b5441f) Importer(2089858483,0ecaa5967403d082aa24f35e1b516d23) [PhysX] Initialized MultithreadedTaskDispatcher with 16 workers.
 -> (artifact id: '8ffffea903290c8a8472655f56991280') in 0.106180 seconds
Number of updated asset objects reloaded before import = 0
Number of asset objects unloaded after import = 5
========================================================================
Received Import Request.
  Time since last request: 0.000056 seconds.
  path: Assets/Toby Fredson/The Toby Foliage Engine/(TTFE)_Demo/Materials/Materials_Static/CliffRockTTFEL_B.mat
  artifactKey: Guid(dccbedd85c022fb4fbf5a6f78a83af25) Importer(2089858483,0ecaa5967403d082aa24f35e1b516d23)
Start importing Assets/Toby Fredson/The Toby Foliage Engine/(TTFE)_Demo/Materials/Materials_Static/CliffRockTTFEL_B.mat using Guid(dccbedd85c022fb4fbf5a6f78a83af25) Importer(2089858483,0ecaa5967403d082aa24f35e1b516d23) [PhysX] Initialized MultithreadedTaskDispatcher with 16 workers.
 -> (artifact id: 'c4dc1e98035484f48627fa1919678371') in 0.099034 seconds
Number of updated asset objects reloaded before import = 0
Number of asset objects unloaded after import = 4
========================================================================
Received Import Request.
  Time since last request: 0.000039 seconds.
  path: Assets/Toby Fredson/The Toby Foliage Engine/(TTFE)_Demo/Materials/Materials_Vegetation/MV_Tress/Shrub_Leaves_Bush.mat
  artifactKey: Guid(d415fccedae7af845926471d4ffd519a) Importer(2089858483,0ecaa5967403d082aa24f35e1b516d23)
Start importing Assets/Toby Fredson/The Toby Foliage Engine/(TTFE)_Demo/Materials/Materials_Vegetation/MV_Tress/Shrub_Leaves_Bush.mat using Guid(d415fccedae7af845926471d4ffd519a) Importer(2089858483,0ecaa5967403d082aa24f35e1b516d23) [PhysX] Initialized MultithreadedTaskDispatcher with 16 workers.
 -> (artifact id: '371dac5b8cb9fc2ef72fb8976d922597') in 0.167602 seconds
Number of updated asset objects reloaded before import = 0
Number of asset objects unloaded after import = 8
========================================================================
Received Import Request.
  Time since last request: 0.000051 seconds.
  path: Assets/Toby Fredson/The Toby Foliage Engine/(TTFE)_Core/Shaders/Default/(TTFE) Tree Bark.shader
  artifactKey: Guid(afdb1e1f380186d438f4f923b2100101) Importer(2089858483,0ecaa5967403d082aa24f35e1b516d23)
Start importing Assets/Toby Fredson/The Toby Foliage Engine/(TTFE)_Core/Shaders/Default/(TTFE) Tree Bark.shader using Guid(afdb1e1f380186d438f4f923b2100101) Importer(2089858483,0ecaa5967403d082aa24f35e1b516d23) [PhysX] Initialized MultithreadedTaskDispatcher with 16 workers.
 -> (artifact id: 'd8eb3553a1f9da65a7bb4fa126772861') in 0.023061 seconds
Number of updated asset objects reloaded before import = 0
Number of asset objects unloaded after import = 1
========================================================================
Received Import Request.
  Time since last request: 0.000053 seconds.
  path: Assets/Toby Fredson/The Toby Foliage Engine/(TTFE)_Demo/Prefabs/Prefabs_Vegetation/Vegetation_Plants/VP_Grass/GrassShort_A.prefab
  artifactKey: Guid(c4c39c18ccae52e4faebc946a7928d71) Importer(2089858483,0ecaa5967403d082aa24f35e1b516d23)
Start importing Assets/Toby Fredson/The Toby Foliage Engine/(TTFE)_Demo/Prefabs/Prefabs_Vegetation/Vegetation_Plants/VP_Grass/GrassShort_A.prefab using Guid(c4c39c18ccae52e4faebc946a7928d71) Importer(2089858483,0ecaa5967403d082aa24f35e1b516d23) [PhysX] Initialized MultithreadedTaskDispatcher with 16 workers.
 -> (artifact id: '194bc63b51570e93946acbb22538b346') in 0.024182 seconds
Number of updated asset objects reloaded before import = 0
Number of asset objects unloaded after import = 19
========================================================================
Received Import Request.
  Time since last request: 0.000051 seconds.
  path: Assets/Toby Fredson/The Toby Foliage Engine/(TTFE)_Demo/Textures/Textures_Vegetation/GrassGCATA_MAG.png
  artifactKey: Guid(26843daa5ced61f4c86c0cd91d0ff900) Importer(2089858483,0ecaa5967403d082aa24f35e1b516d23)
Start importing Assets/Toby Fredson/The Toby Foliage Engine/(TTFE)_Demo/Textures/Textures_Vegetation/GrassGCATA_MAG.png using Guid(26843daa5ced61f4c86c0cd91d0ff900) Importer(2089858483,0ecaa5967403d082aa24f35e1b516d23) [PhysX] Initialized MultithreadedTaskDispatcher with 16 workers.
 -> (artifact id: 'c7697f9e1f11f3cba87addaa45587e37') in 0.047177 seconds
Number of updated asset objects reloaded before import = 0
Number of asset objects unloaded after import = 1
========================================================================
Received Import Request.
  Time since last request: 0.000034 seconds.
  path: Assets/Toby Fredson/The Toby Foliage Engine/(TTFE)_Demo/Prefabs/Prefabs_Vegetation - (SL)/Vegetation_Plants - (SL)/VP_Grass Fall/GrassMedium_D_Fall.prefab
  artifactKey: Guid(295ecb09bf5d4374fad17732fc477ee1) Importer(2089858483,0ecaa5967403d082aa24f35e1b516d23)
Start importing Assets/Toby Fredson/The Toby Foliage Engine/(TTFE)_Demo/Prefabs/Prefabs_Vegetation - (SL)/Vegetation_Plants - (SL)/VP_Grass Fall/GrassMedium_D_Fall.prefab using Guid(295ecb09bf5d4374fad17732fc477ee1) Importer(2089858483,0ecaa5967403d082aa24f35e1b516d23) [PhysX] Initialized MultithreadedTaskDispatcher with 16 workers.
 -> (artifact id: '3d221c52f6bd98ab27f872345637a88f') in 0.022723 seconds
Number of updated asset objects reloaded before import = 0
Number of asset objects unloaded after import = 40
========================================================================
Received Import Request.
  Time since last request: 0.000043 seconds.
  path: Assets/Toby Fredson/The Toby Foliage Engine/(TTFE)_Core/Shaders/Default
  artifactKey: Guid(01c165d5b5e44fb4b94d2a2824bf600c) Importer(2089858483,0ecaa5967403d082aa24f35e1b516d23)
Start importing Assets/Toby Fredson/The Toby Foliage Engine/(TTFE)_Core/Shaders/Default using Guid(01c165d5b5e44fb4b94d2a2824bf600c) Importer(2089858483,0ecaa5967403d082aa24f35e1b516d23) [PhysX] Initialized MultithreadedTaskDispatcher with 16 workers.
 -> (artifact id: '8932440d73c459723a892d74394e9f20') in 0.017909 seconds
Number of updated asset objects reloaded before import = 0
Number of asset objects unloaded after import = 1
========================================================================
Received Import Request.
  Time since last request: 0.000051 seconds.
  path: Assets/Toby Fredson/The Toby Foliage Engine/(TTFE)_Demo/Materials/Materials_Vegetation/MV_Plants/Grass_Main_Fall.mat
  artifactKey: Guid(f52f6ad9b6aa20b48948d0c8cf45d782) Importer(2089858483,0ecaa5967403d082aa24f35e1b516d23)
Start importing Assets/Toby Fredson/The Toby Foliage Engine/(TTFE)_Demo/Materials/Materials_Vegetation/MV_Plants/Grass_Main_Fall.mat using Guid(f52f6ad9b6aa20b48948d0c8cf45d782) Importer(2089858483,0ecaa5967403d082aa24f35e1b516d23) [PhysX] Initialized MultithreadedTaskDispatcher with 16 workers.
 -> (artifact id: '22034cbc28d6dd20c19d863e58cc2a94') in 0.138205 seconds
Number of updated asset objects reloaded before import = 0
Number of asset objects unloaded after import = 7
========================================================================
Received Import Request.
  Time since last request: 0.000038 seconds.
  path: Assets/Toby Fredson/The Toby Foliage Engine/(TTFE)_Demo/Textures/Textures_Billboards
  artifactKey: Guid(6a655045389ed8b448de5e9ceff450c5) Importer(2089858483,0ecaa5967403d082aa24f35e1b516d23)
Start importing Assets/Toby Fredson/The Toby Foliage Engine/(TTFE)_Demo/Textures/Textures_Billboards using Guid(6a655045389ed8b448de5e9ceff450c5) Importer(2089858483,0ecaa5967403d082aa24f35e1b516d23) [PhysX] Initialized MultithreadedTaskDispatcher with 16 workers.
 -> (artifact id: '7fb161097db378b9ac4347049d9e3252') in 0.021078 seconds
Number of updated asset objects reloaded before import = 0
Number of asset objects unloaded after import = 1
========================================================================
Received Import Request.
  Time since last request: 0.000036 seconds.
  path: Assets/Toby Fredson/The Toby Foliage Engine/(TTFE)_Demo/Prefabs/Prefabs_Vegetation/Vegetation_Plants/VP_Flowers/FlowersWTTFE-E.prefab
  artifactKey: Guid(c429c64a8bd92474bbef70eb646a9739) Importer(2089858483,0ecaa5967403d082aa24f35e1b516d23)
Start importing Assets/Toby Fredson/The Toby Foliage Engine/(TTFE)_Demo/Prefabs/Prefabs_Vegetation/Vegetation_Plants/VP_Flowers/FlowersWTTFE-E.prefab using Guid(c429c64a8bd92474bbef70eb646a9739) Importer(2089858483,0ecaa5967403d082aa24f35e1b516d23) [PhysX] Initialized MultithreadedTaskDispatcher with 16 workers.
 -> (artifact id: '08745ee31d39f79cf44c79d2edf2bf90') in 0.023143 seconds
Number of updated asset objects reloaded before import = 0
Number of asset objects unloaded after import = 20
========================================================================
Received Import Request.
  Time since last request: 0.000054 seconds.
  path: Assets/Toby Fredson/The Toby Foliage Engine/(TTFE)_Demo/Prefabs/Prefabs_Vegetation - (SL)/Vegetation_Plants - (SL)/VP_Grass Fall/GrassBig_A_Fall.prefab
  artifactKey: Guid(06f7e0eabd016f44ca6271e20edf3ce6) Importer(2089858483,0ecaa5967403d082aa24f35e1b516d23)
Start importing Assets/Toby Fredson/The Toby Foliage Engine/(TTFE)_Demo/Prefabs/Prefabs_Vegetation - (SL)/Vegetation_Plants - (SL)/VP_Grass Fall/GrassBig_A_Fall.prefab using Guid(06f7e0eabd016f44ca6271e20edf3ce6) Importer(2089858483,0ecaa5967403d082aa24f35e1b516d23) [PhysX] Initialized MultithreadedTaskDispatcher with 16 workers.
 -> (artifact id: '127ac227330789ecd3f3dbd14d7e09b4') in 0.025103 seconds
Number of updated asset objects reloaded before import = 0
Number of asset objects unloaded after import = 25
========================================================================
Received Import Request.
  Time since last request: 0.000038 seconds.
  path: Assets/Toby Fredson/The Toby Foliage Engine
  artifactKey: Guid(a4b20352d1bc61142b8b1d1a4edf0a3e) Importer(2089858483,0ecaa5967403d082aa24f35e1b516d23)
Start importing Assets/Toby Fredson/The Toby Foliage Engine using Guid(a4b20352d1bc61142b8b1d1a4edf0a3e) Importer(2089858483,0ecaa5967403d082aa24f35e1b516d23) [PhysX] Initialized MultithreadedTaskDispatcher with 16 workers.
 -> (artifact id: 'd049cbc54d468fa062adafbe8ff53e20') in 0.022762 seconds
Number of updated asset objects reloaded before import = 0
Number of asset objects unloaded after import = 1
========================================================================
Received Import Request.
  Time since last request: 0.000036 seconds.
  path: Assets/Toby Fredson/The Toby Foliage Engine/(TTFE)_Demo/Prefabs/Prefabs_Vegetation/Vegetation_Plants/VP_Grass/GrassShort_D.prefab
  artifactKey: Guid(f29fb27e952ff73479c9ed61777d1e57) Importer(2089858483,0ecaa5967403d082aa24f35e1b516d23)
Start importing Assets/Toby Fredson/The Toby Foliage Engine/(TTFE)_Demo/Prefabs/Prefabs_Vegetation/Vegetation_Plants/VP_Grass/GrassShort_D.prefab using Guid(f29fb27e952ff73479c9ed61777d1e57) Importer(2089858483,0ecaa5967403d082aa24f35e1b516d23) [PhysX] Initialized MultithreadedTaskDispatcher with 16 workers.
 -> (artifact id: 'd181a8f0f523031771f3ace52d6d22cf') in 0.023315 seconds
Number of updated asset objects reloaded before import = 0
Number of asset objects unloaded after import = 19
========================================================================
Received Import Request.
  Time since last request: 0.000051 seconds.
  path: Assets/Toby Fredson/The Toby Foliage Engine/(TTFE)_Demo/Materials/Materials_Vegetation/MV_Plants/Grass Thick_Fall.mat
  artifactKey: Guid(fcd3a0a792eace54e9a5deeb21c3400f) Importer(2089858483,0ecaa5967403d082aa24f35e1b516d23)
Start importing Assets/Toby Fredson/The Toby Foliage Engine/(TTFE)_Demo/Materials/Materials_Vegetation/MV_Plants/Grass Thick_Fall.mat using Guid(fcd3a0a792eace54e9a5deeb21c3400f) Importer(2089858483,0ecaa5967403d082aa24f35e1b516d23) [PhysX] Initialized MultithreadedTaskDispatcher with 16 workers.
 -> (artifact id: '08b626dbc9330e2615248f61cc57ba91') in 0.637187 seconds
Number of updated asset objects reloaded before import = 0
Number of asset objects unloaded after import = 7
========================================================================
Received Import Request.
  Time since last request: 0.000069 seconds.
  path: Assets/Toby Fredson/The Toby Foliage Engine/(TTFE)_Demo/Prefabs/Prefabs_Helpers/MaterialCube.prefab
  artifactKey: Guid(11938fd1c3f38eb45aac86da9a4e9729) Importer(2089858483,0ecaa5967403d082aa24f35e1b516d23)
Start importing Assets/Toby Fredson/The Toby Foliage Engine/(TTFE)_Demo/Prefabs/Prefabs_Helpers/MaterialCube.prefab using Guid(11938fd1c3f38eb45aac86da9a4e9729) Importer(2089858483,0ecaa5967403d082aa24f35e1b516d23) [PhysX] Initialized MultithreadedTaskDispatcher with 16 workers.
 -> (artifact id: '3760d12643357865064801dab66e13ec') in 0.023951 seconds
Number of updated asset objects reloaded before import = 0
Number of asset objects unloaded after import = 8
========================================================================
Received Import Request.
  Time since last request: 0.000041 seconds.
  path: Assets/Toby Fredson/The Toby Foliage Engine/(TTFE)_Demo/Terrains/Trerrain Layers/TTFE-LTE_Layers/TSLightTerrain Layer_3.terrainlayer
  artifactKey: Guid(052f8cb5e97e59c4d854d644c2b192f5) Importer(2089858483,0ecaa5967403d082aa24f35e1b516d23)
Start importing Assets/Toby Fredson/The Toby Foliage Engine/(TTFE)_Demo/Terrains/Trerrain Layers/TTFE-LTE_Layers/TSLightTerrain Layer_3.terrainlayer using Guid(052f8cb5e97e59c4d854d644c2b192f5) Importer(2089858483,0ecaa5967403d082aa24f35e1b516d23) [PhysX] Initialized MultithreadedTaskDispatcher with 16 workers.
 -> (artifact id: '001946450002f9c37299f76781aa396c') in 0.035490 seconds
Number of updated asset objects reloaded before import = 0
Number of asset objects unloaded after import = 4
========================================================================
Received Import Request.
  Time since last request: 0.000045 seconds.
  path: Assets/Toby Fredson/The Toby Foliage Engine/(TTFE)_Core/Resources/(TTFE) GLOBAL CONTROLLER/TTFE_Wind Gizmo/TTFE_Utility Resources
  artifactKey: Guid(084027efbce0dcd48ac6fd5d46f7a0f6) Importer(2089858483,0ecaa5967403d082aa24f35e1b516d23)
Start importing Assets/Toby Fredson/The Toby Foliage Engine/(TTFE)_Core/Resources/(TTFE) GLOBAL CONTROLLER/TTFE_Wind Gizmo/TTFE_Utility Resources using Guid(084027efbce0dcd48ac6fd5d46f7a0f6) Importer(2089858483,0ecaa5967403d082aa24f35e1b516d23) [PhysX] Initialized MultithreadedTaskDispatcher with 16 workers.
 -> (artifact id: '8c4bf05dd546b7491ac45088f9904231') in 0.019222 seconds
Number of updated asset objects reloaded before import = 0
Number of asset objects unloaded after import = 1
========================================================================
Received Import Request.
  Time since last request: 0.000056 seconds.
  path: Assets/Toby Fredson/The Toby Foliage Engine/(TTFE)_Demo/Prefabs/Prefabs_Helpers
  artifactKey: Guid(83f1155580c31b0439096f0e670b71bd) Importer(2089858483,0ecaa5967403d082aa24f35e1b516d23)
Start importing Assets/Toby Fredson/The Toby Foliage Engine/(TTFE)_Demo/Prefabs/Prefabs_Helpers using Guid(83f1155580c31b0439096f0e670b71bd) Importer(2089858483,0ecaa5967403d082aa24f35e1b516d23) [PhysX] Initialized MultithreadedTaskDispatcher with 16 workers.
 -> (artifact id: '101b06a584f2980a1254c39d404fd2fa') in 0.020693 seconds
Number of updated asset objects reloaded before import = 0
Number of asset objects unloaded after import = 1
========================================================================
Received Import Request.
  Time since last request: 0.000062 seconds.
  path: Assets/Toby Fredson/The Toby Foliage Engine/(TTFE)_Core/Pipelines/TTFEL - 2023.1.0f1+ (URP 15, 16, U6+).unitypackage
  artifactKey: Guid(982a80a347b767649ba480d5cf669da8) Importer(2089858483,0ecaa5967403d082aa24f35e1b516d23)
Start importing Assets/Toby Fredson/The Toby Foliage Engine/(TTFE)_Core/Pipelines/TTFEL - 2023.1.0f1+ (URP 15, 16, U6+).unitypackage using Guid(982a80a347b767649ba480d5cf669da8) Importer(2089858483,0ecaa5967403d082aa24f35e1b516d23) [PhysX] Initialized MultithreadedTaskDispatcher with 16 workers.
 -> (artifact id: 'c55f33bbab0370f8a4b4d4adc7e763d4') in 0.020172 seconds
Number of updated asset objects reloaded before import = 0
Number of asset objects unloaded after import = 1
========================================================================
Received Import Request.
  Time since last request: 0.000037 seconds.
  path: Assets/Toby Fredson/The Toby Foliage Engine/(TTFE)_Demo/Meshes/Meshes_Vegetation/MV_Ground Plants/GrassShort_B.fbx
  artifactKey: Guid(fd713a690eb5f664bb35ebb8597f53db) Importer(2089858483,0ecaa5967403d082aa24f35e1b516d23)
Start importing Assets/Toby Fredson/The Toby Foliage Engine/(TTFE)_Demo/Meshes/Meshes_Vegetation/MV_Ground Plants/GrassShort_B.fbx using Guid(fd713a690eb5f664bb35ebb8597f53db) Importer(2089858483,0ecaa5967403d082aa24f35e1b516d23) [PhysX] Initialized MultithreadedTaskDispatcher with 16 workers.
 -> (artifact id: '7913443a4632982be2bc06a7540d8748') in 0.046377 seconds
Number of updated asset objects reloaded before import = 0
Number of asset objects unloaded after import = 16
========================================================================
Received Import Request.
  Time since last request: 0.000046 seconds.
  path: Assets/Toby Fredson/The Toby Foliage Engine/(TTFE)_Demo/Textures/Textures_Static
  artifactKey: Guid(b41beb6a2fb4fa04ab2ad9f665a0caf2) Importer(2089858483,0ecaa5967403d082aa24f35e1b516d23)
Start importing Assets/Toby Fredson/The Toby Foliage Engine/(TTFE)_Demo/Textures/Textures_Static using Guid(b41beb6a2fb4fa04ab2ad9f665a0caf2) Importer(2089858483,0ecaa5967403d082aa24f35e1b516d23) [PhysX] Initialized MultithreadedTaskDispatcher with 16 workers.
 -> (artifact id: '17b67652737802d486fc04932b4426ae') in 0.019526 seconds
Number of updated asset objects reloaded before import = 0
Number of asset objects unloaded after import = 1
========================================================================
Received Import Request.
  Time since last request: 0.000037 seconds.
  path: Assets/Toby Fredson/The Toby Foliage Engine/(TTFE)_Demo/Prefabs/Prefabs_Vegetation/Vegetation_Trees/VTSpecies_Shrub/ShrubTree_C.prefab
  artifactKey: Guid(3c3469c7197d61c49a03afbf210b7ba4) Importer(2089858483,0ecaa5967403d082aa24f35e1b516d23)
Start importing Assets/Toby Fredson/The Toby Foliage Engine/(TTFE)_Demo/Prefabs/Prefabs_Vegetation/Vegetation_Trees/VTSpecies_Shrub/ShrubTree_C.prefab using Guid(3c3469c7197d61c49a03afbf210b7ba4) Importer(2089858483,0ecaa5967403d082aa24f35e1b516d23) [PhysX] Initialized MultithreadedTaskDispatcher with 16 workers.
 -> (artifact id: '6484ced650b1a5faf3dcf76cad386a9d') in 0.028706 seconds
Number of updated asset objects reloaded before import = 0
Number of asset objects unloaded after import = 53
========================================================================
Received Import Request.
  Time since last request: 0.000091 seconds.
  path: Assets/Toby Fredson/The Toby Foliage Engine/(TTFE)_Demo/Meshes/Meshes_Vegetation/MV_Static/CliffRockTTFEL_A.fbx
  artifactKey: Guid(895a3a340d44bd24d981be0611d940f6) Importer(2089858483,0ecaa5967403d082aa24f35e1b516d23)
Start importing Assets/Toby Fredson/The Toby Foliage Engine/(TTFE)_Demo/Meshes/Meshes_Vegetation/MV_Static/CliffRockTTFEL_A.fbx using Guid(895a3a340d44bd24d981be0611d940f6) Importer(2089858483,0ecaa5967403d082aa24f35e1b516d23) [PhysX] Initialized MultithreadedTaskDispatcher with 16 workers.
 -> (artifact id: '9e69ee835d4bb37be805b4c16b188b15') in 0.053074 seconds
Number of updated asset objects reloaded before import = 0
Number of asset objects unloaded after import = 35
========================================================================
Received Import Request.
  Time since last request: 0.000034 seconds.
  path: Assets/Toby Fredson/The Toby Foliage Engine/(TTFE)_Core/Shaders/Drawer/TTFE_Drawer_SingleLineTexture.cs
  artifactKey: Guid(2edb1b41e0ee75b4cbdf728dbbe0b751) Importer(2089858483,0ecaa5967403d082aa24f35e1b516d23)
Start importing Assets/Toby Fredson/The Toby Foliage Engine/(TTFE)_Core/Shaders/Drawer/TTFE_Drawer_SingleLineTexture.cs using Guid(2edb1b41e0ee75b4cbdf728dbbe0b751) Importer(2089858483,0ecaa5967403d082aa24f35e1b516d23) [PhysX] Initialized MultithreadedTaskDispatcher with 16 workers.
 -> (artifact id: 'c9d503cf992ebe510cbbf88b7bb20306') in 0.021650 seconds
Number of updated asset objects reloaded before import = 0
Number of asset objects unloaded after import = 1
========================================================================
Received Import Request.
  Time since last request: 0.000037 seconds.
  path: Assets/Toby Fredson/The Toby Foliage Engine/(TTFE)_Demo/Meshes/Meshes_Vegetation/MV_Ground Plants/GrassBig_B.fbx
  artifactKey: Guid(1bcf4b7ea7bc7df4cbd9ef8828ff3760) Importer(2089858483,0ecaa5967403d082aa24f35e1b516d23)
Start importing Assets/Toby Fredson/The Toby Foliage Engine/(TTFE)_Demo/Meshes/Meshes_Vegetation/MV_Ground Plants/GrassBig_B.fbx using Guid(1bcf4b7ea7bc7df4cbd9ef8828ff3760) Importer(2089858483,0ecaa5967403d082aa24f35e1b516d23) [PhysX] Initialized MultithreadedTaskDispatcher with 16 workers.
 -> (artifact id: 'eed5252f04e77172dfd8fdac1553113a') in 0.036019 seconds
Number of updated asset objects reloaded before import = 0
Number of asset objects unloaded after import = 26
========================================================================
Received Import Request.
  Time since last request: 0.000037 seconds.
  path: Assets/Toby Fredson/The Toby Foliage Engine/(TTFE)_Core/Pipelines/TTFEL - 2021.3.11f1+ (HDRP 12+).unitypackage
  artifactKey: Guid(04df6ed24a2706b41bd9752128cd6cdd) Importer(2089858483,0ecaa5967403d082aa24f35e1b516d23)
Start importing Assets/Toby Fredson/The Toby Foliage Engine/(TTFE)_Core/Pipelines/TTFEL - 2021.3.11f1+ (HDRP 12+).unitypackage using Guid(04df6ed24a2706b41bd9752128cd6cdd) Importer(2089858483,0ecaa5967403d082aa24f35e1b516d23) [PhysX] Initialized MultithreadedTaskDispatcher with 16 workers.
 -> (artifact id: 'ea66df729ee0bb2f62426d21cac33236') in 0.020561 seconds
Number of updated asset objects reloaded before import = 0
Number of asset objects unloaded after import = 1
========================================================================
Received Import Request.
  Time since last request: 0.000041 seconds.
  path: Assets/Toby Fredson/The Toby Foliage Engine/(TTFE)_Demo/Prefabs/Prefabs_Vegetation/Vegetation_Plants/VP_Grass/GrassShort_B.prefab
  artifactKey: Guid(a493628cc8c9e53408c5d25f0de93347) Importer(2089858483,0ecaa5967403d082aa24f35e1b516d23)
Start importing Assets/Toby Fredson/The Toby Foliage Engine/(TTFE)_Demo/Prefabs/Prefabs_Vegetation/Vegetation_Plants/VP_Grass/GrassShort_B.prefab using Guid(a493628cc8c9e53408c5d25f0de93347) Importer(2089858483,0ecaa5967403d082aa24f35e1b516d23) [PhysX] Initialized MultithreadedTaskDispatcher with 16 workers.
 -> (artifact id: '55b106240fcea9fad1947a211faa92fa') in 0.024814 seconds
Number of updated asset objects reloaded before import = 0
Number of asset objects unloaded after import = 19
========================================================================
Received Import Request.
  Time since last request: 0.000037 seconds.
  path: Assets/Toby Fredson/The Toby Foliage Engine/(TTFE)_Demo/Textures/Textures_Tiles Nature/GrassGCATA_Normal.png
  artifactKey: Guid(2b9b807f14b1a1740954e8305a3bcce9) Importer(2089858483,0ecaa5967403d082aa24f35e1b516d23)
Start importing Assets/Toby Fredson/The Toby Foliage Engine/(TTFE)_Demo/Textures/Textures_Tiles Nature/GrassGCATA_Normal.png using Guid(2b9b807f14b1a1740954e8305a3bcce9) Importer(2089858483,0ecaa5967403d082aa24f35e1b516d23) [PhysX] Initialized MultithreadedTaskDispatcher with 16 workers.
 -> (artifact id: 'a06c1d1011fd8fb45b138b7c9aea220a') in 0.037696 seconds
Number of updated asset objects reloaded before import = 0
Number of asset objects unloaded after import = 1
========================================================================
Received Import Request.
  Time since last request: 0.000037 seconds.
  path: Assets/Toby Fredson/The Toby Foliage Engine/(TTFE)_Demo/Prefabs/Prefabs_Vegetation - (SL)/Vegetation_Plants - (SL)/VP_Grass Fall/GrassBig_B_Fall.prefab
  artifactKey: Guid(8f479cf486fd17b4ea8ef1f80de63518) Importer(2089858483,0ecaa5967403d082aa24f35e1b516d23)
Start importing Assets/Toby Fredson/The Toby Foliage Engine/(TTFE)_Demo/Prefabs/Prefabs_Vegetation - (SL)/Vegetation_Plants - (SL)/VP_Grass Fall/GrassBig_B_Fall.prefab using Guid(8f479cf486fd17b4ea8ef1f80de63518) Importer(2089858483,0ecaa5967403d082aa24f35e1b516d23) [PhysX] Initialized MultithreadedTaskDispatcher with 16 workers.
 -> (artifact id: '8e5cabcfa1082a576c5b5d934399fb3a') in 0.022165 seconds
Number of updated asset objects reloaded before import = 0
Number of asset objects unloaded after import = 25
========================================================================
Received Import Request.
  Time since last request: 0.000036 seconds.
  path: Assets/Toby Fredson/The Toby Foliage Engine/(TTFE)_Core/Resources/(TTFE) GLOBAL CONTROLLER/Scripts/TobyShaderValuesModel.cs
  artifactKey: Guid(2dc9774368c23034ca1febc6fbdbed55) Importer(2089858483,0ecaa5967403d082aa24f35e1b516d23)
Start importing Assets/Toby Fredson/The Toby Foliage Engine/(TTFE)_Core/Resources/(TTFE) GLOBAL CONTROLLER/Scripts/TobyShaderValuesModel.cs using Guid(2dc9774368c23034ca1febc6fbdbed55) Importer(2089858483,0ecaa5967403d082aa24f35e1b516d23) [PhysX] Initialized MultithreadedTaskDispatcher with 16 workers.
 -> (artifact id: '1fe4e6af5a1ccde6df6be181b2e3a44c') in 0.021411 seconds
Number of updated asset objects reloaded before import = 0
Number of asset objects unloaded after import = 1
========================================================================
Received Import Request.
  Time since last request: 0.000050 seconds.
  path: Assets/Toby Fredson/The Toby Foliage Engine/(TTFE)_Demo/Meshes/Meshes_Vegetation/MV_Static/RocksTTFEL_D.fbx
  artifactKey: Guid(f7ade8c55fb035d41909ad714e7fffbb) Importer(2089858483,0ecaa5967403d082aa24f35e1b516d23)
Start importing Assets/Toby Fredson/The Toby Foliage Engine/(TTFE)_Demo/Meshes/Meshes_Vegetation/MV_Static/RocksTTFEL_D.fbx using Guid(f7ade8c55fb035d41909ad714e7fffbb) Importer(2089858483,0ecaa5967403d082aa24f35e1b516d23) [PhysX] Initialized MultithreadedTaskDispatcher with 16 workers.
 -> (artifact id: '81fa625e28a0fd57039d9e42349dc9be') in 0.031274 seconds
Number of updated asset objects reloaded before import = 0
Number of asset objects unloaded after import = 7
========================================================================
Received Import Request.
  Time since last request: 0.000040 seconds.
  path: Assets/Toby Fredson/The Toby Foliage Engine/(TTFE)_Demo/Materials/Materials_Billboards
  artifactKey: Guid(3be32de8bd9e60e47b9a7ea568baf04a) Importer(2089858483,0ecaa5967403d082aa24f35e1b516d23)
Start importing Assets/Toby Fredson/The Toby Foliage Engine/(TTFE)_Demo/Materials/Materials_Billboards using Guid(3be32de8bd9e60e47b9a7ea568baf04a) Importer(2089858483,0ecaa5967403d082aa24f35e1b516d23) [PhysX] Initialized MultithreadedTaskDispatcher with 16 workers.
 -> (artifact id: 'd901a081e2cb56081634866ef7cfde63') in 0.022474 seconds
Number of updated asset objects reloaded before import = 0
Number of asset objects unloaded after import = 1
========================================================================
Received Import Request.
  Time since last request: 0.000045 seconds.
  path: Assets/Toby Fredson/The Toby Foliage Engine/(TTFE)_Demo/Prefabs/Prefabs_Player/Player.prefab
  artifactKey: Guid(d592976252b32694fb4dc81ce5dfe56b) Importer(2089858483,0ecaa5967403d082aa24f35e1b516d23)
Start importing Assets/Toby Fredson/The Toby Foliage Engine/(TTFE)_Demo/Prefabs/Prefabs_Player/Player.prefab using Guid(d592976252b32694fb4dc81ce5dfe56b) Importer(2089858483,0ecaa5967403d082aa24f35e1b516d23) [PhysX] Initialized MultithreadedTaskDispatcher with 16 workers.
 -> (artifact id: '79e0b313d3b9477cce51c3ee5d1dfdbd') in 0.060359 seconds
Number of updated asset objects reloaded before import = 0
Number of asset objects unloaded after import = 99
========================================================================
Received Import Request.
  Time since last request: 0.000046 seconds.
  path: Assets/Toby Fredson/The Toby Foliage Engine/(TTFE)_Demo/Terrains/Trerrain Layers/TTFE-LightScene_Demo_Layers/TSLightDemo Layer_1.terrainlayer
  artifactKey: Guid(69c22749538c9fd4792187ef9fdfbcf9) Importer(2089858483,0ecaa5967403d082aa24f35e1b516d23)
Start importing Assets/Toby Fredson/The Toby Foliage Engine/(TTFE)_Demo/Terrains/Trerrain Layers/TTFE-LightScene_Demo_Layers/TSLightDemo Layer_1.terrainlayer using Guid(69c22749538c9fd4792187ef9fdfbcf9) Importer(2089858483,0ecaa5967403d082aa24f35e1b516d23) [PhysX] Initialized MultithreadedTaskDispatcher with 16 workers.
 -> (artifact id: 'be2b87af6240f64fe4df4197eae494a9') in 0.042206 seconds
Number of updated asset objects reloaded before import = 0
Number of asset objects unloaded after import = 4
========================================================================
Received Import Request.
  Time since last request: 0.000058 seconds.
  path: Assets/Toby Fredson/The Toby Foliage Engine/(TTFE)_Demo/Materials
  artifactKey: Guid(a44acd34e6025b144a2eeb239bf82dde) Importer(2089858483,0ecaa5967403d082aa24f35e1b516d23)
Start importing Assets/Toby Fredson/The Toby Foliage Engine/(TTFE)_Demo/Materials using Guid(a44acd34e6025b144a2eeb239bf82dde) Importer(2089858483,0ecaa5967403d082aa24f35e1b516d23) [PhysX] Initialized MultithreadedTaskDispatcher with 16 workers.
 -> (artifact id: '407a8bfb075888e135e42c7e5357ec8b') in 0.017697 seconds
Number of updated asset objects reloaded before import = 0
Number of asset objects unloaded after import = 1
========================================================================
Received Import Request.
  Time since last request: 0.000034 seconds.
  path: Assets/Toby Fredson/The Toby Foliage Engine/(TTFE)_Demo/Textures/Textures_Vegetation/ShrubBarkGCATA_Normal.png
  artifactKey: Guid(e84b0233d8256274d9064ca4b2f3e581) Importer(2089858483,0ecaa5967403d082aa24f35e1b516d23)
Start importing Assets/Toby Fredson/The Toby Foliage Engine/(TTFE)_Demo/Textures/Textures_Vegetation/ShrubBarkGCATA_Normal.png using Guid(e84b0233d8256274d9064ca4b2f3e581) Importer(2089858483,0ecaa5967403d082aa24f35e1b516d23) [PhysX] Initialized MultithreadedTaskDispatcher with 16 workers.
 -> (artifact id: 'd4c10bf98205f293f0658c083450f1a8') in 0.053998 seconds
Number of updated asset objects reloaded before import = 0
Number of asset objects unloaded after import = 1
========================================================================
Received Import Request.
  Time since last request: 0.000036 seconds.
  path: Assets/Toby Fredson/The Toby Foliage Engine/(TTFE)_Core/Pipelines/TTFEL - Unity 6.0.23f1+ (HDRP 17+).unitypackage
  artifactKey: Guid(e50e117070c3910488c3c0fb2fce62b0) Importer(2089858483,0ecaa5967403d082aa24f35e1b516d23)
Start importing Assets/Toby Fredson/The Toby Foliage Engine/(TTFE)_Core/Pipelines/TTFEL - Unity 6.0.23f1+ (HDRP 17+).unitypackage using Guid(e50e117070c3910488c3c0fb2fce62b0) Importer(2089858483,0ecaa5967403d082aa24f35e1b516d23) [PhysX] Initialized MultithreadedTaskDispatcher with 16 workers.
 -> (artifact id: '5c1934ce452310e6646b2e77ff834ba1') in 0.027307 seconds
Number of updated asset objects reloaded before import = 0
Number of asset objects unloaded after import = 1
========================================================================
Received Import Request.
  Time since last request: 0.000037 seconds.
  path: Assets/Toby Fredson/The Toby Foliage Engine/(TTFE)_Core/Resources/(TTFE) GLOBAL CONTROLLER/TTFE_Wind Gizmo/TTFE_Utility Resources/(TTFE)GlobalGizmo_Color.png
  artifactKey: Guid(6552855708a04e84380742d33f9da01b) Importer(2089858483,0ecaa5967403d082aa24f35e1b516d23)
Start importing Assets/Toby Fredson/The Toby Foliage Engine/(TTFE)_Core/Resources/(TTFE) GLOBAL CONTROLLER/TTFE_Wind Gizmo/TTFE_Utility Resources/(TTFE)GlobalGizmo_Color.png using Guid(6552855708a04e84380742d33f9da01b) Importer(2089858483,0ecaa5967403d082aa24f35e1b516d23) [PhysX] Initialized MultithreadedTaskDispatcher with 16 workers.
 -> (artifact id: '45b69da7f32cfd8902e6f76a95b8725d') in 0.030867 seconds
Number of updated asset objects reloaded before import = 0
Number of asset objects unloaded after import = 1
========================================================================
Received Import Request.
  Time since last request: 0.000048 seconds.
  path: Assets/Toby Fredson/The Toby Foliage Engine/(TTFE)_Demo/Textures/Textures_Tiles Nature
  artifactKey: Guid(a29af1ceba15df94abc87e936b8a73c7) Importer(2089858483,0ecaa5967403d082aa24f35e1b516d23)
Start importing Assets/Toby Fredson/The Toby Foliage Engine/(TTFE)_Demo/Textures/Textures_Tiles Nature using Guid(a29af1ceba15df94abc87e936b8a73c7) Importer(2089858483,0ecaa5967403d082aa24f35e1b516d23) [PhysX] Initialized MultithreadedTaskDispatcher with 16 workers.
 -> (artifact id: 'f43dddddbf0ef13c332578bb44dc8e76') in 0.019399 seconds
Number of updated asset objects reloaded before import = 0
Number of asset objects unloaded after import = 1
========================================================================
Received Import Request.
  Time since last request: 0.000050 seconds.
  path: Assets/SteamVR/InteractionSystem/Hints/Materials/URPControllerTextHintAnchor.mat
  artifactKey: Guid(5ee00630a4cba94459f162ea174a1d97) Importer(2089858483,0ecaa5967403d082aa24f35e1b516d23)
Start importing Assets/SteamVR/InteractionSystem/Hints/Materials/URPControllerTextHintAnchor.mat using Guid(5ee00630a4cba94459f162ea174a1d97) Importer(2089858483,0ecaa5967403d082aa24f35e1b516d23) [PhysX] Initialized MultithreadedTaskDispatcher with 16 workers.
 -> (artifact id: '373398af1b3171b379e903564a26479b') in 0.024170 seconds
Number of updated asset objects reloaded before import = 0
Number of asset objects unloaded after import = 1
========================================================================
Received Import Request.
  Time since last request: 0.000069 seconds.
  path: Assets/Toby Fredson/The Toby Foliage Engine/(TTFE)_Demo/Prefabs/Prefabs_Vegetation - (SL)/Vegetation_Plants - (SL)/VP_GrassSingle Fall/Grass_Single_C2_Fall.prefab
  artifactKey: Guid(d5bba1dcadbb8c345920a148f1dcd168) Importer(2089858483,0ecaa5967403d082aa24f35e1b516d23)
Start importing Assets/Toby Fredson/The Toby Foliage Engine/(TTFE)_Demo/Prefabs/Prefabs_Vegetation - (SL)/Vegetation_Plants - (SL)/VP_GrassSingle Fall/Grass_Single_C2_Fall.prefab using Guid(d5bba1dcadbb8c345920a148f1dcd168) Importer(2089858483,0ecaa5967403d082aa24f35e1b516d23) [PhysX] Initialized MultithreadedTaskDispatcher with 16 workers.
 -> (artifact id: 'd6ba1e8d2ae25e539fe73c544f4911d5') in 0.028021 seconds
Number of updated asset objects reloaded before import = 0
Number of asset objects unloaded after import = 24
========================================================================
Received Import Request.
  Time since last request: 0.000136 seconds.
  path: Assets/Toby Fredson/The Toby Foliage Engine/(TTFE)_Demo/Materials/Materials_Static/CliffRockTTFEL_A Grass.mat
  artifactKey: Guid(59d9a74b5b3335b4fb1906833f967ec2) Importer(2089858483,0ecaa5967403d082aa24f35e1b516d23)
Start importing Assets/Toby Fredson/The Toby Foliage Engine/(TTFE)_Demo/Materials/Materials_Static/CliffRockTTFEL_A Grass.mat using Guid(59d9a74b5b3335b4fb1906833f967ec2) Importer(2089858483,0ecaa5967403d082aa24f35e1b516d23) [PhysX] Initialized MultithreadedTaskDispatcher with 16 workers.
 -> (artifact id: 'b1e56640cb8206ce13102cffbd973565') in 0.157576 seconds
Number of updated asset objects reloaded before import = 0
Number of asset objects unloaded after import = 8
========================================================================
Received Import Request.
  Time since last request: 0.000050 seconds.
  path: Assets/Toby Fredson/The Toby Foliage Engine/(TTFE)_Demo/Materials/Materials_Vegetation/MV_Plants/FlowersTTFEL.mat
  artifactKey: Guid(1528b25a59b7e5a47b88be2911d4fe8c) Importer(2089858483,0ecaa5967403d082aa24f35e1b516d23)
Start importing Assets/Toby Fredson/The Toby Foliage Engine/(TTFE)_Demo/Materials/Materials_Vegetation/MV_Plants/FlowersTTFEL.mat using Guid(1528b25a59b7e5a47b88be2911d4fe8c) Importer(2089858483,0ecaa5967403d082aa24f35e1b516d23) [PhysX] Initialized MultithreadedTaskDispatcher with 16 workers.
 -> (artifact id: '04cb826405475bc0c77f18f258305957') in 0.038644 seconds
Number of updated asset objects reloaded before import = 0
Number of asset objects unloaded after import = 8
========================================================================
Received Import Request.
  Time since last request: 0.000036 seconds.
  path: Assets/Toby Fredson/The Toby Foliage Engine/(TTFE)_Demo/Prefabs/Prefabs_Player
  artifactKey: Guid(67717733cdc5ff14e8f00841fb0badd1) Importer(2089858483,0ecaa5967403d082aa24f35e1b516d23)
Start importing Assets/Toby Fredson/The Toby Foliage Engine/(TTFE)_Demo/Prefabs/Prefabs_Player using Guid(67717733cdc5ff14e8f00841fb0badd1) Importer(2089858483,0ecaa5967403d082aa24f35e1b516d23) [PhysX] Initialized MultithreadedTaskDispatcher with 16 workers.
 -> (artifact id: '8e97bdee0af2d1d04d5ab48c3f9ff12c') in 0.019975 seconds
Number of updated asset objects reloaded before import = 0
Number of asset objects unloaded after import = 1
========================================================================
Received Import Request.
  Time since last request: 0.000034 seconds.
  path: Assets/Toby Fredson/The Toby Foliage Engine/(TTFE)_Demo/Terrains/TTFE-LightScene_Demo.asset
  artifactKey: Guid(2c8f6d5af5e155a4596337de704a7b97) Importer(2089858483,0ecaa5967403d082aa24f35e1b516d23)
Start importing Assets/Toby Fredson/The Toby Foliage Engine/(TTFE)_Demo/Terrains/TTFE-LightScene_Demo.asset using Guid(2c8f6d5af5e155a4596337de704a7b97) Importer(2089858483,0ecaa5967403d082aa24f35e1b516d23) [PhysX] Initialized MultithreadedTaskDispatcher with 16 workers.
 -> (artifact id: '014fac4103bd8ce66898f4342a50f83b') in 0.042435 seconds
Number of updated asset objects reloaded before import = 0
Number of asset objects unloaded after import = 2
========================================================================
Received Import Request.
  Time since last request: 0.000049 seconds.
  path: Assets/Toby Fredson/The Toby Foliage Engine/(TTFE)_Core/Scene Settings
  artifactKey: Guid(499f2585e8b5ba94a9cda2be79d914de) Importer(2089858483,0ecaa5967403d082aa24f35e1b516d23)
Start importing Assets/Toby Fredson/The Toby Foliage Engine/(TTFE)_Core/Scene Settings using Guid(499f2585e8b5ba94a9cda2be79d914de) Importer(2089858483,0ecaa5967403d082aa24f35e1b516d23) [PhysX] Initialized MultithreadedTaskDispatcher with 16 workers.
 -> (artifact id: '4e4c1c84c6a2bc702318bb70935a74f7') in 0.018803 seconds
Number of updated asset objects reloaded before import = 0
Number of asset objects unloaded after import = 1
========================================================================
Received Import Request.
  Time since last request: 0.000043 seconds.
  path: Assets/Toby Fredson/The Toby Foliage Engine/(TTFE)_Core/Pipelines/TTFEL - 2022.3.1f1+ (URP 14+).unitypackage
  artifactKey: Guid(c30f9bceae55e924db5e8732fdcd936f) Importer(2089858483,0ecaa5967403d082aa24f35e1b516d23)
Start importing Assets/Toby Fredson/The Toby Foliage Engine/(TTFE)_Core/Pipelines/TTFEL - 2022.3.1f1+ (URP 14+).unitypackage using Guid(c30f9bceae55e924db5e8732fdcd936f) Importer(2089858483,0ecaa5967403d082aa24f35e1b516d23) [PhysX] Initialized MultithreadedTaskDispatcher with 16 workers.
 -> (artifact id: '55dc160de57fc51919874b85c9fd5688') in 0.020223 seconds
Number of updated asset objects reloaded before import = 0
Number of asset objects unloaded after import = 1
========================================================================
Received Import Request.
  Time since last request: 0.000034 seconds.
  path: Assets/Toby Fredson/The Toby Foliage Engine/(TTFE)_Demo/Terrains/Trerrain Layers/TTFE-LightScene_Demo_Layers/TSLightDemo Layer_0.terrainlayer
  artifactKey: Guid(844e965db35b0434299aa6300e31a3d1) Importer(2089858483,0ecaa5967403d082aa24f35e1b516d23)
Start importing Assets/Toby Fredson/The Toby Foliage Engine/(TTFE)_Demo/Terrains/Trerrain Layers/TTFE-LightScene_Demo_Layers/TSLightDemo Layer_0.terrainlayer using Guid(844e965db35b0434299aa6300e31a3d1) Importer(2089858483,0ecaa5967403d082aa24f35e1b516d23) [PhysX] Initialized MultithreadedTaskDispatcher with 16 workers.
 -> (artifact id: 'f518aa4fb47e2547c63e17f89ad050f7') in 0.035676 seconds
Number of updated asset objects reloaded before import = 0
Number of asset objects unloaded after import = 4
========================================================================
Received Import Request.
  Time since last request: 0.000032 seconds.
  path: Assets/Toby Fredson/The Toby Foliage Engine/(TTFE)_Demo/Prefabs/Prefabs_Vegetation/Vegetation_Trees/VTSpecies_Shrub/ShrubBush_C.prefab
  artifactKey: Guid(1651898aacf7dd6409292c568ab02a46) Importer(2089858483,0ecaa5967403d082aa24f35e1b516d23)
Start importing Assets/Toby Fredson/The Toby Foliage Engine/(TTFE)_Demo/Prefabs/Prefabs_Vegetation/Vegetation_Trees/VTSpecies_Shrub/ShrubBush_C.prefab using Guid(1651898aacf7dd6409292c568ab02a46) Importer(2089858483,0ecaa5967403d082aa24f35e1b516d23) [PhysX] Initialized MultithreadedTaskDispatcher with 16 workers.
 -> (artifact id: '559b5fe445cfb00bdbd8fc85cdf7ffd3') in 0.023677 seconds
Number of updated asset objects reloaded before import = 0
Number of asset objects unloaded after import = 41
========================================================================
Received Import Request.
  Time since last request: 0.000053 seconds.
  path: Assets/Toby Fredson/The Toby Foliage Engine/(TTFE)_Demo/Prefabs/Prefabs_Helpers/Human Size.prefab
  artifactKey: Guid(6645accdc1b021040a418557a5d34d56) Importer(2089858483,0ecaa5967403d082aa24f35e1b516d23)
Start importing Assets/Toby Fredson/The Toby Foliage Engine/(TTFE)_Demo/Prefabs/Prefabs_Helpers/Human Size.prefab using Guid(6645accdc1b021040a418557a5d34d56) Importer(2089858483,0ecaa5967403d082aa24f35e1b516d23) [PhysX] Initialized MultithreadedTaskDispatcher with 16 workers.
 -> (artifact id: '89809bfaecc2fed7762d0a6947eed15b') in 0.024971 seconds
Number of updated asset objects reloaded before import = 0
Number of asset objects unloaded after import = 7
========================================================================
Received Import Request.
  Time since last request: 0.000048 seconds.
  path: Assets/Toby Fredson/The Toby Foliage Engine/(TTFE)_Demo/Textures/Textures_Billboards/ShrubPlantsBillboard_MAG.png
  artifactKey: Guid(bf60b04157d270142bec9fb03b3f6791) Importer(2089858483,0ecaa5967403d082aa24f35e1b516d23)
Start importing Assets/Toby Fredson/The Toby Foliage Engine/(TTFE)_Demo/Textures/Textures_Billboards/ShrubPlantsBillboard_MAG.png using Guid(bf60b04157d270142bec9fb03b3f6791) Importer(2089858483,0ecaa5967403d082aa24f35e1b516d23) [PhysX] Initialized MultithreadedTaskDispatcher with 16 workers.
 -> (artifact id: 'd9527ae21c6dd30e76f4360fde2e3b1b') in 0.033236 seconds
Number of updated asset objects reloaded before import = 0
Number of asset objects unloaded after import = 1
========================================================================
Received Import Request.
  Time since last request: 0.000036 seconds.
  path: Assets/Toby Fredson/The Toby Foliage Engine/(TTFE)_Demo/Textures/Textures_Tiles Nature/DirtRickGCATA_MAG.png
  artifactKey: Guid(2c2c6309f1194904ebc44ccd8b5e65ed) Importer(2089858483,0ecaa5967403d082aa24f35e1b516d23)
Start importing Assets/Toby Fredson/The Toby Foliage Engine/(TTFE)_Demo/Textures/Textures_Tiles Nature/DirtRickGCATA_MAG.png using Guid(2c2c6309f1194904ebc44ccd8b5e65ed) Importer(2089858483,0ecaa5967403d082aa24f35e1b516d23) [PhysX] Initialized MultithreadedTaskDispatcher with 16 workers.
 -> (artifact id: '20e1fc9ccb37daba77745046f8b1fbd9') in 0.033844 seconds
Number of updated asset objects reloaded before import = 0
Number of asset objects unloaded after import = 1
========================================================================
Received Import Request.
  Time since last request: 0.000063 seconds.
  path: Assets/Toby Fredson/The Toby Foliage Engine/(TTFE)_Demo/Textures/Textures_Static/CliffRockTTFEL_A_MAG.png
  artifactKey: Guid(7e276c593e5e1f646928beda4d4d391f) Importer(2089858483,0ecaa5967403d082aa24f35e1b516d23)
Start importing Assets/Toby Fredson/The Toby Foliage Engine/(TTFE)_Demo/Textures/Textures_Static/CliffRockTTFEL_A_MAG.png using Guid(7e276c593e5e1f646928beda4d4d391f) Importer(2089858483,0ecaa5967403d082aa24f35e1b516d23) [PhysX] Initialized MultithreadedTaskDispatcher with 16 workers.
 -> (artifact id: 'e533773fb1a1a04eaa57c62eca43c277') in 0.056976 seconds
Number of updated asset objects reloaded before import = 0
Number of asset objects unloaded after import = 1
========================================================================
Received Import Request.
  Time since last request: 0.000046 seconds.
  path: Assets/Toby Fredson/The Toby Foliage Engine/(TTFE)_Demo/Materials/Materials_Helpers/RHEWP_TTFE Infoboard.mat
  artifactKey: Guid(0353ff10cbd771e4ca8ef19f537b77ed) Importer(2089858483,0ecaa5967403d082aa24f35e1b516d23)
Start importing Assets/Toby Fredson/The Toby Foliage Engine/(TTFE)_Demo/Materials/Materials_Helpers/RHEWP_TTFE Infoboard.mat using Guid(0353ff10cbd771e4ca8ef19f537b77ed) Importer(2089858483,0ecaa5967403d082aa24f35e1b516d23) [PhysX] Initialized MultithreadedTaskDispatcher with 16 workers.
 -> (artifact id: 'a20305c43d6dd10ce37efaecf4657399') in 0.030480 seconds
Number of updated asset objects reloaded before import = 0
Number of asset objects unloaded after import = 2
========================================================================
Received Import Request.
  Time since last request: 0.000068 seconds.
  path: Assets/Toby Fredson/The Toby Foliage Engine/(TTFE)_Demo/Materials/Materials_Vegetation/MV_Tress/Shrub_Leaves Fall.mat
  artifactKey: Guid(69665828d7d94104a8d2d77d3dbc0347) Importer(2089858483,0ecaa5967403d082aa24f35e1b516d23)
Start importing Assets/Toby Fredson/The Toby Foliage Engine/(TTFE)_Demo/Materials/Materials_Vegetation/MV_Tress/Shrub_Leaves Fall.mat using Guid(69665828d7d94104a8d2d77d3dbc0347) Importer(2089858483,0ecaa5967403d082aa24f35e1b516d23) [PhysX] Initialized MultithreadedTaskDispatcher with 16 workers.
 -> (artifact id: '321079db7a392387fd49bdc5b679bd76') in 0.102309 seconds
Number of updated asset objects reloaded before import = 0
Number of asset objects unloaded after import = 8
========================================================================
Received Import Request.
  Time since last request: 0.000047 seconds.
  path: Assets/Toby Fredson/The Toby Foliage Engine/(TTFE)_Demo/Textures/Textures_Vegetation/FlowersTTFEL_Normal.png
  artifactKey: Guid(9fb2a99c402d3a948936b071c74dc319) Importer(2089858483,0ecaa5967403d082aa24f35e1b516d23)
Start importing Assets/Toby Fredson/The Toby Foliage Engine/(TTFE)_Demo/Textures/Textures_Vegetation/FlowersTTFEL_Normal.png using Guid(9fb2a99c402d3a948936b071c74dc319) Importer(2089858483,0ecaa5967403d082aa24f35e1b516d23) [PhysX] Initialized MultithreadedTaskDispatcher with 16 workers.
 -> (artifact id: 'de472ef264e7952b13664e1f1db8e7b0') in 0.031103 seconds
Number of updated asset objects reloaded before import = 0
Number of asset objects unloaded after import = 1
========================================================================
Received Import Request.
  Time since last request: 0.000037 seconds.
  path: Assets/Toby Fredson/The Toby Foliage Engine/(TTFE)_Demo
  artifactKey: Guid(735f92852794d154580c6d95c5b64bea) Importer(2089858483,0ecaa5967403d082aa24f35e1b516d23)
Start importing Assets/Toby Fredson/The Toby Foliage Engine/(TTFE)_Demo using Guid(735f92852794d154580c6d95c5b64bea) Importer(2089858483,0ecaa5967403d082aa24f35e1b516d23) [PhysX] Initialized MultithreadedTaskDispatcher with 16 workers.
 -> (artifact id: '1d31f5f4502d76531b3da227d316aab1') in 0.017124 seconds
Number of updated asset objects reloaded before import = 0
Number of asset objects unloaded after import = 1
========================================================================
Received Import Request.
  Time since last request: 0.000059 seconds.
  path: Assets/Toby Fredson/The Toby Foliage Engine/(TTFE)_Demo/Prefabs/Prefabs_Vegetation - (SL)/Vegetation_Plants - (SL)/VP_Grass Fall/GrassMedium_B_Fall.prefab
  artifactKey: Guid(9eb9707cd8875fd48a47109d6c7254ca) Importer(2089858483,0ecaa5967403d082aa24f35e1b516d23)
Start importing Assets/Toby Fredson/The Toby Foliage Engine/(TTFE)_Demo/Prefabs/Prefabs_Vegetation - (SL)/Vegetation_Plants - (SL)/VP_Grass Fall/GrassMedium_B_Fall.prefab using Guid(9eb9707cd8875fd48a47109d6c7254ca) Importer(2089858483,0ecaa5967403d082aa24f35e1b516d23) [PhysX] Initialized MultithreadedTaskDispatcher with 16 workers.
 -> (artifact id: '73a1432bdeaf2a6f18a6a638016798c4') in 0.025694 seconds
Number of updated asset objects reloaded before import = 0
Number of asset objects unloaded after import = 40
========================================================================
Received Import Request.
  Time since last request: 0.000055 seconds.
  path: Assets/Toby Fredson/The Toby Foliage Engine/(TTFE)_Demo/Meshes/Meshes_Vegetation/MV_Grass Instancing/Grass_Instanced_C2.fbx
  artifactKey: Guid(faf6c8cde3ad0074cb31343971707790) Importer(2089858483,0ecaa5967403d082aa24f35e1b516d23)
Start importing Assets/Toby Fredson/The Toby Foliage Engine/(TTFE)_Demo/Meshes/Meshes_Vegetation/MV_Grass Instancing/Grass_Instanced_C2.fbx using Guid(faf6c8cde3ad0074cb31343971707790) Importer(2089858483,0ecaa5967403d082aa24f35e1b516d23) [PhysX] Initialized MultithreadedTaskDispatcher with 16 workers.
 -> (artifact id: 'a670884cc648135fe4d5bbbe905269db') in 0.039403 seconds
Number of updated asset objects reloaded before import = 0
Number of asset objects unloaded after import = 20
========================================================================
Received Import Request.
  Time since last request: 0.000056 seconds.
  path: Assets/Toby Fredson/The Toby Foliage Engine/(TTFE)_Demo/Textures/Textures_Tiles Nature/BaseRockGCATA_B_Albedo.png
  artifactKey: Guid(80320eaf0437460479475679f18cb135) Importer(2089858483,0ecaa5967403d082aa24f35e1b516d23)
Start importing Assets/Toby Fredson/The Toby Foliage Engine/(TTFE)_Demo/Textures/Textures_Tiles Nature/BaseRockGCATA_B_Albedo.png using Guid(80320eaf0437460479475679f18cb135) Importer(2089858483,0ecaa5967403d082aa24f35e1b516d23) [PhysX] Initialized MultithreadedTaskDispatcher with 16 workers.
 -> (artifact id: '7075c657a7ea4c3cd6bb4110a608059b') in 0.032263 seconds
Number of updated asset objects reloaded before import = 0
Number of asset objects unloaded after import = 1
========================================================================
Received Import Request.
  Time since last request: 0.000052 seconds.
  path: Assets/Toby Fredson/The Toby Foliage Engine/(TTFE)_Demo/Meshes/Meshes Helpers/Unit Scale.fbx
  artifactKey: Guid(90f26894c79e6f54fb779ad4300249ad) Importer(2089858483,0ecaa5967403d082aa24f35e1b516d23)
Start importing Assets/Toby Fredson/The Toby Foliage Engine/(TTFE)_Demo/Meshes/Meshes Helpers/Unit Scale.fbx using Guid(90f26894c79e6f54fb779ad4300249ad) Importer(2089858483,0ecaa5967403d082aa24f35e1b516d23) [PhysX] Initialized MultithreadedTaskDispatcher with 16 workers.
 -> (artifact id: 'cd5341b93756e66733e1929be78bbcfc') in 0.028961 seconds
Number of updated asset objects reloaded before import = 0
Number of asset objects unloaded after import = 7
========================================================================
Received Import Request.
  Time since last request: 0.000049 seconds.
  path: Assets/Toby Fredson/The Toby Foliage Engine/(TTFE)_Demo/Terrains/Trerrain Layers/TTFE-LightScene_Demo_Layers/TSLightDemo Layer_2.terrainlayer
  artifactKey: Guid(7b4ab60339edbba479858d4df37de81e) Importer(2089858483,0ecaa5967403d082aa24f35e1b516d23)
Start importing Assets/Toby Fredson/The Toby Foliage Engine/(TTFE)_Demo/Terrains/Trerrain Layers/TTFE-LightScene_Demo_Layers/TSLightDemo Layer_2.terrainlayer using Guid(7b4ab60339edbba479858d4df37de81e) Importer(2089858483,0ecaa5967403d082aa24f35e1b516d23) [PhysX] Initialized MultithreadedTaskDispatcher with 16 workers.
 -> (artifact id: 'a1c6c3143b8e1276570bf2497b88abd9') in 0.035929 seconds
Number of updated asset objects reloaded before import = 0
Number of asset objects unloaded after import = 4
========================================================================
Received Import Request.
  Time since last request: 0.000054 seconds.
  path: Assets/Toby Fredson/The Toby Foliage Engine/(TTFE)_Demo/Meshes/Meshes_Vegetation/MV_Grass Instancing/Grass_Instanced_E.fbx
  artifactKey: Guid(70aa82e98fd895245b72ebc3494557f1) Importer(2089858483,0ecaa5967403d082aa24f35e1b516d23)
Start importing Assets/Toby Fredson/The Toby Foliage Engine/(TTFE)_Demo/Meshes/Meshes_Vegetation/MV_Grass Instancing/Grass_Instanced_E.fbx using Guid(70aa82e98fd895245b72ebc3494557f1) Importer(2089858483,0ecaa5967403d082aa24f35e1b516d23) [PhysX] Initialized MultithreadedTaskDispatcher with 16 workers.
 -> (artifact id: '5eecf488ca5de455f1e4eccbd7b2ea74') in 0.036756 seconds
Number of updated asset objects reloaded before import = 0
Number of asset objects unloaded after import = 20
========================================================================
Received Import Request.
  Time since last request: 0.000091 seconds.
  path: Assets/Toby Fredson/The Toby Foliage Engine/(TTFE)_Demo/Textures/Textures_Tiles Nature/GrassGCATA_Albedo.png
  artifactKey: Guid(03f9fe18f0c62284fbb1b3ab854b9c64) Importer(2089858483,0ecaa5967403d082aa24f35e1b516d23)
Start importing Assets/Toby Fredson/The Toby Foliage Engine/(TTFE)_Demo/Textures/Textures_Tiles Nature/GrassGCATA_Albedo.png using Guid(03f9fe18f0c62284fbb1b3ab854b9c64) Importer(2089858483,0ecaa5967403d082aa24f35e1b516d23) [PhysX] Initialized MultithreadedTaskDispatcher with 16 workers.
 -> (artifact id: '2efa5c92e5b2ffa4c2adabaf62369eac') in 0.035602 seconds
Number of updated asset objects reloaded before import = 0
Number of asset objects unloaded after import = 1
========================================================================
Received Import Request.
  Time since last request: 0.000037 seconds.
  path: Assets/Toby Fredson/The Toby Foliage Engine/(TTFE)_Demo/Textures/Textures_Static/RocksTTFEL_Normal.png
  artifactKey: Guid(c4293be6cd56677499294b4312e385a8) Importer(2089858483,0ecaa5967403d082aa24f35e1b516d23)
Start importing Assets/Toby Fredson/The Toby Foliage Engine/(TTFE)_Demo/Textures/Textures_Static/RocksTTFEL_Normal.png using Guid(c4293be6cd56677499294b4312e385a8) Importer(2089858483,0ecaa5967403d082aa24f35e1b516d23) [PhysX] Initialized MultithreadedTaskDispatcher with 16 workers.
 -> (artifact id: 'fe7dca11b8359a04ee1cee0de4da4fb2') in 0.029895 seconds
Number of updated asset objects reloaded before import = 0
Number of asset objects unloaded after import = 1
========================================================================
Received Import Request.
  Time since last request: 0.000050 seconds.
  path: Assets/Toby Fredson/The Toby Foliage Engine/(TTFE)_Demo/Prefabs/Prefabs_Vegetation - (SL)/Vegetation_Trees - (SL)/VTSpecies_Shrub Fall/ShrubTree_C_Fall.prefab
  artifactKey: Guid(2931de6af3f6fcb41880a6f3f8dcc065) Importer(2089858483,0ecaa5967403d082aa24f35e1b516d23)
Start importing Assets/Toby Fredson/The Toby Foliage Engine/(TTFE)_Demo/Prefabs/Prefabs_Vegetation - (SL)/Vegetation_Trees - (SL)/VTSpecies_Shrub Fall/ShrubTree_C_Fall.prefab using Guid(2931de6af3f6fcb41880a6f3f8dcc065) Importer(2089858483,0ecaa5967403d082aa24f35e1b516d23) [PhysX] Initialized MultithreadedTaskDispatcher with 16 workers.
 -> (artifact id: 'd19134884d2b5cac6189bc70c2e4829a') in 0.023763 seconds
Number of updated asset objects reloaded before import = 0
Number of asset objects unloaded after import = 53
========================================================================
Received Import Request.
  Time since last request: 0.000044 seconds.
  path: Assets/Realistic Tree/Source/Textures/Birch/Leaf_3.png
  artifactKey: Guid(a4735825920191d49b86c39379112094) Importer(2089858483,0ecaa5967403d082aa24f35e1b516d23)
Start importing Assets/Realistic Tree/Source/Textures/Birch/Leaf_3.png using Guid(a4735825920191d49b86c39379112094) Importer(2089858483,0ecaa5967403d082aa24f35e1b516d23) [PhysX] Initialized MultithreadedTaskDispatcher with 16 workers.
 -> (artifact id: 'f75bfc0505294b9f9763fdf6a82a7bdd') in 0.032998 seconds
Number of updated asset objects reloaded before import = 0
Number of asset objects unloaded after import = 1
========================================================================
Received Import Request.
  Time since last request: 0.000033 seconds.
  path: Assets/SteamVR/InteractionSystem/Teleport/Textures/TeleportAreaPatternColor.tga
  artifactKey: Guid(f33ccd07f9433f44f8c5430938b168ac) Importer(2089858483,0ecaa5967403d082aa24f35e1b516d23)
Start importing Assets/SteamVR/InteractionSystem/Teleport/Textures/TeleportAreaPatternColor.tga using Guid(f33ccd07f9433f44f8c5430938b168ac) Importer(2089858483,0ecaa5967403d082aa24f35e1b516d23) [PhysX] Initialized MultithreadedTaskDispatcher with 16 workers.
 -> (artifact id: '35aaab155ed0cd8f7dcc8f454b06a3f4') in 0.033453 seconds
Number of updated asset objects reloaded before import = 0
Number of asset objects unloaded after import = 1
========================================================================
Received Import Request.
  Time since last request: 0.000037 seconds.
  path: Assets/Realistic Tree/Source/Models/Weeping Willow/Willow_6.fbx
  artifactKey: Guid(7f774b610692ed5479787b42a33df9fe) Importer(2089858483,0ecaa5967403d082aa24f35e1b516d23)
Start importing Assets/Realistic Tree/Source/Models/Weeping Willow/Willow_6.fbx using Guid(7f774b610692ed5479787b42a33df9fe) Importer(2089858483,0ecaa5967403d082aa24f35e1b516d23) [PhysX] Initialized MultithreadedTaskDispatcher with 16 workers.
 -> (artifact id: 'b70f855d983ec68bb398ec9f412a6ef6') in 0.047121 seconds
Number of updated asset objects reloaded before import = 0
Number of asset objects unloaded after import = 45
========================================================================
Received Import Request.
  Time since last request: 0.000041 seconds.
  path: Assets/Realistic Tree/Prefabs/URP/Birch/Birch 3.prefab
  artifactKey: Guid(dad071d6bb455bd4ea32d2b486ffeae1) Importer(2089858483,0ecaa5967403d082aa24f35e1b516d23)
Start importing Assets/Realistic Tree/Prefabs/URP/Birch/Birch 3.prefab using Guid(dad071d6bb455bd4ea32d2b486ffeae1) Importer(2089858483,0ecaa5967403d082aa24f35e1b516d23) [PhysX] Initialized MultithreadedTaskDispatcher with 16 workers.
 -> (artifact id: 'df9a318f3856a7eeb59fc1c88f5bec26') in 0.077749 seconds
Number of updated asset objects reloaded before import = 0
Number of asset objects unloaded after import = 69
========================================================================
Received Import Request.
  Time since last request: 0.000057 seconds.
  path: Assets/Realistic Tree/Source/Models/Ash/Ash_4.fbx
  artifactKey: Guid(0c659ee1da62aec498924a350ab501f5) Importer(2089858483,0ecaa5967403d082aa24f35e1b516d23)
Start importing Assets/Realistic Tree/Source/Models/Ash/Ash_4.fbx using Guid(0c659ee1da62aec498924a350ab501f5) Importer(2089858483,0ecaa5967403d082aa24f35e1b516d23) [PhysX] Initialized MultithreadedTaskDispatcher with 16 workers.
 -> (artifact id: '9353b950dff66d020183c2ed1f4688a2') in 0.052226 seconds
Number of updated asset objects reloaded before import = 0
Number of asset objects unloaded after import = 65
========================================================================
Received Import Request.
  Time since last request: 0.000034 seconds.
  path: Assets/Realistic Tree/Source/Materials/Standard/Falling Leaves/Standard/Ash_Single.mat
  artifactKey: Guid(7c7e8caddcc56274b9d86b2f912b2700) Importer(2089858483,0ecaa5967403d082aa24f35e1b516d23)
Start importing Assets/Realistic Tree/Source/Materials/Standard/Falling Leaves/Standard/Ash_Single.mat using Guid(7c7e8caddcc56274b9d86b2f912b2700) Importer(2089858483,0ecaa5967403d082aa24f35e1b516d23) [PhysX] Initialized MultithreadedTaskDispatcher with 16 workers.
 -> (artifact id: 'da68009f40431e1263497b5dc0e441d6') in 0.024558 seconds
Number of updated asset objects reloaded before import = 0
Number of asset objects unloaded after import = 2
========================================================================
Received Import Request.
  Time since last request: 0.000057 seconds.
  path: Assets/Realistic Tree/Prefabs/URP/Birch/Birch 10.prefab
  artifactKey: Guid(630008e1b31fe954ab798b6059e44fe2) Importer(2089858483,0ecaa5967403d082aa24f35e1b516d23)
Start importing Assets/Realistic Tree/Prefabs/URP/Birch/Birch 10.prefab using Guid(630008e1b31fe954ab798b6059e44fe2) Importer(2089858483,0ecaa5967403d082aa24f35e1b516d23) [PhysX] Initialized MultithreadedTaskDispatcher with 16 workers.
 -> (artifact id: '70a869d109a729cb0e9b3f3557162cc2') in 0.065078 seconds
Number of updated asset objects reloaded before import = 0
Number of asset objects unloaded after import = 49
========================================================================
Received Import Request.
  Time since last request: 0.000040 seconds.
  path: Assets/Realistic Tree/Prefabs/Standard/Chestnut
  artifactKey: Guid(4328635b2f655534c84773a2ebde4f3f) Importer(2089858483,0ecaa5967403d082aa24f35e1b516d23)
Start importing Assets/Realistic Tree/Prefabs/Standard/Chestnut using Guid(4328635b2f655534c84773a2ebde4f3f) Importer(2089858483,0ecaa5967403d082aa24f35e1b516d23) [PhysX] Initialized MultithreadedTaskDispatcher with 16 workers.
 -> (artifact id: '80f1be66246e12291d157daee5cdfd8d') in 0.020325 seconds
Number of updated asset objects reloaded before import = 0
Number of asset objects unloaded after import = 1
========================================================================
Received Import Request.
  Time since last request: 0.000063 seconds.
  path: Assets/Realistic Tree/Source/Materials/HDRP/Leaves/Birch/Birch_Leaves_2.mat
  artifactKey: Guid(9a44ec1b0f3f9a24eb0b1d8778e681e5) Importer(2089858483,0ecaa5967403d082aa24f35e1b516d23)
Start importing Assets/Realistic Tree/Source/Materials/HDRP/Leaves/Birch/Birch_Leaves_2.mat using Guid(9a44ec1b0f3f9a24eb0b1d8778e681e5) Importer(2089858483,0ecaa5967403d082aa24f35e1b516d23) [PhysX] Initialized MultithreadedTaskDispatcher with 16 workers.
 -> (artifact id: '9b6336d1c9b273556527b417ae6d0e8c') in 0.023657 seconds
Number of updated asset objects reloaded before import = 0
Number of asset objects unloaded after import = 2
========================================================================
Received Import Request.
  Time since last request: 0.000034 seconds.
  path: Assets/Grass And Flowers Pack 1/Small Tree/Small Tree 3.png
  artifactKey: Guid(b6c3b8399b2b3c54cbe32c94e3206a7b) Importer(2089858483,0ecaa5967403d082aa24f35e1b516d23)
Start importing Assets/Grass And Flowers Pack 1/Small Tree/Small Tree 3.png using Guid(b6c3b8399b2b3c54cbe32c94e3206a7b) Importer(2089858483,0ecaa5967403d082aa24f35e1b516d23) [PhysX] Initialized MultithreadedTaskDispatcher with 16 workers.
 -> (artifact id: '779965f9b14489a59772ae252b8feec5') in 0.040243 seconds
Number of updated asset objects reloaded before import = 0
Number of asset objects unloaded after import = 1
========================================================================
Received Import Request.
  Time since last request: 0.000056 seconds.
  path: Assets/Grass And Flowers Pack 1/Small Tree/Small Tree 9.png
  artifactKey: Guid(756d7c08b0c8b1f4295cd83afc9bd87f) Importer(2089858483,0ecaa5967403d082aa24f35e1b516d23)
Start importing Assets/Grass And Flowers Pack 1/Small Tree/Small Tree 9.png using Guid(756d7c08b0c8b1f4295cd83afc9bd87f) Importer(2089858483,0ecaa5967403d082aa24f35e1b516d23) [PhysX] Initialized MultithreadedTaskDispatcher with 16 workers.
 -> (artifact id: '15cbe61fd17e6b0b60457cc82fab020f') in 0.047905 seconds
Number of updated asset objects reloaded before import = 0
Number of asset objects unloaded after import = 1
========================================================================
Received Import Request.
  Time since last request: 0.000038 seconds.
  path: Assets/Realistic Tree/Source/Materials/URP/Leaves/Birch
  artifactKey: Guid(998f04e9b7a46b14db7be2c1cfeb546f) Importer(2089858483,0ecaa5967403d082aa24f35e1b516d23)
Start importing Assets/Realistic Tree/Source/Materials/URP/Leaves/Birch using Guid(998f04e9b7a46b14db7be2c1cfeb546f) Importer(2089858483,0ecaa5967403d082aa24f35e1b516d23) [PhysX] Initialized MultithreadedTaskDispatcher with 16 workers.
 -> (artifact id: '7f0e6ae35c9959e0f5f572e7dc6630c1') in 0.016777 seconds
Number of updated asset objects reloaded before import = 0
Number of asset objects unloaded after import = 1
========================================================================
Received Import Request.
  Time since last request: 0.000034 seconds.
  path: Assets/Realistic Tree/Prefabs/URP/Birch/Birch 6.prefab
  artifactKey: Guid(affe17d38a3d2d54eac468a8349625db) Importer(2089858483,0ecaa5967403d082aa24f35e1b516d23)
Start importing Assets/Realistic Tree/Prefabs/URP/Birch/Birch 6.prefab using Guid(affe17d38a3d2d54eac468a8349625db) Importer(2089858483,0ecaa5967403d082aa24f35e1b516d23) [PhysX] Initialized MultithreadedTaskDispatcher with 16 workers.
 -> (artifact id: 'b3cfa95a499bb6cd65d9b2c76f133e83') in 0.066016 seconds
Number of updated asset objects reloaded before import = 0
Number of asset objects unloaded after import = 69
========================================================================
Received Import Request.
  Time since last request: 0.000036 seconds.
  path: Assets/Realistic Tree/Source/Materials/Standard/Bark/Birch.mat
  artifactKey: Guid(8553388fe19b30445a6090f708815aaa) Importer(2089858483,0ecaa5967403d082aa24f35e1b516d23)
Start importing Assets/Realistic Tree/Source/Materials/Standard/Bark/Birch.mat using Guid(8553388fe19b30445a6090f708815aaa) Importer(2089858483,0ecaa5967403d082aa24f35e1b516d23) [PhysX] Initialized MultithreadedTaskDispatcher with 16 workers.
 -> (artifact id: 'be58eb5ad46d678c45ab05ae75a06bd0') in 0.034667 seconds
Number of updated asset objects reloaded before import = 0
Number of asset objects unloaded after import = 3
========================================================================
Received Import Request.
  Time since last request: 0.000055 seconds.
  path: Assets/Realistic Tree/Source/Materials/HDRP/Bark/Ash_Bark.mat
  artifactKey: Guid(1c2070da1c42a0349994ca852544c218) Importer(2089858483,0ecaa5967403d082aa24f35e1b516d23)
Start importing Assets/Realistic Tree/Source/Materials/HDRP/Bark/Ash_Bark.mat using Guid(1c2070da1c42a0349994ca852544c218) Importer(2089858483,0ecaa5967403d082aa24f35e1b516d23) [PhysX] Initialized MultithreadedTaskDispatcher with 16 workers.
 -> (artifact id: '078a86dc9e8cad35acffbe68c79957cb') in 0.041921 seconds
Number of updated asset objects reloaded before import = 0
Number of asset objects unloaded after import = 5
========================================================================
Received Import Request.
  Time since last request: 0.000033 seconds.
  path: Assets/Realistic Tree/Prefabs/Standard/Spruce/Spruce 1.prefab
  artifactKey: Guid(400bf841f2409e84e91fef8bda9509bd) Importer(2089858483,0ecaa5967403d082aa24f35e1b516d23)
Start importing Assets/Realistic Tree/Prefabs/Standard/Spruce/Spruce 1.prefab using Guid(400bf841f2409e84e91fef8bda9509bd) Importer(2089858483,0ecaa5967403d082aa24f35e1b516d23) [PhysX] Initialized MultithreadedTaskDispatcher with 16 workers.
 -> (artifact id: '22b523affd656f0cd2b08dada06706a8') in 0.033668 seconds
Number of updated asset objects reloaded before import = 0
Number of asset objects unloaded after import = 67
========================================================================
Received Import Request.
  Time since last request: 0.000050 seconds.
  path: Assets/Realistic Tree/Source/Materials/Standard/Leaves/Spruce/Spruce_2.mat
  artifactKey: Guid(372cf8af7142f1841aad122fa35eebf0) Importer(2089858483,0ecaa5967403d082aa24f35e1b516d23)
Start importing Assets/Realistic Tree/Source/Materials/Standard/Leaves/Spruce/Spruce_2.mat using Guid(372cf8af7142f1841aad122fa35eebf0) Importer(2089858483,0ecaa5967403d082aa24f35e1b516d23) [PhysX] Initialized MultithreadedTaskDispatcher with 16 workers.
 -> (artifact id: '804bc0b7789ed84a1661db5377f51e7a') in 0.024019 seconds
Number of updated asset objects reloaded before import = 0
Number of asset objects unloaded after import = 2
========================================================================
Received Import Request.
  Time since last request: 0.000056 seconds.
  path: Assets/Forst
  artifactKey: Guid(d6bf59daf609ede40bff4bf650134522) Importer(2089858483,0ecaa5967403d082aa24f35e1b516d23)
Start importing Assets/Forst using Guid(d6bf59daf609ede40bff4bf650134522) Importer(2089858483,0ecaa5967403d082aa24f35e1b516d23) [PhysX] Initialized MultithreadedTaskDispatcher with 16 workers.
 -> (artifact id: '558bce258b9a5b7a40726813aa307719') in 0.025775 seconds
Number of updated asset objects reloaded before import = 0
Number of asset objects unloaded after import = 1
========================================================================
Received Import Request.
  Time since last request: 0.000051 seconds.
  path: Assets/Realistic Tree/Prefabs/Standard/Spruce/Spruce 7.prefab
  artifactKey: Guid(f9f4ce864de28ef4db8d92dcbc242367) Importer(2089858483,0ecaa5967403d082aa24f35e1b516d23)
Start importing Assets/Realistic Tree/Prefabs/Standard/Spruce/Spruce 7.prefab using Guid(f9f4ce864de28ef4db8d92dcbc242367) Importer(2089858483,0ecaa5967403d082aa24f35e1b516d23) [PhysX] Initialized MultithreadedTaskDispatcher with 16 workers.
 -> (artifact id: '0614f918e9f8e7c2db1723944b1e1d64') in 0.033979 seconds
Number of updated asset objects reloaded before import = 0
Number of asset objects unloaded after import = 67
========================================================================
Received Import Request.
  Time since last request: 0.000037 seconds.
  path: Assets/Realistic Tree/Prefabs/Standard/Spruce/Spruce 2.prefab
  artifactKey: Guid(07d495d0fea1f334f9200ba6ae93c62c) Importer(2089858483,0ecaa5967403d082aa24f35e1b516d23)
Start importing Assets/Realistic Tree/Prefabs/Standard/Spruce/Spruce 2.prefab using Guid(07d495d0fea1f334f9200ba6ae93c62c) Importer(2089858483,0ecaa5967403d082aa24f35e1b516d23) [PhysX] Initialized MultithreadedTaskDispatcher with 16 workers.
 -> (artifact id: '3ce56080d92d32abc03636a16ed821b3') in 0.035724 seconds
Number of updated asset objects reloaded before import = 0
Number of asset objects unloaded after import = 67
========================================================================
Received Import Request.
  Time since last request: 170.620673 seconds.
  path: Assets/Toby Fredson/The Toby Foliage Engine/(TTFE)_Core/Shaders/Default/(TTFE) Terrain/(TTFE) Terrain Snow.mat
  artifactKey: Guid(28c710ae5a5761446af9a0d5c9a079e2) Importer(2089858483,0ecaa5967403d082aa24f35e1b516d23)
Start importing Assets/Toby Fredson/The Toby Foliage Engine/(TTFE)_Core/Shaders/Default/(TTFE) Terrain/(TTFE) Terrain Snow.mat using Guid(28c710ae5a5761446af9a0d5c9a079e2) Importer(2089858483,0ecaa5967403d082aa24f35e1b516d23) [PhysX] Initialized MultithreadedTaskDispatcher with 16 workers.
 -> (artifact id: 'ddcbab4a50da70d78e75accb61bea161') in 0.553660 seconds
Number of updated asset objects reloaded before import = 0
Number of asset objects unloaded after import = 2
========================================================================
Received Import Request.
  Time since last request: 0.000058 seconds.
  path: Assets/Toby Fredson/The Toby Foliage Engine/(TTFE)_Demo/Scenes/TTFE-LightScene_Terrain Example.unity
  artifactKey: Guid(fa7209e45c6f54949b487d28c52dcda2) Importer(2089858483,0ecaa5967403d082aa24f35e1b516d23)
Start importing Assets/Toby Fredson/The Toby Foliage Engine/(TTFE)_Demo/Scenes/TTFE-LightScene_Terrain Example.unity using Guid(fa7209e45c6f54949b487d28c52dcda2) Importer(2089858483,0ecaa5967403d082aa24f35e1b516d23) [PhysX] Initialized MultithreadedTaskDispatcher with 16 workers.
 -> (artifact id: '071f98d7b94e284a206d3090ea8488dc') in 0.022097 seconds
Number of updated asset objects reloaded before import = 0
Number of asset objects unloaded after import = 1
========================================================================
Received Import Request.
  Time since last request: 0.000049 seconds.
  path: Assets/Toby Fredson/The Toby Foliage Engine/(TTFE)_Demo/Materials/Materials_Skybox/SkyMapRHEWP_Summer A.mat
  artifactKey: Guid(ca39abecbdf60ac49a4d33bc85798606) Importer(2089858483,0ecaa5967403d082aa24f35e1b516d23)
Start importing Assets/Toby Fredson/The Toby Foliage Engine/(TTFE)_Demo/Materials/Materials_Skybox/SkyMapRHEWP_Summer A.mat using Guid(ca39abecbdf60ac49a4d33bc85798606) Importer(2089858483,0ecaa5967403d082aa24f35e1b516d23) [PhysX] Initialized MultithreadedTaskDispatcher with 16 workers.
 -> (artifact id: '2b5337ee08f152e884f655489a35a21e') in 0.032515 seconds
Number of updated asset objects reloaded before import = 0
Number of asset objects unloaded after import = 1
========================================================================
Received Import Request.
  Time since last request: 0.000049 seconds.
  path: Assets/Toby Fredson/The Toby Foliage Engine/(TTFE)_Core/Shaders/Default/(TTFE) Terrain/(TTFE) Terrain Snow.shader
  artifactKey: Guid(0f55ffeb4fde7b2419f649d730c22898) Importer(2089858483,0ecaa5967403d082aa24f35e1b516d23)
Start importing Assets/Toby Fredson/The Toby Foliage Engine/(TTFE)_Core/Shaders/Default/(TTFE) Terrain/(TTFE) Terrain Snow.shader using Guid(0f55ffeb4fde7b2419f649d730c22898) Importer(2089858483,0ecaa5967403d082aa24f35e1b516d23) [PhysX] Initialized MultithreadedTaskDispatcher with 16 workers.
 -> (artifact id: '933fadc996e79c176707f66e64c83b50') in 0.025957 seconds
Number of updated asset objects reloaded before import = 0
Number of asset objects unloaded after import = 1
========================================================================
Received Import Request.
  Time since last request: 0.000041 seconds.
  path: Assets/Toby Fredson/The Toby Foliage Engine/(TTFE)_Core/Resources/Diffusion Profiles (HDRP)/DiffusionProfile_Clouds.asset
  artifactKey: Guid(daf831104bd8a75408f67412c582bb4d) Importer(2089858483,0ecaa5967403d082aa24f35e1b516d23)
Start importing Assets/Toby Fredson/The Toby Foliage Engine/(TTFE)_Core/Resources/Diffusion Profiles (HDRP)/DiffusionProfile_Clouds.asset using Guid(daf831104bd8a75408f67412c582bb4d) Importer(2089858483,0ecaa5967403d082aa24f35e1b516d23) [PhysX] Initialized MultithreadedTaskDispatcher with 16 workers.
 -> (artifact id: '89e9cf90e2669a2bd7f064f1b9696c29') in 0.038540 seconds
Number of updated asset objects reloaded before import = 0
Number of asset objects unloaded after import = 1
========================================================================
Received Import Request.
  Time since last request: 0.000040 seconds.
  path: Assets/Toby Fredson/The Toby Foliage Engine/(TTFE)_Demo/Materials/Materials_Vegetation/MV_Plants/Grass_Main_Fall.mat
  artifactKey: Guid(f52f6ad9b6aa20b48948d0c8cf45d782) Importer(2089858483,0ecaa5967403d082aa24f35e1b516d23)
Start importing Assets/Toby Fredson/The Toby Foliage Engine/(TTFE)_Demo/Materials/Materials_Vegetation/MV_Plants/Grass_Main_Fall.mat using Guid(f52f6ad9b6aa20b48948d0c8cf45d782) Importer(2089858483,0ecaa5967403d082aa24f35e1b516d23) [PhysX] Initialized MultithreadedTaskDispatcher with 16 workers.
 -> (artifact id: '784c70601dd395aa2f4b3d96957b5290') in 2.739604 seconds
Number of updated asset objects reloaded before import = 0
Number of asset objects unloaded after import = 7
========================================================================
Received Import Request.
  Time since last request: 0.000064 seconds.
  path: Assets/Toby Fredson/The Toby Foliage Engine/(TTFE)_Demo/Materials/Materials_Static/CliffRockTTFEL_A Grass.mat
  artifactKey: Guid(59d9a74b5b3335b4fb1906833f967ec2) Importer(2089858483,0ecaa5967403d082aa24f35e1b516d23)
Start importing Assets/Toby Fredson/The Toby Foliage Engine/(TTFE)_Demo/Materials/Materials_Static/CliffRockTTFEL_A Grass.mat using Guid(59d9a74b5b3335b4fb1906833f967ec2) Importer(2089858483,0ecaa5967403d082aa24f35e1b516d23) [PhysX] Initialized MultithreadedTaskDispatcher with 16 workers.
 -> (artifact id: '16ae21963a85bb9f28f60439071d17b3') in 0.373408 seconds
Number of updated asset objects reloaded before import = 0
Number of asset objects unloaded after import = 8
========================================================================
Received Import Request.
  Time since last request: 0.000059 seconds.
  path: Assets/Toby Fredson/The Toby Foliage Engine/(TTFE)_Core/Shaders/Default/(TTFE) Terrain/(TTFE) Terrain Snow AddPass.shader
  artifactKey: Guid(0f201d2ac4435264ab035827fdacd414) Importer(2089858483,0ecaa5967403d082aa24f35e1b516d23)
Start importing Assets/Toby Fredson/The Toby Foliage Engine/(TTFE)_Core/Shaders/Default/(TTFE) Terrain/(TTFE) Terrain Snow AddPass.shader using Guid(0f201d2ac4435264ab035827fdacd414) Importer(2089858483,0ecaa5967403d082aa24f35e1b516d23) [PhysX] Initialized MultithreadedTaskDispatcher with 16 workers.
 -> (artifact id: '9114a24783892b8aff056edab776b12b') in 0.025958 seconds
Number of updated asset objects reloaded before import = 0
Number of asset objects unloaded after import = 1
========================================================================
Received Import Request.
  Time since last request: 0.000057 seconds.
  path: Assets/Toby Fredson/The Toby Foliage Engine/(TTFE)_Demo/Materials/Materials_Particle FX/Leaf_Orange.mat
  artifactKey: Guid(b2e3619cfd4a8534f912c0324fc17028) Importer(2089858483,0ecaa5967403d082aa24f35e1b516d23)
Start importing Assets/Toby Fredson/The Toby Foliage Engine/(TTFE)_Demo/Materials/Materials_Particle FX/Leaf_Orange.mat using Guid(b2e3619cfd4a8534f912c0324fc17028) Importer(2089858483,0ecaa5967403d082aa24f35e1b516d23) [PhysX] Initialized MultithreadedTaskDispatcher with 16 workers.
 -> (artifact id: '030e29136628f3a7b1159351388fb8e3') in 0.864796 seconds
Number of updated asset objects reloaded before import = 0
Number of asset objects unloaded after import = 3
========================================================================
Received Import Request.
  Time since last request: 0.000034 seconds.
  path: Assets/Toby Fredson/The Toby Foliage Engine/(TTFE)_Demo/Materials/Materials_Vegetation/MV_Plants/FlowersTTFEL.mat
  artifactKey: Guid(1528b25a59b7e5a47b88be2911d4fe8c) Importer(2089858483,0ecaa5967403d082aa24f35e1b516d23)
Start importing Assets/Toby Fredson/The Toby Foliage Engine/(TTFE)_Demo/Materials/Materials_Vegetation/MV_Plants/FlowersTTFEL.mat using Guid(1528b25a59b7e5a47b88be2911d4fe8c) Importer(2089858483,0ecaa5967403d082aa24f35e1b516d23) [PhysX] Initialized MultithreadedTaskDispatcher with 16 workers.
 -> (artifact id: '5a44923153fe602ec6264b31ce521fe4') in 0.752896 seconds
Number of updated asset objects reloaded before import = 0
Number of asset objects unloaded after import = 7
========================================================================
Received Import Request.
  Time since last request: 0.000045 seconds.
  path: Assets/Toby Fredson/The Toby Foliage Engine/(TTFE)_Demo/Scenes/TTFE-LightScene_Prefabs.unity
  artifactKey: Guid(5dfdf57220d621143867c335611d699d) Importer(2089858483,0ecaa5967403d082aa24f35e1b516d23)
Start importing Assets/Toby Fredson/The Toby Foliage Engine/(TTFE)_Demo/Scenes/TTFE-LightScene_Prefabs.unity using Guid(5dfdf57220d621143867c335611d699d) Importer(2089858483,0ecaa5967403d082aa24f35e1b516d23) [PhysX] Initialized MultithreadedTaskDispatcher with 16 workers.
 -> (artifact id: '9ab427a1ea47b48e6e8c40525553f945') in 0.020037 seconds
Number of updated asset objects reloaded before import = 0
Number of asset objects unloaded after import = 1
========================================================================
Received Import Request.
  Time since last request: 0.000037 seconds.
  path: Assets/Toby Fredson/The Toby Foliage Engine/(TTFE)_Core/Shaders/Default/(TTFE) Tree Bark.shader
  artifactKey: Guid(afdb1e1f380186d438f4f923b2100101) Importer(2089858483,0ecaa5967403d082aa24f35e1b516d23)
Start importing Assets/Toby Fredson/The Toby Foliage Engine/(TTFE)_Core/Shaders/Default/(TTFE) Tree Bark.shader using Guid(afdb1e1f380186d438f4f923b2100101) Importer(2089858483,0ecaa5967403d082aa24f35e1b516d23) [PhysX] Initialized MultithreadedTaskDispatcher with 16 workers.
 -> (artifact id: '82a01fff17200286f53973d3371dc4e7') in 0.021764 seconds
Number of updated asset objects reloaded before import = 0
Number of asset objects unloaded after import = 1
========================================================================
Received Import Request.
  Time since last request: 0.000041 seconds.
  path: Assets/Toby Fredson/The Toby Foliage Engine/(TTFE)_Demo/Materials/Materials_Vegetation/MV_Plants/Grass_Main.mat
  artifactKey: Guid(375416245d95ec64290f92d1beb54ca6) Importer(2089858483,0ecaa5967403d082aa24f35e1b516d23)
Start importing Assets/Toby Fredson/The Toby Foliage Engine/(TTFE)_Demo/Materials/Materials_Vegetation/MV_Plants/Grass_Main.mat using Guid(375416245d95ec64290f92d1beb54ca6) Importer(2089858483,0ecaa5967403d082aa24f35e1b516d23) [PhysX] Initialized MultithreadedTaskDispatcher with 16 workers.
 -> (artifact id: '2efb214665c431e173c5be23bcd145cb') in 0.096951 seconds
Number of updated asset objects reloaded before import = 0
Number of asset objects unloaded after import = 7
========================================================================
Received Import Request.
  Time since last request: 0.000043 seconds.
  path: Assets/Toby Fredson/The Toby Foliage Engine/(TTFE)_Core/Shaders/Default/(TTFE) Tree Foliage.shader
  artifactKey: Guid(6f53b8cb323b0614c82237d5b033019f) Importer(2089858483,0ecaa5967403d082aa24f35e1b516d23)
Start importing Assets/Toby Fredson/The Toby Foliage Engine/(TTFE)_Core/Shaders/Default/(TTFE) Tree Foliage.shader using Guid(6f53b8cb323b0614c82237d5b033019f) Importer(2089858483,0ecaa5967403d082aa24f35e1b516d23) [PhysX] Initialized MultithreadedTaskDispatcher with 16 workers.
 -> (artifact id: '429c51cc58ed7cc0b1cab9b571d35244') in 0.038627 seconds
Number of updated asset objects reloaded before import = 0
Number of asset objects unloaded after import = 1
========================================================================
Received Import Request.
  Time since last request: 0.000069 seconds.
  path: Assets/Toby Fredson/The Toby Foliage Engine/(TTFE)_Core/Resources/Diffusion Profiles (HDRP)
  artifactKey: Guid(92742c295b24de14f86cc0a7e0bf6dea) Importer(2089858483,0ecaa5967403d082aa24f35e1b516d23)
Start importing Assets/Toby Fredson/The Toby Foliage Engine/(TTFE)_Core/Resources/Diffusion Profiles (HDRP) using Guid(92742c295b24de14f86cc0a7e0bf6dea) Importer(2089858483,0ecaa5967403d082aa24f35e1b516d23) [PhysX] Initialized MultithreadedTaskDispatcher with 16 workers.
 -> (artifact id: '87809240890fc97ec3582002af54ee57') in 0.024435 seconds
Number of updated asset objects reloaded before import = 0
Number of asset objects unloaded after import = 1
========================================================================
Received Import Request.
  Time since last request: 0.000032 seconds.
  path: Assets/Toby Fredson/The Toby Foliage Engine/(TTFE)_Demo/Materials/Materials_Skybox/SkyMapRHEWP_Day.mat
  artifactKey: Guid(74e4a5aa684a7c04aa5391191b1c8d9e) Importer(2089858483,0ecaa5967403d082aa24f35e1b516d23)
Start importing Assets/Toby Fredson/The Toby Foliage Engine/(TTFE)_Demo/Materials/Materials_Skybox/SkyMapRHEWP_Day.mat using Guid(74e4a5aa684a7c04aa5391191b1c8d9e) Importer(2089858483,0ecaa5967403d082aa24f35e1b516d23) [PhysX] Initialized MultithreadedTaskDispatcher with 16 workers.
 -> (artifact id: 'e448c866732b87c9781f63449d462f42') in 0.021833 seconds
Number of updated asset objects reloaded before import = 0
Number of asset objects unloaded after import = 1
========================================================================
Received Import Request.
  Time since last request: 0.000036 seconds.
  path: Assets/Toby Fredson/The Toby Foliage Engine/(TTFE)_Demo/Materials/Materials_Vegetation/MV_Plants/Grass Thick.mat
  artifactKey: Guid(767860a1d10519f469184dea5c10bd64) Importer(2089858483,0ecaa5967403d082aa24f35e1b516d23)
Start importing Assets/Toby Fredson/The Toby Foliage Engine/(TTFE)_Demo/Materials/Materials_Vegetation/MV_Plants/Grass Thick.mat using Guid(767860a1d10519f469184dea5c10bd64) Importer(2089858483,0ecaa5967403d082aa24f35e1b516d23) [PhysX] Initialized MultithreadedTaskDispatcher with 16 workers.
 -> (artifact id: '30b3de6fd82f175ffd7fef1ce1962d64') in 0.758849 seconds
Number of updated asset objects reloaded before import = 0
Number of asset objects unloaded after import = 6
========================================================================
Received Import Request.
  Time since last request: 0.000046 seconds.
  path: Assets/Toby Fredson/The Toby Foliage Engine/(TTFE)_Core/Shaders/Default/(TTFE) Terrain/TTFEL-Terrain Shader Removed in (SRP)!!.txt
  artifactKey: Guid(0457244c45a9ed2438c180eafeeb3c6e) Importer(2089858483,0ecaa5967403d082aa24f35e1b516d23)
Start importing Assets/Toby Fredson/The Toby Foliage Engine/(TTFE)_Core/Shaders/Default/(TTFE) Terrain/TTFEL-Terrain Shader Removed in (SRP)!!.txt using Guid(0457244c45a9ed2438c180eafeeb3c6e) Importer(2089858483,0ecaa5967403d082aa24f35e1b516d23) [PhysX] Initialized MultithreadedTaskDispatcher with 16 workers.
 -> (artifact id: '67c9d541229e477a4779097b811f5458') in 0.017920 seconds
Number of updated asset objects reloaded before import = 0
Number of asset objects unloaded after import = 1
========================================================================
Received Import Request.
  Time since last request: 0.000053 seconds.
  path: Assets/Toby Fredson/The Toby Foliage Engine/(TTFE)_Demo/Post Processing/PP_(HDRP)/TTFEL-Day_SettingsProfile.asset
  artifactKey: Guid(bb3f54d59e824274f8b62cb1f096bd64) Importer(2089858483,0ecaa5967403d082aa24f35e1b516d23)
Start importing Assets/Toby Fredson/The Toby Foliage Engine/(TTFE)_Demo/Post Processing/PP_(HDRP)/TTFEL-Day_SettingsProfile.asset using Guid(bb3f54d59e824274f8b62cb1f096bd64) Importer(2089858483,0ecaa5967403d082aa24f35e1b516d23) [PhysX] Initialized MultithreadedTaskDispatcher with 16 workers.
 -> (artifact id: '9a4b896d85566f88e33607434225a588') in 0.032202 seconds
Number of updated asset objects reloaded before import = 0
Number of asset objects unloaded after import = 28
========================================================================
Received Import Request.
  Time since last request: 0.000037 seconds.
  path: Assets/Toby Fredson/The Toby Foliage Engine/(TTFE)_Core/Resources/Diffusion Profiles (HDRP)/DiffusionProfile_Grass.asset
  artifactKey: Guid(aef3e2a5611531f4b8469806404f3454) Importer(2089858483,0ecaa5967403d082aa24f35e1b516d23)
Start importing Assets/Toby Fredson/The Toby Foliage Engine/(TTFE)_Core/Resources/Diffusion Profiles (HDRP)/DiffusionProfile_Grass.asset using Guid(aef3e2a5611531f4b8469806404f3454) Importer(2089858483,0ecaa5967403d082aa24f35e1b516d23) [PhysX] Initialized MultithreadedTaskDispatcher with 16 workers.
 -> (artifact id: 'c2a8ea03890ff0a5402a3b933de2eb55') in 0.033501 seconds
Number of updated asset objects reloaded before import = 0
Number of asset objects unloaded after import = 1
========================================================================
Received Import Request.
  Time since last request: 0.000034 seconds.
  path: Assets/Toby Fredson/The Toby Foliage Engine/(TTFE)_Demo/Materials/Materials_Particle FX
  artifactKey: Guid(254ed029d85d7714faab7ddaa93271fc) Importer(2089858483,0ecaa5967403d082aa24f35e1b516d23)
Start importing Assets/Toby Fredson/The Toby Foliage Engine/(TTFE)_Demo/Materials/Materials_Particle FX using Guid(254ed029d85d7714faab7ddaa93271fc) Importer(2089858483,0ecaa5967403d082aa24f35e1b516d23) [PhysX] Initialized MultithreadedTaskDispatcher with 16 workers.
 -> (artifact id: '43b6c01d14b0cab1c5e39fd556a2ad8a') in 0.020581 seconds
Number of updated asset objects reloaded before import = 0
Number of asset objects unloaded after import = 1
========================================================================
Received Import Request.
  Time since last request: 0.000038 seconds.
  path: Assets/Toby Fredson/The Toby Foliage Engine/(TTFE)_Demo/Materials/Materials_Skybox/SkyMapRHEWP_Dawn.mat
  artifactKey: Guid(f338294b4eac6084a881a8b77d84299c) Importer(2089858483,0ecaa5967403d082aa24f35e1b516d23)
Start importing Assets/Toby Fredson/The Toby Foliage Engine/(TTFE)_Demo/Materials/Materials_Skybox/SkyMapRHEWP_Dawn.mat using Guid(f338294b4eac6084a881a8b77d84299c) Importer(2089858483,0ecaa5967403d082aa24f35e1b516d23) [PhysX] Initialized MultithreadedTaskDispatcher with 16 workers.
 -> (artifact id: 'ef5b2f8341599229452d4c275d373a58') in 0.032389 seconds
Number of updated asset objects reloaded before import = 0
Number of asset objects unloaded after import = 1
========================================================================
Received Import Request.
  Time since last request: 156.350706 seconds.
  path: Assets/Toby Fredson/The Toby Foliage Engine/(TTFE)_Demo/Materials/Materials_Particle FX/Falling Leaves A.mat
  artifactKey: Guid(9b19b0ed41d44ee4fa1a476cb469a8a9) Importer(2089858483,0ecaa5967403d082aa24f35e1b516d23)
Start importing Assets/Toby Fredson/The Toby Foliage Engine/(TTFE)_Demo/Materials/Materials_Particle FX/Falling Leaves A.mat using Guid(9b19b0ed41d44ee4fa1a476cb469a8a9) Importer(2089858483,0ecaa5967403d082aa24f35e1b516d23) [PhysX] Initialized MultithreadedTaskDispatcher with 16 workers.
 -> (artifact id: 'ffb7b9519ba4e0b4e6d1d22aefee99d9') in 0.036875 seconds
Number of updated asset objects reloaded before import = 12
Number of asset objects unloaded after import = 3
========================================================================
Received Import Request.
  Time since last request: 0.000048 seconds.
  path: Assets/Toby Fredson/The Toby Foliage Engine/(TTFE)_Demo/Materials/Materials_Helpers/Default Ground.mat
  artifactKey: Guid(77889b74467210c42868d9b701705531) Importer(2089858483,0ecaa5967403d082aa24f35e1b516d23)
Start importing Assets/Toby Fredson/The Toby Foliage Engine/(TTFE)_Demo/Materials/Materials_Helpers/Default Ground.mat using Guid(77889b74467210c42868d9b701705531) Importer(2089858483,0ecaa5967403d082aa24f35e1b516d23) [PhysX] Initialized MultithreadedTaskDispatcher with 16 workers.
 -> (artifact id: 'ee5cda257c72a0b1ec9be78ef28dccd0') in 0.036213 seconds
Number of updated asset objects reloaded before import = 0
Number of asset objects unloaded after import = 1
========================================================================
Received Import Request.
  Time since last request: 0.000063 seconds.
  path: Assets/Toby Fredson/The Toby Foliage Engine/(TTFE)_Demo/Materials/Materials_TTFE (Defaults)/TTFE_Billboard.mat
  artifactKey: Guid(c6386c8aefe1b7048b0ea97849c94061) Importer(2089858483,0ecaa5967403d082aa24f35e1b516d23)
Start importing Assets/Toby Fredson/The Toby Foliage Engine/(TTFE)_Demo/Materials/Materials_TTFE (Defaults)/TTFE_Billboard.mat using Guid(c6386c8aefe1b7048b0ea97849c94061) Importer(2089858483,0ecaa5967403d082aa24f35e1b516d23) [PhysX] Initialized MultithreadedTaskDispatcher with 16 workers.
 -> (artifact id: '7efd7451d2c55c8171d35aa8b2ee2713') in 0.444102 seconds
Number of updated asset objects reloaded before import = 0
Number of asset objects unloaded after import = 2
Editor requested this worker to shutdown with reason: Scaling down because of idle timeout
TcpMessagingSession - receive error: operation aborted. errorcode: 995, details: Der E/A-Vorgang wurde wegen eines Threadendes oder einer Anwendungsanforderung abgebrochen.
AssetImportWorker is now disconnected from the server
Process exiting
Exiting without the bug reporter. Application will terminate with return code 0