Using pre-set license
Built from '2022.3/staging' branch; Version is '2022.3.62f1 (4af31df58517) revision 4911901'; Using compiler version '192829333'; Build Type 'Release'
OS: 'Windows 10  (10.0.19045) 64bit Professional' Language: 'de' Physical Memory: 32700 MB
BatchMode: 1, IsHumanControllingUs: 0, StartBugReporterOnCrash: 0, Is64bit: 1, IsPro: 1

COMMAND LINE ARGUMENTS:
C:\Program Files\Unity\Hub\Editor\2022.3.62f1\Editor\Unity.exe
-adb2
-batchMode
-noUpm
-name
AssetImportWorker6
-projectPath
C:/StudentProjects/Serious game group 18/My project
-logFile
Logs/AssetImportWorker6.log
-srvPort
54785
Successfully changed project path to: C:/StudentProjects/Serious game group 18/My project
C:/StudentProjects/Serious game group 18/My project
[UnityMemory] Configuration Parameters - Can be set up in boot.config
    "memorysetup-bucket-allocator-granularity=16"
    "memorysetup-bucket-allocator-bucket-count=8"
    "memorysetup-bucket-allocator-block-size=33554432"
    "memorysetup-bucket-allocator-block-count=8"
    "memorysetup-main-allocator-block-size=16777216"
    "memorysetup-thread-allocator-block-size=16777216"
    "memorysetup-gfx-main-allocator-block-size=16777216"
    "memorysetup-gfx-thread-allocator-block-size=16777216"
    "memorysetup-cache-allocator-block-size=4194304"
    "memorysetup-typetree-allocator-block-size=2097152"
    "memorysetup-profiler-bucket-allocator-granularity=16"
    "memorysetup-profiler-bucket-allocator-bucket-count=8"
    "memorysetup-profiler-bucket-allocator-block-size=33554432"
    "memorysetup-profiler-bucket-allocator-block-count=8"
    "memorysetup-profiler-allocator-block-size=16777216"
    "memorysetup-profiler-editor-allocator-block-size=1048576"
    "memorysetup-temp-allocator-size-main=16777216"
    "memorysetup-job-temp-allocator-block-size=2097152"
    "memorysetup-job-temp-allocator-block-size-background=1048576"
    "memorysetup-job-temp-allocator-reduction-small-platforms=262144"
    "memorysetup-allocator-temp-initial-block-size-main=262144"
    "memorysetup-allocator-temp-initial-block-size-worker=262144"
    "memorysetup-temp-allocator-size-background-worker=32768"
    "memorysetup-temp-allocator-size-job-worker=262144"
    "memorysetup-temp-allocator-size-preload-manager=33554432"
    "memorysetup-temp-allocator-size-nav-mesh-worker=65536"
    "memorysetup-temp-allocator-size-audio-worker=65536"
    "memorysetup-temp-allocator-size-cloud-worker=32768"
    "memorysetup-temp-allocator-size-gi-baking-worker=262144"
    "memorysetup-temp-allocator-size-gfx=262144"
Player connection [5048]  Target information:

Player connection [5048]  * "[IP] 192.168.253.171 [Port] 0 [Flags] 2 [Guid] 1807147306 [EditorId] 1807147306 [Version] 1048832 [Id] WindowsEditor(7,DESKTOP-66DGGND) [Debug] 1 [PackageName] WindowsEditor [ProjectName] Editor" 

Player connection [5048] Host joined multi-casting on [225.0.0.222:54997]...
Player connection [5048] Host joined alternative multi-casting on [225.0.0.222:34997]...
Input System module state changed to: Initialized.
[PhysX] Initialized MultithreadedTaskDispatcher with 16 workers.
Refreshing native plugins compatible for Editor in 67.95 ms, found 12 plugins.
Preloading 0 native plugins for Editor in 0.00 ms.
Initialize engine version: 2022.3.62f1 (4af31df58517)
[Subsystems] Discovering subsystems at path C:/Program Files/Unity/Hub/Editor/2022.3.62f1/Editor/Data/Resources/UnitySubsystems
[Subsystems] Discovering subsystems at path C:/StudentProjects/Serious game group 18/My project/Assets
GfxDevice: creating device client; threaded=0; jobified=0
Direct3D:
    Version:  Direct3D 11.0 [level 11.1]
    Renderer: Radeon RX Vega (ID=0x687f)
    Vendor:   ATI
    VRAM:     8119 MB
    Driver:   31.0.12027.9001
Shader 'Fristy/Nature/Leaves': fallback shader 'TransparentCutout' not found
Shader 'Fristy/Nature/Leaves 2': fallback shader 'TransparentCutout' not found
Shader 'Fristy/Nature/Leaves 2': fallback shader 'TransparentCutout' not found
Shader 'Fristy/Nature/Leaves': fallback shader 'TransparentCutout' not found
Initialize mono
Mono path[0] = 'C:/Program Files/Unity/Hub/Editor/2022.3.62f1/Editor/Data/Managed'
Mono path[1] = 'C:/Program Files/Unity/Hub/Editor/2022.3.62f1/Editor/Data/MonoBleedingEdge/lib/mono/unityjit-win32'
Mono config path = 'C:/Program Files/Unity/Hub/Editor/2022.3.62f1/Editor/Data/MonoBleedingEdge/etc'
Using monoOptions --debugger-agent=transport=dt_socket,embedding=1,server=y,suspend=n,address=127.0.0.1:56244
Begin MonoManager ReloadAssembly
Registering precompiled unity dll's ...
Register platform support module: C:/Program Files/Unity/Hub/Editor/2022.3.62f1/Editor/Data/PlaybackEngines/WindowsStandaloneSupport/UnityEditor.WindowsStandalone.Extensions.dll
Registered in 0.015947 seconds.
- Loaded All Assemblies, in  0.553 seconds
Native extension for WindowsStandalone target not found
Mono: successfully reloaded assembly
- Finished resetting the current domain, in  0.452 seconds
Domain Reload Profiling: 1001ms
	BeginReloadAssembly (177ms)
		ExecutionOrderSort (0ms)
		DisableScriptedObjects (0ms)
		BackupInstance (0ms)
		ReleaseScriptingObjects (0ms)
		CreateAndSetChildDomain (1ms)
	RebuildCommonClasses (49ms)
	RebuildNativeTypeToScriptingClass (14ms)
	initialDomainReloadingComplete (97ms)
	LoadAllAssembliesAndSetupDomain (211ms)
		LoadAssemblies (172ms)
		RebuildTransferFunctionScriptingTraits (0ms)
		AnalyzeDomain (209ms)
			TypeCache.Refresh (207ms)
				TypeCache.ScanAssembly (188ms)
			ScanForSourceGeneratedMonoScriptInfo (0ms)
			ResolveRequiredComponents (1ms)
	FinalizeReload (452ms)
		ReleaseScriptCaches (0ms)
		RebuildScriptCaches (0ms)
		SetupLoadedEditorAssemblies (373ms)
			LogAssemblyErrors (0ms)
			InitializePlatformSupportModulesInManaged (17ms)
			SetLoadedEditorAssemblies (15ms)
			RefreshPlugins (0ms)
			BeforeProcessingInitializeOnLoad (3ms)
			ProcessInitializeOnLoadAttributes (253ms)
			ProcessInitializeOnLoadMethodAttributes (84ms)
			AfterProcessingInitializeOnLoad (0ms)
			EditorAssembliesLoaded (0ms)
		ExecutionOrderSort2 (0ms)
		AwakeInstancesAfterBackupRestoration (0ms)
========================================================================
Worker process is ready to serve import requests
Caller must complete domain reload
Begin MonoManager ReloadAssembly
- Loaded All Assemblies, in  1.681 seconds
Native extension for WindowsStandalone target not found
Package Manager log level set to [2]
[Package Manager] Server::EnsureServerProcessIsRunning -- launch failed, reason: Unity was launched with the -noUpm command-line argument
[Package Manager] UpmClient::Send -- Unable to send message (not connected to UPM process).
[Package Manager] Cannot connect to Unity Package Manager local server
Mono: successfully reloaded assembly
[Package Manager] Server::EnsureServerProcessIsRunning -- launch failed, reason: Unity was launched with the -noUpm command-line argument
[Package Manager] UpmClient::Send -- Unable to send message (not connected to UPM process).
[Package Manager] Cannot connect to Unity Package Manager local server
[Package Manager] Server::EnsureServerProcessIsRunning -- launch failed, reason: Unity was launched with the -noUpm command-line argument
[Package Manager] UpmClient::Send -- Unable to send message (not connected to UPM process).
[Package Manager] Cannot connect to Unity Package Manager local server
- Finished resetting the current domain, in  2.621 seconds
Domain Reload Profiling: 4292ms
	BeginReloadAssembly (212ms)
		ExecutionOrderSort (0ms)
		DisableScriptedObjects (12ms)
		BackupInstance (0ms)
		ReleaseScriptingObjects (0ms)
		CreateAndSetChildDomain (26ms)
	RebuildCommonClasses (50ms)
	RebuildNativeTypeToScriptingClass (14ms)
	initialDomainReloadingComplete (57ms)
	LoadAllAssembliesAndSetupDomain (1337ms)
		LoadAssemblies (828ms)
		RebuildTransferFunctionScriptingTraits (0ms)
		AnalyzeDomain (629ms)
			TypeCache.Refresh (515ms)
				TypeCache.ScanAssembly (480ms)
			ScanForSourceGeneratedMonoScriptInfo (77ms)
			ResolveRequiredComponents (34ms)
	FinalizeReload (2622ms)
		ReleaseScriptCaches (0ms)
		RebuildScriptCaches (0ms)
		SetupLoadedEditorAssemblies (2207ms)
			LogAssemblyErrors (0ms)
			InitializePlatformSupportModulesInManaged (14ms)
			SetLoadedEditorAssemblies (10ms)
			RefreshPlugins (0ms)
			BeforeProcessingInitializeOnLoad (390ms)
			ProcessInitializeOnLoadAttributes (1296ms)
			ProcessInitializeOnLoadMethodAttributes (482ms)
			AfterProcessingInitializeOnLoad (15ms)
			EditorAssembliesLoaded (1ms)
		ExecutionOrderSort2 (0ms)
		AwakeInstancesAfterBackupRestoration (10ms)
WARNING: Shader Unsupported: 'Hidden/Universal Render Pipeline/Terrain/Lit (Base Pass)' - All subshaders removed
WARNING: Shader Did you use #pragma only_renderers and omit this platform?
WARNING: Shader If subshaders removal was intentional, you may have forgotten turning Fallback off?
WARNING: Shader Unsupported: 'Hidden/Universal Render Pipeline/Terrain/Lit (Base Pass)' - All subshaders removed
WARNING: Shader Did you use #pragma only_renderers and omit this platform?
WARNING: Shader If subshaders removal was intentional, you may have forgotten turning Fallback off?
WARNING: Shader Unsupported: 'Universal Render Pipeline/Terrain/Lit' - All subshaders removed
WARNING: Shader Did you use #pragma only_renderers and omit this platform?
WARNING: Shader If subshaders removal was intentional, you may have forgotten turning Fallback off?
WARNING: Shader Unsupported: 'Universal Render Pipeline/Terrain/Lit' - All subshaders removed
WARNING: Shader Did you use #pragma only_renderers and omit this platform?
WARNING: Shader If subshaders removal was intentional, you may have forgotten turning Fallback off?
WARNING: Shader Unsupported: 'Hidden/Builtin_TerrainVisualization' - All subshaders removed
WARNING: Shader Did you use #pragma only_renderers and omit this platform?
WARNING: Shader If subshaders removal was intentional, you may have forgotten turning Fallback off?
WARNING: Shader Unsupported: 'Hidden/Builtin_TerrainVisualization' - All subshaders removed
WARNING: Shader Did you use #pragma only_renderers and omit this platform?
WARNING: Shader If subshaders removal was intentional, you may have forgotten turning Fallback off?
Shader 'Fristy/Nature/Leaves 2': fallback shader 'TransparentCutout' not found
Shader 'Fristy/Nature/Leaves': fallback shader 'TransparentCutout' not found
Shader 'Fristy/Nature/Leaves 2': fallback shader 'TransparentCutout' not found
Shader 'Fristy/Nature/Leaves': fallback shader 'TransparentCutout' not found
Launched and connected shader compiler UnityShaderCompiler.exe after 0.06 seconds
Refreshing native plugins compatible for Editor in 41.16 ms, found 12 plugins.
Preloading 0 native plugins for Editor in 0.00 ms.
Unloading 9401 Unused Serialized files (Serialized files now loaded: 0)
Unloading 167 unused Assets / (7.6 MB). Loaded Objects now: 9944.
Memory consumption went from 0.53 GB to 0.52 GB.
Total: 9.938200 ms (FindLiveObjects: 1.016300 ms CreateObjectMapping: 0.387000 ms MarkObjects: 4.998500 ms  DeleteObjects: 3.534400 ms)

AssetImportParameters requested are different than current active one (requested -> active):
  custom:container-demuxer-ogg: 62fdf1f143b41e24485cea50d1cbac27 -> 
  custom:framework-win-MediaFoundation: 216162199b28c13a410421893ffa2e32 -> 
  custom:container-muxer-webm: aa71ff27fc2769a1b78a27578f13a17b -> 
  custom:video-decoder-webm-vp8: 9c59270c3fd7afecdb556c50c9e8de78 -> 
  custom:SearchIndexIgnoredProperties: e643bd26f0fe6173181afceb89e7c659 -> 
  custom:AudioImporter_EditorPlatform: d09bf68614088b80899f8185d706f6e7 -> 
  custom:audio-decoder-ogg-vorbis: bf7c407c2cedff20999df2af8eb42d56 -> 
  custom:audio-encoder-webm-vorbis: bf7c407c2cedff20999df2af8eb42d56 -> 
  custom:video-codec-MediaFoundation-h265: 746d11721c4dcdbdad8f713fa42b33f4 -> 
  custom:video-decoder-ogg-theora: a1e56fd34408186e4bbccfd4996cb3dc -> 
  custom:CustomObjectIndexerAttribute: 3ead1caaecf1c488f20bcfeb224b6af5 -> 
  custom:container-demuxer-webm: 4f35f7cbe854078d1ac9338744f61a02 -> 
  custom:video-encoder-webm-vp8: eb34c28f22e8b96e1ab97ce403110664 -> 
========================================================================
Received Import Request.
  Time since last request: 363201.574641 seconds.
  path: Assets/Fristy stylize Modular Assets 2/Textures/Rock_T_D_2.png
  artifactKey: Guid(797b94287053fb847ae3b1e8a8456c1c) Importer(815301076,1909f56bfc062723c751e8b465ee728b)
Start importing Assets/Fristy stylize Modular Assets 2/Textures/Rock_T_D_2.png using Guid(797b94287053fb847ae3b1e8a8456c1c) Importer(815301076,1909f56bfc062723c751e8b465ee728b) [PhysX] Initialized MultithreadedTaskDispatcher with 16 workers.
[PhysX] Initialized MultithreadedTaskDispatcher with 16 workers.
 -> (artifact id: '2f5597e2e79ed819c6e85b6f4d7bbdd1') in 0.125629 seconds
Number of updated asset objects reloaded before import = 0
Number of asset objects unloaded after import = 2
========================================================================
Received Import Request.
  Time since last request: 366.646367 seconds.
  path: Assets/Fristy stylize Modular Assets 2/Textures/Rock_Tile_DS.png
  artifactKey: Guid(07605a3ca342b0548a0fe281ecf157a7) Importer(815301076,1909f56bfc062723c751e8b465ee728b)
Start importing Assets/Fristy stylize Modular Assets 2/Textures/Rock_Tile_DS.png using Guid(07605a3ca342b0548a0fe281ecf157a7) Importer(815301076,1909f56bfc062723c751e8b465ee728b) [PhysX] Initialized MultithreadedTaskDispatcher with 16 workers.
[PhysX] Initialized MultithreadedTaskDispatcher with 16 workers.
 -> (artifact id: 'a1b8b00d644dbd91e9381ca026b8d251') in 0.032334 seconds
Number of updated asset objects reloaded before import = 0
Number of asset objects unloaded after import = 2
========================================================================
Received Import Request.
  Time since last request: 0.007843 seconds.
  path: Assets/Grass And Flowers Pack 1/Ground Textures/RockSharp 1_D.png
  artifactKey: Guid(d2504622f77f75f41b1fbfcd72fc3dc3) Importer(815301076,1909f56bfc062723c751e8b465ee728b)
Start importing Assets/Grass And Flowers Pack 1/Ground Textures/RockSharp 1_D.png using Guid(d2504622f77f75f41b1fbfcd72fc3dc3) Importer(815301076,1909f56bfc062723c751e8b465ee728b) [PhysX] Initialized MultithreadedTaskDispatcher with 16 workers.
[PhysX] Initialized MultithreadedTaskDispatcher with 16 workers.
 -> (artifact id: 'c5aed1a164c90d831cacd3771ff874a1') in 0.025560 seconds
Number of updated asset objects reloaded before import = 0
Number of asset objects unloaded after import = 2
========================================================================
Received Import Request.
  Time since last request: 0.000031 seconds.
  path: Assets/Toby Fredson/The Toby Foliage Engine/(TTFE)_Demo/Meshes/Meshes_Vegetation/MV_Static/RocksTTFEL_B.fbx
  artifactKey: Guid(6fe4ffad068d8d242a793d7461a3f4f0) Importer(815301076,1909f56bfc062723c751e8b465ee728b)
Start importing Assets/Toby Fredson/The Toby Foliage Engine/(TTFE)_Demo/Meshes/Meshes_Vegetation/MV_Static/RocksTTFEL_B.fbx using Guid(6fe4ffad068d8d242a793d7461a3f4f0) Importer(815301076,1909f56bfc062723c751e8b465ee728b) [PhysX] Initialized MultithreadedTaskDispatcher with 16 workers.
[PhysX] Initialized MultithreadedTaskDispatcher with 16 workers.
[PhysX] Initialized MultithreadedTaskDispatcher with 16 workers.
 -> (artifact id: 'a25d818309f97ad84789320148285b6f') in 1.199559 seconds
Number of updated asset objects reloaded before import = 0
Number of asset objects unloaded after import = 72
========================================================================
Received Import Request.
  Time since last request: 0.000062 seconds.
  path: Assets/Rowlan/Terrain/Stamps/Examples/Heightmaps/Rocky Desert 12.png
  artifactKey: Guid(64cfc30795f81614b8a452fbfdf40a49) Importer(815301076,1909f56bfc062723c751e8b465ee728b)
Start importing Assets/Rowlan/Terrain/Stamps/Examples/Heightmaps/Rocky Desert 12.png using Guid(64cfc30795f81614b8a452fbfdf40a49) Importer(815301076,1909f56bfc062723c751e8b465ee728b) [PhysX] Initialized MultithreadedTaskDispatcher with 16 workers.
[PhysX] Initialized MultithreadedTaskDispatcher with 16 workers.
 -> (artifact id: 'b887d31c3f461130feaca7464b4514b7') in 0.079866 seconds
Number of updated asset objects reloaded before import = 0
Number of asset objects unloaded after import = 2
========================================================================
Received Import Request.
  Time since last request: 0.000044 seconds.
  path: Assets/Toby Fredson/The Toby Foliage Engine/(TTFE)_Demo/Materials/Materials_Static/RocksTTFEL.mat
  artifactKey: Guid(704fbb0e1e93ce54a8749a348b156bed) Importer(815301076,1909f56bfc062723c751e8b465ee728b)
Start importing Assets/Toby Fredson/The Toby Foliage Engine/(TTFE)_Demo/Materials/Materials_Static/RocksTTFEL.mat using Guid(704fbb0e1e93ce54a8749a348b156bed) Importer(815301076,1909f56bfc062723c751e8b465ee728b) [PhysX] Initialized MultithreadedTaskDispatcher with 16 workers.
[PhysX] Initialized MultithreadedTaskDispatcher with 16 workers.
 -> (artifact id: '6d2b062a468a0060b930b780e4db0abf') in 0.079004 seconds
Number of updated asset objects reloaded before import = 0
Number of asset objects unloaded after import = 4
========================================================================
Received Import Request.
  Time since last request: 0.000048 seconds.
  path: Assets/Toby Fredson/The Toby Foliage Engine/(TTFE)_Demo/Meshes/Meshes_Vegetation/MV_Static/RocksTTFEL_C.fbx
  artifactKey: Guid(f096e133f2715d84da034de48fe2c550) Importer(815301076,1909f56bfc062723c751e8b465ee728b)
Start importing Assets/Toby Fredson/The Toby Foliage Engine/(TTFE)_Demo/Meshes/Meshes_Vegetation/MV_Static/RocksTTFEL_C.fbx using Guid(f096e133f2715d84da034de48fe2c550) Importer(815301076,1909f56bfc062723c751e8b465ee728b) [PhysX] Initialized MultithreadedTaskDispatcher with 16 workers.
[PhysX] Initialized MultithreadedTaskDispatcher with 16 workers.
[PhysX] Initialized MultithreadedTaskDispatcher with 16 workers.
 -> (artifact id: 'd1f83c5cc5051532773660f7514fca21') in 0.041182 seconds
Number of updated asset objects reloaded before import = 0
Number of asset objects unloaded after import = 7
========================================================================
Received Import Request.
  Time since last request: 0.000053 seconds.
  path: Assets/Toby Fredson/The Toby Foliage Engine/(TTFE)_Demo/Textures/Textures_Static/RocksTTFEL_Normal.png
  artifactKey: Guid(c4293be6cd56677499294b4312e385a8) Importer(815301076,1909f56bfc062723c751e8b465ee728b)
Start importing Assets/Toby Fredson/The Toby Foliage Engine/(TTFE)_Demo/Textures/Textures_Static/RocksTTFEL_Normal.png using Guid(c4293be6cd56677499294b4312e385a8) Importer(815301076,1909f56bfc062723c751e8b465ee728b) [PhysX] Initialized MultithreadedTaskDispatcher with 16 workers.
[PhysX] Initialized MultithreadedTaskDispatcher with 16 workers.
 -> (artifact id: '13c442e1ec9220d3529f06f90b447c85') in 0.031377 seconds
Number of updated asset objects reloaded before import = 0
Number of asset objects unloaded after import = 2
========================================================================
Received Import Request.
  Time since last request: 0.000047 seconds.
  path: Assets/Toby Fredson/The Toby Foliage Engine/(TTFE)_Demo/Textures/Textures_Static/RocksTTFEL_Albedo.png
  artifactKey: Guid(cd637fe5f91dcba4bb1da8bc402fe2d4) Importer(815301076,1909f56bfc062723c751e8b465ee728b)
Start importing Assets/Toby Fredson/The Toby Foliage Engine/(TTFE)_Demo/Textures/Textures_Static/RocksTTFEL_Albedo.png using Guid(cd637fe5f91dcba4bb1da8bc402fe2d4) Importer(815301076,1909f56bfc062723c751e8b465ee728b) [PhysX] Initialized MultithreadedTaskDispatcher with 16 workers.
[PhysX] Initialized MultithreadedTaskDispatcher with 16 workers.
 -> (artifact id: '5de253d6cba7bf0d291cdc050b44ae0e') in 0.025947 seconds
Number of updated asset objects reloaded before import = 0
Number of asset objects unloaded after import = 2
========================================================================
Received Import Request.
  Time since last request: 0.000038 seconds.
  path: Assets/Grass And Flowers Pack 1/Ground Textures/RockSharp 1_N.png
  artifactKey: Guid(35d3ff6cdcda018438ec443fd827b089) Importer(815301076,1909f56bfc062723c751e8b465ee728b)
Start importing Assets/Grass And Flowers Pack 1/Ground Textures/RockSharp 1_N.png using Guid(35d3ff6cdcda018438ec443fd827b089) Importer(815301076,1909f56bfc062723c751e8b465ee728b) [PhysX] Initialized MultithreadedTaskDispatcher with 16 workers.
[PhysX] Initialized MultithreadedTaskDispatcher with 16 workers.
 -> (artifact id: '13113a59848b794ef80193bad81c82ee') in 0.024717 seconds
Number of updated asset objects reloaded before import = 0
Number of asset objects unloaded after import = 2
========================================================================
Received Import Request.
  Time since last request: 0.000037 seconds.
  path: Assets/Rowlan/Terrain/Stamps/Examples/Heightmaps/Rocky Plateaus 01.png
  artifactKey: Guid(69464108deb167e48b5748cea2aa3bf9) Importer(815301076,1909f56bfc062723c751e8b465ee728b)
Start importing Assets/Rowlan/Terrain/Stamps/Examples/Heightmaps/Rocky Plateaus 01.png using Guid(69464108deb167e48b5748cea2aa3bf9) Importer(815301076,1909f56bfc062723c751e8b465ee728b) [PhysX] Initialized MultithreadedTaskDispatcher with 16 workers.
[PhysX] Initialized MultithreadedTaskDispatcher with 16 workers.
 -> (artifact id: '7130f497efb1b1937eced5ca5672c84f') in 0.055255 seconds
Number of updated asset objects reloaded before import = 0
Number of asset objects unloaded after import = 2
========================================================================
Received Import Request.
  Time since last request: 0.000051 seconds.
  path: Assets/Toby Fredson/The Toby Foliage Engine/(TTFE)_Demo/Textures/Textures_Static/RocksTTFEL_MAG.png
  artifactKey: Guid(3d3a6fc1d8217e44fa40647313b40929) Importer(815301076,1909f56bfc062723c751e8b465ee728b)
Start importing Assets/Toby Fredson/The Toby Foliage Engine/(TTFE)_Demo/Textures/Textures_Static/RocksTTFEL_MAG.png using Guid(3d3a6fc1d8217e44fa40647313b40929) Importer(815301076,1909f56bfc062723c751e8b465ee728b) [PhysX] Initialized MultithreadedTaskDispatcher with 16 workers.
[PhysX] Initialized MultithreadedTaskDispatcher with 16 workers.
 -> (artifact id: 'b242b7e990d6671a7a6e719344479f56') in 0.023176 seconds
Number of updated asset objects reloaded before import = 0
Number of asset objects unloaded after import = 2
========================================================================
Received Import Request.
  Time since last request: 32.326728 seconds.
  path: Assets/Rowlan/Terrain/Stamps/Examples/Brushes/Rugged Rocks 02.brush
  artifactKey: Guid(1c5e9b0de1229b444a53addd0fc3032d) Importer(815301076,1909f56bfc062723c751e8b465ee728b)
Start importing Assets/Rowlan/Terrain/Stamps/Examples/Brushes/Rugged Rocks 02.brush using Guid(1c5e9b0de1229b444a53addd0fc3032d) Importer(815301076,1909f56bfc062723c751e8b465ee728b) [PhysX] Initialized MultithreadedTaskDispatcher with 16 workers.
 -> (artifact id: 'f945afcd696a809bea86a33833d8d217') in 0.071273 seconds
Number of updated asset objects reloaded before import = 0
Number of asset objects unloaded after import = 2
========================================================================
Received Import Request.
  Time since last request: 0.000095 seconds.
  path: Assets/Fristy stylize Modular Assets 2/Textures/Soil & Rocks_Difuse.png
  artifactKey: Guid(bad6369814266b84c811b88adbea81bd) Importer(815301076,1909f56bfc062723c751e8b465ee728b)
Start importing Assets/Fristy stylize Modular Assets 2/Textures/Soil & Rocks_Difuse.png using Guid(bad6369814266b84c811b88adbea81bd) Importer(815301076,1909f56bfc062723c751e8b465ee728b) [PhysX] Initialized MultithreadedTaskDispatcher with 16 workers.
[PhysX] Initialized MultithreadedTaskDispatcher with 16 workers.
 -> (artifact id: '61249d5cff28c475896dccd7f5bc8ce8') in 0.027127 seconds
Number of updated asset objects reloaded before import = 0
Number of asset objects unloaded after import = 2
========================================================================
Received Import Request.
  Time since last request: 0.000047 seconds.
  path: Assets/Rowlan/Terrain/Stamps/Examples/Heightmaps/Rugged Sedimented Rocks 24.png
  artifactKey: Guid(30562f4afbd3dcf4a954cd42314b9e03) Importer(815301076,1909f56bfc062723c751e8b465ee728b)
Start importing Assets/Rowlan/Terrain/Stamps/Examples/Heightmaps/Rugged Sedimented Rocks 24.png using Guid(30562f4afbd3dcf4a954cd42314b9e03) Importer(815301076,1909f56bfc062723c751e8b465ee728b) [PhysX] Initialized MultithreadedTaskDispatcher with 16 workers.
[PhysX] Initialized MultithreadedTaskDispatcher with 16 workers.
 -> (artifact id: 'd36ceb161a69e4c7f84d24a834182a88') in 0.065726 seconds
Number of updated asset objects reloaded before import = 0
Number of asset objects unloaded after import = 2
========================================================================
Received Import Request.
  Time since last request: 0.000068 seconds.
  path: Assets/Rowlan/Terrain/Stamps/Examples/Heightmaps/Strata Rocks 23.png
  artifactKey: Guid(23a321446dd77ba45afa298f1a14ed29) Importer(815301076,1909f56bfc062723c751e8b465ee728b)
Start importing Assets/Rowlan/Terrain/Stamps/Examples/Heightmaps/Strata Rocks 23.png using Guid(23a321446dd77ba45afa298f1a14ed29) Importer(815301076,1909f56bfc062723c751e8b465ee728b) [PhysX] Initialized MultithreadedTaskDispatcher with 16 workers.
[PhysX] Initialized MultithreadedTaskDispatcher with 16 workers.
 -> (artifact id: '2e37099b1b20d198d4feb6becee207d7') in 0.062723 seconds
Number of updated asset objects reloaded before import = 0
Number of asset objects unloaded after import = 2
========================================================================
Received Import Request.
  Time since last request: 0.000053 seconds.
  path: Assets/Rowlan/Terrain/Stamps/Examples/Brushes/Strata Rocks 23.brush
  artifactKey: Guid(05026438036966340a93d56a797bb205) Importer(815301076,1909f56bfc062723c751e8b465ee728b)
Start importing Assets/Rowlan/Terrain/Stamps/Examples/Brushes/Strata Rocks 23.brush using Guid(05026438036966340a93d56a797bb205) Importer(815301076,1909f56bfc062723c751e8b465ee728b) [PhysX] Initialized MultithreadedTaskDispatcher with 16 workers.
 -> (artifact id: '07136c9c362823af10c889ca066dce51') in 0.068996 seconds
Number of updated asset objects reloaded before import = 0
Number of asset objects unloaded after import = 2
========================================================================
Received Import Request.
  Time since last request: 0.000078 seconds.
  path: Assets/NatureManufacture Assets/Advanced Foliage Pack/Ground Textures/Materials/T_Ground_Rock_04.mat
  artifactKey: Guid(39c4067b98040a446b4b9fc2c3ad1237) Importer(815301076,1909f56bfc062723c751e8b465ee728b)
Start importing Assets/NatureManufacture Assets/Advanced Foliage Pack/Ground Textures/Materials/T_Ground_Rock_04.mat using Guid(39c4067b98040a446b4b9fc2c3ad1237) Importer(815301076,1909f56bfc062723c751e8b465ee728b) [PhysX] Initialized MultithreadedTaskDispatcher with 16 workers.
[PhysX] Initialized MultithreadedTaskDispatcher with 16 workers.
 -> (artifact id: '1ebfdba8f0458eb1d28b2defcc26e13f') in 0.107640 seconds
Number of updated asset objects reloaded before import = 0
Number of asset objects unloaded after import = 6
========================================================================
Received Import Request.
  Time since last request: 0.000049 seconds.
  path: Assets/NatureManufacture Assets/Advanced Foliage Pack/Ground Textures/T_Ground_Rocks_05_A.tga
  artifactKey: Guid(3a2574fe9ac5e89488d76d88ca4be829) Importer(815301076,1909f56bfc062723c751e8b465ee728b)
Start importing Assets/NatureManufacture Assets/Advanced Foliage Pack/Ground Textures/T_Ground_Rocks_05_A.tga using Guid(3a2574fe9ac5e89488d76d88ca4be829) Importer(815301076,1909f56bfc062723c751e8b465ee728b) [PhysX] Initialized MultithreadedTaskDispatcher with 16 workers.
[PhysX] Initialized MultithreadedTaskDispatcher with 16 workers.
 -> (artifact id: '68e42f5396fdb76af48fbab4a79fcc0d') in 0.029982 seconds
Number of updated asset objects reloaded before import = 0
Number of asset objects unloaded after import = 2
========================================================================
Received Import Request.
  Time since last request: 0.000062 seconds.
  path: Assets/NatureManufacture Assets/Advanced Foliage Pack/Ground Textures/T_Ground_Rocks_03_N.png
  artifactKey: Guid(5b015df199923ca4fad333fc724fb5c3) Importer(815301076,1909f56bfc062723c751e8b465ee728b)
Start importing Assets/NatureManufacture Assets/Advanced Foliage Pack/Ground Textures/T_Ground_Rocks_03_N.png using Guid(5b015df199923ca4fad333fc724fb5c3) Importer(815301076,1909f56bfc062723c751e8b465ee728b) [PhysX] Initialized MultithreadedTaskDispatcher with 16 workers.
[PhysX] Initialized MultithreadedTaskDispatcher with 16 workers.
 -> (artifact id: 'f356a90ad5fc09445aadafa3759edfcd') in 0.032976 seconds
Number of updated asset objects reloaded before import = 0
Number of asset objects unloaded after import = 2
========================================================================
Received Import Request.
  Time since last request: 0.000043 seconds.
  path: Assets/NatureManufacture Assets/Advanced Foliage Pack/Ground Textures/T_Ground_Rocks_04_Mt_AO_H_Sm.tga
  artifactKey: Guid(e4b61d1de76b6a340824d15006d6ba1d) Importer(815301076,1909f56bfc062723c751e8b465ee728b)
Start importing Assets/NatureManufacture Assets/Advanced Foliage Pack/Ground Textures/T_Ground_Rocks_04_Mt_AO_H_Sm.tga using Guid(e4b61d1de76b6a340824d15006d6ba1d) Importer(815301076,1909f56bfc062723c751e8b465ee728b) [PhysX] Initialized MultithreadedTaskDispatcher with 16 workers.
[PhysX] Initialized MultithreadedTaskDispatcher with 16 workers.
 -> (artifact id: '73765df3e94d8ed8f539079e9341242e') in 0.031023 seconds
Number of updated asset objects reloaded before import = 0
Number of asset objects unloaded after import = 2
========================================================================
Received Import Request.
  Time since last request: 0.000035 seconds.
  path: Assets/NatureManufacture Assets/Advanced Foliage Pack/Ground Textures/T_Ground_Rocks_01_H.tga
  artifactKey: Guid(7dc4cb48950d659478ee9909907b44e5) Importer(815301076,1909f56bfc062723c751e8b465ee728b)
Start importing Assets/NatureManufacture Assets/Advanced Foliage Pack/Ground Textures/T_Ground_Rocks_01_H.tga using Guid(7dc4cb48950d659478ee9909907b44e5) Importer(815301076,1909f56bfc062723c751e8b465ee728b) [PhysX] Initialized MultithreadedTaskDispatcher with 16 workers.
[PhysX] Initialized MultithreadedTaskDispatcher with 16 workers.
 -> (artifact id: '90d46e4e445cccde8a341cb2add6c338') in 0.031068 seconds
Number of updated asset objects reloaded before import = 0
Number of asset objects unloaded after import = 2
========================================================================
Received Import Request.
  Time since last request: 0.000037 seconds.
  path: Assets/NatureManufacture Assets/Advanced Foliage Pack/Ground Textures/T_Ground_Rocks_02_A.tga
  artifactKey: Guid(e6090255ee0503247aacb94586906b33) Importer(815301076,1909f56bfc062723c751e8b465ee728b)
Start importing Assets/NatureManufacture Assets/Advanced Foliage Pack/Ground Textures/T_Ground_Rocks_02_A.tga using Guid(e6090255ee0503247aacb94586906b33) Importer(815301076,1909f56bfc062723c751e8b465ee728b) [PhysX] Initialized MultithreadedTaskDispatcher with 16 workers.
[PhysX] Initialized MultithreadedTaskDispatcher with 16 workers.
 -> (artifact id: '1f4906fe6a09624f943003e60d13f2d8') in 0.023995 seconds
Number of updated asset objects reloaded before import = 0
Number of asset objects unloaded after import = 2
========================================================================
Received Import Request.
  Time since last request: 0.000038 seconds.
  path: Assets/SUIMONO - WATER SYSTEM 2/_DEMO/TERRAIN/textures_terrain/tex_rock_diff.psd
  artifactKey: Guid(c9c8928241a6e154fa2c5ade93dba77c) Importer(815301076,1909f56bfc062723c751e8b465ee728b)
Start importing Assets/SUIMONO - WATER SYSTEM 2/_DEMO/TERRAIN/textures_terrain/tex_rock_diff.psd using Guid(c9c8928241a6e154fa2c5ade93dba77c) Importer(815301076,1909f56bfc062723c751e8b465ee728b) [PhysX] Initialized MultithreadedTaskDispatcher with 16 workers.
[PhysX] Initialized MultithreadedTaskDispatcher with 16 workers.
 -> (artifact id: 'c4f8f99ef581b8617cdd0c1416870ec4') in 0.029957 seconds
Number of updated asset objects reloaded before import = 0
Number of asset objects unloaded after import = 2
========================================================================
Received Import Request.
  Time since last request: 0.000051 seconds.
  path: Assets/Rowlan/Terrain/Stamps/Examples/Heightmaps/Rugged Rocks 51.png
  artifactKey: Guid(e6165c26fed920d4d8857043a8408e16) Importer(815301076,1909f56bfc062723c751e8b465ee728b)
Start importing Assets/Rowlan/Terrain/Stamps/Examples/Heightmaps/Rugged Rocks 51.png using Guid(e6165c26fed920d4d8857043a8408e16) Importer(815301076,1909f56bfc062723c751e8b465ee728b) [PhysX] Initialized MultithreadedTaskDispatcher with 16 workers.
[PhysX] Initialized MultithreadedTaskDispatcher with 16 workers.
 -> (artifact id: '995eeb0797de67fc3bb03f96257641da') in 0.092725 seconds
Number of updated asset objects reloaded before import = 0
Number of asset objects unloaded after import = 2
========================================================================
Received Import Request.
  Time since last request: 0.000052 seconds.
  path: Assets/NatureManufacture Assets/Advanced Foliage Pack/Ground Textures/T_Ground_Rocks_02_N.png
  artifactKey: Guid(e4890495b9487524c90fdf9537e065fd) Importer(815301076,1909f56bfc062723c751e8b465ee728b)
Start importing Assets/NatureManufacture Assets/Advanced Foliage Pack/Ground Textures/T_Ground_Rocks_02_N.png using Guid(e4890495b9487524c90fdf9537e065fd) Importer(815301076,1909f56bfc062723c751e8b465ee728b) [PhysX] Initialized MultithreadedTaskDispatcher with 16 workers.
[PhysX] Initialized MultithreadedTaskDispatcher with 16 workers.
 -> (artifact id: '4df66b384d396fe2dab860ce33ad6c6c') in 0.047033 seconds
Number of updated asset objects reloaded before import = 0
Number of asset objects unloaded after import = 2
========================================================================
Received Import Request.
  Time since last request: 0.000038 seconds.
  path: Assets/NatureManufacture Assets/Advanced Foliage Pack/Ground Textures/T_Ground_Rocks_01_Mt_AO_H_Sm.tga
  artifactKey: Guid(6bbd3ec16af856748a2fe815764a55e4) Importer(815301076,1909f56bfc062723c751e8b465ee728b)
Start importing Assets/NatureManufacture Assets/Advanced Foliage Pack/Ground Textures/T_Ground_Rocks_01_Mt_AO_H_Sm.tga using Guid(6bbd3ec16af856748a2fe815764a55e4) Importer(815301076,1909f56bfc062723c751e8b465ee728b) [PhysX] Initialized MultithreadedTaskDispatcher with 16 workers.
[PhysX] Initialized MultithreadedTaskDispatcher with 16 workers.
 -> (artifact id: '1f5e9e1fb52f1f9bcae58e767874de86') in 0.030314 seconds
Number of updated asset objects reloaded before import = 0
Number of asset objects unloaded after import = 2
========================================================================
Received Import Request.
  Time since last request: 0.000083 seconds.
  path: Assets/NatureManufacture Assets/Advanced Foliage Pack/Ground Textures/T_Ground_Rocks_01_AO.tga
  artifactKey: Guid(6b89b250f0d0a1349b0957afe65bcf10) Importer(815301076,1909f56bfc062723c751e8b465ee728b)
Start importing Assets/NatureManufacture Assets/Advanced Foliage Pack/Ground Textures/T_Ground_Rocks_01_AO.tga using Guid(6b89b250f0d0a1349b0957afe65bcf10) Importer(815301076,1909f56bfc062723c751e8b465ee728b) [PhysX] Initialized MultithreadedTaskDispatcher with 16 workers.
[PhysX] Initialized MultithreadedTaskDispatcher with 16 workers.
 -> (artifact id: '9f639b9e43719f5182e74cec00c40c66') in 0.023397 seconds
Number of updated asset objects reloaded before import = 0
Number of asset objects unloaded after import = 2
========================================================================
Received Import Request.
  Time since last request: 96.783703 seconds.
  path: Assets/Toby Fredson/The Toby Foliage Engine/(TTFE)_Core/Resources/(TTFE) GLOBAL CONTROLLER/(TTFE) GLOBAL CONTROLLER.prefab
  artifactKey: Guid(100790e2ed0b2bb4d8ba03d1126aff32) Importer(2089858483,0ecaa5967403d082aa24f35e1b516d23)
Start importing Assets/Toby Fredson/The Toby Foliage Engine/(TTFE)_Core/Resources/(TTFE) GLOBAL CONTROLLER/(TTFE) GLOBAL CONTROLLER.prefab using Guid(100790e2ed0b2bb4d8ba03d1126aff32) Importer(2089858483,0ecaa5967403d082aa24f35e1b516d23) [PhysX] Initialized MultithreadedTaskDispatcher with 16 workers.
 -> (artifact id: '4e2236d26a82bb11939876fc72b0a9fc') in 0.439881 seconds
Number of updated asset objects reloaded before import = 0
Number of asset objects unloaded after import = 25
========================================================================
Received Import Request.
  Time since last request: 0.000051 seconds.
  path: Assets/Toby Fredson/The Toby Foliage Engine/(TTFE)_Demo/Materials/Materials_Vegetation/MV_Tress/Shrub_Bark.mat
  artifactKey: Guid(0c7635408f4c1244e88fa5bd2f861e4a) Importer(2089858483,0ecaa5967403d082aa24f35e1b516d23)
Start importing Assets/Toby Fredson/The Toby Foliage Engine/(TTFE)_Demo/Materials/Materials_Vegetation/MV_Tress/Shrub_Bark.mat using Guid(0c7635408f4c1244e88fa5bd2f861e4a) Importer(2089858483,0ecaa5967403d082aa24f35e1b516d23) [PhysX] Initialized MultithreadedTaskDispatcher with 16 workers.
 -> (artifact id: '0beb114f26fe17612612cd3a9b62ec7f') in 0.216646 seconds
Number of updated asset objects reloaded before import = 0
Number of asset objects unloaded after import = 4
========================================================================
Received Import Request.
  Time since last request: 0.000050 seconds.
  path: Assets/NatureManufacture Assets/Advanced Foliage Pack/Advanced Grass/Materials Snow/M_Snow_nettle_01.mat
  artifactKey: Guid(8701d59336a60824bb31b63ec1fb6d52) Importer(2089858483,0ecaa5967403d082aa24f35e1b516d23)
Start importing Assets/NatureManufacture Assets/Advanced Foliage Pack/Advanced Grass/Materials Snow/M_Snow_nettle_01.mat using Guid(8701d59336a60824bb31b63ec1fb6d52) Importer(2089858483,0ecaa5967403d082aa24f35e1b516d23) [PhysX] Initialized MultithreadedTaskDispatcher with 16 workers.
 -> (artifact id: 'a06b82441981d24bbedad800b04ca474') in 0.199017 seconds
Number of updated asset objects reloaded before import = 0
Number of asset objects unloaded after import = 7
========================================================================
Received Import Request.
  Time since last request: 0.000041 seconds.
  path: Assets/NatureManufacture Assets/Advanced Foliage Pack/Demo/_TerrainAutoUpgrade/layer_T_Ground_Grass_02_A_SmT_Ground_Grass_02_N(6.000,6.000)(0.000,0.000)(0.000,0.000,0.000),0.000,0.000.terrainlayer
  artifactKey: Guid(062ea89dd87d6b146be4841f9260c6fa) Importer(2089858483,0ecaa5967403d082aa24f35e1b516d23)
Start importing Assets/NatureManufacture Assets/Advanced Foliage Pack/Demo/_TerrainAutoUpgrade/layer_T_Ground_Grass_02_A_SmT_Ground_Grass_02_N(6.000,6.000)(0.000,0.000)(0.000,0.000,0.000),0.000,0.000.terrainlayer using Guid(062ea89dd87d6b146be4841f9260c6fa) Importer(2089858483,0ecaa5967403d082aa24f35e1b516d23) [PhysX] Initialized MultithreadedTaskDispatcher with 16 workers.
 -> (artifact id: '787e41774c241856cc142ad139c46ab4') in 0.110933 seconds
Number of updated asset objects reloaded before import = 0
Number of asset objects unloaded after import = 4
========================================================================
Received Import Request.
  Time since last request: 0.000054 seconds.
  path: Assets/Toby Fredson/The Toby Foliage Engine/(TTFE)_Demo/Scenes/TTFE-LightScene_Prefabs.unity
  artifactKey: Guid(5dfdf57220d621143867c335611d699d) Importer(2089858483,0ecaa5967403d082aa24f35e1b516d23)
Start importing Assets/Toby Fredson/The Toby Foliage Engine/(TTFE)_Demo/Scenes/TTFE-LightScene_Prefabs.unity using Guid(5dfdf57220d621143867c335611d699d) Importer(2089858483,0ecaa5967403d082aa24f35e1b516d23) [PhysX] Initialized MultithreadedTaskDispatcher with 16 workers.
 -> (artifact id: '7f60f128ec074b920f4864b6dede25ad') in 0.020012 seconds
Number of updated asset objects reloaded before import = 0
Number of asset objects unloaded after import = 1
========================================================================
Received Import Request.
  Time since last request: 0.000049 seconds.
  path: Assets/Toby Fredson/The Toby Foliage Engine/(TTFE)_Core/Resources/(TTFE) GLOBAL CONTROLLER/Scripts
  artifactKey: Guid(2f19d86b1d6f5c14894c1257f6f227b5) Importer(2089858483,0ecaa5967403d082aa24f35e1b516d23)
Start importing Assets/Toby Fredson/The Toby Foliage Engine/(TTFE)_Core/Resources/(TTFE) GLOBAL CONTROLLER/Scripts using Guid(2f19d86b1d6f5c14894c1257f6f227b5) Importer(2089858483,0ecaa5967403d082aa24f35e1b516d23) [PhysX] Initialized MultithreadedTaskDispatcher with 16 workers.
 -> (artifact id: '7fcb17a61143cabc30653ab183eb094e') in 0.013864 seconds
Number of updated asset objects reloaded before import = 0
Number of asset objects unloaded after import = 1
========================================================================
Received Import Request.
  Time since last request: 0.000046 seconds.
  path: Assets/Toby Fredson/The Toby Foliage Engine/(TTFE)_Demo/Prefabs/Prefabs_Vegetation - (SL)/Vegetation_Plants - (SL)/VP_Grass Fall/GrassBig_A_Fall.prefab
  artifactKey: Guid(06f7e0eabd016f44ca6271e20edf3ce6) Importer(2089858483,0ecaa5967403d082aa24f35e1b516d23)
Start importing Assets/Toby Fredson/The Toby Foliage Engine/(TTFE)_Demo/Prefabs/Prefabs_Vegetation - (SL)/Vegetation_Plants - (SL)/VP_Grass Fall/GrassBig_A_Fall.prefab using Guid(06f7e0eabd016f44ca6271e20edf3ce6) Importer(2089858483,0ecaa5967403d082aa24f35e1b516d23) [PhysX] Initialized MultithreadedTaskDispatcher with 16 workers.
 -> (artifact id: 'a83cc4a6281c19abcd9c5aa5a129ca69') in 0.041325 seconds
Number of updated asset objects reloaded before import = 0
Number of asset objects unloaded after import = 25
========================================================================
Received Import Request.
  Time since last request: 0.000036 seconds.
  path: Assets/Toby Fredson/The Toby Foliage Engine/(TTFE)_Demo/Post Processing/PP_(Built-in)
  artifactKey: Guid(6a3daeddd14458d49817520a52b9db39) Importer(2089858483,0ecaa5967403d082aa24f35e1b516d23)
Start importing Assets/Toby Fredson/The Toby Foliage Engine/(TTFE)_Demo/Post Processing/PP_(Built-in) using Guid(6a3daeddd14458d49817520a52b9db39) Importer(2089858483,0ecaa5967403d082aa24f35e1b516d23) [PhysX] Initialized MultithreadedTaskDispatcher with 16 workers.
 -> (artifact id: '200858d9e8af743c82e9ab22770cbd99') in 0.018451 seconds
Number of updated asset objects reloaded before import = 0
Number of asset objects unloaded after import = 1
========================================================================
Received Import Request.
  Time since last request: 0.000048 seconds.
  path: Assets/NatureManufacture Assets/Advanced Foliage Pack/Unity grass/Unity Grass Models/Prefabs/prefab_unity_grass_fern_01_1.prefab
  artifactKey: Guid(92d59797291d3214c86797e8edf24958) Importer(2089858483,0ecaa5967403d082aa24f35e1b516d23)
Start importing Assets/NatureManufacture Assets/Advanced Foliage Pack/Unity grass/Unity Grass Models/Prefabs/prefab_unity_grass_fern_01_1.prefab using Guid(92d59797291d3214c86797e8edf24958) Importer(2089858483,0ecaa5967403d082aa24f35e1b516d23) [PhysX] Initialized MultithreadedTaskDispatcher with 16 workers.
 -> (artifact id: 'f776ac54e169a07fe30fcb4b41517130') in 0.065253 seconds
Number of updated asset objects reloaded before import = 0
Number of asset objects unloaded after import = 7
========================================================================
Received Import Request.
  Time since last request: 0.000035 seconds.
  path: Assets/NatureManufacture Assets/Advanced Foliage Pack/Advanced Grass/Materials/M_clover_01.mat
  artifactKey: Guid(bf28a9f41a0e84f49a647da27e4c199b) Importer(2089858483,0ecaa5967403d082aa24f35e1b516d23)
Start importing Assets/NatureManufacture Assets/Advanced Foliage Pack/Advanced Grass/Materials/M_clover_01.mat using Guid(bf28a9f41a0e84f49a647da27e4c199b) Importer(2089858483,0ecaa5967403d082aa24f35e1b516d23) [PhysX] Initialized MultithreadedTaskDispatcher with 16 workers.
 -> (artifact id: 'b0d2dd2bdd822e592aaef9ad58050d74') in 0.115289 seconds
Number of updated asset objects reloaded before import = 0
Number of asset objects unloaded after import = 5
========================================================================
Received Import Request.
  Time since last request: 0.000041 seconds.
  path: Assets/Toby Fredson/The Toby Foliage Engine/(TTFE)_Core/Resources/(TTFE) GLOBAL CONTROLLER/TTFE_Wind Gizmo/TTFE_Utility Resources/(TTFE)GlobalGizmo_Leaves.mat
  artifactKey: Guid(0c973e18b6239184bb556c9a34bd2d4d) Importer(2089858483,0ecaa5967403d082aa24f35e1b516d23)
Start importing Assets/Toby Fredson/The Toby Foliage Engine/(TTFE)_Core/Resources/(TTFE) GLOBAL CONTROLLER/TTFE_Wind Gizmo/TTFE_Utility Resources/(TTFE)GlobalGizmo_Leaves.mat using Guid(0c973e18b6239184bb556c9a34bd2d4d) Importer(2089858483,0ecaa5967403d082aa24f35e1b516d23) [PhysX] Initialized MultithreadedTaskDispatcher with 16 workers.
 -> (artifact id: 'a076c23508378ba4470d42c33e35180f') in 0.131994 seconds
Number of updated asset objects reloaded before import = 0
Number of asset objects unloaded after import = 3
========================================================================
Received Import Request.
  Time since last request: 0.000048 seconds.
  path: Assets/Toby Fredson/The Toby Foliage Engine/(TTFE)_Demo/Prefabs/Prefabs_Vegetation/Vegetation_Plants/VP_Flowers
  artifactKey: Guid(08d9fb1513419774ebee790a1ce7905d) Importer(2089858483,0ecaa5967403d082aa24f35e1b516d23)
Start importing Assets/Toby Fredson/The Toby Foliage Engine/(TTFE)_Demo/Prefabs/Prefabs_Vegetation/Vegetation_Plants/VP_Flowers using Guid(08d9fb1513419774ebee790a1ce7905d) Importer(2089858483,0ecaa5967403d082aa24f35e1b516d23) [PhysX] Initialized MultithreadedTaskDispatcher with 16 workers.
 -> (artifact id: 'e187831740cfd6d984bf7fa915735e8c') in 0.016901 seconds
Number of updated asset objects reloaded before import = 0
Number of asset objects unloaded after import = 1
========================================================================
Received Import Request.
  Time since last request: 0.000033 seconds.
  path: Assets/Scenes/TemplateScene.unity
  artifactKey: Guid(ac7b10d1b8e3a9f42ba7d12987dca3f9) Importer(2089858483,0ecaa5967403d082aa24f35e1b516d23)
Start importing Assets/Scenes/TemplateScene.unity using Guid(ac7b10d1b8e3a9f42ba7d12987dca3f9) Importer(2089858483,0ecaa5967403d082aa24f35e1b516d23) [PhysX] Initialized MultithreadedTaskDispatcher with 16 workers.
 -> (artifact id: '37a7df3f3986a723cc2ef9d971c31294') in 0.017296 seconds
Number of updated asset objects reloaded before import = 0
Number of asset objects unloaded after import = 1
========================================================================
Received Import Request.
  Time since last request: 0.000034 seconds.
  path: Assets/Toby Fredson/The Toby Foliage Engine/(TTFE)_Core/Resources/Diffusion Profiles (HDRP)
  artifactKey: Guid(92742c295b24de14f86cc0a7e0bf6dea) Importer(2089858483,0ecaa5967403d082aa24f35e1b516d23)
Start importing Assets/Toby Fredson/The Toby Foliage Engine/(TTFE)_Core/Resources/Diffusion Profiles (HDRP) using Guid(92742c295b24de14f86cc0a7e0bf6dea) Importer(2089858483,0ecaa5967403d082aa24f35e1b516d23) [PhysX] Initialized MultithreadedTaskDispatcher with 16 workers.
 -> (artifact id: '79e7bd4a041961f3af372037d4293eee') in 0.016631 seconds
Number of updated asset objects reloaded before import = 0
Number of asset objects unloaded after import = 1
========================================================================
Received Import Request.
  Time since last request: 0.000039 seconds.
  path: Assets/NatureManufacture Assets/Advanced Foliage Pack/Unity grass/Unity Grass Models
  artifactKey: Guid(67dbf810abc691c4092ffc3cfb356c1a) Importer(2089858483,0ecaa5967403d082aa24f35e1b516d23)
Start importing Assets/NatureManufacture Assets/Advanced Foliage Pack/Unity grass/Unity Grass Models using Guid(67dbf810abc691c4092ffc3cfb356c1a) Importer(2089858483,0ecaa5967403d082aa24f35e1b516d23) [PhysX] Initialized MultithreadedTaskDispatcher with 16 workers.
 -> (artifact id: '481e45c59d8221357509a1c53f1b8ee8') in 0.015425 seconds
Number of updated asset objects reloaded before import = 0
Number of asset objects unloaded after import = 1
========================================================================
Received Import Request.
  Time since last request: 0.000056 seconds.
  path: Assets/NatureManufacture Assets/Advanced Foliage Pack/Unity grass/Unity Grass Models/Prefabs Snow/prefab_unity_Snow_grass_ground_foliage_02_0.prefab
  artifactKey: Guid(0cacef93763f1af4da8f051e622d5078) Importer(2089858483,0ecaa5967403d082aa24f35e1b516d23)
Start importing Assets/NatureManufacture Assets/Advanced Foliage Pack/Unity grass/Unity Grass Models/Prefabs Snow/prefab_unity_Snow_grass_ground_foliage_02_0.prefab using Guid(0cacef93763f1af4da8f051e622d5078) Importer(2089858483,0ecaa5967403d082aa24f35e1b516d23) [PhysX] Initialized MultithreadedTaskDispatcher with 16 workers.
 -> (artifact id: '653d60f79ad6a9143bbe9da330a3566e') in 0.039085 seconds
Number of updated asset objects reloaded before import = 0
Number of asset objects unloaded after import = 7
========================================================================
Received Import Request.
  Time since last request: 0.000036 seconds.
  path: Assets/Toby Fredson/The Toby Foliage Engine/(TTFE)_Demo/Textures/Textures_Helpers
  artifactKey: Guid(7c14b0ef0d436bd4985934ff9b4e469f) Importer(2089858483,0ecaa5967403d082aa24f35e1b516d23)
Start importing Assets/Toby Fredson/The Toby Foliage Engine/(TTFE)_Demo/Textures/Textures_Helpers using Guid(7c14b0ef0d436bd4985934ff9b4e469f) Importer(2089858483,0ecaa5967403d082aa24f35e1b516d23) [PhysX] Initialized MultithreadedTaskDispatcher with 16 workers.
 -> (artifact id: 'a73edc82d0d6fc22f1089c6577d508ee') in 0.016461 seconds
Number of updated asset objects reloaded before import = 0
Number of asset objects unloaded after import = 1
========================================================================
Received Import Request.
  Time since last request: 0.010155 seconds.
  path: Assets/Toby Fredson/The Toby Foliage Engine/(TTFE)_Demo/Prefabs/Prefabs_Vegetation - (SL)/Vegetation_Trees - (SL)
  artifactKey: Guid(1c5f3af8e4c8e2d49a8df98ad50e3abe) Importer(2089858483,0ecaa5967403d082aa24f35e1b516d23)
Start importing Assets/Toby Fredson/The Toby Foliage Engine/(TTFE)_Demo/Prefabs/Prefabs_Vegetation - (SL)/Vegetation_Trees - (SL) using Guid(1c5f3af8e4c8e2d49a8df98ad50e3abe) Importer(2089858483,0ecaa5967403d082aa24f35e1b516d23) [PhysX] Initialized MultithreadedTaskDispatcher with 16 workers.
 -> (artifact id: 'ac8c0af059dd6c8ad644a4d26fcca57b') in 0.016343 seconds
Number of updated asset objects reloaded before import = 0
Number of asset objects unloaded after import = 1
========================================================================
Received Import Request.
  Time since last request: 0.000035 seconds.
  path: Assets/Toby Fredson/The Toby Foliage Engine/(TTFE)_Demo/Scenes
  artifactKey: Guid(2530257e58b3a724e9d4dc01e3e9904b) Importer(2089858483,0ecaa5967403d082aa24f35e1b516d23)
Start importing Assets/Toby Fredson/The Toby Foliage Engine/(TTFE)_Demo/Scenes using Guid(2530257e58b3a724e9d4dc01e3e9904b) Importer(2089858483,0ecaa5967403d082aa24f35e1b516d23) [PhysX] Initialized MultithreadedTaskDispatcher with 16 workers.
 -> (artifact id: '5fa081de7ce7fb46aca69df2892fbbee') in 0.015215 seconds
Number of updated asset objects reloaded before import = 0
Number of asset objects unloaded after import = 1
========================================================================
Received Import Request.
  Time since last request: 0.000058 seconds.
  path: Assets/Toby Fredson/The Toby Foliage Engine/(TTFE)_Demo/Materials/Materials_TTFE (Defaults)/TTFE_Grass.mat
  artifactKey: Guid(0ef2a3245a000e949834aebe94a1c816) Importer(2089858483,0ecaa5967403d082aa24f35e1b516d23)
Start importing Assets/Toby Fredson/The Toby Foliage Engine/(TTFE)_Demo/Materials/Materials_TTFE (Defaults)/TTFE_Grass.mat using Guid(0ef2a3245a000e949834aebe94a1c816) Importer(2089858483,0ecaa5967403d082aa24f35e1b516d23) [PhysX] Initialized MultithreadedTaskDispatcher with 16 workers.
 -> (artifact id: 'dc456ab4eae22a4b3c693c44e0ee6e5b') in 0.095717 seconds
Number of updated asset objects reloaded before import = 0
Number of asset objects unloaded after import = 1
========================================================================
Received Import Request.
  Time since last request: 0.000033 seconds.
  path: Assets/Toby Fredson/The Toby Foliage Engine/(TTFE)_Core/Shaders/Default
  artifactKey: Guid(01c165d5b5e44fb4b94d2a2824bf600c) Importer(2089858483,0ecaa5967403d082aa24f35e1b516d23)
Start importing Assets/Toby Fredson/The Toby Foliage Engine/(TTFE)_Core/Shaders/Default using Guid(01c165d5b5e44fb4b94d2a2824bf600c) Importer(2089858483,0ecaa5967403d082aa24f35e1b516d23) [PhysX] Initialized MultithreadedTaskDispatcher with 16 workers.
 -> (artifact id: '398e31631726519640d7792de46bd9b6') in 0.018214 seconds
Number of updated asset objects reloaded before import = 0
Number of asset objects unloaded after import = 1
========================================================================
Received Import Request.
  Time since last request: 0.000045 seconds.
  path: Assets/Toby Fredson/The Toby Foliage Engine/(TTFE)_Demo/Terrains/Trerrain Layers/TTFE-LightScene_Demo_Layers
  artifactKey: Guid(0b4d452f17e647b449577395bc98659a) Importer(2089858483,0ecaa5967403d082aa24f35e1b516d23)
Start importing Assets/Toby Fredson/The Toby Foliage Engine/(TTFE)_Demo/Terrains/Trerrain Layers/TTFE-LightScene_Demo_Layers using Guid(0b4d452f17e647b449577395bc98659a) Importer(2089858483,0ecaa5967403d082aa24f35e1b516d23) [PhysX] Initialized MultithreadedTaskDispatcher with 16 workers.
 -> (artifact id: '8aec80e12d4dd794a84d091d1846f44c') in 0.019973 seconds
Number of updated asset objects reloaded before import = 0
Number of asset objects unloaded after import = 1
========================================================================
Received Import Request.
  Time since last request: 0.000041 seconds.
  path: Assets/HDRPDefaultResources/DefaultSettingsVolumeProfile.asset
  artifactKey: Guid(34b4409d3ff8e8545af73e7e5c2ca43d) Importer(2089858483,0ecaa5967403d082aa24f35e1b516d23)
Start importing Assets/HDRPDefaultResources/DefaultSettingsVolumeProfile.asset using Guid(34b4409d3ff8e8545af73e7e5c2ca43d) Importer(2089858483,0ecaa5967403d082aa24f35e1b516d23) [PhysX] Initialized MultithreadedTaskDispatcher with 16 workers.
 -> (artifact id: '7248a5953442c4054b4996ac81bc4d51') in 0.021077 seconds
Number of updated asset objects reloaded before import = 0
Number of asset objects unloaded after import = 1
========================================================================
Received Import Request.
  Time since last request: 0.000038 seconds.
  path: Assets/NatureManufacture Assets/Advanced Foliage Pack/Unity grass/Unity Grass Models/Materials/M_Unity_Grass_ground_foliage_03.mat
  artifactKey: Guid(f29a9b5ef6bcef64a85d36a3b716a5e6) Importer(2089858483,0ecaa5967403d082aa24f35e1b516d23)
Start importing Assets/NatureManufacture Assets/Advanced Foliage Pack/Unity grass/Unity Grass Models/Materials/M_Unity_Grass_ground_foliage_03.mat using Guid(f29a9b5ef6bcef64a85d36a3b716a5e6) Importer(2089858483,0ecaa5967403d082aa24f35e1b516d23) [PhysX] Initialized MultithreadedTaskDispatcher with 16 workers.
 -> (artifact id: 'd0d3323b0f54526bc4e9ed0d33006eee') in 0.112542 seconds
Number of updated asset objects reloaded before import = 0
Number of asset objects unloaded after import = 5
========================================================================
Received Import Request.
  Time since last request: 0.000041 seconds.
  path: Assets/Toby Fredson/The Toby Foliage Engine/(TTFE)_Demo/Prefabs/Prefabs_Vegetation - (SL)/Vegetation_Plants - (SL)/VP_GrassSingle Fall/Grass_Single_X_Fall.prefab
  artifactKey: Guid(1d6315690dff59541b19138f5d18ca34) Importer(2089858483,0ecaa5967403d082aa24f35e1b516d23)
Start importing Assets/Toby Fredson/The Toby Foliage Engine/(TTFE)_Demo/Prefabs/Prefabs_Vegetation - (SL)/Vegetation_Plants - (SL)/VP_GrassSingle Fall/Grass_Single_X_Fall.prefab using Guid(1d6315690dff59541b19138f5d18ca34) Importer(2089858483,0ecaa5967403d082aa24f35e1b516d23) [PhysX] Initialized MultithreadedTaskDispatcher with 16 workers.
 -> (artifact id: '1d15975d7ba743697502352a6595353d') in 0.040052 seconds
Number of updated asset objects reloaded before import = 0
Number of asset objects unloaded after import = 14
========================================================================
Received Import Request.
  Time since last request: 0.000050 seconds.
  path: Assets/NatureManufacture Assets/Advanced Foliage Pack/Ground Textures/Materials/ground.mat
  artifactKey: Guid(a4d4d75454206da4288f9560ed84f0e2) Importer(2089858483,0ecaa5967403d082aa24f35e1b516d23)
Start importing Assets/NatureManufacture Assets/Advanced Foliage Pack/Ground Textures/Materials/ground.mat using Guid(a4d4d75454206da4288f9560ed84f0e2) Importer(2089858483,0ecaa5967403d082aa24f35e1b516d23) [PhysX] Initialized MultithreadedTaskDispatcher with 16 workers.
 -> (artifact id: 'daf57087f5c848994809a3a0d5240ba8') in 0.038970 seconds
Number of updated asset objects reloaded before import = 0
Number of asset objects unloaded after import = 1
========================================================================
Received Import Request.
  Time since last request: 0.000041 seconds.
  path: Assets/NatureManufacture Assets/Advanced Foliage Pack/Unity grass/Unity Grass Models/Prefabs Snow/prefab_unity_Snow_grass_grass_bush_simple_02.prefab
  artifactKey: Guid(fe72ba0c0ab39b04ba44aab58af19956) Importer(2089858483,0ecaa5967403d082aa24f35e1b516d23)
Start importing Assets/NatureManufacture Assets/Advanced Foliage Pack/Unity grass/Unity Grass Models/Prefabs Snow/prefab_unity_Snow_grass_grass_bush_simple_02.prefab using Guid(fe72ba0c0ab39b04ba44aab58af19956) Importer(2089858483,0ecaa5967403d082aa24f35e1b516d23) [PhysX] Initialized MultithreadedTaskDispatcher with 16 workers.
 -> (artifact id: 'f12116809d7746e0b5580b90f54d0de9') in 0.036962 seconds
Number of updated asset objects reloaded before import = 0
Number of asset objects unloaded after import = 7
========================================================================
Received Import Request.
  Time since last request: 0.000042 seconds.
  path: Assets/TerrainSampleAssets/Prefabs/Rocks/Materials/Rock_Overgrown_D.mat
  artifactKey: Guid(799e8ee0a2f8df54892652191374349d) Importer(2089858483,0ecaa5967403d082aa24f35e1b516d23)
Start importing Assets/TerrainSampleAssets/Prefabs/Rocks/Materials/Rock_Overgrown_D.mat using Guid(799e8ee0a2f8df54892652191374349d) Importer(2089858483,0ecaa5967403d082aa24f35e1b516d23) [PhysX] Initialized MultithreadedTaskDispatcher with 16 workers.
 -> (artifact id: 'edce5e4e69d60d2a6b7d7ed2c8506630') in 0.118904 seconds
Number of updated asset objects reloaded before import = 0
Number of asset objects unloaded after import = 14
========================================================================
Received Import Request.
  Time since last request: 0.000052 seconds.
  path: Assets/Toby Fredson/The Toby Foliage Engine/(TTFE)_Demo/Terrains/Trerrain Layers
  artifactKey: Guid(dc46703ae64b6fa4298ea4bcb8d1765d) Importer(2089858483,0ecaa5967403d082aa24f35e1b516d23)
Start importing Assets/Toby Fredson/The Toby Foliage Engine/(TTFE)_Demo/Terrains/Trerrain Layers using Guid(dc46703ae64b6fa4298ea4bcb8d1765d) Importer(2089858483,0ecaa5967403d082aa24f35e1b516d23) [PhysX] Initialized MultithreadedTaskDispatcher with 16 workers.
 -> (artifact id: '76c1c9a98e44cfb80dc32a9ab24649b9') in 0.016747 seconds
Number of updated asset objects reloaded before import = 0
Number of asset objects unloaded after import = 1
========================================================================
Received Import Request.
  Time since last request: 0.000035 seconds.
  path: Assets/NatureManufacture Assets/Object Shaders/NM_Lit_Triplanar_Cover_Specular_CutOut.shader
  artifactKey: Guid(4d2796453f9a3734b85cd9b0408ce954) Importer(2089858483,0ecaa5967403d082aa24f35e1b516d23)
Start importing Assets/NatureManufacture Assets/Object Shaders/NM_Lit_Triplanar_Cover_Specular_CutOut.shader using Guid(4d2796453f9a3734b85cd9b0408ce954) Importer(2089858483,0ecaa5967403d082aa24f35e1b516d23) [PhysX] Initialized MultithreadedTaskDispatcher with 16 workers.
 -> (artifact id: '71ed646d73d22eb8885d375a582f128d') in 0.037830 seconds
Number of updated asset objects reloaded before import = 0
Number of asset objects unloaded after import = 1
========================================================================
Received Import Request.
  Time since last request: 0.000064 seconds.
  path: Assets/NatureManufacture Assets/Advanced Foliage Pack/Ground Textures/Materials/T_Ground_Sand_01.mat
  artifactKey: Guid(3e4cb7c35b15cc6408fb301f3aa866a6) Importer(2089858483,0ecaa5967403d082aa24f35e1b516d23)
Start importing Assets/NatureManufacture Assets/Advanced Foliage Pack/Ground Textures/Materials/T_Ground_Sand_01.mat using Guid(3e4cb7c35b15cc6408fb301f3aa866a6) Importer(2089858483,0ecaa5967403d082aa24f35e1b516d23) [PhysX] Initialized MultithreadedTaskDispatcher with 16 workers.
 -> (artifact id: 'db9313e2c5449e786823961247fa7a3c') in 0.117436 seconds
Number of updated asset objects reloaded before import = 0
Number of asset objects unloaded after import = 5
========================================================================
Received Import Request.
  Time since last request: 0.000051 seconds.
  path: Assets/NatureManufacture Assets/Advanced Foliage Pack/Crooked Roots/Materials/M_crooked_roots_01.mat
  artifactKey: Guid(f9b63180ff276a5498f6d6b519a22bf8) Importer(2089858483,0ecaa5967403d082aa24f35e1b516d23)
Start importing Assets/NatureManufacture Assets/Advanced Foliage Pack/Crooked Roots/Materials/M_crooked_roots_01.mat using Guid(f9b63180ff276a5498f6d6b519a22bf8) Importer(2089858483,0ecaa5967403d082aa24f35e1b516d23) [PhysX] Initialized MultithreadedTaskDispatcher with 16 workers.
 -> (artifact id: '5a075c04ce7c1c615d35e0af5b8d5d79') in 0.118009 seconds
Number of updated asset objects reloaded before import = 0
Number of asset objects unloaded after import = 4
========================================================================
Received Import Request.
  Time since last request: 0.000047 seconds.
  path: Assets/Toby Fredson/The Toby Foliage Engine/(TTFE)_Demo/Materials/Materials_Vegetation/MV_Plants/Grass_Main.mat
  artifactKey: Guid(375416245d95ec64290f92d1beb54ca6) Importer(2089858483,0ecaa5967403d082aa24f35e1b516d23)
Start importing Assets/Toby Fredson/The Toby Foliage Engine/(TTFE)_Demo/Materials/Materials_Vegetation/MV_Plants/Grass_Main.mat using Guid(375416245d95ec64290f92d1beb54ca6) Importer(2089858483,0ecaa5967403d082aa24f35e1b516d23) [PhysX] Initialized MultithreadedTaskDispatcher with 16 workers.
 -> (artifact id: '491ab26e6e3ab0bd3d6361b47be4d8b8') in 0.282947 seconds
Number of updated asset objects reloaded before import = 0
Number of asset objects unloaded after import = 6
========================================================================
Received Import Request.
  Time since last request: 0.000075 seconds.
  path: Assets/NatureManufacture Assets/Advanced Foliage Pack/Unity grass/Unity Grass Models/Prefabs Snow/prefab_unity_Snow_grass_fern_01_0.prefab
  artifactKey: Guid(74d76c897f6947440b05376b6267010f) Importer(2089858483,0ecaa5967403d082aa24f35e1b516d23)
Start importing Assets/NatureManufacture Assets/Advanced Foliage Pack/Unity grass/Unity Grass Models/Prefabs Snow/prefab_unity_Snow_grass_fern_01_0.prefab using Guid(74d76c897f6947440b05376b6267010f) Importer(2089858483,0ecaa5967403d082aa24f35e1b516d23) [PhysX] Initialized MultithreadedTaskDispatcher with 16 workers.
 -> (artifact id: 'dfed8a25347eb4bbe9ee57b059e301d8') in 0.045638 seconds
Number of updated asset objects reloaded before import = 0
Number of asset objects unloaded after import = 7
========================================================================
Received Import Request.
  Time since last request: 0.000050 seconds.
  path: Assets/Toby Fredson/The Toby Foliage Engine/(TTFE)_Demo/Terrains/Trerrain Layers/TTFE-LightScene_Demo_Layers/TSLightDemo Layer_2.terrainlayer
  artifactKey: Guid(7b4ab60339edbba479858d4df37de81e) Importer(2089858483,0ecaa5967403d082aa24f35e1b516d23)
Start importing Assets/Toby Fredson/The Toby Foliage Engine/(TTFE)_Demo/Terrains/Trerrain Layers/TTFE-LightScene_Demo_Layers/TSLightDemo Layer_2.terrainlayer using Guid(7b4ab60339edbba479858d4df37de81e) Importer(2089858483,0ecaa5967403d082aa24f35e1b516d23) [PhysX] Initialized MultithreadedTaskDispatcher with 16 workers.
 -> (artifact id: '5a28627b3ba4ab3015df69f726a6702f') in 0.064446 seconds
Number of updated asset objects reloaded before import = 0
Number of asset objects unloaded after import = 4
========================================================================
Received Import Request.
  Time since last request: 0.000040 seconds.
  path: Assets/Toby Fredson/The Toby Foliage Engine/(TTFE)_Demo/Materials/Materials_Particle FX/Falling Leaves B.mat
  artifactKey: Guid(8ae42246c1019e949a7a72083c481572) Importer(2089858483,0ecaa5967403d082aa24f35e1b516d23)
Start importing Assets/Toby Fredson/The Toby Foliage Engine/(TTFE)_Demo/Materials/Materials_Particle FX/Falling Leaves B.mat using Guid(8ae42246c1019e949a7a72083c481572) Importer(2089858483,0ecaa5967403d082aa24f35e1b516d23) [PhysX] Initialized MultithreadedTaskDispatcher with 16 workers.
 -> (artifact id: 'a085312f9146403b582ad9d28d9a0c26') in 0.073760 seconds
Number of updated asset objects reloaded before import = 0
Number of asset objects unloaded after import = 2
========================================================================
Received Import Request.
  Time since last request: 0.000037 seconds.
  path: Assets/NatureManufacture Assets/Advanced Foliage Pack/Advanced Grass/Prefabs Snow/prefab_SM_grass_bush_03.prefab
  artifactKey: Guid(69a5d4c9f7e1dce48ab79dbed6a97d79) Importer(2089858483,0ecaa5967403d082aa24f35e1b516d23)
Start importing Assets/NatureManufacture Assets/Advanced Foliage Pack/Advanced Grass/Prefabs Snow/prefab_SM_grass_bush_03.prefab using Guid(69a5d4c9f7e1dce48ab79dbed6a97d79) Importer(2089858483,0ecaa5967403d082aa24f35e1b516d23) [PhysX] Initialized MultithreadedTaskDispatcher with 16 workers.
 -> (artifact id: 'c38318f1642140db0e9cdd2983d1ac81') in 0.043042 seconds
Number of updated asset objects reloaded before import = 0
Number of asset objects unloaded after import = 20
========================================================================
Received Import Request.
  Time since last request: 0.000044 seconds.
  path: Assets/NatureManufacture Assets/Advanced Foliage Pack/Advanced Grass/Prefabs/prefab_SM_ground_foliage_03.prefab
  artifactKey: Guid(8f06a6d1fdf8a0645a97e93435943929) Importer(2089858483,0ecaa5967403d082aa24f35e1b516d23)
Start importing Assets/NatureManufacture Assets/Advanced Foliage Pack/Advanced Grass/Prefabs/prefab_SM_ground_foliage_03.prefab using Guid(8f06a6d1fdf8a0645a97e93435943929) Importer(2089858483,0ecaa5967403d082aa24f35e1b516d23) [PhysX] Initialized MultithreadedTaskDispatcher with 16 workers.
 -> (artifact id: '306d3612cf806b9acdbbd94e312da595') in 0.042335 seconds
Number of updated asset objects reloaded before import = 0
Number of asset objects unloaded after import = 20
========================================================================
Received Import Request.
  Time since last request: 0.000042 seconds.
  path: Assets/Toby Fredson/The Toby Foliage Engine/(TTFE)_Demo/Prefabs/Prefabs_Player/Player.prefab
  artifactKey: Guid(d592976252b32694fb4dc81ce5dfe56b) Importer(2089858483,0ecaa5967403d082aa24f35e1b516d23)
Start importing Assets/Toby Fredson/The Toby Foliage Engine/(TTFE)_Demo/Prefabs/Prefabs_Player/Player.prefab using Guid(d592976252b32694fb4dc81ce5dfe56b) Importer(2089858483,0ecaa5967403d082aa24f35e1b516d23) [PhysX] Initialized MultithreadedTaskDispatcher with 16 workers.
 -> (artifact id: '3512c0e5b103f3daf643d63d889b0a62') in 0.048268 seconds
Number of updated asset objects reloaded before import = 0
Number of asset objects unloaded after import = 11
========================================================================
Received Import Request.
  Time since last request: 0.000036 seconds.
  path: Assets/NatureManufacture Assets/Advanced Foliage Pack/Trunks/Prefabs/SM_trunk_02.prefab
  artifactKey: Guid(5cc71c776f423cf43bdacf7281f4854c) Importer(2089858483,0ecaa5967403d082aa24f35e1b516d23)
Start importing Assets/NatureManufacture Assets/Advanced Foliage Pack/Trunks/Prefabs/SM_trunk_02.prefab using Guid(5cc71c776f423cf43bdacf7281f4854c) Importer(2089858483,0ecaa5967403d082aa24f35e1b516d23) [PhysX] Initialized MultithreadedTaskDispatcher with 16 workers.
 -> (artifact id: '686f3017b81aedfddb1c91369149066b') in 0.037288 seconds
Number of updated asset objects reloaded before import = 0
Number of asset objects unloaded after import = 26
========================================================================
Received Import Request.
  Time since last request: 0.000047 seconds.
  path: Assets/Toby Fredson/The Toby Foliage Engine/(TTFE)_Demo/Prefabs/Prefabs_Vegetation/Vegetation_Trees/VTSpecies_Shrub/ShrubTree_C.prefab
  artifactKey: Guid(3c3469c7197d61c49a03afbf210b7ba4) Importer(2089858483,0ecaa5967403d082aa24f35e1b516d23)
Start importing Assets/Toby Fredson/The Toby Foliage Engine/(TTFE)_Demo/Prefabs/Prefabs_Vegetation/Vegetation_Trees/VTSpecies_Shrub/ShrubTree_C.prefab using Guid(3c3469c7197d61c49a03afbf210b7ba4) Importer(2089858483,0ecaa5967403d082aa24f35e1b516d23) [PhysX] Initialized MultithreadedTaskDispatcher with 16 workers.
 -> (artifact id: 'c05a9f9c504d516ab39b63f36bbeddb3') in 0.054188 seconds
Number of updated asset objects reloaded before import = 0
Number of asset objects unloaded after import = 53
========================================================================
Received Import Request.
  Time since last request: 0.000034 seconds.
  path: Assets/Toby Fredson/The Toby Foliage Engine/(TTFE)_Demo/Materials/Materials_Static
  artifactKey: Guid(4b86824ab822ae64da3d0e7bf896ee43) Importer(2089858483,0ecaa5967403d082aa24f35e1b516d23)
Start importing Assets/Toby Fredson/The Toby Foliage Engine/(TTFE)_Demo/Materials/Materials_Static using Guid(4b86824ab822ae64da3d0e7bf896ee43) Importer(2089858483,0ecaa5967403d082aa24f35e1b516d23) [PhysX] Initialized MultithreadedTaskDispatcher with 16 workers.
 -> (artifact id: '3b9dfb72a4b2ff871ec367c26332c73f') in 0.018835 seconds
Number of updated asset objects reloaded before import = 0
Number of asset objects unloaded after import = 1
========================================================================
Received Import Request.
  Time since last request: 0.000038 seconds.
  path: Assets/Toby Fredson/The Toby Foliage Engine/(TTFE)_Demo/Prefabs/Prefabs_Static/CliffRockTTFEL_B.prefab
  artifactKey: Guid(17ddcabb0b2efdc4ca675d6c599ff972) Importer(2089858483,0ecaa5967403d082aa24f35e1b516d23)
Start importing Assets/Toby Fredson/The Toby Foliage Engine/(TTFE)_Demo/Prefabs/Prefabs_Static/CliffRockTTFEL_B.prefab using Guid(17ddcabb0b2efdc4ca675d6c599ff972) Importer(2089858483,0ecaa5967403d082aa24f35e1b516d23) [PhysX] Initialized MultithreadedTaskDispatcher with 16 workers.
 -> (artifact id: 'da613fd98960767f1f40590d2b7bb502') in 0.025493 seconds
Number of updated asset objects reloaded before import = 0
Number of asset objects unloaded after import = 36
========================================================================
Received Import Request.
  Time since last request: 0.000044 seconds.
  path: Assets/Scenes/Stanislav beach.unity
  artifactKey: Guid(99e265641ddfe2b4b910047f44cfd9a0) Importer(2089858483,0ecaa5967403d082aa24f35e1b516d23)
Start importing Assets/Scenes/Stanislav beach.unity using Guid(99e265641ddfe2b4b910047f44cfd9a0) Importer(2089858483,0ecaa5967403d082aa24f35e1b516d23) [PhysX] Initialized MultithreadedTaskDispatcher with 16 workers.
 -> (artifact id: '1c6ef6de237b817639f82e4bf7686315') in 0.015527 seconds
Number of updated asset objects reloaded before import = 0
Number of asset objects unloaded after import = 1
========================================================================
Received Import Request.
  Time since last request: 0.000038 seconds.
  path: Assets/Toby Fredson/The Toby Foliage Engine/(TTFE)_Demo/Prefabs/Prefabs_Vegetation/Vegetation_Plants/VP_GrassSingle
  artifactKey: Guid(fa0f28b6167342841ac57be2918ec9b1) Importer(2089858483,0ecaa5967403d082aa24f35e1b516d23)
Start importing Assets/Toby Fredson/The Toby Foliage Engine/(TTFE)_Demo/Prefabs/Prefabs_Vegetation/Vegetation_Plants/VP_GrassSingle using Guid(fa0f28b6167342841ac57be2918ec9b1) Importer(2089858483,0ecaa5967403d082aa24f35e1b516d23) [PhysX] Initialized MultithreadedTaskDispatcher with 16 workers.
 -> (artifact id: '9010c677cfd11c8808edea3305e2f4e1') in 0.016894 seconds
Number of updated asset objects reloaded before import = 0
Number of asset objects unloaded after import = 1
========================================================================
Received Import Request.
  Time since last request: 0.000040 seconds.
  path: Assets/Toby Fredson/The Toby Foliage Engine/(TTFE)_Demo/Post Processing
  artifactKey: Guid(d8aa95017fbf819488683b0487751426) Importer(2089858483,0ecaa5967403d082aa24f35e1b516d23)
Start importing Assets/Toby Fredson/The Toby Foliage Engine/(TTFE)_Demo/Post Processing using Guid(d8aa95017fbf819488683b0487751426) Importer(2089858483,0ecaa5967403d082aa24f35e1b516d23) [PhysX] Initialized MultithreadedTaskDispatcher with 16 workers.
 -> (artifact id: '513399c577eabacff75f0aa068dee030') in 0.020648 seconds
Number of updated asset objects reloaded before import = 0
Number of asset objects unloaded after import = 1
========================================================================
Received Import Request.
  Time since last request: 0.000040 seconds.
  path: Assets/Toby Fredson/The Toby Foliage Engine/(TTFE)_Demo/Materials/Materials_Skybox/SkyMapRHEWP_Showcase.mat
  artifactKey: Guid(6ad6ffb65cf819a4b985cdcb8355a48a) Importer(2089858483,0ecaa5967403d082aa24f35e1b516d23)
Start importing Assets/Toby Fredson/The Toby Foliage Engine/(TTFE)_Demo/Materials/Materials_Skybox/SkyMapRHEWP_Showcase.mat using Guid(6ad6ffb65cf819a4b985cdcb8355a48a) Importer(2089858483,0ecaa5967403d082aa24f35e1b516d23) [PhysX] Initialized MultithreadedTaskDispatcher with 16 workers.
 -> (artifact id: '121bb6c15365ab230cc4de0c85e432a5') in 0.038647 seconds
Number of updated asset objects reloaded before import = 0
Number of asset objects unloaded after import = 1
========================================================================
Received Import Request.
  Time since last request: 0.000047 seconds.
  path: Assets/NatureManufacture Assets/Advanced Foliage Pack/Advanced Grass/Prefabs/prefab_SM_fern_01_0.prefab
  artifactKey: Guid(9bcf8dfabfdded149ae855742fa187a2) Importer(2089858483,0ecaa5967403d082aa24f35e1b516d23)
Start importing Assets/NatureManufacture Assets/Advanced Foliage Pack/Advanced Grass/Prefabs/prefab_SM_fern_01_0.prefab using Guid(9bcf8dfabfdded149ae855742fa187a2) Importer(2089858483,0ecaa5967403d082aa24f35e1b516d23) [PhysX] Initialized MultithreadedTaskDispatcher with 16 workers.
 -> (artifact id: '4282d8cb1452462be287fddb7ec36254') in 0.045840 seconds
Number of updated asset objects reloaded before import = 0
Number of asset objects unloaded after import = 20
========================================================================
Received Import Request.
  Time since last request: 0.000061 seconds.
  path: Assets/NatureManufacture Assets/Foliage Shaders/NM_Foliage.shader
  artifactKey: Guid(adce0b63bca75a84e9f786201b7d7b0b) Importer(2089858483,0ecaa5967403d082aa24f35e1b516d23)
Start importing Assets/NatureManufacture Assets/Foliage Shaders/NM_Foliage.shader using Guid(adce0b63bca75a84e9f786201b7d7b0b) Importer(2089858483,0ecaa5967403d082aa24f35e1b516d23) [PhysX] Initialized MultithreadedTaskDispatcher with 16 workers.
 -> (artifact id: '461a2755dc6ae7bdf57132cbc33e8267') in 0.032222 seconds
Number of updated asset objects reloaded before import = 0
Number of asset objects unloaded after import = 1
========================================================================
Received Import Request.
  Time since last request: 0.000051 seconds.
  path: Assets/Toby Fredson/The Toby Foliage Engine/(TTFE)_Demo/Meshes/Meshes_Vegetation/MV_Grass Instancing
  artifactKey: Guid(654cb66d9add25b41b6d343545eb166c) Importer(2089858483,0ecaa5967403d082aa24f35e1b516d23)
Start importing Assets/Toby Fredson/The Toby Foliage Engine/(TTFE)_Demo/Meshes/Meshes_Vegetation/MV_Grass Instancing using Guid(654cb66d9add25b41b6d343545eb166c) Importer(2089858483,0ecaa5967403d082aa24f35e1b516d23) [PhysX] Initialized MultithreadedTaskDispatcher with 16 workers.
 -> (artifact id: 'ea5aaf177e4a831577a369757acc40f9') in 0.019792 seconds
Number of updated asset objects reloaded before import = 0
Number of asset objects unloaded after import = 1
========================================================================
Received Import Request.
  Time since last request: 0.000055 seconds.
  path: Assets/NatureManufacture Assets/Advanced Foliage Pack/Advanced Grass/Prefabs Snow/prefab_SM_grass_bush_simple_04.prefab
  artifactKey: Guid(37a471bdb84f09a40840325eb84f26fc) Importer(2089858483,0ecaa5967403d082aa24f35e1b516d23)
Start importing Assets/NatureManufacture Assets/Advanced Foliage Pack/Advanced Grass/Prefabs Snow/prefab_SM_grass_bush_simple_04.prefab using Guid(37a471bdb84f09a40840325eb84f26fc) Importer(2089858483,0ecaa5967403d082aa24f35e1b516d23) [PhysX] Initialized MultithreadedTaskDispatcher with 16 workers.
 -> (artifact id: '2ad7ce783e18d3c46e4d77a02195eca3') in 0.048542 seconds
Number of updated asset objects reloaded before import = 0
Number of asset objects unloaded after import = 8
========================================================================
Received Import Request.
  Time since last request: 0.000054 seconds.
  path: Assets/Toby Fredson/The Toby Foliage Engine/(TTFE)_Core/Shaders/Default/(TTFE) Terrain/(TTFE) Terrain Snow AddPass.shader
  artifactKey: Guid(0f201d2ac4435264ab035827fdacd414) Importer(2089858483,0ecaa5967403d082aa24f35e1b516d23)
Start importing Assets/Toby Fredson/The Toby Foliage Engine/(TTFE)_Core/Shaders/Default/(TTFE) Terrain/(TTFE) Terrain Snow AddPass.shader using Guid(0f201d2ac4435264ab035827fdacd414) Importer(2089858483,0ecaa5967403d082aa24f35e1b516d23) [PhysX] Initialized MultithreadedTaskDispatcher with 16 workers.
 -> (artifact id: '10a6c0faf4bd2f397620a3bdde110401') in 0.027782 seconds
Number of updated asset objects reloaded before import = 0
Number of asset objects unloaded after import = 1
========================================================================
Received Import Request.
  Time since last request: 0.000043 seconds.
  path: Assets/NatureManufacture Assets/Advanced Foliage Pack/Advanced Grass/Prefabs/prefab_SM_ground_foliage_02_0.prefab
  artifactKey: Guid(580755607bfe1e248ba2ed516475b06c) Importer(2089858483,0ecaa5967403d082aa24f35e1b516d23)
Start importing Assets/NatureManufacture Assets/Advanced Foliage Pack/Advanced Grass/Prefabs/prefab_SM_ground_foliage_02_0.prefab using Guid(580755607bfe1e248ba2ed516475b06c) Importer(2089858483,0ecaa5967403d082aa24f35e1b516d23) [PhysX] Initialized MultithreadedTaskDispatcher with 16 workers.
 -> (artifact id: '401b75c8c753dc6866a0d9a2a981901c') in 0.047300 seconds
Number of updated asset objects reloaded before import = 0
Number of asset objects unloaded after import = 20
========================================================================
Received Import Request.
  Time since last request: 0.000053 seconds.
  path: Assets/NatureManufacture Assets/Advanced Foliage Pack/Demo/Overview SceneSettings.lighting
  artifactKey: Guid(5361f8ea679443a4eb07b1f391f635da) Importer(2089858483,0ecaa5967403d082aa24f35e1b516d23)
Start importing Assets/NatureManufacture Assets/Advanced Foliage Pack/Demo/Overview SceneSettings.lighting using Guid(5361f8ea679443a4eb07b1f391f635da) Importer(2089858483,0ecaa5967403d082aa24f35e1b516d23) [PhysX] Initialized MultithreadedTaskDispatcher with 16 workers.
LightingSettings: switching bake backend from 1 to 2.
 -> (artifact id: 'f0b787d88f4cae01c750eae0a3221570') in 0.065158 seconds
Number of updated asset objects reloaded before import = 0
Number of asset objects unloaded after import = 1
========================================================================
Received Import Request.
  Time since last request: 0.000033 seconds.
  path: Assets/NatureManufacture Assets/Advanced Foliage Pack/Advanced Grass
  artifactKey: Guid(b27ba50e26cb61a43bc62f59a5265dd8) Importer(2089858483,0ecaa5967403d082aa24f35e1b516d23)
Start importing Assets/NatureManufacture Assets/Advanced Foliage Pack/Advanced Grass using Guid(b27ba50e26cb61a43bc62f59a5265dd8) Importer(2089858483,0ecaa5967403d082aa24f35e1b516d23) [PhysX] Initialized MultithreadedTaskDispatcher with 16 workers.
 -> (artifact id: '1684f3b8880103d71d826fee0a236f9b') in 0.015789 seconds
Number of updated asset objects reloaded before import = 0
Number of asset objects unloaded after import = 1
========================================================================
Received Import Request.
  Time since last request: 0.000040 seconds.
  path: Assets/NatureManufacture Assets/Advanced Foliage Pack/Unity grass/Unity Grass Models/Prefabs Snow/prefab_unity_Snow_grass_grass_bush_01.prefab
  artifactKey: Guid(7664a6318475baa49a3d8dbb423c2895) Importer(2089858483,0ecaa5967403d082aa24f35e1b516d23)
Start importing Assets/NatureManufacture Assets/Advanced Foliage Pack/Unity grass/Unity Grass Models/Prefabs Snow/prefab_unity_Snow_grass_grass_bush_01.prefab using Guid(7664a6318475baa49a3d8dbb423c2895) Importer(2089858483,0ecaa5967403d082aa24f35e1b516d23) [PhysX] Initialized MultithreadedTaskDispatcher with 16 workers.
 -> (artifact id: '42c3f03dc9f8bbc4e4626d4462d3b0b9') in 0.037753 seconds
Number of updated asset objects reloaded before import = 0
Number of asset objects unloaded after import = 7
========================================================================
Received Import Request.
  Time since last request: 0.000048 seconds.
  path: Assets/Toby Fredson/The Toby Foliage Engine
  artifactKey: Guid(a4b20352d1bc61142b8b1d1a4edf0a3e) Importer(2089858483,0ecaa5967403d082aa24f35e1b516d23)
Start importing Assets/Toby Fredson/The Toby Foliage Engine using Guid(a4b20352d1bc61142b8b1d1a4edf0a3e) Importer(2089858483,0ecaa5967403d082aa24f35e1b516d23) [PhysX] Initialized MultithreadedTaskDispatcher with 16 workers.
 -> (artifact id: '597bbe184bd0263e54893e523e665a14') in 0.020547 seconds
Number of updated asset objects reloaded before import = 0
Number of asset objects unloaded after import = 1
========================================================================
Received Import Request.
  Time since last request: 0.000041 seconds.
  path: Assets/NatureManufacture Assets/Advanced Foliage Pack/Ground Textures/Materials/Test Ground.mat
  artifactKey: Guid(adaa07406f1bd754184cdac162baffbf) Importer(2089858483,0ecaa5967403d082aa24f35e1b516d23)
Start importing Assets/NatureManufacture Assets/Advanced Foliage Pack/Ground Textures/Materials/Test Ground.mat using Guid(adaa07406f1bd754184cdac162baffbf) Importer(2089858483,0ecaa5967403d082aa24f35e1b516d23) [PhysX] Initialized MultithreadedTaskDispatcher with 16 workers.
 -> (artifact id: 'd994bc904d18538fc8920f57a622504e') in 0.134889 seconds
Number of updated asset objects reloaded before import = 0
Number of asset objects unloaded after import = 5
========================================================================
Received Import Request.
  Time since last request: 0.000046 seconds.
  path: Assets/NatureManufacture Assets/Advanced Foliage Pack/Crooked Roots/Prefabs_Snow/prefab_Snow_crooked_roots_small.prefab
  artifactKey: Guid(adb26d6b838c1024e9bf8bcd91481eca) Importer(2089858483,0ecaa5967403d082aa24f35e1b516d23)
Start importing Assets/NatureManufacture Assets/Advanced Foliage Pack/Crooked Roots/Prefabs_Snow/prefab_Snow_crooked_roots_small.prefab using Guid(adb26d6b838c1024e9bf8bcd91481eca) Importer(2089858483,0ecaa5967403d082aa24f35e1b516d23) [PhysX] Initialized MultithreadedTaskDispatcher with 16 workers.
 -> (artifact id: 'e653a382e71033833d4b9cc8a9619583') in 0.030570 seconds
Number of updated asset objects reloaded before import = 0
Number of asset objects unloaded after import = 10
========================================================================
Received Import Request.
  Time since last request: 0.000047 seconds.
  path: Assets/NatureManufacture Assets/Advanced Foliage Pack/Trunks/Prefabs Snow/Prefab_Snow_trunk_01.prefab
  artifactKey: Guid(14b8088885f82884f8aa39d51e4387d6) Importer(2089858483,0ecaa5967403d082aa24f35e1b516d23)
Start importing Assets/NatureManufacture Assets/Advanced Foliage Pack/Trunks/Prefabs Snow/Prefab_Snow_trunk_01.prefab using Guid(14b8088885f82884f8aa39d51e4387d6) Importer(2089858483,0ecaa5967403d082aa24f35e1b516d23) [PhysX] Initialized MultithreadedTaskDispatcher with 16 workers.
 -> (artifact id: '166613d65aaff66dcf5198c8c795ca8b') in 0.051007 seconds
Number of updated asset objects reloaded before import = 0
Number of asset objects unloaded after import = 26
========================================================================
Received Import Request.
  Time since last request: 0.000040 seconds.
  path: Assets/NatureManufacture Assets/Advanced Foliage Pack/Ground Textures/Materials/T_Ground_Roots_03.mat
  artifactKey: Guid(7b30ff9ded0e25e4f89a2fe5cea6f2db) Importer(2089858483,0ecaa5967403d082aa24f35e1b516d23)
Start importing Assets/NatureManufacture Assets/Advanced Foliage Pack/Ground Textures/Materials/T_Ground_Roots_03.mat using Guid(7b30ff9ded0e25e4f89a2fe5cea6f2db) Importer(2089858483,0ecaa5967403d082aa24f35e1b516d23) [PhysX] Initialized MultithreadedTaskDispatcher with 16 workers.
 -> (artifact id: '796c960351e56dc1348078888e32136f') in 0.121784 seconds
Number of updated asset objects reloaded before import = 0
Number of asset objects unloaded after import = 5
========================================================================
Received Import Request.
  Time since last request: 0.000052 seconds.
  path: Assets/Toby Fredson/The Toby Foliage Engine/(TTFE)_Demo/Materials/Materials_Helpers/Helper 1.mat
  artifactKey: Guid(7c886413730a48a47bf8bbb06ff00da0) Importer(2089858483,0ecaa5967403d082aa24f35e1b516d23)
Start importing Assets/Toby Fredson/The Toby Foliage Engine/(TTFE)_Demo/Materials/Materials_Helpers/Helper 1.mat using Guid(7c886413730a48a47bf8bbb06ff00da0) Importer(2089858483,0ecaa5967403d082aa24f35e1b516d23) [PhysX] Initialized MultithreadedTaskDispatcher with 16 workers.
 -> (artifact id: 'be8a79c8a7f706d2c1b4d4269bc70a11') in 0.043265 seconds
Number of updated asset objects reloaded before import = 0
Number of asset objects unloaded after import = 1
========================================================================
Received Import Request.
  Time since last request: 0.000046 seconds.
  path: Assets/NatureManufacture Assets/Advanced Foliage Pack/Unity grass/Unity Grass Models/Prefabs Snow/prefab_unity_Snow_grass_clover_01_flowery.prefab
  artifactKey: Guid(ec09695c1c34d3d4899629d75df824da) Importer(2089858483,0ecaa5967403d082aa24f35e1b516d23)
Start importing Assets/NatureManufacture Assets/Advanced Foliage Pack/Unity grass/Unity Grass Models/Prefabs Snow/prefab_unity_Snow_grass_clover_01_flowery.prefab using Guid(ec09695c1c34d3d4899629d75df824da) Importer(2089858483,0ecaa5967403d082aa24f35e1b516d23) [PhysX] Initialized MultithreadedTaskDispatcher with 16 workers.
 -> (artifact id: '99671157755a41a91ec0bfa823237c51') in 0.037988 seconds
Number of updated asset objects reloaded before import = 0
Number of asset objects unloaded after import = 7
========================================================================
Received Import Request.
  Time since last request: 0.000043 seconds.
  path: Assets/NatureManufacture Assets/Advanced Foliage Pack/Trunks/Materials/M_Snow_trunk_02.mat
  artifactKey: Guid(f42129c5b6925684f80496d5d87f4e95) Importer(2089858483,0ecaa5967403d082aa24f35e1b516d23)
Start importing Assets/NatureManufacture Assets/Advanced Foliage Pack/Trunks/Materials/M_Snow_trunk_02.mat using Guid(f42129c5b6925684f80496d5d87f4e95) Importer(2089858483,0ecaa5967403d082aa24f35e1b516d23) [PhysX] Initialized MultithreadedTaskDispatcher with 16 workers.
 -> (artifact id: 'dfd6d9a09f9fa7d6847ff8edf55ace82') in 0.108149 seconds
Number of updated asset objects reloaded before import = 0
Number of asset objects unloaded after import = 7
========================================================================
Received Import Request.
  Time since last request: 0.000062 seconds.
  path: Assets/Toby Fredson/The Toby Foliage Engine/(TTFE)_Core/Resources/Diffusion Profiles (HDRP)/DiffusionProfile_Terrain.asset
  artifactKey: Guid(3d735a15740e0f645b769826cdafae78) Importer(2089858483,0ecaa5967403d082aa24f35e1b516d23)
Start importing Assets/Toby Fredson/The Toby Foliage Engine/(TTFE)_Core/Resources/Diffusion Profiles (HDRP)/DiffusionProfile_Terrain.asset using Guid(3d735a15740e0f645b769826cdafae78) Importer(2089858483,0ecaa5967403d082aa24f35e1b516d23) [PhysX] Initialized MultithreadedTaskDispatcher with 16 workers.
 -> (artifact id: 'b56f1970baab39268121fdbd4b45a150') in 0.040068 seconds
Number of updated asset objects reloaded before import = 0
Number of asset objects unloaded after import = 1
========================================================================
Received Import Request.
  Time since last request: 0.000044 seconds.
  path: Assets/NatureManufacture Assets/Advanced Foliage Pack/Crooked Roots/Materials
  artifactKey: Guid(011fb4435c75d42409e3dde80bdb0732) Importer(2089858483,0ecaa5967403d082aa24f35e1b516d23)
Start importing Assets/NatureManufacture Assets/Advanced Foliage Pack/Crooked Roots/Materials using Guid(011fb4435c75d42409e3dde80bdb0732) Importer(2089858483,0ecaa5967403d082aa24f35e1b516d23) [PhysX] Initialized MultithreadedTaskDispatcher with 16 workers.
 -> (artifact id: 'e8a8cbccdb935a259bcd2ebdfef92e4b') in 0.020053 seconds
Number of updated asset objects reloaded before import = 0
Number of asset objects unloaded after import = 1
========================================================================
Received Import Request.
  Time since last request: 0.000050 seconds.
  path: Assets/NatureManufacture Assets/Advanced Foliage Pack/Unity grass/Unity Grass Models/Prefabs/prefab_unity_grass_fern_01_0.prefab
  artifactKey: Guid(95133c6c706394c479e5da7699cac586) Importer(2089858483,0ecaa5967403d082aa24f35e1b516d23)
Start importing Assets/NatureManufacture Assets/Advanced Foliage Pack/Unity grass/Unity Grass Models/Prefabs/prefab_unity_grass_fern_01_0.prefab using Guid(95133c6c706394c479e5da7699cac586) Importer(2089858483,0ecaa5967403d082aa24f35e1b516d23) [PhysX] Initialized MultithreadedTaskDispatcher with 16 workers.
 -> (artifact id: 'af4f11843f3b92731bb811a17b8f3818') in 0.027551 seconds
Number of updated asset objects reloaded before import = 0
Number of asset objects unloaded after import = 7
========================================================================
Received Import Request.
  Time since last request: 0.000055 seconds.
  path: Assets/NatureManufacture Assets/Advanced Foliage Pack/Ground Textures/Materials/T_Ground_Forest_Pebbles_Path_01.mat
  artifactKey: Guid(856a8edf10290684cb22c1aa383ef11e) Importer(2089858483,0ecaa5967403d082aa24f35e1b516d23)
Start importing Assets/NatureManufacture Assets/Advanced Foliage Pack/Ground Textures/Materials/T_Ground_Forest_Pebbles_Path_01.mat using Guid(856a8edf10290684cb22c1aa383ef11e) Importer(2089858483,0ecaa5967403d082aa24f35e1b516d23) [PhysX] Initialized MultithreadedTaskDispatcher with 16 workers.
 -> (artifact id: '9ef4fc27ea10f37d7416a2b3ab08573f') in 0.120602 seconds
Number of updated asset objects reloaded before import = 0
Number of asset objects unloaded after import = 5
========================================================================
Received Import Request.
  Time since last request: 0.000067 seconds.
  path: Assets/Toby Fredson/The Toby Foliage Engine/(TTFE)_Demo/Prefabs/Prefabs_Vegetation/Vegetation_Plants/VP_Grass/GrassShort_C.prefab
  artifactKey: Guid(88120682e7d6d8b44981b69d0e0dace6) Importer(2089858483,0ecaa5967403d082aa24f35e1b516d23)
Start importing Assets/Toby Fredson/The Toby Foliage Engine/(TTFE)_Demo/Prefabs/Prefabs_Vegetation/Vegetation_Plants/VP_Grass/GrassShort_C.prefab using Guid(88120682e7d6d8b44981b69d0e0dace6) Importer(2089858483,0ecaa5967403d082aa24f35e1b516d23) [PhysX] Initialized MultithreadedTaskDispatcher with 16 workers.
 -> (artifact id: 'cc4aaeb33fcaa86df8e18aa2a48d790e') in 0.037649 seconds
Number of updated asset objects reloaded before import = 0
Number of asset objects unloaded after import = 19
========================================================================
Received Import Request.
  Time since last request: 0.000048 seconds.
  path: Assets/Toby Fredson/The Toby Foliage Engine/(TTFE)_Demo/Prefabs/Prefabs_Static/CliffRockTTFEL_A.prefab
  artifactKey: Guid(d80d66283d5ec724d86504f8e8de85f0) Importer(2089858483,0ecaa5967403d082aa24f35e1b516d23)
Start importing Assets/Toby Fredson/The Toby Foliage Engine/(TTFE)_Demo/Prefabs/Prefabs_Static/CliffRockTTFEL_A.prefab using Guid(d80d66283d5ec724d86504f8e8de85f0) Importer(2089858483,0ecaa5967403d082aa24f35e1b516d23) [PhysX] Initialized MultithreadedTaskDispatcher with 16 workers.
 -> (artifact id: 'c749050d4300825bb67090e3529e2cc1') in 0.030119 seconds
Number of updated asset objects reloaded before import = 0
Number of asset objects unloaded after import = 36
========================================================================
Received Import Request.
  Time since last request: 0.000039 seconds.
  path: Assets/Toby Fredson/The Toby Foliage Engine/(TTFE)_Demo/Materials/Materials_Vegetation/MV_Tress/Shrub_Leaves Fall.mat
  artifactKey: Guid(69665828d7d94104a8d2d77d3dbc0347) Importer(2089858483,0ecaa5967403d082aa24f35e1b516d23)
Start importing Assets/Toby Fredson/The Toby Foliage Engine/(TTFE)_Demo/Materials/Materials_Vegetation/MV_Tress/Shrub_Leaves Fall.mat using Guid(69665828d7d94104a8d2d77d3dbc0347) Importer(2089858483,0ecaa5967403d082aa24f35e1b516d23) [PhysX] Initialized MultithreadedTaskDispatcher with 16 workers.
 -> (artifact id: 'ae74aaae4857be0da6bc21f3121c2dbd') in 0.247940 seconds
Number of updated asset objects reloaded before import = 0
Number of asset objects unloaded after import = 6
========================================================================
Received Import Request.
  Time since last request: 0.000050 seconds.
  path: Assets/NatureManufacture Assets/Advanced Foliage Pack/Advanced Grass/Prefabs
  artifactKey: Guid(3848d111cbee6c54db99eb2aa3b264fc) Importer(2089858483,0ecaa5967403d082aa24f35e1b516d23)
Start importing Assets/NatureManufacture Assets/Advanced Foliage Pack/Advanced Grass/Prefabs using Guid(3848d111cbee6c54db99eb2aa3b264fc) Importer(2089858483,0ecaa5967403d082aa24f35e1b516d23) [PhysX] Initialized MultithreadedTaskDispatcher with 16 workers.
 -> (artifact id: '3de39e55d2b650095388344d655da0b2') in 0.015348 seconds
Number of updated asset objects reloaded before import = 0
Number of asset objects unloaded after import = 1
========================================================================
Received Import Request.
  Time since last request: 0.000044 seconds.
  path: Assets/NatureManufacture Assets/Advanced Foliage Pack/Advanced Grass/Prefabs Snow/prefab_SM_ground_foliage_04_1.prefab
  artifactKey: Guid(b6d84c5119088a2468ed8466cc2d94c9) Importer(2089858483,0ecaa5967403d082aa24f35e1b516d23)
Start importing Assets/NatureManufacture Assets/Advanced Foliage Pack/Advanced Grass/Prefabs Snow/prefab_SM_ground_foliage_04_1.prefab using Guid(b6d84c5119088a2468ed8466cc2d94c9) Importer(2089858483,0ecaa5967403d082aa24f35e1b516d23) [PhysX] Initialized MultithreadedTaskDispatcher with 16 workers.
 -> (artifact id: '7d8548a779d70238f5358c3cbfce2322') in 0.038701 seconds
Number of updated asset objects reloaded before import = 0
Number of asset objects unloaded after import = 15
========================================================================
Received Import Request.
  Time since last request: 0.000033 seconds.
  path: Assets/Toby Fredson/The Toby Foliage Engine/(TTFE)_Demo/Prefabs/Prefabs_Vegetation/Vegetation_Plants/VP_GrassSingle/Grass_Single_E.prefab
  artifactKey: Guid(87e550bd0d38f2a4483f76153b084ea6) Importer(2089858483,0ecaa5967403d082aa24f35e1b516d23)
Start importing Assets/Toby Fredson/The Toby Foliage Engine/(TTFE)_Demo/Prefabs/Prefabs_Vegetation/Vegetation_Plants/VP_GrassSingle/Grass_Single_E.prefab using Guid(87e550bd0d38f2a4483f76153b084ea6) Importer(2089858483,0ecaa5967403d082aa24f35e1b516d23) [PhysX] Initialized MultithreadedTaskDispatcher with 16 workers.
 -> (artifact id: 'bb997ab65eaa1a1e70340baf46a356a2') in 0.043674 seconds
Number of updated asset objects reloaded before import = 0
Number of asset objects unloaded after import = 24
========================================================================
Received Import Request.
  Time since last request: 0.000059 seconds.
  path: Assets/NatureManufacture Assets/Advanced Foliage Pack/Advanced Grass/Materials/M_ground_foliage_03.mat
  artifactKey: Guid(f4fd61d6d77da594994c711c7c7532f3) Importer(2089858483,0ecaa5967403d082aa24f35e1b516d23)
Start importing Assets/NatureManufacture Assets/Advanced Foliage Pack/Advanced Grass/Materials/M_ground_foliage_03.mat using Guid(f4fd61d6d77da594994c711c7c7532f3) Importer(2089858483,0ecaa5967403d082aa24f35e1b516d23) [PhysX] Initialized MultithreadedTaskDispatcher with 16 workers.
 -> (artifact id: 'f2d7188b96dee70c9d7b3a19a589d5cc') in 0.053644 seconds
Number of updated asset objects reloaded before import = 0
Number of asset objects unloaded after import = 5
========================================================================
Received Import Request.
  Time since last request: 0.000046 seconds.
  path: Assets/NatureManufacture Assets/Advanced Foliage Pack/Advanced Grass/Materials/M_ground_foliage_02.mat
  artifactKey: Guid(7abaa921a5319714dadcec8b6a34a6ab) Importer(2089858483,0ecaa5967403d082aa24f35e1b516d23)
Start importing Assets/NatureManufacture Assets/Advanced Foliage Pack/Advanced Grass/Materials/M_ground_foliage_02.mat using Guid(7abaa921a5319714dadcec8b6a34a6ab) Importer(2089858483,0ecaa5967403d082aa24f35e1b516d23) [PhysX] Initialized MultithreadedTaskDispatcher with 16 workers.
 -> (artifact id: '03ac097b89df92a28941286ea123c451') in 0.054407 seconds
Number of updated asset objects reloaded before import = 0
Number of asset objects unloaded after import = 5
========================================================================
Received Import Request.
  Time since last request: 0.000037 seconds.
  path: Assets/TerrainSampleAssets/Prefabs/Rocks/Materials/Rock_Overgrown_A.mat
  artifactKey: Guid(fba07ae0ac6dbe94188dc1bd2c505bd8) Importer(2089858483,0ecaa5967403d082aa24f35e1b516d23)
Start importing Assets/TerrainSampleAssets/Prefabs/Rocks/Materials/Rock_Overgrown_A.mat using Guid(fba07ae0ac6dbe94188dc1bd2c505bd8) Importer(2089858483,0ecaa5967403d082aa24f35e1b516d23) [PhysX] Initialized MultithreadedTaskDispatcher with 16 workers.
 -> (artifact id: '3f9b66e5cf99a1171fce77f8d09c525a') in 0.092889 seconds
Number of updated asset objects reloaded before import = 0
Number of asset objects unloaded after import = 14
========================================================================
Received Import Request.
  Time since last request: 0.000051 seconds.
  path: Assets/Toby Fredson/The Toby Foliage Engine/(TTFE)_Demo/Prefabs/Prefabs_Helpers/Humann Scale.prefab
  artifactKey: Guid(fb7ca97db13172646aadd004dfe7b3e3) Importer(2089858483,0ecaa5967403d082aa24f35e1b516d23)
Start importing Assets/Toby Fredson/The Toby Foliage Engine/(TTFE)_Demo/Prefabs/Prefabs_Helpers/Humann Scale.prefab using Guid(fb7ca97db13172646aadd004dfe7b3e3) Importer(2089858483,0ecaa5967403d082aa24f35e1b516d23) [PhysX] Initialized MultithreadedTaskDispatcher with 16 workers.
 -> (artifact id: '79ca6458cd97b819ebd63afb2adb6a80') in 0.067845 seconds
Number of updated asset objects reloaded before import = 0
Number of asset objects unloaded after import = 8
========================================================================
Received Import Request.
  Time since last request: 0.000049 seconds.
  path: Assets/NatureManufacture Assets/Advanced Foliage Pack/Unity grass/Unity Grass Models/Materials/M_Unity_Grass_clover_01.mat
  artifactKey: Guid(8aba6d9270d457f448989631de796cc0) Importer(2089858483,0ecaa5967403d082aa24f35e1b516d23)
Start importing Assets/NatureManufacture Assets/Advanced Foliage Pack/Unity grass/Unity Grass Models/Materials/M_Unity_Grass_clover_01.mat using Guid(8aba6d9270d457f448989631de796cc0) Importer(2089858483,0ecaa5967403d082aa24f35e1b516d23) [PhysX] Initialized MultithreadedTaskDispatcher with 16 workers.
 -> (artifact id: 'dee5e78ab653dc220e92c0f8dc653fb6') in 0.033250 seconds
Number of updated asset objects reloaded before import = 0
Number of asset objects unloaded after import = 5
========================================================================
Received Import Request.
  Time since last request: 0.000070 seconds.
  path: Assets/Toby Fredson/The Toby Foliage Engine/(TTFE)_Demo/Materials/Materials_Billboards/ShrubPlantsBillboard Fall.mat
  artifactKey: Guid(08ecf1bd578b688469481722a5bf7a00) Importer(2089858483,0ecaa5967403d082aa24f35e1b516d23)
Start importing Assets/Toby Fredson/The Toby Foliage Engine/(TTFE)_Demo/Materials/Materials_Billboards/ShrubPlantsBillboard Fall.mat using Guid(08ecf1bd578b688469481722a5bf7a00) Importer(2089858483,0ecaa5967403d082aa24f35e1b516d23) [PhysX] Initialized MultithreadedTaskDispatcher with 16 workers.
 -> (artifact id: 'a9c708672aa45021e8ba42cfaa4f38b5') in 0.213182 seconds
Number of updated asset objects reloaded before import = 0
Number of asset objects unloaded after import = 5
========================================================================
Received Import Request.
  Time since last request: 0.000044 seconds.
  path: Assets/NatureManufacture Assets/NatureManufacture Wind/Prefab_Wind.prefab
  artifactKey: Guid(8dfd17a03533a0241b37daf2264ebdfd) Importer(2089858483,0ecaa5967403d082aa24f35e1b516d23)
Start importing Assets/NatureManufacture Assets/NatureManufacture Wind/Prefab_Wind.prefab using Guid(8dfd17a03533a0241b37daf2264ebdfd) Importer(2089858483,0ecaa5967403d082aa24f35e1b516d23) [PhysX] Initialized MultithreadedTaskDispatcher with 16 workers.
 -> (artifact id: 'df94dea8e4c9ebbdb508eaf1a4d5934c') in 0.107190 seconds
Number of updated asset objects reloaded before import = 0
Number of asset objects unloaded after import = 8
========================================================================
Received Import Request.
  Time since last request: 0.000065 seconds.
  path: Assets/NatureManufacture Assets/Advanced Foliage Pack/Trunks/Prefabs/Prefab_trunk_02.prefab
  artifactKey: Guid(6f2fa99cc23200147af7e2b98587b676) Importer(2089858483,0ecaa5967403d082aa24f35e1b516d23)
Start importing Assets/NatureManufacture Assets/Advanced Foliage Pack/Trunks/Prefabs/Prefab_trunk_02.prefab using Guid(6f2fa99cc23200147af7e2b98587b676) Importer(2089858483,0ecaa5967403d082aa24f35e1b516d23) [PhysX] Initialized MultithreadedTaskDispatcher with 16 workers.
 -> (artifact id: 'e9fa20dfa77dee63ebc5d82e91df019e') in 0.029289 seconds
Number of updated asset objects reloaded before import = 0
Number of asset objects unloaded after import = 26
========================================================================
Received Import Request.
  Time since last request: 0.000044 seconds.
  path: Assets/Toby Fredson/The Toby Foliage Engine/(TTFE)_Demo/Prefabs/Prefabs_Vegetation/Vegetation_Plants
  artifactKey: Guid(278430e50b2f84f4d86e274263f9a6cf) Importer(2089858483,0ecaa5967403d082aa24f35e1b516d23)
Start importing Assets/Toby Fredson/The Toby Foliage Engine/(TTFE)_Demo/Prefabs/Prefabs_Vegetation/Vegetation_Plants using Guid(278430e50b2f84f4d86e274263f9a6cf) Importer(2089858483,0ecaa5967403d082aa24f35e1b516d23) [PhysX] Initialized MultithreadedTaskDispatcher with 16 workers.
 -> (artifact id: 'c0d6c036241bdc6ef155e29d6863ef0d') in 0.027035 seconds
Number of updated asset objects reloaded before import = 0
Number of asset objects unloaded after import = 1
========================================================================
Received Import Request.
  Time since last request: 0.000043 seconds.
  path: Assets/NatureManufacture Assets/Advanced Foliage Pack/Unity grass/Unity Grass Models/Prefabs/prefab_unity_grass_grass_bush_04.prefab
  artifactKey: Guid(ddbee68d1655416438238b56bd770657) Importer(2089858483,0ecaa5967403d082aa24f35e1b516d23)
Start importing Assets/NatureManufacture Assets/Advanced Foliage Pack/Unity grass/Unity Grass Models/Prefabs/prefab_unity_grass_grass_bush_04.prefab using Guid(ddbee68d1655416438238b56bd770657) Importer(2089858483,0ecaa5967403d082aa24f35e1b516d23) [PhysX] Initialized MultithreadedTaskDispatcher with 16 workers.
 -> (artifact id: 'cb13e07332f3f95c142fe1ad6b5c45ff') in 0.038276 seconds
Number of updated asset objects reloaded before import = 0
Number of asset objects unloaded after import = 7
========================================================================
Received Import Request.
  Time since last request: 0.000047 seconds.
  path: Assets/Toby Fredson/The Toby Foliage Engine/(TTFE)_Demo/Scenes/TTFE-LightScene_Terrain Example.unity
  artifactKey: Guid(fa7209e45c6f54949b487d28c52dcda2) Importer(2089858483,0ecaa5967403d082aa24f35e1b516d23)
Start importing Assets/Toby Fredson/The Toby Foliage Engine/(TTFE)_Demo/Scenes/TTFE-LightScene_Terrain Example.unity using Guid(fa7209e45c6f54949b487d28c52dcda2) Importer(2089858483,0ecaa5967403d082aa24f35e1b516d23) [PhysX] Initialized MultithreadedTaskDispatcher with 16 workers.
 -> (artifact id: '2e7ad544f7567b607701529f67fe5882') in 0.019438 seconds
Number of updated asset objects reloaded before import = 0
Number of asset objects unloaded after import = 1
========================================================================
Received Import Request.
  Time since last request: 0.000038 seconds.
  path: Assets/Toby Fredson/The Toby Foliage Engine/(TTFE)_Demo/Prefabs/Prefabs_Vegetation/Vegetation_Trees/VTSpecies_Shrub
  artifactKey: Guid(dcf888ae0368c9445baff08d839b52e8) Importer(2089858483,0ecaa5967403d082aa24f35e1b516d23)
Start importing Assets/Toby Fredson/The Toby Foliage Engine/(TTFE)_Demo/Prefabs/Prefabs_Vegetation/Vegetation_Trees/VTSpecies_Shrub using Guid(dcf888ae0368c9445baff08d839b52e8) Importer(2089858483,0ecaa5967403d082aa24f35e1b516d23) [PhysX] Initialized MultithreadedTaskDispatcher with 16 workers.
 -> (artifact id: '3429f60fd34ab6fb697cd040a58cc20f') in 0.020052 seconds
Number of updated asset objects reloaded before import = 0
Number of asset objects unloaded after import = 1
========================================================================
Received Import Request.
  Time since last request: 0.000036 seconds.
  path: Assets/Toby Fredson/The Toby Foliage Engine/(TTFE)_Demo/Prefabs/Prefabs_Vegetation/Vegetation_Plants/VP_Grass/GrassShort_B.prefab
  artifactKey: Guid(a493628cc8c9e53408c5d25f0de93347) Importer(2089858483,0ecaa5967403d082aa24f35e1b516d23)
Start importing Assets/Toby Fredson/The Toby Foliage Engine/(TTFE)_Demo/Prefabs/Prefabs_Vegetation/Vegetation_Plants/VP_Grass/GrassShort_B.prefab using Guid(a493628cc8c9e53408c5d25f0de93347) Importer(2089858483,0ecaa5967403d082aa24f35e1b516d23) [PhysX] Initialized MultithreadedTaskDispatcher with 16 workers.
 -> (artifact id: '1cb7d94cc4163edafe714533b783ca2a') in 0.037448 seconds
Number of updated asset objects reloaded before import = 0
Number of asset objects unloaded after import = 19
========================================================================
Received Import Request.
  Time since last request: 0.000049 seconds.
  path: Assets/Toby Fredson/The Toby Foliage Engine/(TTFE)_Demo/Materials/Materials_Vegetation/MV_Plants/FlowersTTFEL.mat
  artifactKey: Guid(1528b25a59b7e5a47b88be2911d4fe8c) Importer(2089858483,0ecaa5967403d082aa24f35e1b516d23)
Start importing Assets/Toby Fredson/The Toby Foliage Engine/(TTFE)_Demo/Materials/Materials_Vegetation/MV_Plants/FlowersTTFEL.mat using Guid(1528b25a59b7e5a47b88be2911d4fe8c) Importer(2089858483,0ecaa5967403d082aa24f35e1b516d23) [PhysX] Initialized MultithreadedTaskDispatcher with 16 workers.
 -> (artifact id: '50cc568587b23acbac201f18b2635ba4') in 0.096457 seconds
Number of updated asset objects reloaded before import = 0
Number of asset objects unloaded after import = 6
========================================================================
Received Import Request.
  Time since last request: 0.000065 seconds.
  path: Assets/NatureManufacture Assets/Advanced Foliage Pack/Advanced Grass/Prefabs Snow/prefab_SM_ground_foliage_02_1.prefab
  artifactKey: Guid(c0b760ba76e407f4aa4e0ed81813ec93) Importer(2089858483,0ecaa5967403d082aa24f35e1b516d23)
Start importing Assets/NatureManufacture Assets/Advanced Foliage Pack/Advanced Grass/Prefabs Snow/prefab_SM_ground_foliage_02_1.prefab using Guid(c0b760ba76e407f4aa4e0ed81813ec93) Importer(2089858483,0ecaa5967403d082aa24f35e1b516d23) [PhysX] Initialized MultithreadedTaskDispatcher with 16 workers.
 -> (artifact id: '9962565cc19fbe7632d9f78785063814') in 0.047688 seconds
Number of updated asset objects reloaded before import = 0
Number of asset objects unloaded after import = 20
========================================================================
Received Import Request.
  Time since last request: 0.000042 seconds.
  path: Assets/Toby Fredson/The Toby Foliage Engine/(TTFE)_Demo/Scripts
  artifactKey: Guid(e9f117c8c9ddc2047bdfd95a620cfac2) Importer(2089858483,0ecaa5967403d082aa24f35e1b516d23)
Start importing Assets/Toby Fredson/The Toby Foliage Engine/(TTFE)_Demo/Scripts using Guid(e9f117c8c9ddc2047bdfd95a620cfac2) Importer(2089858483,0ecaa5967403d082aa24f35e1b516d23) [PhysX] Initialized MultithreadedTaskDispatcher with 16 workers.
 -> (artifact id: '62a5c9539912d177b4d6d9d023748802') in 0.022587 seconds
Number of updated asset objects reloaded before import = 0
Number of asset objects unloaded after import = 1
========================================================================
Received Import Request.
  Time since last request: 0.000041 seconds.
  path: Assets/Toby Fredson/The Toby Foliage Engine/(TTFE)_Demo/Prefabs/Prefabs_Vegetation - (SL)/Vegetation_Plants - (SL)/VP_GrassSingle Fall
  artifactKey: Guid(3a6dca0e29f16154c83e040a686e6e7a) Importer(2089858483,0ecaa5967403d082aa24f35e1b516d23)
Start importing Assets/Toby Fredson/The Toby Foliage Engine/(TTFE)_Demo/Prefabs/Prefabs_Vegetation - (SL)/Vegetation_Plants - (SL)/VP_GrassSingle Fall using Guid(3a6dca0e29f16154c83e040a686e6e7a) Importer(2089858483,0ecaa5967403d082aa24f35e1b516d23) [PhysX] Initialized MultithreadedTaskDispatcher with 16 workers.
 -> (artifact id: '27fe483264d56fd92257e773b1be3d60') in 0.018805 seconds
Number of updated asset objects reloaded before import = 0
Number of asset objects unloaded after import = 1
========================================================================
Received Import Request.
  Time since last request: 0.000048 seconds.
  path: Assets/Toby Fredson/The Toby Foliage Engine/(TTFE)_Demo/Prefabs/Prefabs_Static/RocksTTFEL_E.prefab
  artifactKey: Guid(6891de47d78cfef4f97f588e132a3c58) Importer(2089858483,0ecaa5967403d082aa24f35e1b516d23)
Start importing Assets/Toby Fredson/The Toby Foliage Engine/(TTFE)_Demo/Prefabs/Prefabs_Static/RocksTTFEL_E.prefab using Guid(6891de47d78cfef4f97f588e132a3c58) Importer(2089858483,0ecaa5967403d082aa24f35e1b516d23) [PhysX] Initialized MultithreadedTaskDispatcher with 16 workers.
 -> (artifact id: '6a42bfe5f2818ac1560e8373bfd8fc2c') in 0.034972 seconds
Number of updated asset objects reloaded before import = 0
Number of asset objects unloaded after import = 8
========================================================================
Received Import Request.
  Time since last request: 0.000045 seconds.
  path: Assets/NatureManufacture Assets/Advanced Foliage Pack/Advanced Grass/Prefabs/prefab_SM_ground_foliage_02_2.prefab
  artifactKey: Guid(febb4eb8492f964479f036004242426d) Importer(2089858483,0ecaa5967403d082aa24f35e1b516d23)
Start importing Assets/NatureManufacture Assets/Advanced Foliage Pack/Advanced Grass/Prefabs/prefab_SM_ground_foliage_02_2.prefab using Guid(febb4eb8492f964479f036004242426d) Importer(2089858483,0ecaa5967403d082aa24f35e1b516d23) [PhysX] Initialized MultithreadedTaskDispatcher with 16 workers.
 -> (artifact id: '3a6bc0bb9b45de4c5ac9e31a87ecc4e0') in 0.052604 seconds
Number of updated asset objects reloaded before import = 0
Number of asset objects unloaded after import = 20
========================================================================
Received Import Request.
  Time since last request: 0.000046 seconds.
  path: Assets/NatureManufacture Assets/Advanced Foliage Pack/Unity grass/Unity Grass Models/Prefabs Snow/prefab_unity_Snow_grass_grass_bush_simple_01.prefab
  artifactKey: Guid(4d4522c9455a27b44b709f57889599ed) Importer(2089858483,0ecaa5967403d082aa24f35e1b516d23)
Start importing Assets/NatureManufacture Assets/Advanced Foliage Pack/Unity grass/Unity Grass Models/Prefabs Snow/prefab_unity_Snow_grass_grass_bush_simple_01.prefab using Guid(4d4522c9455a27b44b709f57889599ed) Importer(2089858483,0ecaa5967403d082aa24f35e1b516d23) [PhysX] Initialized MultithreadedTaskDispatcher with 16 workers.
 -> (artifact id: '59bbe80bc0a6fdf7ef8eacc35163a026') in 0.052977 seconds
Number of updated asset objects reloaded before import = 0
Number of asset objects unloaded after import = 7
========================================================================
Received Import Request.
  Time since last request: 0.000043 seconds.
  path: Assets/Toby Fredson/The Toby Foliage Engine/(TTFE)_Demo/Materials/Materials_Helpers/Default Ground.mat
  artifactKey: Guid(77889b74467210c42868d9b701705531) Importer(2089858483,0ecaa5967403d082aa24f35e1b516d23)
Start importing Assets/Toby Fredson/The Toby Foliage Engine/(TTFE)_Demo/Materials/Materials_Helpers/Default Ground.mat using Guid(77889b74467210c42868d9b701705531) Importer(2089858483,0ecaa5967403d082aa24f35e1b516d23) [PhysX] Initialized MultithreadedTaskDispatcher with 16 workers.
 -> (artifact id: '88214467fd746eff7a75bdbbdbd15540') in 0.049346 seconds
Number of updated asset objects reloaded before import = 0
Number of asset objects unloaded after import = 1
========================================================================
Received Import Request.
  Time since last request: 0.000043 seconds.
  path: Assets/Toby Fredson/The Toby Foliage Engine/(TTFE)_Demo/Prefabs/Prefabs_Vegetation - (SL)/Vegetation_Trees - (SL)/VTSpecies_Shrub Fall/ShrubBush_B_Fall.prefab
  artifactKey: Guid(a192326c8750cae4b8c6d271de322ec9) Importer(2089858483,0ecaa5967403d082aa24f35e1b516d23)
Start importing Assets/Toby Fredson/The Toby Foliage Engine/(TTFE)_Demo/Prefabs/Prefabs_Vegetation - (SL)/Vegetation_Trees - (SL)/VTSpecies_Shrub Fall/ShrubBush_B_Fall.prefab using Guid(a192326c8750cae4b8c6d271de322ec9) Importer(2089858483,0ecaa5967403d082aa24f35e1b516d23) [PhysX] Initialized MultithreadedTaskDispatcher with 16 workers.
 -> (artifact id: '8f45a1f67443677a88a93ad95afe1f19') in 0.053487 seconds
Number of updated asset objects reloaded before import = 0
Number of asset objects unloaded after import = 41
========================================================================
Received Import Request.
  Time since last request: 0.000058 seconds.
  path: Assets/NatureManufacture Assets/Advanced Foliage Pack/Ground Textures/Materials/T_Ground_Leaves_02.mat
  artifactKey: Guid(5aa15638098f01d44a81c34969eefac7) Importer(2089858483,0ecaa5967403d082aa24f35e1b516d23)
Start importing Assets/NatureManufacture Assets/Advanced Foliage Pack/Ground Textures/Materials/T_Ground_Leaves_02.mat using Guid(5aa15638098f01d44a81c34969eefac7) Importer(2089858483,0ecaa5967403d082aa24f35e1b516d23) [PhysX] Initialized MultithreadedTaskDispatcher with 16 workers.
 -> (artifact id: '1d6a918361d86f45373c634f796ebafb') in 0.088122 seconds
Number of updated asset objects reloaded before import = 0
Number of asset objects unloaded after import = 5
========================================================================
Received Import Request.
  Time since last request: 0.000082 seconds.
  path: Assets/TerrainDemoScene_HDRP/Settings/DiffusionProfiles/Leaves.asset
  artifactKey: Guid(5a9a2dc462c7bde4f86d0615a19c2c72) Importer(2089858483,0ecaa5967403d082aa24f35e1b516d23)
Start importing Assets/TerrainDemoScene_HDRP/Settings/DiffusionProfiles/Leaves.asset using Guid(5a9a2dc462c7bde4f86d0615a19c2c72) Importer(2089858483,0ecaa5967403d082aa24f35e1b516d23) [PhysX] Initialized MultithreadedTaskDispatcher with 16 workers.
 -> (artifact id: 'e6cbadddb7de8da6c731b15af4f2da0b') in 0.037875 seconds
Number of updated asset objects reloaded before import = 0
Number of asset objects unloaded after import = 1
========================================================================
Received Import Request.
  Time since last request: 0.000049 seconds.
  path: Assets/NatureManufacture Assets/Advanced Foliage Pack/Demo/HD SRP Overview SceneSettings.lighting
  artifactKey: Guid(6685d52008dcadc408bdf705c0e5cef3) Importer(2089858483,0ecaa5967403d082aa24f35e1b516d23)
Start importing Assets/NatureManufacture Assets/Advanced Foliage Pack/Demo/HD SRP Overview SceneSettings.lighting using Guid(6685d52008dcadc408bdf705c0e5cef3) Importer(2089858483,0ecaa5967403d082aa24f35e1b516d23) [PhysX] Initialized MultithreadedTaskDispatcher with 16 workers.
LightingSettings: switching bake backend from 1 to 2.
 -> (artifact id: '498acfb6b0242daf7465d28c2b459ba0') in 0.054216 seconds
Number of updated asset objects reloaded before import = 0
Number of asset objects unloaded after import = 1
========================================================================
Received Import Request.
  Time since last request: 0.000048 seconds.
  path: Assets/Toby Fredson/The Toby Foliage Engine/(TTFE)_Demo/Prefabs/Prefabs_Vegetation - (SL)/Vegetation_Trees - (SL)/VTSpecies_Shrub Fall/ShrubBush_C_Fall.prefab
  artifactKey: Guid(6e87e029f25a1b94bb5103ab33737599) Importer(2089858483,0ecaa5967403d082aa24f35e1b516d23)
Start importing Assets/Toby Fredson/The Toby Foliage Engine/(TTFE)_Demo/Prefabs/Prefabs_Vegetation - (SL)/Vegetation_Trees - (SL)/VTSpecies_Shrub Fall/ShrubBush_C_Fall.prefab using Guid(6e87e029f25a1b94bb5103ab33737599) Importer(2089858483,0ecaa5967403d082aa24f35e1b516d23) [PhysX] Initialized MultithreadedTaskDispatcher with 16 workers.
 -> (artifact id: '953a898ce578080885f24036ef80052f') in 0.093654 seconds
Number of updated asset objects reloaded before import = 0
Number of asset objects unloaded after import = 41
========================================================================
Received Import Request.
  Time since last request: 0.000044 seconds.
  path: Assets/Toby Fredson/The Toby Foliage Engine/(TTFE)_Core/Shaders
  artifactKey: Guid(36799b097827fa24d99b280dd1f05ccc) Importer(2089858483,0ecaa5967403d082aa24f35e1b516d23)
Start importing Assets/Toby Fredson/The Toby Foliage Engine/(TTFE)_Core/Shaders using Guid(36799b097827fa24d99b280dd1f05ccc) Importer(2089858483,0ecaa5967403d082aa24f35e1b516d23) [PhysX] Initialized MultithreadedTaskDispatcher with 16 workers.
 -> (artifact id: '778350cd6cb8e7f46d3b48ba942f6550') in 0.032037 seconds
Number of updated asset objects reloaded before import = 0
Number of asset objects unloaded after import = 1
========================================================================
Received Import Request.
  Time since last request: 0.000036 seconds.
  path: Assets/Toby Fredson/The Toby Foliage Engine/(TTFE)_Core/Resources/(TTFE) GLOBAL CONTROLLER/TTFE_Wind Gizmo/TTFE_Utility Resources/COLOR.mat
  artifactKey: Guid(4bf51c9704a303849ad4ee0b689b5530) Importer(2089858483,0ecaa5967403d082aa24f35e1b516d23)
Start importing Assets/Toby Fredson/The Toby Foliage Engine/(TTFE)_Core/Resources/(TTFE) GLOBAL CONTROLLER/TTFE_Wind Gizmo/TTFE_Utility Resources/COLOR.mat using Guid(4bf51c9704a303849ad4ee0b689b5530) Importer(2089858483,0ecaa5967403d082aa24f35e1b516d23) [PhysX] Initialized MultithreadedTaskDispatcher with 16 workers.
 -> (artifact id: '011db6e40d7cb25ed0e48645c83bd64f') in 0.049762 seconds
Number of updated asset objects reloaded before import = 0
Number of asset objects unloaded after import = 1
========================================================================
Received Import Request.
  Time since last request: 0.000055 seconds.
  path: Assets/Toby Fredson/The Toby Foliage Engine/(TTFE)_Demo/Prefabs/Prefabs_Vegetation - (SL)/Vegetation_Plants - (SL)
  artifactKey: Guid(49da6fc312764094d9b2017cc3bcae0f) Importer(2089858483,0ecaa5967403d082aa24f35e1b516d23)
Start importing Assets/Toby Fredson/The Toby Foliage Engine/(TTFE)_Demo/Prefabs/Prefabs_Vegetation - (SL)/Vegetation_Plants - (SL) using Guid(49da6fc312764094d9b2017cc3bcae0f) Importer(2089858483,0ecaa5967403d082aa24f35e1b516d23) [PhysX] Initialized MultithreadedTaskDispatcher with 16 workers.
 -> (artifact id: '77dd93c843d2f305b26e3ea9ab337d0c') in 0.021233 seconds
Number of updated asset objects reloaded before import = 0
Number of asset objects unloaded after import = 1
========================================================================
Received Import Request.
  Time since last request: 0.000053 seconds.
  path: Assets/NatureManufacture Assets/Advanced Foliage Pack/Unity grass/Unity Grass Models/Prefabs/prefab_unity_grass_grass_bush_03.prefab
  artifactKey: Guid(46bfa179df12c014b8e0c1330c572dd4) Importer(2089858483,0ecaa5967403d082aa24f35e1b516d23)
Start importing Assets/NatureManufacture Assets/Advanced Foliage Pack/Unity grass/Unity Grass Models/Prefabs/prefab_unity_grass_grass_bush_03.prefab using Guid(46bfa179df12c014b8e0c1330c572dd4) Importer(2089858483,0ecaa5967403d082aa24f35e1b516d23) [PhysX] Initialized MultithreadedTaskDispatcher with 16 workers.
 -> (artifact id: '32c42b829b15493432fb926f4fa97b1b') in 0.041142 seconds
Number of updated asset objects reloaded before import = 0
Number of asset objects unloaded after import = 7
========================================================================
Received Import Request.
  Time since last request: 0.000077 seconds.
  path: Assets/Toby Fredson/The Toby Foliage Engine/(TTFE)_Demo/Materials/Materials_Billboards
  artifactKey: Guid(3be32de8bd9e60e47b9a7ea568baf04a) Importer(2089858483,0ecaa5967403d082aa24f35e1b516d23)
Start importing Assets/Toby Fredson/The Toby Foliage Engine/(TTFE)_Demo/Materials/Materials_Billboards using Guid(3be32de8bd9e60e47b9a7ea568baf04a) Importer(2089858483,0ecaa5967403d082aa24f35e1b516d23) [PhysX] Initialized MultithreadedTaskDispatcher with 16 workers.
 -> (artifact id: 'c45e52bb37b6bc25ca50a98cb013c138') in 0.020864 seconds
Number of updated asset objects reloaded before import = 0
Number of asset objects unloaded after import = 1
========================================================================
Received Import Request.
  Time since last request: 0.000048 seconds.
  path: Assets/NatureManufacture Assets/Advanced Foliage Pack/Crooked Roots/Prefabs_Snow/prefab_Snow_crooked_root_05.prefab
  artifactKey: Guid(9e08209f923fb0c499166ea6abd1f2cf) Importer(2089858483,0ecaa5967403d082aa24f35e1b516d23)
Start importing Assets/NatureManufacture Assets/Advanced Foliage Pack/Crooked Roots/Prefabs_Snow/prefab_Snow_crooked_root_05.prefab using Guid(9e08209f923fb0c499166ea6abd1f2cf) Importer(2089858483,0ecaa5967403d082aa24f35e1b516d23) [PhysX] Initialized MultithreadedTaskDispatcher with 16 workers.
 -> (artifact id: '0f24500a3572e1526f3a1c050172dfeb') in 0.056877 seconds
Number of updated asset objects reloaded before import = 0
Number of asset objects unloaded after import = 25
========================================================================
Received Import Request.
  Time since last request: 0.000071 seconds.
  path: Assets/Toby Fredson/The Toby Foliage Engine/(TTFE)_Demo/Prefabs/Prefabs_Helpers/RHEWP_TTFE Infoboard.prefab
  artifactKey: Guid(3b1db570ac330204f88235f12e4993b8) Importer(2089858483,0ecaa5967403d082aa24f35e1b516d23)
Start importing Assets/Toby Fredson/The Toby Foliage Engine/(TTFE)_Demo/Prefabs/Prefabs_Helpers/RHEWP_TTFE Infoboard.prefab using Guid(3b1db570ac330204f88235f12e4993b8) Importer(2089858483,0ecaa5967403d082aa24f35e1b516d23) [PhysX] Initialized MultithreadedTaskDispatcher with 16 workers.
 -> (artifact id: 'bf528c7263b455680ff1153bd6578025') in 0.060515 seconds
Number of updated asset objects reloaded before import = 0
Number of asset objects unloaded after import = 7
========================================================================
Received Import Request.
  Time since last request: 0.000063 seconds.
  path: Assets/Toby Fredson/The Toby Foliage Engine/(TTFE)_Demo/Materials/Materials_Skybox/SkyMapRHEWP_Summer B.mat
  artifactKey: Guid(f83c541bdadad16498d7e943d0a17652) Importer(2089858483,0ecaa5967403d082aa24f35e1b516d23)
Start importing Assets/Toby Fredson/The Toby Foliage Engine/(TTFE)_Demo/Materials/Materials_Skybox/SkyMapRHEWP_Summer B.mat using Guid(f83c541bdadad16498d7e943d0a17652) Importer(2089858483,0ecaa5967403d082aa24f35e1b516d23) [PhysX] Initialized MultithreadedTaskDispatcher with 16 workers.
 -> (artifact id: 'e01d3f8468923980472068b57b88a343') in 0.044046 seconds
Number of updated asset objects reloaded before import = 0
Number of asset objects unloaded after import = 1
========================================================================
Received Import Request.
  Time since last request: 0.000037 seconds.
  path: Assets/NatureManufacture Assets/Advanced Foliage Pack/Advanced Grass/Prefabs/prefab_SM_fern_01_1.prefab
  artifactKey: Guid(0eab4778608713248bb23b7272985900) Importer(2089858483,0ecaa5967403d082aa24f35e1b516d23)
Start importing Assets/NatureManufacture Assets/Advanced Foliage Pack/Advanced Grass/Prefabs/prefab_SM_fern_01_1.prefab using Guid(0eab4778608713248bb23b7272985900) Importer(2089858483,0ecaa5967403d082aa24f35e1b516d23) [PhysX] Initialized MultithreadedTaskDispatcher with 16 workers.
 -> (artifact id: '56a29959e328119ec3f9ef4db93163b5') in 0.048271 seconds
Number of updated asset objects reloaded before import = 0
Number of asset objects unloaded after import = 20
========================================================================
Received Import Request.
  Time since last request: 0.000060 seconds.
  path: Assets/Toby Fredson/The Toby Foliage Engine/(TTFE)_Demo/Materials/Materials_Particle FX/Water Fog.mat
  artifactKey: Guid(92a426eab0a7bf74e819bd4d346aab57) Importer(2089858483,0ecaa5967403d082aa24f35e1b516d23)
Start importing Assets/Toby Fredson/The Toby Foliage Engine/(TTFE)_Demo/Materials/Materials_Particle FX/Water Fog.mat using Guid(92a426eab0a7bf74e819bd4d346aab57) Importer(2089858483,0ecaa5967403d082aa24f35e1b516d23) [PhysX] Initialized MultithreadedTaskDispatcher with 16 workers.
 -> (artifact id: 'f12fe3d8bf18035a0517f20e3a7f91ac') in 0.040689 seconds
Number of updated asset objects reloaded before import = 0
Number of asset objects unloaded after import = 1
========================================================================
Received Import Request.
  Time since last request: 0.000036 seconds.
  path: Assets/Toby Fredson/The Toby Foliage Engine/(TTFE)_Demo/Textures/Textures_Vegetation
  artifactKey: Guid(b10904db0e520ec46bcb5707af5343e8) Importer(2089858483,0ecaa5967403d082aa24f35e1b516d23)
Start importing Assets/Toby Fredson/The Toby Foliage Engine/(TTFE)_Demo/Textures/Textures_Vegetation using Guid(b10904db0e520ec46bcb5707af5343e8) Importer(2089858483,0ecaa5967403d082aa24f35e1b516d23) [PhysX] Initialized MultithreadedTaskDispatcher with 16 workers.
 -> (artifact id: '907d0cd02022784dad95b5f27fbd936f') in 0.021496 seconds
Number of updated asset objects reloaded before import = 0
Number of asset objects unloaded after import = 1
========================================================================
Received Import Request.
  Time since last request: 0.000041 seconds.
  path: Assets/NatureManufacture Assets/Advanced Foliage Pack/Demo/Terrain HD RP.mat
  artifactKey: Guid(d68fea9f3f542ba4a960839921cd6ea3) Importer(2089858483,0ecaa5967403d082aa24f35e1b516d23)
Start importing Assets/NatureManufacture Assets/Advanced Foliage Pack/Demo/Terrain HD RP.mat using Guid(d68fea9f3f542ba4a960839921cd6ea3) Importer(2089858483,0ecaa5967403d082aa24f35e1b516d23) [PhysX] Initialized MultithreadedTaskDispatcher with 16 workers.
 -> (artifact id: '9680adff2afe92d72f1119f6393d5b69') in 0.042453 seconds
Number of updated asset objects reloaded before import = 0
Number of asset objects unloaded after import = 1
========================================================================
Received Import Request.
  Time since last request: 0.000063 seconds.
  path: Assets/NatureManufacture Assets/Advanced Foliage Pack/Advanced Grass/Materials Snow/M_Snow_ground_foliage_04.mat
  artifactKey: Guid(f854e68c703f8254f8c4cd6c3aed610b) Importer(2089858483,0ecaa5967403d082aa24f35e1b516d23)
Start importing Assets/NatureManufacture Assets/Advanced Foliage Pack/Advanced Grass/Materials Snow/M_Snow_ground_foliage_04.mat using Guid(f854e68c703f8254f8c4cd6c3aed610b) Importer(2089858483,0ecaa5967403d082aa24f35e1b516d23) [PhysX] Initialized MultithreadedTaskDispatcher with 16 workers.
 -> (artifact id: 'ebe9455e0d9bc78c9ae1c89ec4dc9ff1') in 0.079512 seconds
Number of updated asset objects reloaded before import = 0
Number of asset objects unloaded after import = 7
========================================================================
Received Import Request.
  Time since last request: 0.000047 seconds.
  path: Assets/Toby Fredson/The Toby Foliage Engine/(TTFE)_Demo/Materials/Materials_TTFE (Defaults)/TTFE_Bark.mat
  artifactKey: Guid(85f86bf33cbf9994fb5ad496b100c3f6) Importer(2089858483,0ecaa5967403d082aa24f35e1b516d23)
Start importing Assets/Toby Fredson/The Toby Foliage Engine/(TTFE)_Demo/Materials/Materials_TTFE (Defaults)/TTFE_Bark.mat using Guid(85f86bf33cbf9994fb5ad496b100c3f6) Importer(2089858483,0ecaa5967403d082aa24f35e1b516d23) [PhysX] Initialized MultithreadedTaskDispatcher with 16 workers.
 -> (artifact id: '2f691da5a062dbb8efed1f748874fb72') in 0.039223 seconds
Number of updated asset objects reloaded before import = 0
Number of asset objects unloaded after import = 1
========================================================================
Received Import Request.
  Time since last request: 0.000036 seconds.
  path: Assets/NatureManufacture Assets/Advanced Foliage Pack/Advanced Grass/Materials Snow/M_Snow_atlas_grass_01.mat
  artifactKey: Guid(6f0f4141137014c47b9573b3c45a56e6) Importer(2089858483,0ecaa5967403d082aa24f35e1b516d23)
Start importing Assets/NatureManufacture Assets/Advanced Foliage Pack/Advanced Grass/Materials Snow/M_Snow_atlas_grass_01.mat using Guid(6f0f4141137014c47b9573b3c45a56e6) Importer(2089858483,0ecaa5967403d082aa24f35e1b516d23) [PhysX] Initialized MultithreadedTaskDispatcher with 16 workers.
 -> (artifact id: '0b12c3538eef95f2f6b68a54478362b9') in 0.075739 seconds
Number of updated asset objects reloaded before import = 0
Number of asset objects unloaded after import = 7
========================================================================
Received Import Request.
  Time since last request: 0.000059 seconds.
  path: Assets/NatureManufacture Assets/Advanced Foliage Pack/Crooked Roots/Prefabs/prefab_crooked_root_01.prefab
  artifactKey: Guid(ea4a5b40b0247784680d1721de9931c6) Importer(2089858483,0ecaa5967403d082aa24f35e1b516d23)
Start importing Assets/NatureManufacture Assets/Advanced Foliage Pack/Crooked Roots/Prefabs/prefab_crooked_root_01.prefab using Guid(ea4a5b40b0247784680d1721de9931c6) Importer(2089858483,0ecaa5967403d082aa24f35e1b516d23) [PhysX] Initialized MultithreadedTaskDispatcher with 16 workers.
 -> (artifact id: '525a3c72b66abeb48f8c3bded2408161') in 0.144240 seconds
Number of updated asset objects reloaded before import = 0
Number of asset objects unloaded after import = 25
========================================================================
Received Import Request.
  Time since last request: 0.000109 seconds.
  path: Assets/NatureManufacture Assets/Advanced Foliage Pack/Demo/OverviewPostProcessingSettings Foliage.asset
  artifactKey: Guid(49f228d53f6a8be48a64b92d43b3bc96) Importer(2089858483,0ecaa5967403d082aa24f35e1b516d23)
Start importing Assets/NatureManufacture Assets/Advanced Foliage Pack/Demo/OverviewPostProcessingSettings Foliage.asset using Guid(49f228d53f6a8be48a64b92d43b3bc96) Importer(2089858483,0ecaa5967403d082aa24f35e1b516d23) [PhysX] Initialized MultithreadedTaskDispatcher with 16 workers.
 -> (artifact id: 'f54444dea7a56ce51d5d4c85742157de') in 0.036913 seconds
Number of updated asset objects reloaded before import = 0
Number of asset objects unloaded after import = 7
========================================================================
Received Import Request.
  Time since last request: 0.000068 seconds.
  path: Assets/NatureManufacture Assets/Advanced Foliage Pack/Demo/OverviewSkyandFogSettings Foliage.asset
  artifactKey: Guid(6ae3a6bd6cf83ab47b23b5e682f10e11) Importer(2089858483,0ecaa5967403d082aa24f35e1b516d23)
Start importing Assets/NatureManufacture Assets/Advanced Foliage Pack/Demo/OverviewSkyandFogSettings Foliage.asset using Guid(6ae3a6bd6cf83ab47b23b5e682f10e11) Importer(2089858483,0ecaa5967403d082aa24f35e1b516d23) [PhysX] Initialized MultithreadedTaskDispatcher with 16 workers.
 -> (artifact id: '6431ecfd45cb9bd828b6c465b911483f') in 0.049314 seconds
Number of updated asset objects reloaded before import = 0
Number of asset objects unloaded after import = 8
========================================================================
Received Import Request.
  Time since last request: 0.000032 seconds.
  path: Assets/Toby Fredson/The Toby Foliage Engine/(TTFE)_Demo/Materials/Materials_Skybox/SkyMapRHEWP_Day.mat
  artifactKey: Guid(74e4a5aa684a7c04aa5391191b1c8d9e) Importer(2089858483,0ecaa5967403d082aa24f35e1b516d23)
Start importing Assets/Toby Fredson/The Toby Foliage Engine/(TTFE)_Demo/Materials/Materials_Skybox/SkyMapRHEWP_Day.mat using Guid(74e4a5aa684a7c04aa5391191b1c8d9e) Importer(2089858483,0ecaa5967403d082aa24f35e1b516d23) [PhysX] Initialized MultithreadedTaskDispatcher with 16 workers.
 -> (artifact id: '32dde18cec815d7f0d91af87cef6f7f8') in 0.035188 seconds
Number of updated asset objects reloaded before import = 0
Number of asset objects unloaded after import = 1
========================================================================
Received Import Request.
  Time since last request: 0.000040 seconds.
  path: Assets/NatureManufacture Assets/Advanced Foliage Pack/Advanced Grass/Prefabs/prefab_SM_ground_foliage_04_1.prefab
  artifactKey: Guid(bb51ef31a4d2d4a488713b61dc6d73f7) Importer(2089858483,0ecaa5967403d082aa24f35e1b516d23)
Start importing Assets/NatureManufacture Assets/Advanced Foliage Pack/Advanced Grass/Prefabs/prefab_SM_ground_foliage_04_1.prefab using Guid(bb51ef31a4d2d4a488713b61dc6d73f7) Importer(2089858483,0ecaa5967403d082aa24f35e1b516d23) [PhysX] Initialized MultithreadedTaskDispatcher with 16 workers.
 -> (artifact id: 'c7b3eb30bcc013513341c1a5acb67bcf') in 0.040324 seconds
Number of updated asset objects reloaded before import = 0
Number of asset objects unloaded after import = 15
========================================================================
Received Import Request.
  Time since last request: 0.000060 seconds.
  path: Assets/NatureManufacture Assets/Advanced Foliage Pack/Demo/_TerrainAutoUpgrade/layer_T_Ground_Forest_Moss_01_A_SmT_Ground_Forest_Moss_01_N(6.000,6.000)(0.000,0.000)(0.000,0.000,0.000),0.000,0.000.terrainlayer
  artifactKey: Guid(8fc1919df6492f147bd61cf9c1a5c3df) Importer(2089858483,0ecaa5967403d082aa24f35e1b516d23)
Start importing Assets/NatureManufacture Assets/Advanced Foliage Pack/Demo/_TerrainAutoUpgrade/layer_T_Ground_Forest_Moss_01_A_SmT_Ground_Forest_Moss_01_N(6.000,6.000)(0.000,0.000)(0.000,0.000,0.000),0.000,0.000.terrainlayer using Guid(8fc1919df6492f147bd61cf9c1a5c3df) Importer(2089858483,0ecaa5967403d082aa24f35e1b516d23) [PhysX] Initialized MultithreadedTaskDispatcher with 16 workers.
 -> (artifact id: 'cc7bc1e4c0a02147a192a5f8798ddc8c') in 0.070149 seconds
Number of updated asset objects reloaded before import = 0
Number of asset objects unloaded after import = 4
========================================================================
Received Import Request.
  Time since last request: 0.000041 seconds.
  path: Assets/NatureManufacture Assets/Advanced Foliage Pack/Demo/_TerrainAutoUpgrade/layer_T_Ground_Forest_01_A_SmT_Ground_Forest_01_N(6.000,6.000)(0.000,0.000)(0.000,0.000,0.000),0.000,0.000.terrainlayer
  artifactKey: Guid(02a0a24a978924a41922b56c20e24b09) Importer(2089858483,0ecaa5967403d082aa24f35e1b516d23)
Start importing Assets/NatureManufacture Assets/Advanced Foliage Pack/Demo/_TerrainAutoUpgrade/layer_T_Ground_Forest_01_A_SmT_Ground_Forest_01_N(6.000,6.000)(0.000,0.000)(0.000,0.000,0.000),0.000,0.000.terrainlayer using Guid(02a0a24a978924a41922b56c20e24b09) Importer(2089858483,0ecaa5967403d082aa24f35e1b516d23) [PhysX] Initialized MultithreadedTaskDispatcher with 16 workers.
 -> (artifact id: '428d642d110412a12b5b94f7492c4ab6') in 0.070715 seconds
Number of updated asset objects reloaded before import = 0
Number of asset objects unloaded after import = 4
========================================================================
Received Import Request.
  Time since last request: 0.000041 seconds.
  path: Assets/NatureManufacture Assets/Advanced Foliage Pack/Unity grass/Unity Grass Models/Prefabs Snow/prefab_unity_Snow_grass_nettle_01_0.prefab
  artifactKey: Guid(ea65aff557ca93d4bba4f2e6ad495b66) Importer(2089858483,0ecaa5967403d082aa24f35e1b516d23)
Start importing Assets/NatureManufacture Assets/Advanced Foliage Pack/Unity grass/Unity Grass Models/Prefabs Snow/prefab_unity_Snow_grass_nettle_01_0.prefab using Guid(ea65aff557ca93d4bba4f2e6ad495b66) Importer(2089858483,0ecaa5967403d082aa24f35e1b516d23) [PhysX] Initialized MultithreadedTaskDispatcher with 16 workers.
 -> (artifact id: '5516204aec826a75875926f09ba75e85') in 0.042998 seconds
Number of updated asset objects reloaded before import = 0
Number of asset objects unloaded after import = 7
========================================================================
Received Import Request.
  Time since last request: 0.000052 seconds.
  path: Assets/Toby Fredson/The Toby Foliage Engine/(TTFE)_Demo/Prefabs/Prefabs_Static/RocksTTFEL_B.prefab
  artifactKey: Guid(28ac5debd9ebb6b4db5b3cd07a09068f) Importer(2089858483,0ecaa5967403d082aa24f35e1b516d23)
Start importing Assets/Toby Fredson/The Toby Foliage Engine/(TTFE)_Demo/Prefabs/Prefabs_Static/RocksTTFEL_B.prefab using Guid(28ac5debd9ebb6b4db5b3cd07a09068f) Importer(2089858483,0ecaa5967403d082aa24f35e1b516d23) [PhysX] Initialized MultithreadedTaskDispatcher with 16 workers.
 -> (artifact id: '733a9965028252b95d08b5a810115440') in 0.047018 seconds
Number of updated asset objects reloaded before import = 0
Number of asset objects unloaded after import = 8
========================================================================
Received Import Request.
  Time since last request: 0.000038 seconds.
  path: Assets/Toby Fredson/The Toby Foliage Engine/(TTFE)_Demo/Terrains/Trerrain Layers/TTFE-LTE_Layers/TSLightTerrain Layer_0.terrainlayer
  artifactKey: Guid(cfa36be5ac73f6d459e9d610e45612ad) Importer(2089858483,0ecaa5967403d082aa24f35e1b516d23)
Start importing Assets/Toby Fredson/The Toby Foliage Engine/(TTFE)_Demo/Terrains/Trerrain Layers/TTFE-LTE_Layers/TSLightTerrain Layer_0.terrainlayer using Guid(cfa36be5ac73f6d459e9d610e45612ad) Importer(2089858483,0ecaa5967403d082aa24f35e1b516d23) [PhysX] Initialized MultithreadedTaskDispatcher with 16 workers.
 -> (artifact id: 'fe4896148065d5423b595b6731b79e27') in 0.072291 seconds
Number of updated asset objects reloaded before import = 0
Number of asset objects unloaded after import = 4
========================================================================
Received Import Request.
  Time since last request: 0.000057 seconds.
  path: Assets/NatureManufacture Assets/Advanced Foliage Pack/Advanced Grass/Prefabs/prefab_SM_grass_bush_02.prefab
  artifactKey: Guid(f39771a1ee0a22340b5a83b032457899) Importer(2089858483,0ecaa5967403d082aa24f35e1b516d23)
Start importing Assets/NatureManufacture Assets/Advanced Foliage Pack/Advanced Grass/Prefabs/prefab_SM_grass_bush_02.prefab using Guid(f39771a1ee0a22340b5a83b032457899) Importer(2089858483,0ecaa5967403d082aa24f35e1b516d23) [PhysX] Initialized MultithreadedTaskDispatcher with 16 workers.
 -> (artifact id: 'b38a0e6311b6200f64971ff48b2296d8') in 0.046859 seconds
Number of updated asset objects reloaded before import = 0
Number of asset objects unloaded after import = 20
========================================================================
Received Import Request.
  Time since last request: 0.000068 seconds.
  path: Assets/NatureManufacture Assets/Advanced Foliage Pack/Demo/Terrain.mat
  artifactKey: Guid(04d794d02ddb60240aea0ed606e9c815) Importer(2089858483,0ecaa5967403d082aa24f35e1b516d23)
Start importing Assets/NatureManufacture Assets/Advanced Foliage Pack/Demo/Terrain.mat using Guid(04d794d02ddb60240aea0ed606e9c815) Importer(2089858483,0ecaa5967403d082aa24f35e1b516d23) [PhysX] Initialized MultithreadedTaskDispatcher with 16 workers.
 -> (artifact id: '3444b35c312a13e5a5d132e8e9ca4b25') in 0.037737 seconds
Number of updated asset objects reloaded before import = 0
Number of asset objects unloaded after import = 3
========================================================================
Received Import Request.
  Time since last request: 0.000032 seconds.
  path: Assets/Toby Fredson/The Toby Foliage Engine/(TTFE)_Demo/Prefabs/Prefabs_Static/RocksTTFEL_F.prefab
  artifactKey: Guid(70fa0768735a6054fa06ea890e9f3df5) Importer(2089858483,0ecaa5967403d082aa24f35e1b516d23)
Start importing Assets/Toby Fredson/The Toby Foliage Engine/(TTFE)_Demo/Prefabs/Prefabs_Static/RocksTTFEL_F.prefab using Guid(70fa0768735a6054fa06ea890e9f3df5) Importer(2089858483,0ecaa5967403d082aa24f35e1b516d23) [PhysX] Initialized MultithreadedTaskDispatcher with 16 workers.
 -> (artifact id: '65e415684d021d0d4ff4c3072b7a1515') in 0.037424 seconds
Number of updated asset objects reloaded before import = 0
Number of asset objects unloaded after import = 8
========================================================================
Received Import Request.
  Time since last request: 0.000038 seconds.
  path: Assets/Toby Fredson/The Toby Foliage Engine/(TTFE)_Demo/Scenes/TTFE-LightScene_Demo.unity
  artifactKey: Guid(a5aee332ca1995d4ab07ec6cb2bbdab3) Importer(2089858483,0ecaa5967403d082aa24f35e1b516d23)
Start importing Assets/Toby Fredson/The Toby Foliage Engine/(TTFE)_Demo/Scenes/TTFE-LightScene_Demo.unity using Guid(a5aee332ca1995d4ab07ec6cb2bbdab3) Importer(2089858483,0ecaa5967403d082aa24f35e1b516d23) [PhysX] Initialized MultithreadedTaskDispatcher with 16 workers.
 -> (artifact id: '606fb5d7b9d87f3691fb282edc5e9bc5') in 0.018944 seconds
Number of updated asset objects reloaded before import = 0
Number of asset objects unloaded after import = 1
========================================================================
Received Import Request.
  Time since last request: 0.000046 seconds.
  path: Assets/Toby Fredson/The Toby Foliage Engine/(TTFE)_Core/Resources/Diffusion Profiles (HDRP)/DiffusionProfile_Clouds.asset
  artifactKey: Guid(daf831104bd8a75408f67412c582bb4d) Importer(2089858483,0ecaa5967403d082aa24f35e1b516d23)
Start importing Assets/Toby Fredson/The Toby Foliage Engine/(TTFE)_Core/Resources/Diffusion Profiles (HDRP)/DiffusionProfile_Clouds.asset using Guid(daf831104bd8a75408f67412c582bb4d) Importer(2089858483,0ecaa5967403d082aa24f35e1b516d23) [PhysX] Initialized MultithreadedTaskDispatcher with 16 workers.
 -> (artifact id: 'dea969aeb2d05214cd2b3ec1db0c059c') in 0.022763 seconds
Number of updated asset objects reloaded before import = 0
Number of asset objects unloaded after import = 1
========================================================================
Received Import Request.
  Time since last request: 0.000035 seconds.
  path: Assets/Toby Fredson/The Toby Foliage Engine/(TTFE)_Demo/Prefabs/Prefabs_Vegetation - (SL)/Vegetation_Plants - (SL)/VP_Grass Fall/GrassMedium_B_Fall.prefab
  artifactKey: Guid(9eb9707cd8875fd48a47109d6c7254ca) Importer(2089858483,0ecaa5967403d082aa24f35e1b516d23)
Start importing Assets/Toby Fredson/The Toby Foliage Engine/(TTFE)_Demo/Prefabs/Prefabs_Vegetation - (SL)/Vegetation_Plants - (SL)/VP_Grass Fall/GrassMedium_B_Fall.prefab using Guid(9eb9707cd8875fd48a47109d6c7254ca) Importer(2089858483,0ecaa5967403d082aa24f35e1b516d23) [PhysX] Initialized MultithreadedTaskDispatcher with 16 workers.
 -> (artifact id: '2621e0032c63340a89b098d47b0ac4a9') in 0.035632 seconds
Number of updated asset objects reloaded before import = 0
Number of asset objects unloaded after import = 40
========================================================================
Received Import Request.
  Time since last request: 0.000051 seconds.
  path: Assets/Toby Fredson/The Toby Foliage Engine/(TTFE)_Demo/Prefabs/Prefabs_Vegetation/Vegetation_Plants/VP_Grass/GrassMedium_B.prefab
  artifactKey: Guid(12eeec3ea7252eb4a8e129da178793c7) Importer(2089858483,0ecaa5967403d082aa24f35e1b516d23)
Start importing Assets/Toby Fredson/The Toby Foliage Engine/(TTFE)_Demo/Prefabs/Prefabs_Vegetation/Vegetation_Plants/VP_Grass/GrassMedium_B.prefab using Guid(12eeec3ea7252eb4a8e129da178793c7) Importer(2089858483,0ecaa5967403d082aa24f35e1b516d23) [PhysX] Initialized MultithreadedTaskDispatcher with 16 workers.
 -> (artifact id: '4645e0d94730f6bfa13c0befa0454674') in 0.040747 seconds
Number of updated asset objects reloaded before import = 0
Number of asset objects unloaded after import = 40
========================================================================
Received Import Request.
  Time since last request: 0.000044 seconds.
  path: Assets/Toby Fredson/The Toby Foliage Engine/(TTFE)_Demo/Materials/Materials_Static/CliffRockTTFEL_B Grass.mat
  artifactKey: Guid(ce9044487256c0d4ba009db7fc77f810) Importer(2089858483,0ecaa5967403d082aa24f35e1b516d23)
Start importing Assets/Toby Fredson/The Toby Foliage Engine/(TTFE)_Demo/Materials/Materials_Static/CliffRockTTFEL_B Grass.mat using Guid(ce9044487256c0d4ba009db7fc77f810) Importer(2089858483,0ecaa5967403d082aa24f35e1b516d23) [PhysX] Initialized MultithreadedTaskDispatcher with 16 workers.
 -> (artifact id: '10df06087e3df5fe73dee61de0a65719') in 0.179250 seconds
Number of updated asset objects reloaded before import = 0
Number of asset objects unloaded after import = 7
========================================================================
Received Import Request.
  Time since last request: 0.000053 seconds.
  path: Assets/NatureManufacture Assets/Advanced Foliage Pack/Advanced Grass/Materials Snow/M_Snow_forest_heather_01.mat
  artifactKey: Guid(d33c6e9a23215af4e9fb2ea318dc48a4) Importer(2089858483,0ecaa5967403d082aa24f35e1b516d23)
Start importing Assets/NatureManufacture Assets/Advanced Foliage Pack/Advanced Grass/Materials Snow/M_Snow_forest_heather_01.mat using Guid(d33c6e9a23215af4e9fb2ea318dc48a4) Importer(2089858483,0ecaa5967403d082aa24f35e1b516d23) [PhysX] Initialized MultithreadedTaskDispatcher with 16 workers.
 -> (artifact id: '458f4cd612012e10e693f334714dd132') in 0.059960 seconds
Number of updated asset objects reloaded before import = 0
Number of asset objects unloaded after import = 7
========================================================================
Received Import Request.
  Time since last request: 0.000067 seconds.
  path: Assets/NatureManufacture Assets/Advanced Foliage Pack/Advanced Grass/Prefabs Snow/prefab_SM_fern_01_2.prefab
  artifactKey: Guid(a682c8999f5c4cb44ad6aa6dc5021311) Importer(2089858483,0ecaa5967403d082aa24f35e1b516d23)
Start importing Assets/NatureManufacture Assets/Advanced Foliage Pack/Advanced Grass/Prefabs Snow/prefab_SM_fern_01_2.prefab using Guid(a682c8999f5c4cb44ad6aa6dc5021311) Importer(2089858483,0ecaa5967403d082aa24f35e1b516d23) [PhysX] Initialized MultithreadedTaskDispatcher with 16 workers.
 -> (artifact id: '00bf100bb6bae243f3be8d880c464340') in 0.049657 seconds
Number of updated asset objects reloaded before import = 0
Number of asset objects unloaded after import = 20
========================================================================
Received Import Request.
  Time since last request: 0.000046 seconds.
  path: Assets/Toby Fredson/The Toby Foliage Engine/(TTFE)_Demo/Prefabs/Prefabs_Vegetation/Vegetation_Trees
  artifactKey: Guid(16423b218faa79343a20bfe28d08b679) Importer(2089858483,0ecaa5967403d082aa24f35e1b516d23)
Start importing Assets/Toby Fredson/The Toby Foliage Engine/(TTFE)_Demo/Prefabs/Prefabs_Vegetation/Vegetation_Trees using Guid(16423b218faa79343a20bfe28d08b679) Importer(2089858483,0ecaa5967403d082aa24f35e1b516d23) [PhysX] Initialized MultithreadedTaskDispatcher with 16 workers.
 -> (artifact id: '0d9670af43b36d04621ad50497dde94d') in 0.019987 seconds
Number of updated asset objects reloaded before import = 0
Number of asset objects unloaded after import = 1
========================================================================
Received Import Request.
  Time since last request: 0.000044 seconds.
  path: Assets/Toby Fredson/The Toby Foliage Engine/(TTFE)_Demo/Materials/Materials_Billboards/ShrubPlantsBillboard.mat
  artifactKey: Guid(f653c524df974c948bee8edb7e1af99b) Importer(2089858483,0ecaa5967403d082aa24f35e1b516d23)
Start importing Assets/Toby Fredson/The Toby Foliage Engine/(TTFE)_Demo/Materials/Materials_Billboards/ShrubPlantsBillboard.mat using Guid(f653c524df974c948bee8edb7e1af99b) Importer(2089858483,0ecaa5967403d082aa24f35e1b516d23) [PhysX] Initialized MultithreadedTaskDispatcher with 16 workers.
 -> (artifact id: '21330b5437f4d1c098f5e824646e5c50') in 0.112365 seconds
Number of updated asset objects reloaded before import = 0
Number of asset objects unloaded after import = 5
========================================================================
Received Import Request.
  Time since last request: 0.000052 seconds.
  path: Assets/NatureManufacture Assets/Advanced Foliage Pack/Advanced Grass/Prefabs Snow/prefab_SM_ground_foliage_01_flowery.prefab
  artifactKey: Guid(d45e3b1423bef0b42be93046fcd1094c) Importer(2089858483,0ecaa5967403d082aa24f35e1b516d23)
Start importing Assets/NatureManufacture Assets/Advanced Foliage Pack/Advanced Grass/Prefabs Snow/prefab_SM_ground_foliage_01_flowery.prefab using Guid(d45e3b1423bef0b42be93046fcd1094c) Importer(2089858483,0ecaa5967403d082aa24f35e1b516d23) [PhysX] Initialized MultithreadedTaskDispatcher with 16 workers.
 -> (artifact id: '16f4424aa367ff8b32c9513f70111247') in 0.035691 seconds
Number of updated asset objects reloaded before import = 0
Number of asset objects unloaded after import = 20
========================================================================
Received Import Request.
  Time since last request: 0.000033 seconds.
  path: Assets/NatureManufacture Assets/Advanced Foliage Pack/Unity grass/Unity Grass Models/Prefabs Snow/prefab_unity_Snow_grass_forest_heather_simple_01.prefab
  artifactKey: Guid(8feca9d3506d6044ab419bcab6d0cb39) Importer(2089858483,0ecaa5967403d082aa24f35e1b516d23)
Start importing Assets/NatureManufacture Assets/Advanced Foliage Pack/Unity grass/Unity Grass Models/Prefabs Snow/prefab_unity_Snow_grass_forest_heather_simple_01.prefab using Guid(8feca9d3506d6044ab419bcab6d0cb39) Importer(2089858483,0ecaa5967403d082aa24f35e1b516d23) [PhysX] Initialized MultithreadedTaskDispatcher with 16 workers.
 -> (artifact id: '6aa6e82eb845ddacd5389f2ce550d3b1') in 0.049930 seconds
Number of updated asset objects reloaded before import = 0
Number of asset objects unloaded after import = 7
========================================================================
Received Import Request.
  Time since last request: 0.000053 seconds.
  path: Assets/Toby Fredson/The Toby Foliage Engine/(TTFE)_Core/Resources/Diffusion Profiles (HDRP)/DiffusionProfile_Branch.asset
  artifactKey: Guid(20a2ead6ba263394e938a40b5d6cff05) Importer(2089858483,0ecaa5967403d082aa24f35e1b516d23)
Start importing Assets/Toby Fredson/The Toby Foliage Engine/(TTFE)_Core/Resources/Diffusion Profiles (HDRP)/DiffusionProfile_Branch.asset using Guid(20a2ead6ba263394e938a40b5d6cff05) Importer(2089858483,0ecaa5967403d082aa24f35e1b516d23) [PhysX] Initialized MultithreadedTaskDispatcher with 16 workers.
 -> (artifact id: 'c94e22c5232e6c44820a42d8a797c5cc') in 0.035418 seconds
Number of updated asset objects reloaded before import = 0
Number of asset objects unloaded after import = 1
========================================================================
Received Import Request.
  Time since last request: 0.000049 seconds.
  path: Assets/NatureManufacture Assets/Advanced Foliage Pack/Unity grass/Unity Grass Models/Prefabs/prefab_unity_grass_ground_foliage_02_2.prefab
  artifactKey: Guid(62d53b2696a52ec4ebf7b7f6d9c73379) Importer(2089858483,0ecaa5967403d082aa24f35e1b516d23)
Start importing Assets/NatureManufacture Assets/Advanced Foliage Pack/Unity grass/Unity Grass Models/Prefabs/prefab_unity_grass_ground_foliage_02_2.prefab using Guid(62d53b2696a52ec4ebf7b7f6d9c73379) Importer(2089858483,0ecaa5967403d082aa24f35e1b516d23) [PhysX] Initialized MultithreadedTaskDispatcher with 16 workers.
 -> (artifact id: '3102b81ba4cfd796a0c0917e7074825f') in 0.033651 seconds
Number of updated asset objects reloaded before import = 0
Number of asset objects unloaded after import = 7
========================================================================
Received Import Request.
  Time since last request: 0.000039 seconds.
  path: Assets/Toby Fredson/The Toby Foliage Engine/(TTFE)_Demo/Textures/Textures_Cubemaps
  artifactKey: Guid(3f4cf94f0125d2b4b9ee47bb96014908) Importer(2089858483,0ecaa5967403d082aa24f35e1b516d23)
Start importing Assets/Toby Fredson/The Toby Foliage Engine/(TTFE)_Demo/Textures/Textures_Cubemaps using Guid(3f4cf94f0125d2b4b9ee47bb96014908) Importer(2089858483,0ecaa5967403d082aa24f35e1b516d23) [PhysX] Initialized MultithreadedTaskDispatcher with 16 workers.
 -> (artifact id: '99258f9e8f49f72fbba9d7bd6b6ec809') in 0.020300 seconds
Number of updated asset objects reloaded before import = 0
Number of asset objects unloaded after import = 1
========================================================================
Received Import Request.
  Time since last request: 0.000046 seconds.
  path: Assets/Toby Fredson/The Toby Foliage Engine/(TTFE)_Demo/Prefabs/Prefabs_Vegetation/Vegetation_Plants/VP_Flowers/FlowersWTTFE-B.prefab
  artifactKey: Guid(acd3045601851e141b35bf521afbc8c4) Importer(2089858483,0ecaa5967403d082aa24f35e1b516d23)
Start importing Assets/Toby Fredson/The Toby Foliage Engine/(TTFE)_Demo/Prefabs/Prefabs_Vegetation/Vegetation_Plants/VP_Flowers/FlowersWTTFE-B.prefab using Guid(acd3045601851e141b35bf521afbc8c4) Importer(2089858483,0ecaa5967403d082aa24f35e1b516d23) [PhysX] Initialized MultithreadedTaskDispatcher with 16 workers.
 -> (artifact id: '69dbfb3c5706088bba8478e8be8527ad') in 0.085082 seconds
Number of updated asset objects reloaded before import = 0
Number of asset objects unloaded after import = 20
========================================================================
Received Import Request.
  Time since last request: 0.000043 seconds.
  path: Assets/NatureManufacture Assets/Advanced Foliage Pack/Advanced Grass/Prefabs Snow/prefab_SM_fern_01_0.prefab
  artifactKey: Guid(000055a39b0150148a1ed9803dfef676) Importer(2089858483,0ecaa5967403d082aa24f35e1b516d23)
Start importing Assets/NatureManufacture Assets/Advanced Foliage Pack/Advanced Grass/Prefabs Snow/prefab_SM_fern_01_0.prefab using Guid(000055a39b0150148a1ed9803dfef676) Importer(2089858483,0ecaa5967403d082aa24f35e1b516d23) [PhysX] Initialized MultithreadedTaskDispatcher with 16 workers.
 -> (artifact id: '8dc8296868ec93cdce80eae226b03b84') in 0.047005 seconds
Number of updated asset objects reloaded before import = 0
Number of asset objects unloaded after import = 20
========================================================================
Received Import Request.
  Time since last request: 0.000051 seconds.
  path: Assets/Toby Fredson/The Toby Foliage Engine/(TTFE)_Core/Resources/(TTFE) GLOBAL CONTROLLER/TTFE_Wind Gizmo
  artifactKey: Guid(d3a7fbdeb99d9f645a175dfc5845d48f) Importer(2089858483,0ecaa5967403d082aa24f35e1b516d23)
Start importing Assets/Toby Fredson/The Toby Foliage Engine/(TTFE)_Core/Resources/(TTFE) GLOBAL CONTROLLER/TTFE_Wind Gizmo using Guid(d3a7fbdeb99d9f645a175dfc5845d48f) Importer(2089858483,0ecaa5967403d082aa24f35e1b516d23) [PhysX] Initialized MultithreadedTaskDispatcher with 16 workers.
 -> (artifact id: 'ce36988cf594e07c92bc8868db7e167d') in 0.020273 seconds
Number of updated asset objects reloaded before import = 0
Number of asset objects unloaded after import = 1
========================================================================
Received Import Request.
  Time since last request: 0.000033 seconds.
  path: Assets/Toby Fredson/The Toby Foliage Engine/(TTFE)_Demo/Prefabs
  artifactKey: Guid(7e6fdaa9465887344b236735b5c8f614) Importer(2089858483,0ecaa5967403d082aa24f35e1b516d23)
Start importing Assets/Toby Fredson/The Toby Foliage Engine/(TTFE)_Demo/Prefabs using Guid(7e6fdaa9465887344b236735b5c8f614) Importer(2089858483,0ecaa5967403d082aa24f35e1b516d23) [PhysX] Initialized MultithreadedTaskDispatcher with 16 workers.
 -> (artifact id: '2b62ed3b566d55c6e76f95f6eef35c1e') in 0.020901 seconds
Number of updated asset objects reloaded before import = 0
Number of asset objects unloaded after import = 1
========================================================================
Received Import Request.
  Time since last request: 0.000033 seconds.
  path: Assets/NatureManufacture Assets/Advanced Foliage Pack/Advanced Grass/Prefabs/prefab_SM_grass_bush_03.prefab
  artifactKey: Guid(7fc9fe983470a9b43a92d22e45bdeb34) Importer(2089858483,0ecaa5967403d082aa24f35e1b516d23)
Start importing Assets/NatureManufacture Assets/Advanced Foliage Pack/Advanced Grass/Prefabs/prefab_SM_grass_bush_03.prefab using Guid(7fc9fe983470a9b43a92d22e45bdeb34) Importer(2089858483,0ecaa5967403d082aa24f35e1b516d23) [PhysX] Initialized MultithreadedTaskDispatcher with 16 workers.
 -> (artifact id: '5454035533a525f7eb4572246a90d022') in 0.032973 seconds
Number of updated asset objects reloaded before import = 0
Number of asset objects unloaded after import = 20
========================================================================
Received Import Request.
  Time since last request: 0.000041 seconds.
  path: Assets/NatureManufacture Assets/Advanced Foliage Pack/Ground Textures/Materials/T_Ground_Forest_Dirt_01.mat
  artifactKey: Guid(8c0eab25bc0669d4a800bc83af0add88) Importer(2089858483,0ecaa5967403d082aa24f35e1b516d23)
Start importing Assets/NatureManufacture Assets/Advanced Foliage Pack/Ground Textures/Materials/T_Ground_Forest_Dirt_01.mat using Guid(8c0eab25bc0669d4a800bc83af0add88) Importer(2089858483,0ecaa5967403d082aa24f35e1b516d23) [PhysX] Initialized MultithreadedTaskDispatcher with 16 workers.
 -> (artifact id: 'b76427ef44b80ae9919d431783d56a7f') in 0.119699 seconds
Number of updated asset objects reloaded before import = 0
Number of asset objects unloaded after import = 5
========================================================================
Received Import Request.
  Time since last request: 0.000091 seconds.
  path: Assets/NatureManufacture Assets/Advanced Foliage Pack/Advanced Grass/Prefabs Snow/prefab_SM_ground_foliage_04_0.prefab
  artifactKey: Guid(3d05c91c249b08a459f545b5be5962a9) Importer(2089858483,0ecaa5967403d082aa24f35e1b516d23)
Start importing Assets/NatureManufacture Assets/Advanced Foliage Pack/Advanced Grass/Prefabs Snow/prefab_SM_ground_foliage_04_0.prefab using Guid(3d05c91c249b08a459f545b5be5962a9) Importer(2089858483,0ecaa5967403d082aa24f35e1b516d23) [PhysX] Initialized MultithreadedTaskDispatcher with 16 workers.
 -> (artifact id: '590407729271af15025c80390cb597c9') in 0.035405 seconds
Number of updated asset objects reloaded before import = 0
Number of asset objects unloaded after import = 15
========================================================================
Received Import Request.
  Time since last request: 0.000047 seconds.
  path: Assets/NatureManufacture Assets/Advanced Foliage Pack/Unity grass/Unity Grass Models/Prefabs Snow/prefab_unity_Snow_grass_grass_bush_simple_03.prefab
  artifactKey: Guid(b3b3d51e2d3a87245b1820955da747bb) Importer(2089858483,0ecaa5967403d082aa24f35e1b516d23)
Start importing Assets/NatureManufacture Assets/Advanced Foliage Pack/Unity grass/Unity Grass Models/Prefabs Snow/prefab_unity_Snow_grass_grass_bush_simple_03.prefab using Guid(b3b3d51e2d3a87245b1820955da747bb) Importer(2089858483,0ecaa5967403d082aa24f35e1b516d23) [PhysX] Initialized MultithreadedTaskDispatcher with 16 workers.
 -> (artifact id: 'ab1b1f4fb63e1c34738e4dd1697a9be7') in 0.040142 seconds
Number of updated asset objects reloaded before import = 0
Number of asset objects unloaded after import = 6
========================================================================
Received Import Request.
  Time since last request: 0.000034 seconds.
  path: Assets/NatureManufacture Assets/Advanced Foliage Pack/Unity grass/Unity Grass Models/Prefabs/prefab_unity_grass_ground_foliage_04_0.prefab
  artifactKey: Guid(a4a9e2a8087ec864d864d7b3033126da) Importer(2089858483,0ecaa5967403d082aa24f35e1b516d23)
Start importing Assets/NatureManufacture Assets/Advanced Foliage Pack/Unity grass/Unity Grass Models/Prefabs/prefab_unity_grass_ground_foliage_04_0.prefab using Guid(a4a9e2a8087ec864d864d7b3033126da) Importer(2089858483,0ecaa5967403d082aa24f35e1b516d23) [PhysX] Initialized MultithreadedTaskDispatcher with 16 workers.
 -> (artifact id: 'e3210dd272c32f6b154b2d1c6b7400c1') in 0.038350 seconds
Number of updated asset objects reloaded before import = 0
Number of asset objects unloaded after import = 7
========================================================================
Received Import Request.
  Time since last request: 0.000044 seconds.
  path: Assets/Toby Fredson/The Toby Foliage Engine/(TTFE)_Core/Pipelines/Extras
  artifactKey: Guid(5339b3fcdb0c7a043b6815db10d3ea21) Importer(2089858483,0ecaa5967403d082aa24f35e1b516d23)
Start importing Assets/Toby Fredson/The Toby Foliage Engine/(TTFE)_Core/Pipelines/Extras using Guid(5339b3fcdb0c7a043b6815db10d3ea21) Importer(2089858483,0ecaa5967403d082aa24f35e1b516d23) [PhysX] Initialized MultithreadedTaskDispatcher with 16 workers.
 -> (artifact id: 'a8dbd3865070e0983877ad35f362dc10') in 0.021485 seconds
Number of updated asset objects reloaded before import = 0
Number of asset objects unloaded after import = 1
========================================================================
Received Import Request.
  Time since last request: 0.000044 seconds.
  path: Assets/Toby Fredson/The Toby Foliage Engine/(TTFE)_Demo/Materials/Materials_Helpers/Grid.mat
  artifactKey: Guid(be9b442da5d89d743b83cd8a2cadcf03) Importer(2089858483,0ecaa5967403d082aa24f35e1b516d23)
Start importing Assets/Toby Fredson/The Toby Foliage Engine/(TTFE)_Demo/Materials/Materials_Helpers/Grid.mat using Guid(be9b442da5d89d743b83cd8a2cadcf03) Importer(2089858483,0ecaa5967403d082aa24f35e1b516d23) [PhysX] Initialized MultithreadedTaskDispatcher with 16 workers.
 -> (artifact id: '3f734d45a51e18f7b1797e4eacc119b8') in 0.051342 seconds
Number of updated asset objects reloaded before import = 0
Number of asset objects unloaded after import = 2
========================================================================
Received Import Request.
  Time since last request: 0.000041 seconds.
  path: Assets/Toby Fredson/The Toby Foliage Engine/(TTFE)_Core/Resources/(TTFE) GLOBAL CONTROLLER/TTFE_Wind Gizmo/TTFE_Utility Resources/(TTFE)GlobalGizmo_Base.mat
  artifactKey: Guid(76bb59b850e90134baf9b5cc0131d161) Importer(2089858483,0ecaa5967403d082aa24f35e1b516d23)
Start importing Assets/Toby Fredson/The Toby Foliage Engine/(TTFE)_Core/Resources/(TTFE) GLOBAL CONTROLLER/TTFE_Wind Gizmo/TTFE_Utility Resources/(TTFE)GlobalGizmo_Base.mat using Guid(76bb59b850e90134baf9b5cc0131d161) Importer(2089858483,0ecaa5967403d082aa24f35e1b516d23) [PhysX] Initialized MultithreadedTaskDispatcher with 16 workers.
 -> (artifact id: '57d67ff272fd6fa89d9e3d3faead88ae') in 0.050348 seconds
Number of updated asset objects reloaded before import = 0
Number of asset objects unloaded after import = 3
========================================================================
Received Import Request.
  Time since last request: 0.000067 seconds.
  path: Assets/TerrainDemoScene_HDRP/Settings/DiffusionProfiles/Dead_Grass.asset
  artifactKey: Guid(bf98aeed9548d6840ae9b1000bdceeda) Importer(2089858483,0ecaa5967403d082aa24f35e1b516d23)
Start importing Assets/TerrainDemoScene_HDRP/Settings/DiffusionProfiles/Dead_Grass.asset using Guid(bf98aeed9548d6840ae9b1000bdceeda) Importer(2089858483,0ecaa5967403d082aa24f35e1b516d23) [PhysX] Initialized MultithreadedTaskDispatcher with 16 workers.
 -> (artifact id: '080a41ab8ef7ff9790eafa58a90bad22') in 0.046084 seconds
Number of updated asset objects reloaded before import = 0
Number of asset objects unloaded after import = 1
========================================================================
Received Import Request.
  Time since last request: 0.000034 seconds.
  path: Assets/Toby Fredson/The Toby Foliage Engine/(TTFE)_Demo/Materials/Materials_Vegetation/MV_Tress/Shrub_Bark_Bush.mat
  artifactKey: Guid(efc2c165e91d26e40ae320bac6b5441f) Importer(2089858483,0ecaa5967403d082aa24f35e1b516d23)
Start importing Assets/Toby Fredson/The Toby Foliage Engine/(TTFE)_Demo/Materials/Materials_Vegetation/MV_Tress/Shrub_Bark_Bush.mat using Guid(efc2c165e91d26e40ae320bac6b5441f) Importer(2089858483,0ecaa5967403d082aa24f35e1b516d23) [PhysX] Initialized MultithreadedTaskDispatcher with 16 workers.
 -> (artifact id: 'e4be56485401b789da87d2fad10004ff') in 0.098295 seconds
Number of updated asset objects reloaded before import = 0
Number of asset objects unloaded after import = 4
========================================================================
Received Import Request.
  Time since last request: 0.000054 seconds.
  path: Assets/AudioFiles/mixkit-european-forest-ambience-1213.wav
  artifactKey: Guid(d91d5becf73b7f548a5c6992d610adae) Importer(2089858483,0ecaa5967403d082aa24f35e1b516d23)
Start importing Assets/AudioFiles/mixkit-european-forest-ambience-1213.wav using Guid(d91d5becf73b7f548a5c6992d610adae) Importer(2089858483,0ecaa5967403d082aa24f35e1b516d23) [PhysX] Initialized MultithreadedTaskDispatcher with 16 workers.
 -> (artifact id: 'b8c1d67574f4460c1e813357d87c782f') in 0.132889 seconds
Number of updated asset objects reloaded before import = 0
Number of asset objects unloaded after import = 1
========================================================================
Received Import Request.
  Time since last request: 0.000041 seconds.
  path: Assets/AudioFiles/mixkit-birds-in-the-jungle-2434.wav
  artifactKey: Guid(f51d8d0767066764db2321a55ab24f44) Importer(2089858483,0ecaa5967403d082aa24f35e1b516d23)
Start importing Assets/AudioFiles/mixkit-birds-in-the-jungle-2434.wav using Guid(f51d8d0767066764db2321a55ab24f44) Importer(2089858483,0ecaa5967403d082aa24f35e1b516d23) [PhysX] Initialized MultithreadedTaskDispatcher with 16 workers.
 -> (artifact id: 'bccb8303b46064fbad1db011f99d274f') in 0.110068 seconds
Number of updated asset objects reloaded before import = 0
Number of asset objects unloaded after import = 1
========================================================================
Received Import Request.
  Time since last request: 0.000035 seconds.
  path: Assets/Toby Fredson/The Toby Foliage Engine/(TTFE)_Demo/Prefabs/Prefabs_Vegetation/Vegetation_Plants/VP_Flowers/FlowersWTTFE-A.prefab
  artifactKey: Guid(785cf4b43691d8944a7e3255563a6a2f) Importer(2089858483,0ecaa5967403d082aa24f35e1b516d23)
Start importing Assets/Toby Fredson/The Toby Foliage Engine/(TTFE)_Demo/Prefabs/Prefabs_Vegetation/Vegetation_Plants/VP_Flowers/FlowersWTTFE-A.prefab using Guid(785cf4b43691d8944a7e3255563a6a2f) Importer(2089858483,0ecaa5967403d082aa24f35e1b516d23) [PhysX] Initialized MultithreadedTaskDispatcher with 16 workers.
 -> (artifact id: '2dcc4c266d883a20e6aafac5e7ae8fa5') in 0.048531 seconds
Number of updated asset objects reloaded before import = 0
Number of asset objects unloaded after import = 20
========================================================================
Received Import Request.
  Time since last request: 0.000037 seconds.
  path: Assets/NatureManufacture Assets/Advanced Foliage Pack/Ground Textures/Materials/T_Ground_Rock_04.mat
  artifactKey: Guid(39c4067b98040a446b4b9fc2c3ad1237) Importer(2089858483,0ecaa5967403d082aa24f35e1b516d23)
Start importing Assets/NatureManufacture Assets/Advanced Foliage Pack/Ground Textures/Materials/T_Ground_Rock_04.mat using Guid(39c4067b98040a446b4b9fc2c3ad1237) Importer(2089858483,0ecaa5967403d082aa24f35e1b516d23) [PhysX] Initialized MultithreadedTaskDispatcher with 16 workers.
 -> (artifact id: 'ede0e4f783cc7ee79fd84ed25e00ec2c') in 0.047289 seconds
Number of updated asset objects reloaded before import = 0
Number of asset objects unloaded after import = 5
========================================================================
Received Import Request.
  Time since last request: 0.000044 seconds.
  path: Assets/Grass And Flowers Pack 1/Example Scene/Camera 1.renderTexture
  artifactKey: Guid(e58e100f64615ad48be32ea8d1635341) Importer(2089858483,0ecaa5967403d082aa24f35e1b516d23)
Start importing Assets/Grass And Flowers Pack 1/Example Scene/Camera 1.renderTexture using Guid(e58e100f64615ad48be32ea8d1635341) Importer(2089858483,0ecaa5967403d082aa24f35e1b516d23) [PhysX] Initialized MultithreadedTaskDispatcher with 16 workers.
 -> (artifact id: 'f9febede154278c9fc29cd7fc2bff155') in 0.044998 seconds
Number of updated asset objects reloaded before import = 0
Number of asset objects unloaded after import = 1
========================================================================
Received Import Request.
  Time since last request: 0.000041 seconds.
  path: Assets/TerrainSampleAssets/Materials/Heather.asset
  artifactKey: Guid(9ef29f7651a5050409fa9822d6d4f941) Importer(2089858483,0ecaa5967403d082aa24f35e1b516d23)
Start importing Assets/TerrainSampleAssets/Materials/Heather.asset using Guid(9ef29f7651a5050409fa9822d6d4f941) Importer(2089858483,0ecaa5967403d082aa24f35e1b516d23) [PhysX] Initialized MultithreadedTaskDispatcher with 16 workers.
 -> (artifact id: '7272bae5e9fb853e5fa6b9c907b87c87') in 0.079256 seconds
Number of updated asset objects reloaded before import = 0
Number of asset objects unloaded after import = 4
========================================================================
Received Import Request.
  Time since last request: 0.000051 seconds.
  path: Assets/Grass And Flowers Pack 1/Example Scene/Terrain Data.asset
  artifactKey: Guid(eb06af58218e217438a524d2e88e107d) Importer(2089858483,0ecaa5967403d082aa24f35e1b516d23)
Start importing Assets/Grass And Flowers Pack 1/Example Scene/Terrain Data.asset using Guid(eb06af58218e217438a524d2e88e107d) Importer(2089858483,0ecaa5967403d082aa24f35e1b516d23) [PhysX] Initialized MultithreadedTaskDispatcher with 16 workers.
 -> (artifact id: '232a854e4a5b5c01ee2103cc7058614f') in 0.446671 seconds
Number of updated asset objects reloaded before import = 0
Number of asset objects unloaded after import = 16
========================================================================
Received Import Request.
  Time since last request: 0.000053 seconds.
  path: Assets/TerrainSampleAssets/Prefabs/Details/Materials/Shrub.asset
  artifactKey: Guid(3fed16abbb8ff3145983ba65eca1cca2) Importer(2089858483,0ecaa5967403d082aa24f35e1b516d23)
Start importing Assets/TerrainSampleAssets/Prefabs/Details/Materials/Shrub.asset using Guid(3fed16abbb8ff3145983ba65eca1cca2) Importer(2089858483,0ecaa5967403d082aa24f35e1b516d23) [PhysX] Initialized MultithreadedTaskDispatcher with 16 workers.
 -> (artifact id: '17f7c9107c6452fb5277d4f5ad7d44a2') in 0.085391 seconds
Number of updated asset objects reloaded before import = 0
Number of asset objects unloaded after import = 5
========================================================================
Received Import Request.
  Time since last request: 0.000039 seconds.
  path: Assets/PBR_Grass_Flowers_Pack_01/textures/WormwoodFlower01_G.tga
  artifactKey: Guid(93e305ec15655c04ebf043547cef122b) Importer(2089858483,0ecaa5967403d082aa24f35e1b516d23)
Start importing Assets/PBR_Grass_Flowers_Pack_01/textures/WormwoodFlower01_G.tga using Guid(93e305ec15655c04ebf043547cef122b) Importer(2089858483,0ecaa5967403d082aa24f35e1b516d23) [PhysX] Initialized MultithreadedTaskDispatcher with 16 workers.
 -> (artifact id: '5eb76b151bd383e33cc7c0263be8fd0f') in 0.089507 seconds
Number of updated asset objects reloaded before import = 0
Number of asset objects unloaded after import = 1
========================================================================
Received Import Request.
  Time since last request: 0.000035 seconds.
  path: Assets/SteamVR_Input/ActionSetClasses/SteamVR_Input_ActionSet_default.cs
  artifactKey: Guid(8b8077c1c207ebc48ae49a393b7d13e2) Importer(2089858483,0ecaa5967403d082aa24f35e1b516d23)
Start importing Assets/SteamVR_Input/ActionSetClasses/SteamVR_Input_ActionSet_default.cs using Guid(8b8077c1c207ebc48ae49a393b7d13e2) Importer(2089858483,0ecaa5967403d082aa24f35e1b516d23) [PhysX] Initialized MultithreadedTaskDispatcher with 16 workers.
 -> (artifact id: 'cf31081e3f03248ab1cd2dec6e2407c9') in 0.021888 seconds
Number of updated asset objects reloaded before import = 0
Number of asset objects unloaded after import = 1
========================================================================
Received Import Request.
  Time since last request: 0.000045 seconds.
  path: Assets/StreamingAssets/SteamVR/binding_holographic_hmd.json
  artifactKey: Guid(837faa1dc0d5bda499aecee7c65a8869) Importer(2089858483,0ecaa5967403d082aa24f35e1b516d23)
Start importing Assets/StreamingAssets/SteamVR/binding_holographic_hmd.json using Guid(837faa1dc0d5bda499aecee7c65a8869) Importer(2089858483,0ecaa5967403d082aa24f35e1b516d23) [PhysX] Initialized MultithreadedTaskDispatcher with 16 workers.
 -> (artifact id: '96ee7f864869e721ded8da8ecbc3038c') in 0.023827 seconds
Number of updated asset objects reloaded before import = 0
Number of asset objects unloaded after import = 1
========================================================================
Received Import Request.
  Time since last request: 0.000033 seconds.
  path: Assets/SteamVR_Input/SteamVR_Actions.asmdef
  artifactKey: Guid(ad4d588379d1a774e9617a1dea5f516e) Importer(2089858483,0ecaa5967403d082aa24f35e1b516d23)
Start importing Assets/SteamVR_Input/SteamVR_Actions.asmdef using Guid(ad4d588379d1a774e9617a1dea5f516e) Importer(2089858483,0ecaa5967403d082aa24f35e1b516d23) [PhysX] Initialized MultithreadedTaskDispatcher with 16 workers.
 -> (artifact id: '7604ef584d35b228659cd856350ba703') in 0.032440 seconds
Number of updated asset objects reloaded before import = 0
Number of asset objects unloaded after import = 1
========================================================================
Received Import Request.
  Time since last request: 0.000048 seconds.
  path: Assets/StreamingAssets/SteamVR/bindings_knuckles.json
  artifactKey: Guid(f9e4b81413c038546bb617ae76310935) Importer(2089858483,0ecaa5967403d082aa24f35e1b516d23)
Start importing Assets/StreamingAssets/SteamVR/bindings_knuckles.json using Guid(f9e4b81413c038546bb617ae76310935) Importer(2089858483,0ecaa5967403d082aa24f35e1b516d23) [PhysX] Initialized MultithreadedTaskDispatcher with 16 workers.
 -> (artifact id: '81782c3a7b4b16ebb8550573d265b023') in 0.022149 seconds
Number of updated asset objects reloaded before import = 0
Number of asset objects unloaded after import = 1
========================================================================
Received Import Request.
  Time since last request: 0.000052 seconds.
  path: Assets/AudioFiles/mixkit-running-through-the-forest-1232.wav
  artifactKey: Guid(d37edae7e77095a43bb81518a2ec01db) Importer(2089858483,0ecaa5967403d082aa24f35e1b516d23)
Start importing Assets/AudioFiles/mixkit-running-through-the-forest-1232.wav using Guid(d37edae7e77095a43bb81518a2ec01db) Importer(2089858483,0ecaa5967403d082aa24f35e1b516d23) [PhysX] Initialized MultithreadedTaskDispatcher with 16 workers.
 -> (artifact id: 'df3200405679c270d87feb6dcc545f46') in 0.122835 seconds
Number of updated asset objects reloaded before import = 0
Number of asset objects unloaded after import = 1
========================================================================
Received Import Request.
  Time since last request: 0.000051 seconds.
  path: Assets/PBR_Grass_Flowers_Pack_01/textures/WormwoodFlower01_N.tga
  artifactKey: Guid(d284509b3fcb68e449e6f82a7c919dd2) Importer(2089858483,0ecaa5967403d082aa24f35e1b516d23)
Start importing Assets/PBR_Grass_Flowers_Pack_01/textures/WormwoodFlower01_N.tga using Guid(d284509b3fcb68e449e6f82a7c919dd2) Importer(2089858483,0ecaa5967403d082aa24f35e1b516d23) [PhysX] Initialized MultithreadedTaskDispatcher with 16 workers.
 -> (artifact id: 'f50a99a2afc9bdc6b8420d89ea24b549') in 0.123660 seconds
Number of updated asset objects reloaded before import = 0
Number of asset objects unloaded after import = 1
========================================================================
Received Import Request.
  Time since last request: 0.000045 seconds.
  path: Assets/StreamingAssets/SteamVR/bindings_logitech_stylus.json
  artifactKey: Guid(c806e428c71a6b04ab7f9eaf2574f6b3) Importer(2089858483,0ecaa5967403d082aa24f35e1b516d23)
Start importing Assets/StreamingAssets/SteamVR/bindings_logitech_stylus.json using Guid(c806e428c71a6b04ab7f9eaf2574f6b3) Importer(2089858483,0ecaa5967403d082aa24f35e1b516d23) [PhysX] Initialized MultithreadedTaskDispatcher with 16 workers.
 -> (artifact id: '3ab20068c95ed792533bb5af3691ded7') in 0.018408 seconds
Number of updated asset objects reloaded before import = 0
Number of asset objects unloaded after import = 1
========================================================================
Received Import Request.
  Time since last request: 0.000048 seconds.
  path: Assets/SteamVR_Input/SteamVR_Input_Actions.cs
  artifactKey: Guid(68163508c040c1f4fb1e75436557b25c) Importer(2089858483,0ecaa5967403d082aa24f35e1b516d23)
Start importing Assets/SteamVR_Input/SteamVR_Input_Actions.cs using Guid(68163508c040c1f4fb1e75436557b25c) Importer(2089858483,0ecaa5967403d082aa24f35e1b516d23) [PhysX] Initialized MultithreadedTaskDispatcher with 16 workers.
 -> (artifact id: '0390620c1d24d452c33d657029a95b5c') in 0.018664 seconds
Number of updated asset objects reloaded before import = 0
Number of asset objects unloaded after import = 1
========================================================================
Received Import Request.
  Time since last request: 0.000048 seconds.
  path: Assets/SteamVRDpadMovement.cs
  artifactKey: Guid(1a70d5cbd2565bf47acc4d3075ffbe77) Importer(2089858483,0ecaa5967403d082aa24f35e1b516d23)
Start importing Assets/SteamVRDpadMovement.cs using Guid(1a70d5cbd2565bf47acc4d3075ffbe77) Importer(2089858483,0ecaa5967403d082aa24f35e1b516d23) [PhysX] Initialized MultithreadedTaskDispatcher with 16 workers.
 -> (artifact id: '67cea63173ff7b9494d29db7e68cd7b0') in 0.022765 seconds
Number of updated asset objects reloaded before import = 0
Number of asset objects unloaded after import = 1
========================================================================
Received Import Request.
  Time since last request: 0.000041 seconds.
  path: Assets/NatureManufacture Assets/Advanced Foliage Pack/Unity grass/Unity Grass Models/Prefabs/prefab_unity_grass_ground_foliage_03.prefab
  artifactKey: Guid(bbeaebbe03da0c444b95f1c124d5d4c6) Importer(2089858483,0ecaa5967403d082aa24f35e1b516d23)
Start importing Assets/NatureManufacture Assets/Advanced Foliage Pack/Unity grass/Unity Grass Models/Prefabs/prefab_unity_grass_ground_foliage_03.prefab using Guid(bbeaebbe03da0c444b95f1c124d5d4c6) Importer(2089858483,0ecaa5967403d082aa24f35e1b516d23) [PhysX] Initialized MultithreadedTaskDispatcher with 16 workers.
 -> (artifact id: '714a473c109593b202563d7fbc252fd0') in 0.027509 seconds
Number of updated asset objects reloaded before import = 0
Number of asset objects unloaded after import = 7
========================================================================
Received Import Request.
  Time since last request: 0.000043 seconds.
  path: Assets/NatureManufacture Assets/Advanced Foliage Pack/Advanced Grass/Materials Snow/M_Snow_ground_foliage_01.mat
  artifactKey: Guid(e17693fb86c98b643851f212bc5a9f55) Importer(2089858483,0ecaa5967403d082aa24f35e1b516d23)
Start importing Assets/NatureManufacture Assets/Advanced Foliage Pack/Advanced Grass/Materials Snow/M_Snow_ground_foliage_01.mat using Guid(e17693fb86c98b643851f212bc5a9f55) Importer(2089858483,0ecaa5967403d082aa24f35e1b516d23) [PhysX] Initialized MultithreadedTaskDispatcher with 16 workers.
 -> (artifact id: '1613ba90e96cccd86274dce8e6190b8d') in 0.079512 seconds
Number of updated asset objects reloaded before import = 0
Number of asset objects unloaded after import = 7
========================================================================
Received Import Request.
  Time since last request: 0.000075 seconds.
  path: Assets/NatureManufacture Assets/HD Settings/Diffusion Profiles Settings/NM_SSSSettings_Skin_Foliage.asset
  artifactKey: Guid(cb824b513c3aa274db0944d6fb82a86c) Importer(2089858483,0ecaa5967403d082aa24f35e1b516d23)
Start importing Assets/NatureManufacture Assets/HD Settings/Diffusion Profiles Settings/NM_SSSSettings_Skin_Foliage.asset using Guid(cb824b513c3aa274db0944d6fb82a86c) Importer(2089858483,0ecaa5967403d082aa24f35e1b516d23) [PhysX] Initialized MultithreadedTaskDispatcher with 16 workers.
 -> (artifact id: 'bb31aadf61d742b5694c0a9428997d4e') in 0.028507 seconds
Number of updated asset objects reloaded before import = 0
Number of asset objects unloaded after import = 1
========================================================================
Received Import Request.
  Time since last request: 0.000044 seconds.
  path: Assets/XR/Settings/OpenXR Package Settings.asset
  artifactKey: Guid(14997605ff698ad4bbbebd3332764d40) Importer(2089858483,0ecaa5967403d082aa24f35e1b516d23)
Start importing Assets/XR/Settings/OpenXR Package Settings.asset using Guid(14997605ff698ad4bbbebd3332764d40) Importer(2089858483,0ecaa5967403d082aa24f35e1b516d23) [PhysX] Initialized MultithreadedTaskDispatcher with 16 workers.
 -> (artifact id: 'ef6940ac4b39548bae78e6e7272b968b') in 0.230195 seconds
Number of updated asset objects reloaded before import = 0
Number of asset objects unloaded after import = 1
========================================================================
Received Import Request.
  Time since last request: 0.000058 seconds.
  path: Assets/Toby Fredson/The Toby Foliage Engine/(TTFE)_Demo/Prefabs/Prefabs_Static/RocksTTFEL_A.prefab
  artifactKey: Guid(2720c8291d12e7244b7fec437c7c5bd0) Importer(2089858483,0ecaa5967403d082aa24f35e1b516d23)
Start importing Assets/Toby Fredson/The Toby Foliage Engine/(TTFE)_Demo/Prefabs/Prefabs_Static/RocksTTFEL_A.prefab using Guid(2720c8291d12e7244b7fec437c7c5bd0) Importer(2089858483,0ecaa5967403d082aa24f35e1b516d23) [PhysX] Initialized MultithreadedTaskDispatcher with 16 workers.
 -> (artifact id: 'ca1eb850b0d9c61975302e65b2d6dc73') in 0.039287 seconds
Number of updated asset objects reloaded before import = 0
Number of asset objects unloaded after import = 8
========================================================================
Received Import Request.
  Time since last request: 0.000053 seconds.
  path: Assets/Toby Fredson/The Toby Foliage Engine/(TTFE)_Demo/Prefabs/Prefabs_Vegetation - (SL)/Vegetation_Plants - (SL)/VP_GrassSingle Fall/Grass_Single_C2_Fall.prefab
  artifactKey: Guid(d5bba1dcadbb8c345920a148f1dcd168) Importer(2089858483,0ecaa5967403d082aa24f35e1b516d23)
Start importing Assets/Toby Fredson/The Toby Foliage Engine/(TTFE)_Demo/Prefabs/Prefabs_Vegetation - (SL)/Vegetation_Plants - (SL)/VP_GrassSingle Fall/Grass_Single_C2_Fall.prefab using Guid(d5bba1dcadbb8c345920a148f1dcd168) Importer(2089858483,0ecaa5967403d082aa24f35e1b516d23) [PhysX] Initialized MultithreadedTaskDispatcher with 16 workers.
 -> (artifact id: 'd79194ff7ba6860572dcd0fad6b8026a') in 0.039263 seconds
Number of updated asset objects reloaded before import = 0
Number of asset objects unloaded after import = 24
========================================================================
Received Import Request.
  Time since last request: 0.000059 seconds.
  path: Assets/NatureManufacture Assets/Advanced Foliage Pack/Advanced Grass/Prefabs Snow/prefab_SM_ground_foliage_03.prefab
  artifactKey: Guid(fcecd050449adef4db6fe6cd968ee3e1) Importer(2089858483,0ecaa5967403d082aa24f35e1b516d23)
Start importing Assets/NatureManufacture Assets/Advanced Foliage Pack/Advanced Grass/Prefabs Snow/prefab_SM_ground_foliage_03.prefab using Guid(fcecd050449adef4db6fe6cd968ee3e1) Importer(2089858483,0ecaa5967403d082aa24f35e1b516d23) [PhysX] Initialized MultithreadedTaskDispatcher with 16 workers.
 -> (artifact id: 'c230db13566a4458c612afba61ada759') in 0.033784 seconds
Number of updated asset objects reloaded before import = 0
Number of asset objects unloaded after import = 20
========================================================================
Received Import Request.
  Time since last request: 0.000046 seconds.
  path: Assets/Toby Fredson/The Toby Foliage Engine/(TTFE)_Core/Resources/Diffusion Profiles (HDRP)/DiffusionProfile_Grass.asset
  artifactKey: Guid(aef3e2a5611531f4b8469806404f3454) Importer(2089858483,0ecaa5967403d082aa24f35e1b516d23)
Start importing Assets/Toby Fredson/The Toby Foliage Engine/(TTFE)_Core/Resources/Diffusion Profiles (HDRP)/DiffusionProfile_Grass.asset using Guid(aef3e2a5611531f4b8469806404f3454) Importer(2089858483,0ecaa5967403d082aa24f35e1b516d23) [PhysX] Initialized MultithreadedTaskDispatcher with 16 workers.
 -> (artifact id: '86f1afc526e1abbda6a8d2a0dcfd0bf6') in 0.024908 seconds
Number of updated asset objects reloaded before import = 0
Number of asset objects unloaded after import = 1
========================================================================
Received Import Request.
  Time since last request: 0.000046 seconds.
  path: Assets/Toby Fredson/The Toby Foliage Engine/(TTFE)_Demo/Prefabs/Prefabs_Vegetation/Vegetation_Plants/VP_GrassSingle/Grass_Single_X.prefab
  artifactKey: Guid(13eb6174adb31a340873cf6eea21782d) Importer(2089858483,0ecaa5967403d082aa24f35e1b516d23)
Start importing Assets/Toby Fredson/The Toby Foliage Engine/(TTFE)_Demo/Prefabs/Prefabs_Vegetation/Vegetation_Plants/VP_GrassSingle/Grass_Single_X.prefab using Guid(13eb6174adb31a340873cf6eea21782d) Importer(2089858483,0ecaa5967403d082aa24f35e1b516d23) [PhysX] Initialized MultithreadedTaskDispatcher with 16 workers.
 -> (artifact id: '8d37c4574e7068f74771431027df4cd6') in 0.034275 seconds
Number of updated asset objects reloaded before import = 0
Number of asset objects unloaded after import = 14
========================================================================
Received Import Request.
  Time since last request: 0.000042 seconds.
  path: Assets/NatureManufacture Assets/Advanced Foliage Pack/Unity grass/Unity Grass Models/Prefabs Snow/prefab_unity_Snow_grass_ground_foliage_01_flowery.prefab
  artifactKey: Guid(795f076f5d7b8c24eba6509fbc7e8e83) Importer(2089858483,0ecaa5967403d082aa24f35e1b516d23)
Start importing Assets/NatureManufacture Assets/Advanced Foliage Pack/Unity grass/Unity Grass Models/Prefabs Snow/prefab_unity_Snow_grass_ground_foliage_01_flowery.prefab using Guid(795f076f5d7b8c24eba6509fbc7e8e83) Importer(2089858483,0ecaa5967403d082aa24f35e1b516d23) [PhysX] Initialized MultithreadedTaskDispatcher with 16 workers.
 -> (artifact id: '693bba3a03d4021d2e13df28027ee19f') in 0.042282 seconds
Number of updated asset objects reloaded before import = 0
Number of asset objects unloaded after import = 7
========================================================================
Received Import Request.
  Time since last request: 0.000038 seconds.
  path: Assets/NatureManufacture Assets/Advanced Foliage Pack/Demo/HD RP Demo with Unity Grass
  artifactKey: Guid(8b9bd0728f9328045ba48eaba66c72e2) Importer(2089858483,0ecaa5967403d082aa24f35e1b516d23)
Start importing Assets/NatureManufacture Assets/Advanced Foliage Pack/Demo/HD RP Demo with Unity Grass using Guid(8b9bd0728f9328045ba48eaba66c72e2) Importer(2089858483,0ecaa5967403d082aa24f35e1b516d23) [PhysX] Initialized MultithreadedTaskDispatcher with 16 workers.
 -> (artifact id: '8f855e618e727109829c16a981783537') in 0.021070 seconds
Number of updated asset objects reloaded before import = 0
Number of asset objects unloaded after import = 1
========================================================================
Received Import Request.
  Time since last request: 0.000043 seconds.
  path: Assets/Toby Fredson/The Toby Foliage Engine/(TTFE)_Core/Shaders/Default/(TTFE) Roots.shader
  artifactKey: Guid(aef74c22df0d58e4692680a6d23b069c) Importer(2089858483,0ecaa5967403d082aa24f35e1b516d23)
Start importing Assets/Toby Fredson/The Toby Foliage Engine/(TTFE)_Core/Shaders/Default/(TTFE) Roots.shader using Guid(aef74c22df0d58e4692680a6d23b069c) Importer(2089858483,0ecaa5967403d082aa24f35e1b516d23) [PhysX] Initialized MultithreadedTaskDispatcher with 16 workers.
 -> (artifact id: 'fd7326308605e6ed7378da8bca461bc2') in 0.027253 seconds
Number of updated asset objects reloaded before import = 0
Number of asset objects unloaded after import = 1
========================================================================
Received Import Request.
  Time since last request: 0.000032 seconds.
  path: Assets/Toby Fredson/The Toby Foliage Engine/(TTFE)_Demo/Materials
  artifactKey: Guid(a44acd34e6025b144a2eeb239bf82dde) Importer(2089858483,0ecaa5967403d082aa24f35e1b516d23)
Start importing Assets/Toby Fredson/The Toby Foliage Engine/(TTFE)_Demo/Materials using Guid(a44acd34e6025b144a2eeb239bf82dde) Importer(2089858483,0ecaa5967403d082aa24f35e1b516d23) [PhysX] Initialized MultithreadedTaskDispatcher with 16 workers.
 -> (artifact id: 'da5174efef792a4bf66888d0216381ca') in 0.015793 seconds
Number of updated asset objects reloaded before import = 0
Number of asset objects unloaded after import = 1
========================================================================
Received Import Request.
  Time since last request: 0.000036 seconds.
  path: Assets/Toby Fredson/The Toby Foliage Engine/(TTFE)_Demo/Materials/Materials_Particle FX
  artifactKey: Guid(254ed029d85d7714faab7ddaa93271fc) Importer(2089858483,0ecaa5967403d082aa24f35e1b516d23)
Start importing Assets/Toby Fredson/The Toby Foliage Engine/(TTFE)_Demo/Materials/Materials_Particle FX using Guid(254ed029d85d7714faab7ddaa93271fc) Importer(2089858483,0ecaa5967403d082aa24f35e1b516d23) [PhysX] Initialized MultithreadedTaskDispatcher with 16 workers.
 -> (artifact id: '2af37c905d09fd04fc02d049bc043799') in 0.020013 seconds
Number of updated asset objects reloaded before import = 0
Number of asset objects unloaded after import = 1
========================================================================
Received Import Request.
  Time since last request: 0.000050 seconds.
  path: Assets/NatureManufacture Assets/Advanced Foliage Pack/Demo/HD RP Demo with Unity Grass.lighting
  artifactKey: Guid(14e43b81ef2c52146b2369e19c391a79) Importer(2089858483,0ecaa5967403d082aa24f35e1b516d23)
Start importing Assets/NatureManufacture Assets/Advanced Foliage Pack/Demo/HD RP Demo with Unity Grass.lighting using Guid(14e43b81ef2c52146b2369e19c391a79) Importer(2089858483,0ecaa5967403d082aa24f35e1b516d23) [PhysX] Initialized MultithreadedTaskDispatcher with 16 workers.
LightingSettings: switching bake backend from 1 to 2.
 -> (artifact id: 'c4bb67d3422986ada0f95189160ecd65') in 0.043912 seconds
Number of updated asset objects reloaded before import = 0
Number of asset objects unloaded after import = 1
========================================================================
Received Import Request.
  Time since last request: 0.000072 seconds.
  path: Assets/NatureManufacture Assets/Advanced Foliage Pack/Ground Textures/Materials/water.mat
  artifactKey: Guid(4472844ce054e964b8300e3b040fd964) Importer(2089858483,0ecaa5967403d082aa24f35e1b516d23)
Start importing Assets/NatureManufacture Assets/Advanced Foliage Pack/Ground Textures/Materials/water.mat using Guid(4472844ce054e964b8300e3b040fd964) Importer(2089858483,0ecaa5967403d082aa24f35e1b516d23) [PhysX] Initialized MultithreadedTaskDispatcher with 16 workers.
 -> (artifact id: 'f4ce11f3937753ecbfa0ce797b3abfef') in 0.077405 seconds
Number of updated asset objects reloaded before import = 0
Number of asset objects unloaded after import = 2
========================================================================
Received Import Request.
  Time since last request: 0.000032 seconds.
  path: Assets/NatureManufacture Assets/Advanced Foliage Pack/Advanced Grass/Materials
  artifactKey: Guid(7b5c066a9f011b24e816956a9f7d82fc) Importer(2089858483,0ecaa5967403d082aa24f35e1b516d23)
Start importing Assets/NatureManufacture Assets/Advanced Foliage Pack/Advanced Grass/Materials using Guid(7b5c066a9f011b24e816956a9f7d82fc) Importer(2089858483,0ecaa5967403d082aa24f35e1b516d23) [PhysX] Initialized MultithreadedTaskDispatcher with 16 workers.
 -> (artifact id: '00cfa9d46ad52c45ade1dfcc02d0883e') in 0.021270 seconds
Number of updated asset objects reloaded before import = 0
Number of asset objects unloaded after import = 1
========================================================================
Received Import Request.
  Time since last request: 0.000050 seconds.
  path: Assets/NatureManufacture Assets/Advanced Foliage Pack/Unity grass/Unity Grass Models/Prefabs Snow/prefab_unity_Snow_grass_ground_foliage_04_1.prefab
  artifactKey: Guid(10afae654cf0b374295c0c17f58291ca) Importer(2089858483,0ecaa5967403d082aa24f35e1b516d23)
Start importing Assets/NatureManufacture Assets/Advanced Foliage Pack/Unity grass/Unity Grass Models/Prefabs Snow/prefab_unity_Snow_grass_ground_foliage_04_1.prefab using Guid(10afae654cf0b374295c0c17f58291ca) Importer(2089858483,0ecaa5967403d082aa24f35e1b516d23) [PhysX] Initialized MultithreadedTaskDispatcher with 16 workers.
 -> (artifact id: 'd95da622afb1aa5df9db655a852c37ab') in 0.038607 seconds
Number of updated asset objects reloaded before import = 0
Number of asset objects unloaded after import = 7
========================================================================
Received Import Request.
  Time since last request: 0.000064 seconds.
  path: Assets/NatureManufacture Assets/Advanced Foliage Pack/Unity grass/Unity Grass Models/Prefabs Snow/prefab_unity_Snow_grass_grass_bush_simple_04.prefab
  artifactKey: Guid(6dd00bfd1b3143e42902c35b8ae9b62f) Importer(2089858483,0ecaa5967403d082aa24f35e1b516d23)
Start importing Assets/NatureManufacture Assets/Advanced Foliage Pack/Unity grass/Unity Grass Models/Prefabs Snow/prefab_unity_Snow_grass_grass_bush_simple_04.prefab using Guid(6dd00bfd1b3143e42902c35b8ae9b62f) Importer(2089858483,0ecaa5967403d082aa24f35e1b516d23) [PhysX] Initialized MultithreadedTaskDispatcher with 16 workers.
 -> (artifact id: 'c213f58209477652a5a5289859e5fee8') in 0.041303 seconds
Number of updated asset objects reloaded before import = 0
Number of asset objects unloaded after import = 7
========================================================================
Received Import Request.
  Time since last request: 0.000034 seconds.
  path: Assets/NatureManufacture Assets/Advanced Foliage Pack/Unity grass/Unity Grass Models/Prefabs/prefab_unity_grass_nettle_01_1.prefab
  artifactKey: Guid(cd58c070a74a0344399d4a001bf319b5) Importer(2089858483,0ecaa5967403d082aa24f35e1b516d23)
Start importing Assets/NatureManufacture Assets/Advanced Foliage Pack/Unity grass/Unity Grass Models/Prefabs/prefab_unity_grass_nettle_01_1.prefab using Guid(cd58c070a74a0344399d4a001bf319b5) Importer(2089858483,0ecaa5967403d082aa24f35e1b516d23) [PhysX] Initialized MultithreadedTaskDispatcher with 16 workers.
 -> (artifact id: '79756abf860c7ebc26d215b90a9b4af0') in 0.032959 seconds
Number of updated asset objects reloaded before import = 0
Number of asset objects unloaded after import = 7
========================================================================
Received Import Request.
  Time since last request: 0.000035 seconds.
  path: Assets/NatureManufacture Assets/Advanced Foliage Pack/Ground Textures/Materials/T_Ground_Rock_03.mat
  artifactKey: Guid(b8c0c6bf2c035b746b7e7b64817fb4b8) Importer(2089858483,0ecaa5967403d082aa24f35e1b516d23)
Start importing Assets/NatureManufacture Assets/Advanced Foliage Pack/Ground Textures/Materials/T_Ground_Rock_03.mat using Guid(b8c0c6bf2c035b746b7e7b64817fb4b8) Importer(2089858483,0ecaa5967403d082aa24f35e1b516d23) [PhysX] Initialized MultithreadedTaskDispatcher with 16 workers.
 -> (artifact id: '5e8c75ece5ce9acf639c5a49a16e0016') in 0.065707 seconds
Number of updated asset objects reloaded before import = 0
Number of asset objects unloaded after import = 5
========================================================================
Received Import Request.
  Time since last request: 0.000054 seconds.
  path: Assets/Toby Fredson/The Toby Foliage Engine/(TTFE)_Demo/Prefabs/Prefabs_Vegetation/Vegetation_Plants/VP_Grass
  artifactKey: Guid(1e1e292e8ad100c498adf17b74d27636) Importer(2089858483,0ecaa5967403d082aa24f35e1b516d23)
Start importing Assets/Toby Fredson/The Toby Foliage Engine/(TTFE)_Demo/Prefabs/Prefabs_Vegetation/Vegetation_Plants/VP_Grass using Guid(1e1e292e8ad100c498adf17b74d27636) Importer(2089858483,0ecaa5967403d082aa24f35e1b516d23) [PhysX] Initialized MultithreadedTaskDispatcher with 16 workers.
 -> (artifact id: '1f105a4d37051e810ef78cbaa7e1b3e7') in 0.024074 seconds
Number of updated asset objects reloaded before import = 0
Number of asset objects unloaded after import = 1
========================================================================
Received Import Request.
  Time since last request: 447.550191 seconds.
  path: Assets/Fristy stylize Modular Assets 2/Textures/Soil_4_Albedo.png
  artifactKey: Guid(f54afb0db1e279045a4b0d58a9b75b0f) Importer(815301076,1909f56bfc062723c751e8b465ee728b)
Start importing Assets/Fristy stylize Modular Assets 2/Textures/Soil_4_Albedo.png using Guid(f54afb0db1e279045a4b0d58a9b75b0f) Importer(815301076,1909f56bfc062723c751e8b465ee728b) [PhysX] Initialized MultithreadedTaskDispatcher with 16 workers.
[PhysX] Initialized MultithreadedTaskDispatcher with 16 workers.
 -> (artifact id: '01b820ee57373ff7d0d785548eaee34c') in 0.024643 seconds
Number of updated asset objects reloaded before import = 0
Number of asset objects unloaded after import = 2
========================================================================
Received Import Request.
  Time since last request: 23.598373 seconds.
  path: Assets/Fristy stylize Modular Assets 2/Terrain/Mud.terrainlayer
  artifactKey: Guid(1578e04e5236f4047ad3ba6cd2d17f71) Importer(815301076,1909f56bfc062723c751e8b465ee728b)
Start importing Assets/Fristy stylize Modular Assets 2/Terrain/Mud.terrainlayer using Guid(1578e04e5236f4047ad3ba6cd2d17f71) Importer(815301076,1909f56bfc062723c751e8b465ee728b) [PhysX] Initialized MultithreadedTaskDispatcher with 16 workers.
 -> (artifact id: 'f174b7313e8a6161672e170a5ea60ba0') in 0.070157 seconds
Number of updated asset objects reloaded before import = 0
Number of asset objects unloaded after import = 4
========================================================================
Received Import Request.
  Time since last request: 0.000051 seconds.
  path: Assets/Fristy stylize Modular Assets 2/Terrain/Soil.terrainlayer
  artifactKey: Guid(a6f8fcc58d0ee8a48a835dabf561e6e6) Importer(815301076,1909f56bfc062723c751e8b465ee728b)
Start importing Assets/Fristy stylize Modular Assets 2/Terrain/Soil.terrainlayer using Guid(a6f8fcc58d0ee8a48a835dabf561e6e6) Importer(815301076,1909f56bfc062723c751e8b465ee728b) [PhysX] Initialized MultithreadedTaskDispatcher with 16 workers.
 -> (artifact id: '30e08ea611c1224860f87ebf86a56206') in 0.030093 seconds
Number of updated asset objects reloaded before import = 0
Number of asset objects unloaded after import = 4
========================================================================
Received Import Request.
  Time since last request: 550.847993 seconds.
  path: Assets/TerrainDemoScene_HDRP/Terrain/Layers/Heather_A.terrainlayer
  artifactKey: Guid(986068a484305f44e9af143a9ad6dd7e) Importer(815301076,1909f56bfc062723c751e8b465ee728b)
Start importing Assets/TerrainDemoScene_HDRP/Terrain/Layers/Heather_A.terrainlayer using Guid(986068a484305f44e9af143a9ad6dd7e) Importer(815301076,1909f56bfc062723c751e8b465ee728b) [PhysX] Initialized MultithreadedTaskDispatcher with 16 workers.
 -> (artifact id: 'fe55fc59bc89e5ff9c08e92b850b9014') in 0.066655 seconds
Number of updated asset objects reloaded before import = 0
Number of asset objects unloaded after import = 5
========================================================================
Received Import Request.
  Time since last request: 0.000051 seconds.
  path: Assets/TerrainDemoScene_HDRP/Terrain/Layers/Tidal_Pools_B.terrainlayer
  artifactKey: Guid(09a44d26152b9ed4b8abdf36763c6a44) Importer(815301076,1909f56bfc062723c751e8b465ee728b)
Start importing Assets/TerrainDemoScene_HDRP/Terrain/Layers/Tidal_Pools_B.terrainlayer using Guid(09a44d26152b9ed4b8abdf36763c6a44) Importer(815301076,1909f56bfc062723c751e8b465ee728b) [PhysX] Initialized MultithreadedTaskDispatcher with 16 workers.
 -> (artifact id: '87a16a20b2cdb7d385c1d85642287ff2') in 0.056880 seconds
Number of updated asset objects reloaded before import = 0
Number of asset objects unloaded after import = 5
========================================================================
Received Import Request.
  Time since last request: 8.265971 seconds.
  path: Assets/TerrainSampleAssets/Textures/Terrain/Heather_Normal.tif
  artifactKey: Guid(c8b8fa1b153cfd3428c4c5c2fded152e) Importer(815301076,1909f56bfc062723c751e8b465ee728b)
Start importing Assets/TerrainSampleAssets/Textures/Terrain/Heather_Normal.tif using Guid(c8b8fa1b153cfd3428c4c5c2fded152e) Importer(815301076,1909f56bfc062723c751e8b465ee728b) [PhysX] Initialized MultithreadedTaskDispatcher with 16 workers.
[PhysX] Initialized MultithreadedTaskDispatcher with 16 workers.
 -> (artifact id: '3703312865020512d9ebddda0c0c8103') in 0.024245 seconds
Number of updated asset objects reloaded before import = 0
Number of asset objects unloaded after import = 2
========================================================================
Received Import Request.
  Time since last request: 1569.478744 seconds.
  path: Assets/TerrainDemoScene_HDRP/Terrain/Layers/Grass_A.terrainlayer
  artifactKey: Guid(e83e5b2c03473f74983ef0f5b9c160c0) Importer(2089858483,0ecaa5967403d082aa24f35e1b516d23)
Start importing Assets/TerrainDemoScene_HDRP/Terrain/Layers/Grass_A.terrainlayer using Guid(e83e5b2c03473f74983ef0f5b9c160c0) Importer(2089858483,0ecaa5967403d082aa24f35e1b516d23) [PhysX] Initialized MultithreadedTaskDispatcher with 16 workers.
 -> (artifact id: 'd75b5ff4898f30f958b8c7a7d2e8d255') in 0.034909 seconds
Number of updated asset objects reloaded before import = 38
Number of asset objects unloaded after import = 4
========================================================================
Received Import Request.
  Time since last request: 0.000055 seconds.
  path: Assets/Scenes/Stanislav beach.unity
  artifactKey: Guid(99e265641ddfe2b4b910047f44cfd9a0) Importer(815301076,1909f56bfc062723c751e8b465ee728b)
Start importing Assets/Scenes/Stanislav beach.unity using Guid(99e265641ddfe2b4b910047f44cfd9a0) Importer(815301076,1909f56bfc062723c751e8b465ee728b) [PhysX] Initialized MultithreadedTaskDispatcher with 16 workers.
 -> (artifact id: '1f67a0c59af7219254a9b629930921c4') in 0.000929 seconds
Number of updated asset objects reloaded before import = 0
Number of asset objects unloaded after import = 0
========================================================================
Received Import Request.
  Time since last request: 0.000042 seconds.
  path: Assets/Scenes/Stanislav beach.unity
  artifactKey: Guid(99e265641ddfe2b4b910047f44cfd9a0) Importer(2089858483,0ecaa5967403d082aa24f35e1b516d23)
Start importing Assets/Scenes/Stanislav beach.unity using Guid(99e265641ddfe2b4b910047f44cfd9a0) Importer(2089858483,0ecaa5967403d082aa24f35e1b516d23) [PhysX] Initialized MultithreadedTaskDispatcher with 16 workers.
 -> (artifact id: '432fa87ccea6135dcfee6c16b18fa6d7') in 0.017649 seconds
Number of updated asset objects reloaded before import = 0
Number of asset objects unloaded after import = 1
========================================================================
Received Import Request.
  Time since last request: 0.000041 seconds.
  path: Assets/XR/Settings/OpenXR Package Settings.asset
  artifactKey: Guid(14997605ff698ad4bbbebd3332764d40) Importer(2089858483,0ecaa5967403d082aa24f35e1b516d23)
Start importing Assets/XR/Settings/OpenXR Package Settings.asset using Guid(14997605ff698ad4bbbebd3332764d40) Importer(2089858483,0ecaa5967403d082aa24f35e1b516d23) [PhysX] Initialized MultithreadedTaskDispatcher with 16 workers.
 -> (artifact id: 'e1b0203a7b9d1b946239f2f51d09892a') in 0.157023 seconds
Number of updated asset objects reloaded before import = 0
Number of asset objects unloaded after import = 1
========================================================================
Received Import Request.
  Time since last request: 824.190698 seconds.
  path: Assets/Scenes/Stanislav beach/ClifGroup1.prefab
  artifactKey: Guid(15e7935c6db1eea48a02c990a5afd480) Importer(2089858483,0ecaa5967403d082aa24f35e1b516d23)
Start importing Assets/Scenes/Stanislav beach/ClifGroup1.prefab using Guid(15e7935c6db1eea48a02c990a5afd480) Importer(2089858483,0ecaa5967403d082aa24f35e1b516d23) [PhysX] Initialized MultithreadedTaskDispatcher with 16 workers.
 -> (artifact id: '03c1ee94b1079d05a1789ed14ab509a6') in 0.034121 seconds
Number of updated asset objects reloaded before import = 0
Number of asset objects unloaded after import = 108
========================================================================
Received Import Request.
  Time since last request: 628.169207 seconds.
  path: Assets/Scenes/Stanislav beach/RocksGroup2.prefab
  artifactKey: Guid(4805daea12e1f964da288f4bf21eefed) Importer(2089858483,0ecaa5967403d082aa24f35e1b516d23)
Start importing Assets/Scenes/Stanislav beach/RocksGroup2.prefab using Guid(4805daea12e1f964da288f4bf21eefed) Importer(2089858483,0ecaa5967403d082aa24f35e1b516d23) [PhysX] Initialized MultithreadedTaskDispatcher with 16 workers.
 -> (artifact id: 'f02a2c54529a35a63893e82ae5c0c422') in 0.027821 seconds
Number of updated asset objects reloaded before import = 0
Number of asset objects unloaded after import = 67
========================================================================
Received Import Request.
  Time since last request: 980.521644 seconds.
  path: Assets/Scenes/Stanislav beach.unity
  artifactKey: Guid(99e265641ddfe2b4b910047f44cfd9a0) Importer(2089858483,0ecaa5967403d082aa24f35e1b516d23)
Start importing Assets/Scenes/Stanislav beach.unity using Guid(99e265641ddfe2b4b910047f44cfd9a0) Importer(2089858483,0ecaa5967403d082aa24f35e1b516d23) [PhysX] Initialized MultithreadedTaskDispatcher with 16 workers.
 -> (artifact id: '83ae1702a631d5ee162e4d5a1462a807') in 0.018079 seconds
Number of updated asset objects reloaded before import = 0
Number of asset objects unloaded after import = 1
